<routes>
        <vType id="typeCar" accel="3.000000" decel="5.000000" sigma="0.0" length="5" minGap="0.0" speedDev="0" tau="0.2" maxSpeed="10.000000" guiShape="passenger"/>
        <route id="WE" edges="wc ce" />
        <route id="WN" edges="wc cn" />
        <route id="WS" edges="wc cs" />
        <route id="EW" edges="ec cw" />
        <route id="EN" edges="ec cn" />
        <route id="ES" edges="ec cs" />
        <route id="NS" edges="nc cs" />
        <route id="NE" edges="nc ce" />
        <route id="NW" edges="nc cw" />
        <route id="SN" edges="sc cn" />
        <route id="SE" edges="sc ce" />
        <route id="SW" edges="sc cw" />
        
    <vehicle id="0" type="typeCar" route="WE" depart="0.000000" departSpeed="last"  />
    <vehicle id="1" type="typeCar" route="NS" depart="0.000000" departSpeed="last"  color="1,0,0"/>
    <vehicle id="2" type="typeCar" route="WE" depart="1.000000" departSpeed="last"  />
    <vehicle id="3" type="typeCar" route="NS" depart="1.000000" departSpeed="last"  color="1,0,0"/>
    <vehicle id="4" type="typeCar" route="WE" depart="2.000000" departSpeed="last"  />
    <vehicle id="5" type="typeCar" route="NS" depart="2.000000" departSpeed="last"  color="1,0,0"/>
    <vehicle id="6" type="typeCar" route="WE" depart="3.000000" departSpeed="last"  />
    <vehicle id="7" type="typeCar" route="NS" depart="3.000000" departSpeed="last"  color="1,0,0"/>
    <vehicle id="8" type="typeCar" route="WE" depart="4.000000" departSpeed="last"  />
    <vehicle id="9" type="typeCar" route="NS" depart="4.000000" departSpeed="last"  color="1,0,0"/>
    <vehicle id="10" type="typeCar" route="WE" depart="5.000000" departSpeed="last"  />
    <vehicle id="11" type="typeCar" route="NS" depart="5.000000" departSpeed="last"  color="1,0,0"/>
    <vehicle id="12" type="typeCar" route="WE" depart="6.000000" departSpeed="last"  />
    <vehicle id="13" type="typeCar" route="NS" depart="6.000000" departSpeed="last"  color="1,0,0"/>
    <vehicle id="14" type="typeCar" route="WE" depart="7.000000" departSpeed="last"  />
    <vehicle id="15" type="typeCar" route="NS" depart="7.000000" departSpeed="last"  color="1,0,0"/>
    <vehicle id="16" type="typeCar" route="WE" depart="8.000000" departSpeed="last"  />
    <vehicle id="17" type="typeCar" route="NS" depart="8.000000" departSpeed="last"  color="1,0,0"/>
    <vehicle id="18" type="typeCar" route="WE" depart="9.000000" departSpeed="last"  />
    <vehicle id="19" type="typeCar" route="NS" depart="9.000000" departSpeed="last"  color="1,0,0"/>
    <vehicle id="20" type="typeCar" route="WE" depart="10.000000" departSpeed="last"  />
    <vehicle id="21" type="typeCar" route="NS" depart="10.000000" departSpeed="last"  color="1,0,0"/>
    <vehicle id="22" type="typeCar" route="WE" depart="11.000000" departSpeed="last"  />
    <vehicle id="23" type="typeCar" route="NS" depart="11.000000" departSpeed="last"  color="1,0,0"/>
    <vehicle id="24" type="typeCar" route="WE" depart="12.000000" departSpeed="last"  />
    <vehicle id="25" type="typeCar" route="NS" depart="12.000000" departSpeed="last"  color="1,0,0"/>
    <vehicle id="26" type="typeCar" route="WE" depart="13.000000" departSpeed="last"  />
    <vehicle id="27" type="typeCar" route="NS" depart="13.000000" departSpeed="last"  color="1,0,0"/>
    <vehicle id="28" type="typeCar" route="WE" depart="14.000000" departSpeed="last"  />
    <vehicle id="29" type="typeCar" route="NS" depart="14.000000" departSpeed="last"  color="1,0,0"/>
    <vehicle id="30" type="typeCar" route="WE" depart="15.000000" departSpeed="last"  />
    <vehicle id="31" type="typeCar" route="NS" depart="15.000000" departSpeed="last"  color="1,0,0"/>
    <vehicle id="32" type="typeCar" route="WE" depart="16.000000" departSpeed="last"  />
    <vehicle id="33" type="typeCar" route="NS" depart="16.000000" departSpeed="last"  color="1,0,0"/>
    <vehicle id="34" type="typeCar" route="WE" depart="17.000000" departSpeed="last"  />
    <vehicle id="35" type="typeCar" route="NS" depart="17.000000" departSpeed="last"  color="1,0,0"/>
    <vehicle id="36" type="typeCar" route="WE" depart="18.000000" departSpeed="last"  />
    <vehicle id="37" type="typeCar" route="NS" depart="18.000000" departSpeed="last"  color="1,0,0"/>
    <vehicle id="38" type="typeCar" route="WE" depart="19.000000" departSpeed="last"  />
    <vehicle id="39" type="typeCar" route="NS" depart="19.000000" departSpeed="last"  color="1,0,0"/>
    <vehicle id="40" type="typeCar" route="WE" depart="20.000000" departSpeed="last"  />
    <vehicle id="41" type="typeCar" route="NS" depart="20.000000" departSpeed="last"  color="1,0,0"/>
    <vehicle id="42" type="typeCar" route="WE" depart="21.000000" departSpeed="last"  />
    <vehicle id="43" type="typeCar" route="NS" depart="21.000000" departSpeed="last"  color="1,0,0"/>
    <vehicle id="44" type="typeCar" route="WE" depart="22.000000" departSpeed="last"  />
    <vehicle id="45" type="typeCar" route="NS" depart="22.000000" departSpeed="last"  color="1,0,0"/>
    <vehicle id="46" type="typeCar" route="WE" depart="23.000000" departSpeed="last"  />
    <vehicle id="47" type="typeCar" route="NS" depart="23.000000" departSpeed="last"  color="1,0,0"/>
    <vehicle id="48" type="typeCar" route="WE" depart="24.000000" departSpeed="last"  />
    <vehicle id="49" type="typeCar" route="NS" depart="24.000000" departSpeed="last"  color="1,0,0"/>
    <vehicle id="50" type="typeCar" route="WE" depart="25.000000" departSpeed="last"  />
    <vehicle id="51" type="typeCar" route="NS" depart="25.000000" departSpeed="last"  color="1,0,0"/>
    <vehicle id="52" type="typeCar" route="WE" depart="26.000000" departSpeed="last"  />
    <vehicle id="53" type="typeCar" route="NS" depart="26.000000" departSpeed="last"  color="1,0,0"/>
    <vehicle id="54" type="typeCar" route="WE" depart="27.000000" departSpeed="last"  />
    <vehicle id="55" type="typeCar" route="NS" depart="27.000000" departSpeed="last"  color="1,0,0"/>
    <vehicle id="56" type="typeCar" route="WE" depart="28.000000" departSpeed="last"  />
    <vehicle id="57" type="typeCar" route="NS" depart="28.000000" departSpeed="last"  color="1,0,0"/>
    <vehicle id="58" type="typeCar" route="WE" depart="29.000000" departSpeed="last"  />
    <vehicle id="59" type="typeCar" route="NS" depart="29.000000" departSpeed="last"  color="1,0,0"/>
    <vehicle id="60" type="typeCar" route="WE" depart="30.000000" departSpeed="last"  />
    <vehicle id="61" type="typeCar" route="NS" depart="30.000000" departSpeed="last"  color="1,0,0"/>
    <vehicle id="62" type="typeCar" route="WE" depart="31.000000" departSpeed="last"  />
    <vehicle id="63" type="typeCar" route="NS" depart="31.000000" departSpeed="last"  color="1,0,0"/>
    <vehicle id="64" type="typeCar" route="WE" depart="32.000000" departSpeed="last"  />
    <vehicle id="65" type="typeCar" route="NS" depart="32.000000" departSpeed="last"  color="1,0,0"/>
    <vehicle id="66" type="typeCar" route="WE" depart="33.000000" departSpeed="last"  />
    <vehicle id="67" type="typeCar" route="NS" depart="33.000000" departSpeed="last"  color="1,0,0"/>
    <vehicle id="68" type="typeCar" route="WE" depart="34.000000" departSpeed="last"  />
    <vehicle id="69" type="typeCar" route="NS" depart="34.000000" departSpeed="last"  color="1,0,0"/>
    <vehicle id="70" type="typeCar" route="WE" depart="35.000000" departSpeed="last"  />
    <vehicle id="71" type="typeCar" route="NS" depart="35.000000" departSpeed="last"  color="1,0,0"/>
    <vehicle id="72" type="typeCar" route="WE" depart="36.000000" departSpeed="last"  />
    <vehicle id="73" type="typeCar" route="NS" depart="36.000000" departSpeed="last"  color="1,0,0"/>
    <vehicle id="74" type="typeCar" route="WE" depart="37.000000" departSpeed="last"  />
    <vehicle id="75" type="typeCar" route="NS" depart="37.000000" departSpeed="last"  color="1,0,0"/>
    <vehicle id="76" type="typeCar" route="WE" depart="38.000000" departSpeed="last"  />
    <vehicle id="77" type="typeCar" route="NS" depart="38.000000" departSpeed="last"  color="1,0,0"/>
    <vehicle id="78" type="typeCar" route="WE" depart="39.000000" departSpeed="last"  />
    <vehicle id="79" type="typeCar" route="NS" depart="39.000000" departSpeed="last"  color="1,0,0"/>
    <vehicle id="80" type="typeCar" route="WE" depart="40.000000" departSpeed="last"  />
    <vehicle id="81" type="typeCar" route="NS" depart="40.000000" departSpeed="last"  color="1,0,0"/>
    <vehicle id="82" type="typeCar" route="WE" depart="41.000000" departSpeed="last"  />
    <vehicle id="83" type="typeCar" route="NS" depart="41.000000" departSpeed="last"  color="1,0,0"/>
    <vehicle id="84" type="typeCar" route="WE" depart="42.000000" departSpeed="last"  />
    <vehicle id="85" type="typeCar" route="NS" depart="42.000000" departSpeed="last"  color="1,0,0"/>
    <vehicle id="86" type="typeCar" route="WE" depart="43.000000" departSpeed="last"  />
    <vehicle id="87" type="typeCar" route="NS" depart="43.000000" departSpeed="last"  color="1,0,0"/>
    <vehicle id="88" type="typeCar" route="WE" depart="44.000000" departSpeed="last"  />
    <vehicle id="89" type="typeCar" route="NS" depart="44.000000" departSpeed="last"  color="1,0,0"/>
    <vehicle id="90" type="typeCar" route="WE" depart="45.000000" departSpeed="last"  />
    <vehicle id="91" type="typeCar" route="NS" depart="45.000000" departSpeed="last"  color="1,0,0"/>
    <vehicle id="92" type="typeCar" route="WE" depart="46.000000" departSpeed="last"  />
    <vehicle id="93" type="typeCar" route="NS" depart="46.000000" departSpeed="last"  color="1,0,0"/>
    <vehicle id="94" type="typeCar" route="WE" depart="47.000000" departSpeed="last"  />
    <vehicle id="95" type="typeCar" route="NS" depart="47.000000" departSpeed="last"  color="1,0,0"/>
    <vehicle id="96" type="typeCar" route="WE" depart="48.000000" departSpeed="last"  />
    <vehicle id="97" type="typeCar" route="NS" depart="48.000000" departSpeed="last"  color="1,0,0"/>
    <vehicle id="98" type="typeCar" route="WE" depart="49.000000" departSpeed="last"  />
    <vehicle id="99" type="typeCar" route="NS" depart="49.000000" departSpeed="last"  color="1,0,0"/>
    <vehicle id="100" type="typeCar" route="WE" depart="50.000000" departSpeed="last"  />
    <vehicle id="101" type="typeCar" route="NS" depart="50.000000" departSpeed="last"  color="1,0,0"/>
    <vehicle id="102" type="typeCar" route="WE" depart="51.000000" departSpeed="last"  />
    <vehicle id="103" type="typeCar" route="NS" depart="51.000000" departSpeed="last"  color="1,0,0"/>
    <vehicle id="104" type="typeCar" route="WE" depart="52.000000" departSpeed="last"  />
    <vehicle id="105" type="typeCar" route="NS" depart="52.000000" departSpeed="last"  color="1,0,0"/>
    <vehicle id="106" type="typeCar" route="WE" depart="53.000000" departSpeed="last"  />
    <vehicle id="107" type="typeCar" route="NS" depart="53.000000" departSpeed="last"  color="1,0,0"/>
    <vehicle id="108" type="typeCar" route="WE" depart="54.000000" departSpeed="last"  />
    <vehicle id="109" type="typeCar" route="NS" depart="54.000000" departSpeed="last"  color="1,0,0"/>
    <vehicle id="110" type="typeCar" route="WE" depart="55.000000" departSpeed="last"  />
    <vehicle id="111" type="typeCar" route="NS" depart="55.000000" departSpeed="last"  color="1,0,0"/>
    <vehicle id="112" type="typeCar" route="WE" depart="56.000000" departSpeed="last"  />
    <vehicle id="113" type="typeCar" route="NS" depart="56.000000" departSpeed="last"  color="1,0,0"/>
    <vehicle id="114" type="typeCar" route="WE" depart="57.000000" departSpeed="last"  />
    <vehicle id="115" type="typeCar" route="NS" depart="57.000000" departSpeed="last"  color="1,0,0"/>
    <vehicle id="116" type="typeCar" route="WE" depart="58.000000" departSpeed="last"  />
    <vehicle id="117" type="typeCar" route="NS" depart="58.000000" departSpeed="last"  color="1,0,0"/>
    <vehicle id="118" type="typeCar" route="WE" depart="59.000000" departSpeed="last"  />
    <vehicle id="119" type="typeCar" route="NS" depart="59.000000" departSpeed="last"  color="1,0,0"/>
    <vehicle id="120" type="typeCar" route="WE" depart="60.000000" departSpeed="last"  />
    <vehicle id="121" type="typeCar" route="NS" depart="60.000000" departSpeed="last"  color="1,0,0"/>
    <vehicle id="122" type="typeCar" route="WE" depart="61.000000" departSpeed="last"  />
    <vehicle id="123" type="typeCar" route="NS" depart="61.000000" departSpeed="last"  color="1,0,0"/>
    <vehicle id="124" type="typeCar" route="WE" depart="62.000000" departSpeed="last"  />
    <vehicle id="125" type="typeCar" route="NS" depart="62.000000" departSpeed="last"  color="1,0,0"/>
    <vehicle id="126" type="typeCar" route="WE" depart="63.000000" departSpeed="last"  />
    <vehicle id="127" type="typeCar" route="NS" depart="63.000000" departSpeed="last"  color="1,0,0"/>
    <vehicle id="128" type="typeCar" route="WE" depart="64.000000" departSpeed="last"  />
    <vehicle id="129" type="typeCar" route="NS" depart="64.000000" departSpeed="last"  color="1,0,0"/>
    <vehicle id="130" type="typeCar" route="WE" depart="65.000000" departSpeed="last"  />
    <vehicle id="131" type="typeCar" route="NS" depart="65.000000" departSpeed="last"  color="1,0,0"/>
    <vehicle id="132" type="typeCar" route="WE" depart="66.000000" departSpeed="last"  />
    <vehicle id="133" type="typeCar" route="NS" depart="66.000000" departSpeed="last"  color="1,0,0"/>
    <vehicle id="134" type="typeCar" route="WE" depart="67.000000" departSpeed="last"  />
    <vehicle id="135" type="typeCar" route="NS" depart="67.000000" departSpeed="last"  color="1,0,0"/>
    <vehicle id="136" type="typeCar" route="WE" depart="68.000000" departSpeed="last"  />
    <vehicle id="137" type="typeCar" route="NS" depart="68.000000" departSpeed="last"  color="1,0,0"/>
    <vehicle id="138" type="typeCar" route="WE" depart="69.000000" departSpeed="last"  />
    <vehicle id="139" type="typeCar" route="NS" depart="69.000000" departSpeed="last"  color="1,0,0"/>
    <vehicle id="140" type="typeCar" route="WE" depart="70.000000" departSpeed="last"  />
    <vehicle id="141" type="typeCar" route="NS" depart="70.000000" departSpeed="last"  color="1,0,0"/>
    <vehicle id="142" type="typeCar" route="WE" depart="71.000000" departSpeed="last"  />
    <vehicle id="143" type="typeCar" route="NS" depart="71.000000" departSpeed="last"  color="1,0,0"/>
    <vehicle id="144" type="typeCar" route="WE" depart="72.000000" departSpeed="last"  />
    <vehicle id="145" type="typeCar" route="NS" depart="72.000000" departSpeed="last"  color="1,0,0"/>
    <vehicle id="146" type="typeCar" route="WE" depart="73.000000" departSpeed="last"  />
    <vehicle id="147" type="typeCar" route="NS" depart="73.000000" departSpeed="last"  color="1,0,0"/>
    <vehicle id="148" type="typeCar" route="WE" depart="74.000000" departSpeed="last"  />
    <vehicle id="149" type="typeCar" route="NS" depart="74.000000" departSpeed="last"  color="1,0,0"/>
    <vehicle id="150" type="typeCar" route="WE" depart="75.000000" departSpeed="last"  />
    <vehicle id="151" type="typeCar" route="NS" depart="75.000000" departSpeed="last"  color="1,0,0"/>
    <vehicle id="152" type="typeCar" route="WE" depart="76.000000" departSpeed="last"  />
    <vehicle id="153" type="typeCar" route="NS" depart="76.000000" departSpeed="last"  color="1,0,0"/>
    <vehicle id="154" type="typeCar" route="WE" depart="77.000000" departSpeed="last"  />
    <vehicle id="155" type="typeCar" route="NS" depart="77.000000" departSpeed="last"  color="1,0,0"/>
    <vehicle id="156" type="typeCar" route="WE" depart="78.000000" departSpeed="last"  />
    <vehicle id="157" type="typeCar" route="NS" depart="78.000000" departSpeed="last"  color="1,0,0"/>
    <vehicle id="158" type="typeCar" route="WE" depart="79.000000" departSpeed="last"  />
    <vehicle id="159" type="typeCar" route="NS" depart="79.000000" departSpeed="last"  color="1,0,0"/>
    <vehicle id="160" type="typeCar" route="WE" depart="80.000000" departSpeed="last"  />
    <vehicle id="161" type="typeCar" route="NS" depart="80.000000" departSpeed="last"  color="1,0,0"/>
    <vehicle id="162" type="typeCar" route="WE" depart="81.000000" departSpeed="last"  />
    <vehicle id="163" type="typeCar" route="NS" depart="81.000000" departSpeed="last"  color="1,0,0"/>
    <vehicle id="164" type="typeCar" route="WE" depart="82.000000" departSpeed="last"  />
    <vehicle id="165" type="typeCar" route="NS" depart="82.000000" departSpeed="last"  color="1,0,0"/>
    <vehicle id="166" type="typeCar" route="WE" depart="83.000000" departSpeed="last"  />
    <vehicle id="167" type="typeCar" route="NS" depart="83.000000" departSpeed="last"  color="1,0,0"/>
    <vehicle id="168" type="typeCar" route="WE" depart="84.000000" departSpeed="last"  />
    <vehicle id="169" type="typeCar" route="NS" depart="84.000000" departSpeed="last"  color="1,0,0"/>
    <vehicle id="170" type="typeCar" route="WE" depart="85.000000" departSpeed="last"  />
    <vehicle id="171" type="typeCar" route="NS" depart="85.000000" departSpeed="last"  color="1,0,0"/>
    <vehicle id="172" type="typeCar" route="WE" depart="86.000000" departSpeed="last"  />
    <vehicle id="173" type="typeCar" route="NS" depart="86.000000" departSpeed="last"  color="1,0,0"/>
    <vehicle id="174" type="typeCar" route="WE" depart="87.000000" departSpeed="last"  />
    <vehicle id="175" type="typeCar" route="NS" depart="87.000000" departSpeed="last"  color="1,0,0"/>
    <vehicle id="176" type="typeCar" route="WE" depart="88.000000" departSpeed="last"  />
    <vehicle id="177" type="typeCar" route="NS" depart="88.000000" departSpeed="last"  color="1,0,0"/>
    <vehicle id="178" type="typeCar" route="WE" depart="89.000000" departSpeed="last"  />
    <vehicle id="179" type="typeCar" route="NS" depart="89.000000" departSpeed="last"  color="1,0,0"/>
    <vehicle id="180" type="typeCar" route="WE" depart="90.000000" departSpeed="last"  />
    <vehicle id="181" type="typeCar" route="NS" depart="90.000000" departSpeed="last"  color="1,0,0"/>
    <vehicle id="182" type="typeCar" route="WE" depart="91.000000" departSpeed="last"  />
    <vehicle id="183" type="typeCar" route="NS" depart="91.000000" departSpeed="last"  color="1,0,0"/>
    <vehicle id="184" type="typeCar" route="WE" depart="92.000000" departSpeed="last"  />
    <vehicle id="185" type="typeCar" route="NS" depart="92.000000" departSpeed="last"  color="1,0,0"/>
    <vehicle id="186" type="typeCar" route="WE" depart="93.000000" departSpeed="last"  />
    <vehicle id="187" type="typeCar" route="NS" depart="93.000000" departSpeed="last"  color="1,0,0"/>
    <vehicle id="188" type="typeCar" route="WE" depart="94.000000" departSpeed="last"  />
    <vehicle id="189" type="typeCar" route="NS" depart="94.000000" departSpeed="last"  color="1,0,0"/>
    <vehicle id="190" type="typeCar" route="WE" depart="95.000000" departSpeed="last"  />
    <vehicle id="191" type="typeCar" route="NS" depart="95.000000" departSpeed="last"  color="1,0,0"/>
    <vehicle id="192" type="typeCar" route="WE" depart="96.000000" departSpeed="last"  />
    <vehicle id="193" type="typeCar" route="NS" depart="96.000000" departSpeed="last"  color="1,0,0"/>
    <vehicle id="194" type="typeCar" route="WE" depart="97.000000" departSpeed="last"  />
    <vehicle id="195" type="typeCar" route="NS" depart="97.000000" departSpeed="last"  color="1,0,0"/>
    <vehicle id="196" type="typeCar" route="WE" depart="98.000000" departSpeed="last"  />
    <vehicle id="197" type="typeCar" route="NS" depart="98.000000" departSpeed="last"  color="1,0,0"/>
    <vehicle id="198" type="typeCar" route="WE" depart="99.000000" departSpeed="last"  />
    <vehicle id="199" type="typeCar" route="NS" depart="99.000000" departSpeed="last"  color="1,0,0"/>
</routes>
