<?xml version="1.0" encoding="UTF-8"?>

<!-- generated on 2022-11-30 12:32:48 by Eclipse SUMO sumo Version 1.14.1
<configuration xmlns:xsi="http://www.w3.org/2001/XMLSchema-instance" xsi:noNamespaceSchemaLocation="http://sumo.dlr.de/xsd/sumoConfiguration.xsd">

    <input>
        <net-file value="net.net.xml"/>
        <route-files value="routes.rou.xml"/>
    </input>

    <output>
        <tripinfo-output value="raw_data/(10,6,0)tripinfo.xml"/>
    </output>

    <time>
        <begin value="0"/>
        <step-length value="0.1"/>
    </time>

    <processing>
        <extrapolate-departpos value="true"/>
        <route-steps value="0"/>
        <ignore-route-errors value="true"/>
        <collision.action value="warn"/>
        <collision.stoptime value="1"/>
        <collision.mingap-factor value="0.1"/>
    </processing>

    <report>
        <verbose value="false"/>
        <log value="log.txt"/>
        <duration-log.statistics value="true"/>
        <no-step-log value="true"/>
    </report>

    <traci_server>
        <remote-port value="64272"/>
    </traci_server>

    <gui_only>
        <quit-on-end value="true"/>
        <start value="true"/>
    </gui_only>

</configuration>
-->

<tripinfos xmlns:xsi="http://www.w3.org/2001/XMLSchema-instance" xsi:noNamespaceSchemaLocation="http://sumo.dlr.de/xsd/tripinfo_file.xsd">
    <tripinfo id="0" depart="0.00" departLane="nc_0" departPos="5.10" departSpeed="10.00" departDelay="0.00" arrival="39.50" arrivalLane="cs_0" arrivalPos="192.80" arrivalSpeed="10.00" duration="39.50" routeLength="394.90" waitingTime="0.00" waitingCount="0" stopTime="0.00" timeLoss="0.00" rerouteNo="0" devices="tripinfo_0" vType="typeCar@0" speedFactor="1.00" vaporized=""/>
    <tripinfo id="2" depart="1.00" departLane="nc_0" departPos="5.10" departSpeed="10.00" departDelay="0.00" arrival="40.50" arrivalLane="cs_0" arrivalPos="192.80" arrivalSpeed="10.00" duration="39.50" routeLength="394.90" waitingTime="0.00" waitingCount="0" stopTime="0.00" timeLoss="0.00" rerouteNo="0" devices="tripinfo_2" vType="typeCar@2" speedFactor="1.00" vaporized=""/>
    <tripinfo id="3" depart="2.00" departLane="nc_0" departPos="5.10" departSpeed="10.00" departDelay="0.00" arrival="41.50" arrivalLane="cs_0" arrivalPos="192.80" arrivalSpeed="10.00" duration="39.50" routeLength="394.90" waitingTime="0.00" waitingCount="0" stopTime="0.00" timeLoss="0.00" rerouteNo="0" devices="tripinfo_3" vType="typeCar@3" speedFactor="1.00" vaporized=""/>
    <tripinfo id="4" depart="3.00" departLane="nc_0" departPos="5.10" departSpeed="10.00" departDelay="0.00" arrival="42.50" arrivalLane="cs_0" arrivalPos="192.80" arrivalSpeed="10.00" duration="39.50" routeLength="394.90" waitingTime="0.00" waitingCount="0" stopTime="0.00" timeLoss="0.00" rerouteNo="0" devices="tripinfo_4" vType="typeCar@4" speedFactor="1.00" vaporized=""/>
    <tripinfo id="6" depart="4.00" departLane="nc_0" departPos="5.10" departSpeed="10.00" departDelay="0.00" arrival="43.50" arrivalLane="cs_0" arrivalPos="192.80" arrivalSpeed="10.00" duration="39.50" routeLength="394.90" waitingTime="0.00" waitingCount="0" stopTime="0.00" timeLoss="0.00" rerouteNo="0" devices="tripinfo_6" vType="typeCar@6" speedFactor="1.00" vaporized=""/>
    <tripinfo id="8" depart="5.00" departLane="nc_0" departPos="5.10" departSpeed="10.00" departDelay="0.00" arrival="44.50" arrivalLane="cs_0" arrivalPos="192.80" arrivalSpeed="10.00" duration="39.50" routeLength="394.90" waitingTime="0.00" waitingCount="0" stopTime="0.00" timeLoss="0.00" rerouteNo="0" devices="tripinfo_8" vType="typeCar@8" speedFactor="1.00" vaporized=""/>
    <tripinfo id="10" depart="6.00" departLane="nc_0" departPos="5.10" departSpeed="10.00" departDelay="0.00" arrival="45.50" arrivalLane="cs_0" arrivalPos="192.80" arrivalSpeed="10.00" duration="39.50" routeLength="394.90" waitingTime="0.00" waitingCount="0" stopTime="0.00" timeLoss="0.00" rerouteNo="0" devices="tripinfo_10" vType="typeCar@10" speedFactor="1.00" vaporized=""/>
    <tripinfo id="11" depart="7.00" departLane="nc_0" departPos="5.10" departSpeed="10.00" departDelay="0.00" arrival="46.50" arrivalLane="cs_0" arrivalPos="192.80" arrivalSpeed="10.00" duration="39.50" routeLength="394.90" waitingTime="0.00" waitingCount="0" stopTime="0.00" timeLoss="0.00" rerouteNo="0" devices="tripinfo_11" vType="typeCar@11" speedFactor="1.00" vaporized=""/>
    <tripinfo id="13" depart="8.00" departLane="nc_0" departPos="5.10" departSpeed="10.00" departDelay="0.00" arrival="47.50" arrivalLane="cs_0" arrivalPos="192.80" arrivalSpeed="10.00" duration="39.50" routeLength="394.90" waitingTime="0.00" waitingCount="0" stopTime="0.00" timeLoss="0.00" rerouteNo="0" devices="tripinfo_13" vType="typeCar@13" speedFactor="1.00" vaporized=""/>
    <tripinfo id="14" depart="9.00" departLane="nc_0" departPos="5.10" departSpeed="10.00" departDelay="0.00" arrival="48.50" arrivalLane="cs_0" arrivalPos="192.80" arrivalSpeed="10.00" duration="39.50" routeLength="394.90" waitingTime="0.00" waitingCount="0" stopTime="0.00" timeLoss="0.00" rerouteNo="0" devices="tripinfo_14" vType="typeCar@14" speedFactor="1.00" vaporized=""/>
    <tripinfo id="15" depart="10.00" departLane="nc_0" departPos="5.10" departSpeed="10.00" departDelay="0.00" arrival="49.50" arrivalLane="cs_0" arrivalPos="192.80" arrivalSpeed="10.00" duration="39.50" routeLength="394.90" waitingTime="0.00" waitingCount="0" stopTime="0.00" timeLoss="0.00" rerouteNo="0" devices="tripinfo_15" vType="typeCar@15" speedFactor="1.00" vaporized=""/>
    <tripinfo id="17" depart="11.00" departLane="nc_0" departPos="5.10" departSpeed="10.00" departDelay="0.00" arrival="50.50" arrivalLane="cs_0" arrivalPos="192.80" arrivalSpeed="10.00" duration="39.50" routeLength="394.90" waitingTime="0.00" waitingCount="0" stopTime="0.00" timeLoss="0.00" rerouteNo="0" devices="tripinfo_17" vType="typeCar@17" speedFactor="1.00" vaporized=""/>
    <tripinfo id="18" depart="12.00" departLane="nc_0" departPos="5.10" departSpeed="10.00" departDelay="0.00" arrival="51.50" arrivalLane="cs_0" arrivalPos="192.80" arrivalSpeed="10.00" duration="39.50" routeLength="394.90" waitingTime="0.00" waitingCount="0" stopTime="0.00" timeLoss="0.00" rerouteNo="0" devices="tripinfo_18" vType="typeCar@18" speedFactor="1.00" vaporized=""/>
    <tripinfo id="20" depart="13.00" departLane="nc_0" departPos="5.10" departSpeed="10.00" departDelay="0.00" arrival="52.50" arrivalLane="cs_0" arrivalPos="192.80" arrivalSpeed="10.00" duration="39.50" routeLength="394.90" waitingTime="0.00" waitingCount="0" stopTime="0.00" timeLoss="0.01" rerouteNo="0" devices="tripinfo_20" vType="typeCar@20" speedFactor="1.00" vaporized=""/>
    <tripinfo id="21" depart="14.00" departLane="nc_0" departPos="5.10" departSpeed="10.00" departDelay="0.00" arrival="53.50" arrivalLane="cs_0" arrivalPos="192.80" arrivalSpeed="10.00" duration="39.50" routeLength="394.90" waitingTime="0.00" waitingCount="0" stopTime="0.00" timeLoss="0.01" rerouteNo="0" devices="tripinfo_21" vType="typeCar@21" speedFactor="1.00" vaporized=""/>
    <tripinfo id="22" depart="15.00" departLane="nc_0" departPos="5.10" departSpeed="10.00" departDelay="0.00" arrival="54.50" arrivalLane="cs_0" arrivalPos="192.80" arrivalSpeed="10.00" duration="39.50" routeLength="394.90" waitingTime="0.00" waitingCount="0" stopTime="0.00" timeLoss="0.01" rerouteNo="0" devices="tripinfo_22" vType="typeCar@22" speedFactor="1.00" vaporized=""/>
    <tripinfo id="24" depart="16.00" departLane="nc_0" departPos="5.10" departSpeed="10.00" departDelay="0.00" arrival="55.50" arrivalLane="cs_0" arrivalPos="192.80" arrivalSpeed="10.00" duration="39.50" routeLength="394.90" waitingTime="0.00" waitingCount="0" stopTime="0.00" timeLoss="0.01" rerouteNo="0" devices="tripinfo_24" vType="typeCar@24" speedFactor="1.00" vaporized=""/>
    <tripinfo id="26" depart="17.00" departLane="nc_0" departPos="5.10" departSpeed="10.00" departDelay="0.00" arrival="61.00" arrivalLane="cs_0" arrivalPos="192.80" arrivalSpeed="10.00" duration="44.00" routeLength="394.90" waitingTime="0.00" waitingCount="0" stopTime="0.00" timeLoss="4.49" rerouteNo="0" devices="tripinfo_26" vType="typeCar@26" speedFactor="1.00" vaporized=""/>
    <tripinfo id="27" depart="18.00" departLane="nc_0" departPos="5.10" departSpeed="10.00" departDelay="0.00" arrival="62.10" arrivalLane="cs_0" arrivalPos="192.80" arrivalSpeed="10.00" duration="44.10" routeLength="394.90" waitingTime="0.00" waitingCount="0" stopTime="0.00" timeLoss="4.56" rerouteNo="0" devices="tripinfo_27" vType="typeCar@27" speedFactor="1.00" vaporized=""/>
    <tripinfo id="1" depart="1.00" departLane="wc_0" departPos="5.10" departSpeed="10.00" departDelay="0.00" arrival="69.80" arrivalLane="ce_0" arrivalPos="192.80" arrivalSpeed="10.00" duration="68.80" routeLength="394.90" waitingTime="0.00" waitingCount="0" stopTime="0.00" timeLoss="29.30" rerouteNo="0" devices="tripinfo_1" vType="typeCar@1" speedFactor="1.00" vaporized=""/>
    <tripinfo id="5" depart="4.00" departLane="wc_0" departPos="5.10" departSpeed="10.00" departDelay="0.00" arrival="71.10" arrivalLane="ce_0" arrivalPos="192.80" arrivalSpeed="10.00" duration="67.10" routeLength="394.90" waitingTime="1.30" waitingCount="13" stopTime="0.00" timeLoss="27.60" rerouteNo="0" devices="tripinfo_5" vType="typeCar@5" speedFactor="1.00" vaporized=""/>
    <tripinfo id="28" depart="19.00" departLane="nc_0" departPos="5.10" departSpeed="10.00" departDelay="0.00" arrival="72.60" arrivalLane="cs_0" arrivalPos="192.80" arrivalSpeed="10.00" duration="53.60" routeLength="394.90" waitingTime="0.00" waitingCount="0" stopTime="0.00" timeLoss="14.11" rerouteNo="0" devices="tripinfo_28" vType="typeCar@28" speedFactor="1.00" vaporized=""/>
    <tripinfo id="29" depart="20.00" departLane="nc_0" departPos="5.10" departSpeed="10.00" departDelay="0.00" arrival="73.60" arrivalLane="cs_0" arrivalPos="192.80" arrivalSpeed="10.00" duration="53.60" routeLength="394.90" waitingTime="0.30" waitingCount="3" stopTime="0.00" timeLoss="14.06" rerouteNo="0" devices="tripinfo_29" vType="typeCar@29" speedFactor="1.00" vaporized=""/>
    <tripinfo id="7" depart="5.00" departLane="wc_0" departPos="5.10" departSpeed="10.00" departDelay="0.00" arrival="75.20" arrivalLane="ce_0" arrivalPos="192.80" arrivalSpeed="10.00" duration="70.20" routeLength="394.90" waitingTime="1.80" waitingCount="18" stopTime="0.00" timeLoss="30.65" rerouteNo="0" devices="tripinfo_7" vType="typeCar@7" speedFactor="1.00" vaporized=""/>
    <tripinfo id="9" depart="6.00" departLane="wc_0" departPos="5.10" departSpeed="10.00" departDelay="0.00" arrival="76.20" arrivalLane="ce_0" arrivalPos="192.80" arrivalSpeed="10.00" duration="70.20" routeLength="394.90" waitingTime="0.50" waitingCount="5" stopTime="0.00" timeLoss="30.70" rerouteNo="0" devices="tripinfo_9" vType="typeCar@9" speedFactor="1.00" vaporized=""/>
    <tripinfo id="31" depart="21.00" departLane="nc_0" departPos="5.10" departSpeed="10.00" departDelay="0.00" arrival="77.80" arrivalLane="cs_0" arrivalPos="192.80" arrivalSpeed="10.00" duration="56.80" routeLength="394.90" waitingTime="0.90" waitingCount="9" stopTime="0.00" timeLoss="17.32" rerouteNo="0" devices="tripinfo_31" vType="typeCar@31" speedFactor="1.00" vaporized=""/>
    <tripinfo id="33" depart="22.00" departLane="nc_0" departPos="5.10" departSpeed="10.00" departDelay="0.00" arrival="80.20" arrivalLane="cs_0" arrivalPos="192.80" arrivalSpeed="10.00" duration="58.20" routeLength="394.90" waitingTime="1.10" waitingCount="11" stopTime="0.00" timeLoss="18.66" rerouteNo="0" devices="tripinfo_33" vType="typeCar@33" speedFactor="1.00" vaporized=""/>
    <tripinfo id="12" depart="8.00" departLane="wc_0" departPos="5.10" departSpeed="10.00" departDelay="0.00" arrival="82.20" arrivalLane="ce_0" arrivalPos="192.80" arrivalSpeed="10.00" duration="74.20" routeLength="394.90" waitingTime="2.10" waitingCount="21" stopTime="0.00" timeLoss="34.71" rerouteNo="0" devices="tripinfo_12" vType="typeCar@12" speedFactor="1.00" vaporized=""/>
    <tripinfo id="16" depart="11.00" departLane="wc_0" departPos="5.10" departSpeed="10.00" departDelay="0.00" arrival="87.00" arrivalLane="ce_0" arrivalPos="192.80" arrivalSpeed="10.00" duration="76.00" routeLength="394.90" waitingTime="2.20" waitingCount="22" stopTime="0.00" timeLoss="36.46" rerouteNo="0" devices="tripinfo_16" vType="typeCar@16" speedFactor="1.00" vaporized=""/>
    <tripinfo id="35" depart="23.00" departLane="nc_0" departPos="5.10" departSpeed="10.00" departDelay="0.00" arrival="88.50" arrivalLane="cs_0" arrivalPos="192.80" arrivalSpeed="10.00" duration="65.50" routeLength="394.90" waitingTime="1.10" waitingCount="11" stopTime="0.00" timeLoss="26.01" rerouteNo="0" devices="tripinfo_35" vType="typeCar@35" speedFactor="1.00" vaporized=""/>
    <tripinfo id="36" depart="24.00" departLane="nc_0" departPos="5.10" departSpeed="10.00" departDelay="0.00" arrival="89.50" arrivalLane="cs_0" arrivalPos="192.80" arrivalSpeed="10.00" duration="65.50" routeLength="394.90" waitingTime="1.10" waitingCount="11" stopTime="0.00" timeLoss="25.93" rerouteNo="0" devices="tripinfo_36" vType="typeCar@36" speedFactor="1.00" vaporized=""/>
    <tripinfo id="19" depart="13.00" departLane="wc_0" departPos="5.10" departSpeed="10.00" departDelay="0.00" arrival="91.00" arrivalLane="ce_0" arrivalPos="192.80" arrivalSpeed="10.00" duration="78.00" routeLength="394.90" waitingTime="1.40" waitingCount="14" stopTime="0.00" timeLoss="38.43" rerouteNo="0" devices="tripinfo_19" vType="typeCar@19" speedFactor="1.00" vaporized=""/>
    <tripinfo id="23" depart="16.00" departLane="wc_0" departPos="5.10" departSpeed="10.00" departDelay="0.00" arrival="94.90" arrivalLane="ce_0" arrivalPos="192.80" arrivalSpeed="10.00" duration="78.90" routeLength="394.90" waitingTime="1.70" waitingCount="17" stopTime="0.00" timeLoss="39.33" rerouteNo="0" devices="tripinfo_23" vType="typeCar@23" speedFactor="1.00" vaporized=""/>
    <tripinfo id="25" depart="17.00" departLane="wc_0" departPos="5.10" departSpeed="10.00" departDelay="0.00" arrival="96.60" arrivalLane="ce_0" arrivalPos="192.80" arrivalSpeed="10.00" duration="79.60" routeLength="394.90" waitingTime="1.80" waitingCount="18" stopTime="0.00" timeLoss="40.09" rerouteNo="0" devices="tripinfo_25" vType="typeCar@25" speedFactor="1.00" vaporized=""/>
    <tripinfo id="38" depart="25.00" departLane="nc_0" departPos="5.10" departSpeed="10.00" departDelay="0.00" arrival="99.00" arrivalLane="cs_0" arrivalPos="192.80" arrivalSpeed="10.00" duration="74.00" routeLength="394.90" waitingTime="1.10" waitingCount="11" stopTime="0.00" timeLoss="34.48" rerouteNo="0" devices="tripinfo_38" vType="typeCar@38" speedFactor="1.00" vaporized=""/>
    <tripinfo id="40" depart="26.00" departLane="nc_0" departPos="5.10" departSpeed="10.00" departDelay="0.00" arrival="99.90" arrivalLane="cs_0" arrivalPos="192.80" arrivalSpeed="10.00" duration="73.90" routeLength="394.90" waitingTime="1.10" waitingCount="11" stopTime="0.00" timeLoss="34.37" rerouteNo="0" devices="tripinfo_40" vType="typeCar@40" speedFactor="1.00" vaporized=""/>
    <tripinfo id="41" depart="27.00" departLane="nc_0" departPos="5.10" departSpeed="10.00" departDelay="0.00" arrival="101.40" arrivalLane="cs_0" arrivalPos="192.80" arrivalSpeed="10.00" duration="74.40" routeLength="394.90" waitingTime="1.30" waitingCount="13" stopTime="0.00" timeLoss="34.86" rerouteNo="0" devices="tripinfo_41" vType="typeCar@41" speedFactor="1.00" vaporized=""/>
    <tripinfo id="30" depart="21.00" departLane="wc_0" departPos="5.10" departSpeed="10.00" departDelay="0.00" arrival="103.50" arrivalLane="ce_0" arrivalPos="192.80" arrivalSpeed="10.00" duration="82.50" routeLength="394.90" waitingTime="2.20" waitingCount="22" stopTime="0.00" timeLoss="42.95" rerouteNo="0" devices="tripinfo_30" vType="typeCar@30" speedFactor="1.00" vaporized=""/>
    <tripinfo id="32" depart="22.00" departLane="wc_0" departPos="5.10" departSpeed="10.00" departDelay="0.00" arrival="104.40" arrivalLane="ce_0" arrivalPos="192.80" arrivalSpeed="10.00" duration="82.40" routeLength="394.90" waitingTime="2.60" waitingCount="26" stopTime="0.00" timeLoss="42.86" rerouteNo="0" devices="tripinfo_32" vType="typeCar@32" speedFactor="1.00" vaporized=""/>
    <tripinfo id="43" depart="28.00" departLane="nc_0" departPos="5.10" departSpeed="10.00" departDelay="0.00" arrival="106.30" arrivalLane="cs_0" arrivalPos="192.80" arrivalSpeed="10.00" duration="78.30" routeLength="394.90" waitingTime="1.30" waitingCount="13" stopTime="0.00" timeLoss="38.76" rerouteNo="0" devices="tripinfo_43" vType="typeCar@43" speedFactor="1.00" vaporized=""/>
    <tripinfo id="45" depart="29.00" departLane="nc_0" departPos="5.10" departSpeed="10.00" departDelay="0.00" arrival="113.30" arrivalLane="cs_0" arrivalPos="192.80" arrivalSpeed="10.00" duration="84.30" routeLength="394.90" waitingTime="1.50" waitingCount="15" stopTime="0.00" timeLoss="44.80" rerouteNo="0" devices="tripinfo_45" vType="typeCar@45" speedFactor="1.00" vaporized=""/>
    <tripinfo id="46" depart="30.00" departLane="nc_0" departPos="5.10" departSpeed="10.00" departDelay="0.00" arrival="114.30" arrivalLane="cs_0" arrivalPos="192.80" arrivalSpeed="10.00" duration="84.30" routeLength="394.90" waitingTime="1.60" waitingCount="16" stopTime="0.00" timeLoss="44.78" rerouteNo="0" devices="tripinfo_46" vType="typeCar@46" speedFactor="1.00" vaporized=""/>
    <tripinfo id="34" depart="23.00" departLane="wc_0" departPos="5.10" departSpeed="10.00" departDelay="0.00" arrival="115.90" arrivalLane="ce_0" arrivalPos="192.80" arrivalSpeed="10.00" duration="92.90" routeLength="394.90" waitingTime="2.80" waitingCount="28" stopTime="0.00" timeLoss="53.38" rerouteNo="0" devices="tripinfo_34" vType="typeCar@34" speedFactor="1.00" vaporized=""/>
    <tripinfo id="37" depart="25.00" departLane="wc_0" departPos="5.10" departSpeed="10.00" departDelay="0.00" arrival="116.90" arrivalLane="ce_0" arrivalPos="192.80" arrivalSpeed="10.00" duration="91.90" routeLength="394.90" waitingTime="1.80" waitingCount="18" stopTime="0.00" timeLoss="52.36" rerouteNo="0" devices="tripinfo_37" vType="typeCar@37" speedFactor="1.00" vaporized=""/>
    <tripinfo id="48" depart="31.00" departLane="nc_0" departPos="5.10" departSpeed="10.00" departDelay="0.00" arrival="118.80" arrivalLane="cs_0" arrivalPos="192.80" arrivalSpeed="10.00" duration="87.80" routeLength="394.90" waitingTime="1.30" waitingCount="13" stopTime="0.00" timeLoss="48.30" rerouteNo="0" devices="tripinfo_48" vType="typeCar@48" speedFactor="1.00" vaporized=""/>
    <tripinfo id="49" depart="32.00" departLane="nc_0" departPos="5.10" departSpeed="10.00" departDelay="0.00" arrival="119.90" arrivalLane="cs_0" arrivalPos="192.80" arrivalSpeed="10.00" duration="87.90" routeLength="394.90" waitingTime="1.80" waitingCount="18" stopTime="0.00" timeLoss="48.38" rerouteNo="0" devices="tripinfo_49" vType="typeCar@49" speedFactor="1.00" vaporized=""/>
    <tripinfo id="39" depart="26.00" departLane="wc_0" departPos="5.10" departSpeed="10.00" departDelay="0.00" arrival="121.50" arrivalLane="ce_0" arrivalPos="192.80" arrivalSpeed="10.00" duration="95.50" routeLength="394.90" waitingTime="2.90" waitingCount="29" stopTime="0.00" timeLoss="55.94" rerouteNo="0" devices="tripinfo_39" vType="typeCar@39" speedFactor="1.00" vaporized=""/>
    <tripinfo id="42" depart="28.00" departLane="wc_0" departPos="5.10" departSpeed="10.00" departDelay="0.00" arrival="122.50" arrivalLane="ce_0" arrivalPos="192.80" arrivalSpeed="10.00" duration="94.50" routeLength="394.90" waitingTime="2.00" waitingCount="20" stopTime="0.00" timeLoss="54.97" rerouteNo="0" devices="tripinfo_42" vType="typeCar@42" speedFactor="1.00" vaporized=""/>
    <tripinfo id="51" depart="33.00" departLane="nc_0" departPos="5.10" departSpeed="10.00" departDelay="0.00" arrival="124.00" arrivalLane="cs_0" arrivalPos="192.80" arrivalSpeed="10.00" duration="91.00" routeLength="394.90" waitingTime="2.00" waitingCount="20" stopTime="0.00" timeLoss="51.50" rerouteNo="0" devices="tripinfo_51" vType="typeCar@51" speedFactor="1.00" vaporized=""/>
    <tripinfo id="53" depart="34.00" departLane="nc_0" departPos="5.10" departSpeed="10.00" departDelay="0.00" arrival="125.40" arrivalLane="cs_0" arrivalPos="192.80" arrivalSpeed="10.00" duration="91.40" routeLength="394.90" waitingTime="2.20" waitingCount="22" stopTime="0.00" timeLoss="51.88" rerouteNo="0" devices="tripinfo_53" vType="typeCar@53" speedFactor="1.00" vaporized=""/>
    <tripinfo id="44" depart="29.00" departLane="wc_0" departPos="5.10" departSpeed="10.00" departDelay="0.00" arrival="129.00" arrivalLane="ce_0" arrivalPos="192.80" arrivalSpeed="10.00" duration="100.00" routeLength="394.90" waitingTime="2.20" waitingCount="22" stopTime="0.00" timeLoss="60.48" rerouteNo="0" devices="tripinfo_44" vType="typeCar@44" speedFactor="1.00" vaporized=""/>
    <tripinfo id="47" depart="31.00" departLane="wc_0" departPos="5.10" departSpeed="10.00" departDelay="0.00" arrival="130.00" arrivalLane="ce_0" arrivalPos="192.80" arrivalSpeed="10.00" duration="99.00" routeLength="394.90" waitingTime="3.00" waitingCount="30" stopTime="0.00" timeLoss="59.49" rerouteNo="0" devices="tripinfo_47" vType="typeCar@47" speedFactor="1.00" vaporized=""/>
    <tripinfo id="50" depart="33.00" departLane="wc_0" departPos="5.10" departSpeed="10.00" departDelay="0.00" arrival="132.00" arrivalLane="ce_0" arrivalPos="192.80" arrivalSpeed="10.00" duration="99.00" routeLength="394.90" waitingTime="2.60" waitingCount="26" stopTime="0.00" timeLoss="59.44" rerouteNo="0" devices="tripinfo_50" vType="typeCar@50" speedFactor="1.00" vaporized=""/>
    <tripinfo id="52" depart="34.00" departLane="wc_0" departPos="5.10" departSpeed="10.00" departDelay="0.00" arrival="140.70" arrivalLane="ce_0" arrivalPos="192.80" arrivalSpeed="10.00" duration="106.70" routeLength="394.90" waitingTime="2.50" waitingCount="25" stopTime="0.00" timeLoss="67.20" rerouteNo="0" devices="tripinfo_52" vType="typeCar@52" speedFactor="1.00" vaporized=""/>
    <tripinfo id="55" depart="35.00" departLane="nc_0" departPos="5.10" departSpeed="10.00" departDelay="0.00" arrival="143.20" arrivalLane="cs_0" arrivalPos="192.80" arrivalSpeed="10.00" duration="108.20" routeLength="394.90" waitingTime="5.50" waitingCount="25" stopTime="0.00" timeLoss="68.62" rerouteNo="0" devices="tripinfo_55" vType="typeCar@55" speedFactor="1.00" vaporized=""/>
    <tripinfo id="56" depart="36.00" departLane="nc_0" departPos="5.10" departSpeed="10.00" departDelay="0.00" arrival="144.40" arrivalLane="cs_0" arrivalPos="192.80" arrivalSpeed="10.00" duration="108.40" routeLength="394.90" waitingTime="3.30" waitingCount="33" stopTime="0.00" timeLoss="68.86" rerouteNo="0" devices="tripinfo_56" vType="typeCar@56" speedFactor="1.00" vaporized=""/>
    <tripinfo id="57" depart="37.00" departLane="nc_0" departPos="5.10" departSpeed="10.00" departDelay="0.00" arrival="145.30" arrivalLane="cs_0" arrivalPos="192.80" arrivalSpeed="10.00" duration="108.30" routeLength="394.90" waitingTime="3.20" waitingCount="32" stopTime="0.00" timeLoss="68.73" rerouteNo="0" devices="tripinfo_57" vType="typeCar@57" speedFactor="1.00" vaporized=""/>
    <tripinfo id="54" depart="35.00" departLane="wc_0" departPos="5.10" departSpeed="10.00" departDelay="0.00" arrival="146.80" arrivalLane="ce_0" arrivalPos="192.80" arrivalSpeed="10.00" duration="111.80" routeLength="394.90" waitingTime="2.70" waitingCount="27" stopTime="0.00" timeLoss="72.25" rerouteNo="0" devices="tripinfo_54" vType="typeCar@54" speedFactor="1.00" vaporized=""/>
    <tripinfo id="59" depart="39.00" departLane="wc_0" departPos="5.10" departSpeed="2.60" departDelay="0.00" arrival="147.80" arrivalLane="ce_0" arrivalPos="192.80" arrivalSpeed="10.00" duration="108.80" routeLength="394.90" waitingTime="2.60" waitingCount="26" stopTime="0.00" timeLoss="69.29" rerouteNo="0" devices="tripinfo_59" vType="typeCar@59" speedFactor="1.00" vaporized=""/>
    <tripinfo id="58" depart="38.00" departLane="nc_0" departPos="5.10" departSpeed="8.00" departDelay="0.00" arrival="149.40" arrivalLane="cs_0" arrivalPos="192.80" arrivalSpeed="10.00" duration="111.40" routeLength="394.90" waitingTime="3.30" waitingCount="33" stopTime="0.00" timeLoss="71.89" rerouteNo="0" devices="tripinfo_58" vType="typeCar@58" speedFactor="1.00" vaporized=""/>
    <tripinfo id="60" depart="39.00" departLane="nc_0" departPos="5.10" departSpeed="4.60" departDelay="0.00" arrival="150.60" arrivalLane="cs_0" arrivalPos="192.80" arrivalSpeed="10.00" duration="111.60" routeLength="394.90" waitingTime="3.90" waitingCount="39" stopTime="0.00" timeLoss="72.05" rerouteNo="0" devices="tripinfo_60" vType="typeCar@60" speedFactor="1.00" vaporized=""/>
    <tripinfo id="61" depart="40.40" departLane="wc_0" departPos="5.10" departSpeed="6.80" departDelay="0.40" arrival="157.30" arrivalLane="ce_0" arrivalPos="192.80" arrivalSpeed="10.00" duration="116.90" routeLength="394.90" waitingTime="3.90" waitingCount="39" stopTime="0.00" timeLoss="77.44" rerouteNo="0" devices="tripinfo_61" vType="typeCar@61" speedFactor="1.00" vaporized=""/>
    <tripinfo id="62" depart="44.20" departLane="nc_0" departPos="5.10" departSpeed="4.20" departDelay="4.20" arrival="159.40" arrivalLane="cs_0" arrivalPos="192.80" arrivalSpeed="10.00" duration="115.20" routeLength="394.90" waitingTime="3.40" waitingCount="34" stopTime="0.00" timeLoss="75.69" rerouteNo="0" devices="tripinfo_62" vType="typeCar@62" speedFactor="1.00" vaporized=""/>
    <tripinfo id="64" depart="45.70" departLane="nc_0" departPos="5.10" departSpeed="6.30" departDelay="4.70" arrival="160.40" arrivalLane="cs_0" arrivalPos="192.80" arrivalSpeed="10.00" duration="114.70" routeLength="394.90" waitingTime="4.20" waitingCount="42" stopTime="0.00" timeLoss="75.25" rerouteNo="0" devices="tripinfo_64" vType="typeCar@64" speedFactor="1.00" vaporized=""/>
    <tripinfo id="63" depart="41.40" departLane="wc_0" departPos="5.10" departSpeed="8.20" departDelay="0.40" arrival="162.00" arrivalLane="ce_0" arrivalPos="192.80" arrivalSpeed="10.00" duration="120.60" routeLength="394.90" waitingTime="3.80" waitingCount="38" stopTime="0.00" timeLoss="81.12" rerouteNo="0" devices="tripinfo_63" vType="typeCar@63" speedFactor="1.00" vaporized=""/>
    <tripinfo id="65" depart="42.20" departLane="wc_0" departPos="5.10" departSpeed="6.60" departDelay="0.20" arrival="163.10" arrivalLane="ce_0" arrivalPos="192.80" arrivalSpeed="10.00" duration="120.90" routeLength="394.90" waitingTime="4.00" waitingCount="40" stopTime="0.00" timeLoss="81.42" rerouteNo="0" devices="tripinfo_65" vType="typeCar@65" speedFactor="1.00" vaporized=""/>
    <tripinfo id="66" depart="47.40" departLane="nc_0" departPos="5.10" departSpeed="0.20" departDelay="5.40" arrival="164.70" arrivalLane="cs_0" arrivalPos="192.80" arrivalSpeed="10.00" duration="117.30" routeLength="394.90" waitingTime="4.90" waitingCount="40" stopTime="0.00" timeLoss="77.75" rerouteNo="0" devices="tripinfo_66" vType="typeCar@66" speedFactor="1.00" vaporized=""/>
    <tripinfo id="68" depart="44.60" departLane="wc_0" departPos="5.10" departSpeed="0.20" departDelay="0.60" arrival="167.30" arrivalLane="ce_0" arrivalPos="192.80" arrivalSpeed="10.00" duration="122.70" routeLength="394.90" waitingTime="5.10" waitingCount="42" stopTime="0.00" timeLoss="83.18" rerouteNo="0" devices="tripinfo_68" vType="typeCar@68" speedFactor="1.00" vaporized=""/>
    <tripinfo id="67" depart="57.70" departLane="nc_0" departPos="5.10" departSpeed="0.32" departDelay="14.70" arrival="170.20" arrivalLane="cs_0" arrivalPos="192.80" arrivalSpeed="10.00" duration="112.50" routeLength="394.90" waitingTime="6.80" waitingCount="42" stopTime="0.00" timeLoss="72.95" rerouteNo="0" devices="tripinfo_67" vType="typeCar@67" speedFactor="1.00" vaporized=""/>
    <tripinfo id="69" depart="61.70" departLane="nc_0" departPos="5.10" departSpeed="6.00" departDelay="17.70" arrival="171.10" arrivalLane="cs_0" arrivalPos="192.80" arrivalSpeed="10.00" duration="109.40" routeLength="394.90" waitingTime="4.10" waitingCount="41" stopTime="0.00" timeLoss="69.87" rerouteNo="0" devices="tripinfo_69" vType="typeCar@69" speedFactor="1.00" vaporized=""/>
    <tripinfo id="70" depart="57.50" departLane="wc_0" departPos="5.10" departSpeed="3.31" departDelay="12.50" arrival="173.00" arrivalLane="ce_0" arrivalPos="192.80" arrivalSpeed="10.00" duration="115.50" routeLength="394.90" waitingTime="3.30" waitingCount="33" stopTime="0.00" timeLoss="76.01" rerouteNo="0" devices="tripinfo_70" vType="typeCar@70" speedFactor="1.00" vaporized=""/>
    <tripinfo id="73" depart="62.30" departLane="wc_0" departPos="5.10" departSpeed="4.91" departDelay="15.30" arrival="175.30" arrivalLane="ce_0" arrivalPos="192.80" arrivalSpeed="10.00" duration="113.00" routeLength="394.90" waitingTime="3.70" waitingCount="37" stopTime="0.00" timeLoss="73.51" rerouteNo="0" devices="tripinfo_73" vType="typeCar@73" speedFactor="1.00" vaporized=""/>
    <tripinfo id="77" depart="65.50" departLane="wc_0" departPos="5.10" departSpeed="0.11" departDelay="15.50" arrival="178.10" arrivalLane="ce_0" arrivalPos="192.80" arrivalSpeed="10.00" duration="112.60" routeLength="394.90" waitingTime="5.10" waitingCount="38" stopTime="0.00" timeLoss="73.07" rerouteNo="0" devices="tripinfo_77" vType="typeCar@77" speedFactor="1.00" vaporized=""/>
    <tripinfo id="71" depart="64.70" departLane="nc_0" departPos="5.10" departSpeed="3.00" departDelay="19.70" arrival="180.40" arrivalLane="cs_0" arrivalPos="192.80" arrivalSpeed="10.00" duration="115.70" routeLength="394.90" waitingTime="6.60" waitingCount="41" stopTime="0.00" timeLoss="76.17" rerouteNo="0" devices="tripinfo_71" vType="typeCar@71" speedFactor="1.00" vaporized=""/>
    <tripinfo id="72" depart="69.50" departLane="nc_0" departPos="5.10" departSpeed="1.40" departDelay="23.50" arrival="181.30" arrivalLane="cs_0" arrivalPos="192.80" arrivalSpeed="10.00" duration="111.80" routeLength="394.90" waitingTime="4.40" waitingCount="44" stopTime="0.00" timeLoss="72.24" rerouteNo="0" devices="tripinfo_72" vType="typeCar@72" speedFactor="1.00" vaporized=""/>
    <tripinfo id="74" depart="74.90" departLane="nc_0" departPos="5.10" departSpeed="4.90" departDelay="27.90" arrival="182.70" arrivalLane="cs_0" arrivalPos="192.80" arrivalSpeed="10.00" duration="107.80" routeLength="394.90" waitingTime="3.90" waitingCount="39" stopTime="0.00" timeLoss="68.27" rerouteNo="0" devices="tripinfo_74" vType="typeCar@74" speedFactor="1.00" vaporized=""/>
    <tripinfo id="80" depart="71.50" departLane="wc_0" departPos="5.10" departSpeed="5.72" departDelay="19.50" arrival="184.20" arrivalLane="ce_0" arrivalPos="192.80" arrivalSpeed="10.00" duration="112.70" routeLength="394.90" waitingTime="3.90" waitingCount="39" stopTime="0.00" timeLoss="73.27" rerouteNo="0" devices="tripinfo_80" vType="typeCar@80" speedFactor="1.00" vaporized=""/>
    <tripinfo id="82" depart="72.60" departLane="wc_0" departPos="5.10" departSpeed="7.42" departDelay="19.60" arrival="187.50" arrivalLane="ce_0" arrivalPos="192.80" arrivalSpeed="10.00" duration="114.90" routeLength="394.90" waitingTime="4.40" waitingCount="44" stopTime="0.00" timeLoss="75.45" rerouteNo="0" devices="tripinfo_82" vType="typeCar@82" speedFactor="1.00" vaporized=""/>
    <tripinfo id="75" depart="76.20" departLane="nc_0" departPos="5.10" departSpeed="6.40" departDelay="28.20" arrival="189.20" arrivalLane="cs_0" arrivalPos="192.80" arrivalSpeed="10.00" duration="113.00" routeLength="394.90" waitingTime="4.40" waitingCount="44" stopTime="0.00" timeLoss="73.46" rerouteNo="0" devices="tripinfo_75" vType="typeCar@75" speedFactor="1.00" vaporized=""/>
    <tripinfo id="76" depart="77.30" departLane="nc_0" departPos="5.10" departSpeed="3.30" departDelay="28.30" arrival="190.80" arrivalLane="cs_0" arrivalPos="192.80" arrivalSpeed="10.00" duration="113.50" routeLength="394.90" waitingTime="4.90" waitingCount="49" stopTime="0.00" timeLoss="73.98" rerouteNo="0" devices="tripinfo_76" vType="typeCar@76" speedFactor="1.00" vaporized=""/>
    <tripinfo id="84" depart="73.50" departLane="wc_0" departPos="5.10" departSpeed="7.72" departDelay="19.50" arrival="196.00" arrivalLane="ce_0" arrivalPos="192.80" arrivalSpeed="10.00" duration="122.50" routeLength="394.90" waitingTime="4.80" waitingCount="48" stopTime="0.00" timeLoss="83.02" rerouteNo="0" devices="tripinfo_84" vType="typeCar@84" speedFactor="1.00" vaporized=""/>
    <tripinfo id="87" depart="74.50" departLane="wc_0" departPos="5.10" departSpeed="2.72" departDelay="18.50" arrival="199.00" arrivalLane="ce_0" arrivalPos="192.80" arrivalSpeed="10.00" duration="124.50" routeLength="394.90" waitingTime="4.70" waitingCount="47" stopTime="0.00" timeLoss="84.99" rerouteNo="0" devices="tripinfo_87" vType="typeCar@87" speedFactor="1.00" vaporized=""/>
    <tripinfo id="78" depart="86.90" departLane="nc_0" departPos="5.10" departSpeed="1.59" departDelay="36.90" arrival="200.80" arrivalLane="cs_0" arrivalPos="192.80" arrivalSpeed="10.00" duration="113.90" routeLength="394.90" waitingTime="4.00" waitingCount="40" stopTime="0.00" timeLoss="74.35" rerouteNo="0" devices="tripinfo_78" vType="typeCar@78" speedFactor="1.00" vaporized=""/>
    <tripinfo id="79" depart="89.40" departLane="nc_0" departPos="5.10" departSpeed="5.89" departDelay="38.40" arrival="202.20" arrivalLane="cs_0" arrivalPos="192.80" arrivalSpeed="10.00" duration="112.80" routeLength="394.90" waitingTime="3.70" waitingCount="37" stopTime="0.00" timeLoss="73.31" rerouteNo="0" devices="tripinfo_79" vType="typeCar@79" speedFactor="1.00" vaporized=""/>
    <tripinfo id="81" depart="90.50" departLane="nc_0" departPos="5.10" departSpeed="5.19" departDelay="38.50" arrival="204.40" arrivalLane="cs_0" arrivalPos="192.80" arrivalSpeed="10.00" duration="113.90" routeLength="394.90" waitingTime="4.40" waitingCount="44" stopTime="0.00" timeLoss="74.44" rerouteNo="0" devices="tripinfo_81" vType="typeCar@81" speedFactor="1.00" vaporized=""/>
    <tripinfo id="90" depart="84.90" departLane="wc_0" departPos="5.10" departSpeed="3.15" departDelay="26.90" arrival="210.90" arrivalLane="ce_0" arrivalPos="192.80" arrivalSpeed="10.00" duration="126.00" routeLength="394.90" waitingTime="4.50" waitingCount="45" stopTime="0.00" timeLoss="86.53" rerouteNo="0" devices="tripinfo_90" vType="typeCar@90" speedFactor="1.00" vaporized=""/>
    <tripinfo id="95" depart="90.00" departLane="wc_0" departPos="5.10" departSpeed="4.85" departDelay="28.00" arrival="211.90" arrivalLane="ce_0" arrivalPos="192.80" arrivalSpeed="10.00" duration="121.90" routeLength="394.90" waitingTime="4.50" waitingCount="45" stopTime="0.00" timeLoss="82.36" rerouteNo="0" devices="tripinfo_95" vType="typeCar@95" speedFactor="1.00" vaporized=""/>
    <tripinfo id="83" depart="96.30" departLane="nc_0" departPos="5.10" departSpeed="0.19" departDelay="43.30" arrival="214.40" arrivalLane="cs_0" arrivalPos="192.80" arrivalSpeed="10.00" duration="118.10" routeLength="394.90" waitingTime="4.80" waitingCount="39" stopTime="0.00" timeLoss="78.58" rerouteNo="0" devices="tripinfo_83" vType="typeCar@83" speedFactor="1.00" vaporized=""/>
    <tripinfo id="97" depart="96.00" departLane="wc_0" departPos="5.10" departSpeed="1.25" departDelay="33.00" arrival="216.40" arrivalLane="ce_0" arrivalPos="192.80" arrivalSpeed="10.00" duration="120.40" routeLength="394.90" waitingTime="4.50" waitingCount="39" stopTime="0.00" timeLoss="80.89" rerouteNo="0" devices="tripinfo_97" vType="typeCar@97" speedFactor="1.00" vaporized=""/>
    <tripinfo id="100" depart="103.00" departLane="wc_0" departPos="5.10" departSpeed="2.53" departDelay="38.00" arrival="218.00" arrivalLane="ce_0" arrivalPos="192.80" arrivalSpeed="10.00" duration="115.00" routeLength="394.90" waitingTime="4.00" waitingCount="40" stopTime="0.00" timeLoss="75.46" rerouteNo="0" devices="tripinfo_100" vType="typeCar@100" speedFactor="1.00" vaporized=""/>
    <tripinfo id="85" depart="102.70" departLane="nc_0" departPos="5.10" departSpeed="5.16" departDelay="48.70" arrival="226.10" arrivalLane="cs_0" arrivalPos="192.80" arrivalSpeed="10.00" duration="123.40" routeLength="394.90" waitingTime="8.90" waitingCount="36" stopTime="0.00" timeLoss="83.86" rerouteNo="0" devices="tripinfo_85" vType="typeCar@85" speedFactor="1.00" vaporized=""/>
    <tripinfo id="86" depart="104.00" departLane="nc_0" departPos="5.10" departSpeed="3.46" departDelay="49.00" arrival="226.90" arrivalLane="cs_0" arrivalPos="192.80" arrivalSpeed="10.00" duration="122.90" routeLength="394.90" waitingTime="3.80" waitingCount="38" stopTime="0.00" timeLoss="83.38" rerouteNo="0" devices="tripinfo_86" vType="typeCar@86" speedFactor="1.00" vaporized=""/>
    <tripinfo id="103" depart="105.40" departLane="wc_0" departPos="5.10" departSpeed="5.73" departDelay="38.40" arrival="228.40" arrivalLane="ce_0" arrivalPos="192.80" arrivalSpeed="10.00" duration="123.00" routeLength="394.90" waitingTime="4.20" waitingCount="42" stopTime="0.00" timeLoss="83.53" rerouteNo="0" devices="tripinfo_103" vType="typeCar@103" speedFactor="1.00" vaporized=""/>
    <tripinfo id="105" depart="106.50" departLane="wc_0" departPos="5.10" departSpeed="5.03" departDelay="38.50" arrival="229.50" arrivalLane="ce_0" arrivalPos="192.80" arrivalSpeed="10.00" duration="123.00" routeLength="394.90" waitingTime="4.60" waitingCount="46" stopTime="0.00" timeLoss="83.52" rerouteNo="0" devices="tripinfo_105" vType="typeCar@105" speedFactor="1.00" vaporized=""/>
    <tripinfo id="88" depart="109.90" departLane="nc_0" departPos="5.10" departSpeed="4.32" departDelay="53.90" arrival="231.60" arrivalLane="cs_0" arrivalPos="192.80" arrivalSpeed="10.00" duration="121.70" routeLength="394.90" waitingTime="3.80" waitingCount="38" stopTime="0.00" timeLoss="82.16" rerouteNo="0" devices="tripinfo_88" vType="typeCar@88" speedFactor="1.00" vaporized=""/>
    <tripinfo id="89" depart="111.40" departLane="nc_0" departPos="5.10" departSpeed="6.42" departDelay="54.40" arrival="232.70" arrivalLane="cs_0" arrivalPos="192.80" arrivalSpeed="10.00" duration="121.30" routeLength="394.90" waitingTime="4.10" waitingCount="41" stopTime="0.00" timeLoss="81.85" rerouteNo="0" devices="tripinfo_89" vType="typeCar@89" speedFactor="1.00" vaporized=""/>
    <tripinfo id="108" depart="112.70" departLane="wc_0" departPos="5.10" departSpeed="2.83" departDelay="42.70" arrival="234.20" arrivalLane="ce_0" arrivalPos="192.80" arrivalSpeed="10.00" duration="121.50" routeLength="394.90" waitingTime="4.30" waitingCount="43" stopTime="0.00" timeLoss="82.03" rerouteNo="0" devices="tripinfo_108" vType="typeCar@108" speedFactor="1.00" vaporized=""/>
    <tripinfo id="91" depart="112.80" departLane="nc_0" departPos="5.10" departSpeed="1.02" departDelay="54.80" arrival="237.00" arrivalLane="cs_0" arrivalPos="192.80" arrivalSpeed="10.00" duration="124.20" routeLength="394.90" waitingTime="5.30" waitingCount="48" stopTime="0.00" timeLoss="84.63" rerouteNo="0" devices="tripinfo_91" vType="typeCar@91" speedFactor="1.00" vaporized=""/>
    <tripinfo id="92" depart="121.20" departLane="nc_0" departPos="5.10" departSpeed="3.44" departDelay="62.20" arrival="238.00" arrivalLane="cs_0" arrivalPos="192.80" arrivalSpeed="10.00" duration="116.80" routeLength="394.90" waitingTime="4.00" waitingCount="40" stopTime="0.00" timeLoss="77.29" rerouteNo="0" devices="tripinfo_92" vType="typeCar@92" speedFactor="1.00" vaporized=""/>
    <tripinfo id="110" depart="115.00" departLane="wc_0" departPos="5.10" departSpeed="5.73" departDelay="44.00" arrival="239.60" arrivalLane="ce_0" arrivalPos="192.80" arrivalSpeed="10.00" duration="124.60" routeLength="394.90" waitingTime="4.90" waitingCount="49" stopTime="0.00" timeLoss="85.13" rerouteNo="0" devices="tripinfo_110" vType="typeCar@110" speedFactor="1.00" vaporized=""/>
    <tripinfo id="93" depart="128.50" departLane="nc_0" departPos="5.10" departSpeed="2.14" departDelay="68.50" arrival="242.20" arrivalLane="cs_0" arrivalPos="192.80" arrivalSpeed="10.00" duration="113.70" routeLength="394.90" waitingTime="3.90" waitingCount="38" stopTime="0.00" timeLoss="74.22" rerouteNo="0" devices="tripinfo_93" vType="typeCar@93" speedFactor="1.00" vaporized=""/>
    <tripinfo id="94" depart="132.20" departLane="nc_0" departPos="5.10" departSpeed="5.51" departDelay="71.20" arrival="243.30" arrivalLane="cs_0" arrivalPos="192.80" arrivalSpeed="10.00" duration="111.10" routeLength="394.90" waitingTime="3.90" waitingCount="39" stopTime="0.00" timeLoss="71.53" rerouteNo="0" devices="tripinfo_94" vType="typeCar@94" speedFactor="1.00" vaporized=""/>
    <tripinfo id="96" depart="135.90" departLane="nc_0" departPos="5.10" departSpeed="3.81" departDelay="73.90" arrival="244.80" arrivalLane="cs_0" arrivalPos="192.80" arrivalSpeed="10.00" duration="108.90" routeLength="394.90" waitingTime="3.70" waitingCount="37" stopTime="0.00" timeLoss="69.40" rerouteNo="0" devices="tripinfo_96" vType="typeCar@96" speedFactor="1.00" vaporized=""/>
    <tripinfo id="98" depart="140.30" departLane="nc_0" departPos="5.10" departSpeed="0.21" departDelay="77.30" arrival="245.80" arrivalLane="cs_0" arrivalPos="192.80" arrivalSpeed="10.00" duration="105.50" routeLength="394.90" waitingTime="4.90" waitingCount="36" stopTime="0.00" timeLoss="66.02" rerouteNo="0" devices="tripinfo_98" vType="typeCar@98" speedFactor="1.00" vaporized=""/>
    <tripinfo id="99" depart="146.40" departLane="nc_0" departPos="5.10" departSpeed="5.20" departDelay="82.40" arrival="246.90" arrivalLane="cs_0" arrivalPos="192.80" arrivalSpeed="10.00" duration="100.50" routeLength="394.90" waitingTime="2.90" waitingCount="29" stopTime="0.00" timeLoss="60.97" rerouteNo="0" devices="tripinfo_99" vType="typeCar@99" speedFactor="1.00" vaporized=""/>
    <tripinfo id="112" depart="116.10" departLane="wc_0" departPos="5.10" departSpeed="7.43" departDelay="44.10" arrival="249.50" arrivalLane="ce_0" arrivalPos="192.80" arrivalSpeed="10.00" duration="133.40" routeLength="394.90" waitingTime="11.30" waitingCount="53" stopTime="0.00" timeLoss="93.96" rerouteNo="0" devices="tripinfo_112" vType="typeCar@112" speedFactor="1.00" vaporized=""/>
    <tripinfo id="114" depart="117.30" departLane="wc_0" departPos="5.10" departSpeed="1.43" departDelay="44.30" arrival="250.40" arrivalLane="ce_0" arrivalPos="192.80" arrivalSpeed="10.00" duration="133.10" routeLength="394.90" waitingTime="6.20" waitingCount="58" stopTime="0.00" timeLoss="93.63" rerouteNo="0" devices="tripinfo_114" vType="typeCar@114" speedFactor="1.00" vaporized=""/>
    <tripinfo id="101" depart="147.70" departLane="nc_0" departPos="5.10" departSpeed="6.70" departDelay="82.70" arrival="251.80" arrivalLane="cs_0" arrivalPos="192.80" arrivalSpeed="10.00" duration="104.10" routeLength="394.90" waitingTime="3.20" waitingCount="32" stopTime="0.00" timeLoss="64.65" rerouteNo="0" devices="tripinfo_101" vType="typeCar@101" speedFactor="1.00" vaporized=""/>
    <tripinfo id="102" depart="148.70" departLane="nc_0" departPos="5.10" departSpeed="8.10" departDelay="82.70" arrival="253.00" arrivalLane="cs_0" arrivalPos="192.80" arrivalSpeed="10.00" duration="104.30" routeLength="394.90" waitingTime="3.90" waitingCount="39" stopTime="0.00" timeLoss="64.84" rerouteNo="0" devices="tripinfo_102" vType="typeCar@102" speedFactor="1.00" vaporized=""/>
    <tripinfo id="104" depart="149.70" departLane="nc_0" departPos="5.10" departSpeed="3.10" departDelay="82.70" arrival="255.40" arrivalLane="cs_0" arrivalPos="192.80" arrivalSpeed="10.00" duration="105.70" routeLength="394.90" waitingTime="4.00" waitingCount="40" stopTime="0.00" timeLoss="66.23" rerouteNo="0" devices="tripinfo_104" vType="typeCar@104" speedFactor="1.00" vaporized=""/>
    <tripinfo id="106" depart="158.80" departLane="nc_0" departPos="5.10" departSpeed="2.29" departDelay="90.80" arrival="257.20" arrivalLane="cs_0" arrivalPos="192.80" arrivalSpeed="10.00" duration="98.40" routeLength="394.90" waitingTime="2.60" waitingCount="26" stopTime="0.00" timeLoss="58.84" rerouteNo="0" devices="tripinfo_106" vType="typeCar@106" speedFactor="1.00" vaporized=""/>
    <tripinfo id="107" depart="163.20" departLane="nc_0" departPos="5.10" departSpeed="0.29" departDelay="94.20" arrival="258.50" arrivalLane="cs_0" arrivalPos="192.80" arrivalSpeed="10.00" duration="95.30" routeLength="394.90" waitingTime="3.30" waitingCount="29" stopTime="0.00" timeLoss="55.80" rerouteNo="0" devices="tripinfo_107" vType="typeCar@107" speedFactor="1.00" vaporized=""/>
    <tripinfo id="109" depart="168.10" departLane="nc_0" departPos="5.10" departSpeed="5.20" departDelay="98.10" arrival="260.10" arrivalLane="cs_0" arrivalPos="192.80" arrivalSpeed="10.00" duration="92.00" routeLength="394.90" waitingTime="2.80" waitingCount="28" stopTime="0.00" timeLoss="52.54" rerouteNo="0" devices="tripinfo_109" vType="typeCar@109" speedFactor="1.00" vaporized=""/>
    <tripinfo id="111" depart="169.30" departLane="nc_0" departPos="5.10" departSpeed="6.40" departDelay="98.30" arrival="261.10" arrivalLane="cs_0" arrivalPos="192.80" arrivalSpeed="10.00" duration="91.80" routeLength="394.90" waitingTime="3.00" waitingCount="30" stopTime="0.00" timeLoss="52.24" rerouteNo="0" devices="tripinfo_111" vType="typeCar@111" speedFactor="1.00" vaporized=""/>
    <tripinfo id="113" depart="171.50" departLane="nc_0" departPos="5.10" departSpeed="0.20" departDelay="99.50" arrival="262.10" arrivalLane="cs_0" arrivalPos="192.80" arrivalSpeed="10.00" duration="90.60" routeLength="394.90" waitingTime="3.90" waitingCount="30" stopTime="0.00" timeLoss="51.04" rerouteNo="0" devices="tripinfo_113" vType="typeCar@113" speedFactor="1.00" vaporized=""/>
    <tripinfo id="115" depart="180.30" departLane="nc_0" departPos="5.10" departSpeed="4.36" departDelay="107.30" arrival="263.10" arrivalLane="cs_0" arrivalPos="192.80" arrivalSpeed="10.00" duration="82.80" routeLength="394.90" waitingTime="2.20" waitingCount="22" stopTime="0.00" timeLoss="43.33" rerouteNo="0" devices="tripinfo_115" vType="typeCar@115" speedFactor="1.00" vaporized=""/>
    <tripinfo id="117" depart="185.80" departLane="nc_0" departPos="5.10" departSpeed="3.26" departDelay="111.80" arrival="264.50" arrivalLane="cs_0" arrivalPos="192.80" arrivalSpeed="10.00" duration="78.70" routeLength="394.90" waitingTime="2.30" waitingCount="23" stopTime="0.00" timeLoss="39.22" rerouteNo="0" devices="tripinfo_117" vType="typeCar@117" speedFactor="1.00" vaporized=""/>
    <tripinfo id="118" depart="191.20" departLane="nc_0" departPos="5.10" departSpeed="4.26" departDelay="116.20" arrival="265.60" arrivalLane="cs_0" arrivalPos="192.80" arrivalSpeed="10.00" duration="74.40" routeLength="394.90" waitingTime="2.00" waitingCount="20" stopTime="0.00" timeLoss="34.84" rerouteNo="0" devices="tripinfo_118" vType="typeCar@118" speedFactor="1.00" vaporized=""/>
    <tripinfo id="120" depart="197.40" departLane="nc_0" departPos="5.10" departSpeed="3.66" departDelay="121.40" arrival="267.40" arrivalLane="cs_0" arrivalPos="192.80" arrivalSpeed="10.00" duration="70.00" routeLength="394.90" waitingTime="1.70" waitingCount="17" stopTime="0.00" timeLoss="30.47" rerouteNo="0" devices="tripinfo_120" vType="typeCar@120" speedFactor="1.00" vaporized=""/>
    <tripinfo id="122" depart="201.80" departLane="nc_0" departPos="5.10" departSpeed="3.26" departDelay="124.80" arrival="269.40" arrivalLane="cs_0" arrivalPos="192.80" arrivalSpeed="10.00" duration="67.60" routeLength="394.90" waitingTime="1.60" waitingCount="16" stopTime="0.00" timeLoss="28.15" rerouteNo="0" devices="tripinfo_122" vType="typeCar@122" speedFactor="1.00" vaporized=""/>
    <tripinfo id="124" depart="208.80" departLane="nc_0" departPos="5.10" departSpeed="1.75" departDelay="130.80" arrival="270.40" arrivalLane="cs_0" arrivalPos="192.80" arrivalSpeed="10.00" duration="61.60" routeLength="394.90" waitingTime="0.90" waitingCount="9" stopTime="0.00" timeLoss="22.04" rerouteNo="0" devices="tripinfo_124" vType="typeCar@124" speedFactor="1.00" vaporized=""/>
    <tripinfo id="126" depart="213.10" departLane="nc_0" departPos="5.10" departSpeed="1.85" departDelay="134.10" arrival="271.40" arrivalLane="cs_0" arrivalPos="192.80" arrivalSpeed="10.00" duration="58.30" routeLength="394.90" waitingTime="1.20" waitingCount="10" stopTime="0.00" timeLoss="18.82" rerouteNo="0" devices="tripinfo_126" vType="typeCar@126" speedFactor="1.00" vaporized=""/>
    <tripinfo id="128" depart="219.30" departLane="nc_0" departPos="5.10" departSpeed="4.61" departDelay="139.30" arrival="272.50" arrivalLane="cs_0" arrivalPos="192.80" arrivalSpeed="10.00" duration="53.20" routeLength="394.90" waitingTime="0.60" waitingCount="6" stopTime="0.00" timeLoss="13.66" rerouteNo="0" devices="tripinfo_128" vType="typeCar@128" speedFactor="1.00" vaporized=""/>
    <tripinfo id="130" depart="220.70" departLane="nc_0" departPos="5.10" departSpeed="6.41" departDelay="139.70" arrival="273.50" arrivalLane="cs_0" arrivalPos="192.80" arrivalSpeed="10.00" duration="52.80" routeLength="394.90" waitingTime="0.60" waitingCount="6" stopTime="0.00" timeLoss="13.29" rerouteNo="0" devices="tripinfo_130" vType="typeCar@130" speedFactor="1.00" vaporized=""/>
    <tripinfo id="131" depart="221.70" departLane="nc_0" departPos="5.10" departSpeed="7.01" departDelay="139.70" arrival="274.50" arrivalLane="cs_0" arrivalPos="192.80" arrivalSpeed="10.00" duration="52.80" routeLength="394.90" waitingTime="0.70" waitingCount="7" stopTime="0.00" timeLoss="13.33" rerouteNo="0" devices="tripinfo_131" vType="typeCar@131" speedFactor="1.00" vaporized=""/>
    <tripinfo id="116" depart="129.60" departLane="wc_0" departPos="5.10" departSpeed="2.76" departDelay="55.60" arrival="276.50" arrivalLane="ce_0" arrivalPos="192.80" arrivalSpeed="10.00" duration="146.90" routeLength="394.90" waitingTime="4.60" waitingCount="46" stopTime="0.00" timeLoss="107.35" rerouteNo="0" devices="tripinfo_116" vType="typeCar@116" speedFactor="1.00" vaporized=""/>
    <tripinfo id="119" depart="132.00" departLane="wc_0" departPos="5.10" departSpeed="1.16" departDelay="56.00" arrival="277.30" arrivalLane="ce_0" arrivalPos="192.80" arrivalSpeed="10.00" duration="145.30" routeLength="394.90" waitingTime="6.80" waitingCount="62" stopTime="0.00" timeLoss="105.83" rerouteNo="0" devices="tripinfo_119" vType="typeCar@119" speedFactor="1.00" vaporized=""/>
    <tripinfo id="133" depart="223.10" departLane="nc_0" departPos="5.10" departSpeed="0.01" departDelay="140.10" arrival="278.90" arrivalLane="cs_0" arrivalPos="192.80" arrivalSpeed="10.00" duration="55.80" routeLength="394.90" waitingTime="1.90" waitingCount="7" stopTime="0.00" timeLoss="16.25" rerouteNo="0" devices="tripinfo_133" vType="typeCar@133" speedFactor="1.00" vaporized=""/>
    <tripinfo id="135" depart="231.00" departLane="nc_0" departPos="5.10" departSpeed="4.94" departDelay="147.00" arrival="279.90" arrivalLane="cs_0" arrivalPos="192.80" arrivalSpeed="10.00" duration="48.90" routeLength="394.90" waitingTime="0.00" waitingCount="0" stopTime="0.00" timeLoss="9.40" rerouteNo="0" devices="tripinfo_135" vType="typeCar@135" speedFactor="1.00" vaporized=""/>
    <tripinfo id="121" depart="140.40" departLane="wc_0" departPos="5.10" departSpeed="4.38" departDelay="63.40" arrival="281.40" arrivalLane="ce_0" arrivalPos="192.80" arrivalSpeed="10.00" duration="141.00" routeLength="394.90" waitingTime="5.90" waitingCount="59" stopTime="0.00" timeLoss="101.52" rerouteNo="0" devices="tripinfo_121" vType="typeCar@121" speedFactor="1.00" vaporized=""/>
    <tripinfo id="123" depart="144.30" departLane="wc_0" departPos="5.10" departSpeed="1.68" departDelay="66.30" arrival="282.50" arrivalLane="ce_0" arrivalPos="192.80" arrivalSpeed="10.00" duration="138.20" routeLength="394.90" waitingTime="6.50" waitingCount="65" stopTime="0.00" timeLoss="98.63" rerouteNo="0" devices="tripinfo_123" vType="typeCar@123" speedFactor="1.00" vaporized=""/>
    <tripinfo id="136" depart="232.30" departLane="nc_0" departPos="5.10" departSpeed="6.44" departDelay="147.30" arrival="284.00" arrivalLane="cs_0" arrivalPos="192.80" arrivalSpeed="10.00" duration="51.70" routeLength="394.90" waitingTime="0.00" waitingCount="0" stopTime="0.00" timeLoss="12.15" rerouteNo="0" devices="tripinfo_136" vType="typeCar@136" speedFactor="1.00" vaporized=""/>
    <tripinfo id="138" depart="233.30" departLane="nc_0" departPos="5.10" departSpeed="7.84" departDelay="147.30" arrival="285.00" arrivalLane="cs_0" arrivalPos="192.80" arrivalSpeed="10.00" duration="51.70" routeLength="394.90" waitingTime="0.00" waitingCount="0" stopTime="0.00" timeLoss="12.16" rerouteNo="0" devices="tripinfo_138" vType="typeCar@138" speedFactor="1.00" vaporized=""/>
    <tripinfo id="125" depart="149.20" departLane="wc_0" departPos="5.10" departSpeed="5.18" departDelay="70.20" arrival="286.50" arrivalLane="ce_0" arrivalPos="192.80" arrivalSpeed="10.00" duration="137.30" routeLength="394.90" waitingTime="6.70" waitingCount="67" stopTime="0.00" timeLoss="97.83" rerouteNo="0" devices="tripinfo_125" vType="typeCar@125" speedFactor="1.00" vaporized=""/>
    <tripinfo id="127" depart="150.50" departLane="wc_0" departPos="5.10" departSpeed="6.68" departDelay="70.50" arrival="287.70" arrivalLane="ce_0" arrivalPos="192.80" arrivalSpeed="10.00" duration="137.20" routeLength="394.90" waitingTime="6.90" waitingCount="69" stopTime="0.00" timeLoss="97.68" rerouteNo="0" devices="tripinfo_127" vType="typeCar@127" speedFactor="1.00" vaporized=""/>
    <tripinfo id="139" depart="234.20" departLane="nc_0" departPos="5.10" departSpeed="8.94" departDelay="147.20" arrival="289.20" arrivalLane="cs_0" arrivalPos="192.80" arrivalSpeed="10.00" duration="55.00" routeLength="394.90" waitingTime="0.00" waitingCount="0" stopTime="0.00" timeLoss="15.52" rerouteNo="0" devices="tripinfo_139" vType="typeCar@139" speedFactor="1.00" vaporized=""/>
    <tripinfo id="141" depart="235.00" departLane="nc_0" departPos="5.10" departSpeed="9.74" departDelay="147.00" arrival="290.20" arrivalLane="cs_0" arrivalPos="192.80" arrivalSpeed="10.00" duration="55.20" routeLength="394.90" waitingTime="0.00" waitingCount="0" stopTime="0.00" timeLoss="15.79" rerouteNo="0" devices="tripinfo_141" vType="typeCar@141" speedFactor="1.00" vaporized=""/>
    <tripinfo id="129" depart="151.50" departLane="wc_0" departPos="5.10" departSpeed="6.48" departDelay="70.50" arrival="291.80" arrivalLane="ce_0" arrivalPos="192.80" arrivalSpeed="10.00" duration="140.30" routeLength="394.90" waitingTime="6.90" waitingCount="69" stopTime="0.00" timeLoss="100.82" rerouteNo="0" devices="tripinfo_129" vType="typeCar@129" speedFactor="1.00" vaporized=""/>
    <tripinfo id="132" depart="153.90" departLane="wc_0" departPos="5.10" departSpeed="0.08" departDelay="70.90" arrival="292.80" arrivalLane="ce_0" arrivalPos="192.80" arrivalSpeed="10.00" duration="138.90" routeLength="394.90" waitingTime="7.90" waitingCount="67" stopTime="0.00" timeLoss="99.40" rerouteNo="0" devices="tripinfo_132" vType="typeCar@132" speedFactor="1.00" vaporized=""/>
    <tripinfo id="143" depart="235.70" departLane="nc_0" departPos="5.10" departSpeed="9.44" departDelay="146.70" arrival="294.40" arrivalLane="cs_0" arrivalPos="192.80" arrivalSpeed="10.00" duration="58.70" routeLength="394.90" waitingTime="0.00" waitingCount="0" stopTime="0.00" timeLoss="19.17" rerouteNo="0" devices="tripinfo_143" vType="typeCar@143" speedFactor="1.00" vaporized=""/>
    <tripinfo id="144" depart="236.50" departLane="nc_0" departPos="5.10" departSpeed="8.64" departDelay="146.50" arrival="295.50" arrivalLane="cs_0" arrivalPos="192.80" arrivalSpeed="10.00" duration="59.00" routeLength="394.90" waitingTime="0.00" waitingCount="0" stopTime="0.00" timeLoss="19.50" rerouteNo="0" devices="tripinfo_144" vType="typeCar@144" speedFactor="1.00" vaporized=""/>
    <tripinfo id="134" depart="164.70" departLane="wc_0" departPos="5.10" departSpeed="0.11" departDelay="80.70" arrival="297.00" arrivalLane="ce_0" arrivalPos="192.80" arrivalSpeed="10.00" duration="132.30" routeLength="394.90" waitingTime="7.00" waitingCount="63" stopTime="0.00" timeLoss="92.80" rerouteNo="0" devices="tripinfo_134" vType="typeCar@134" speedFactor="1.00" vaporized=""/>
    <tripinfo id="137" depart="168.00" departLane="wc_0" departPos="5.10" departSpeed="5.86" departDelay="82.00" arrival="298.00" arrivalLane="ce_0" arrivalPos="192.80" arrivalSpeed="10.00" duration="130.00" routeLength="394.90" waitingTime="6.40" waitingCount="64" stopTime="0.00" timeLoss="90.51" rerouteNo="0" devices="tripinfo_137" vType="typeCar@137" speedFactor="1.00" vaporized=""/>
    <tripinfo id="145" depart="237.30" departLane="nc_0" departPos="5.10" departSpeed="8.64" departDelay="146.30" arrival="299.50" arrivalLane="cs_0" arrivalPos="192.80" arrivalSpeed="10.00" duration="62.20" routeLength="394.90" waitingTime="0.10" waitingCount="1" stopTime="0.00" timeLoss="22.78" rerouteNo="0" devices="tripinfo_145" vType="typeCar@145" speedFactor="1.00" vaporized=""/>
    <tripinfo id="147" depart="238.10" departLane="nc_0" departPos="5.10" departSpeed="8.64" departDelay="146.10" arrival="300.60" arrivalLane="cs_0" arrivalPos="192.80" arrivalSpeed="10.00" duration="62.50" routeLength="394.90" waitingTime="0.60" waitingCount="6" stopTime="0.00" timeLoss="23.06" rerouteNo="0" devices="tripinfo_147" vType="typeCar@147" speedFactor="1.00" vaporized=""/>
    <tripinfo id="140" depart="169.10" departLane="wc_0" departPos="5.10" departSpeed="5.16" departDelay="81.10" arrival="302.20" arrivalLane="ce_0" arrivalPos="192.80" arrivalSpeed="10.00" duration="133.10" routeLength="394.90" waitingTime="7.20" waitingCount="72" stopTime="0.00" timeLoss="93.57" rerouteNo="0" devices="tripinfo_140" vType="typeCar@140" speedFactor="1.00" vaporized=""/>
    <tripinfo id="142" depart="175.40" departLane="wc_0" departPos="5.10" departSpeed="2.46" departDelay="86.40" arrival="303.20" arrivalLane="ce_0" arrivalPos="192.80" arrivalSpeed="10.00" duration="127.80" routeLength="394.90" waitingTime="6.60" waitingCount="66" stopTime="0.00" timeLoss="88.27" rerouteNo="0" devices="tripinfo_142" vType="typeCar@142" speedFactor="1.00" vaporized=""/>
    <tripinfo id="148" depart="238.90" departLane="nc_0" departPos="5.10" departSpeed="5.44" departDelay="145.90" arrival="304.70" arrivalLane="cs_0" arrivalPos="192.80" arrivalSpeed="10.00" duration="65.80" routeLength="394.90" waitingTime="0.90" waitingCount="9" stopTime="0.00" timeLoss="26.31" rerouteNo="0" devices="tripinfo_148" vType="typeCar@148" speedFactor="1.00" vaporized=""/>
    <tripinfo id="150" depart="243.10" departLane="nc_0" departPos="5.10" departSpeed="3.64" departDelay="149.10" arrival="305.80" arrivalLane="cs_0" arrivalPos="192.80" arrivalSpeed="10.00" duration="62.70" routeLength="394.90" waitingTime="0.60" waitingCount="6" stopTime="0.00" timeLoss="23.18" rerouteNo="0" devices="tripinfo_150" vType="typeCar@150" speedFactor="1.00" vaporized=""/>
    <tripinfo id="146" depart="183.50" departLane="wc_0" departPos="5.10" departSpeed="2.76" departDelay="91.50" arrival="307.30" arrivalLane="ce_0" arrivalPos="192.80" arrivalSpeed="10.00" duration="123.80" routeLength="394.90" waitingTime="6.00" waitingCount="60" stopTime="0.00" timeLoss="84.32" rerouteNo="0" devices="tripinfo_146" vType="typeCar@146" speedFactor="1.00" vaporized=""/>
    <tripinfo id="149" depart="185.80" departLane="wc_0" departPos="5.10" departSpeed="4.06" departDelay="91.80" arrival="308.50" arrivalLane="ce_0" arrivalPos="192.80" arrivalSpeed="10.00" duration="122.70" routeLength="394.90" waitingTime="6.20" waitingCount="62" stopTime="0.00" timeLoss="83.19" rerouteNo="0" devices="tripinfo_149" vType="typeCar@149" speedFactor="1.00" vaporized=""/>
    <tripinfo id="152" depart="244.90" departLane="nc_0" departPos="5.10" departSpeed="5.84" departDelay="149.90" arrival="310.00" arrivalLane="cs_0" arrivalPos="192.80" arrivalSpeed="10.00" duration="65.10" routeLength="394.90" waitingTime="0.70" waitingCount="7" stopTime="0.00" timeLoss="25.63" rerouteNo="0" devices="tripinfo_152" vType="typeCar@152" speedFactor="1.00" vaporized=""/>
    <tripinfo id="154" depart="246.00" departLane="nc_0" departPos="5.10" departSpeed="7.54" departDelay="150.00" arrival="311.10" arrivalLane="cs_0" arrivalPos="192.80" arrivalSpeed="10.00" duration="65.10" routeLength="394.90" waitingTime="1.10" waitingCount="11" stopTime="0.00" timeLoss="25.68" rerouteNo="0" devices="tripinfo_154" vType="typeCar@154" speedFactor="1.00" vaporized=""/>
    <tripinfo id="151" depart="193.90" departLane="wc_0" departPos="5.10" departSpeed="2.76" departDelay="98.90" arrival="312.60" arrivalLane="ce_0" arrivalPos="192.80" arrivalSpeed="10.00" duration="118.70" routeLength="394.90" waitingTime="5.80" waitingCount="58" stopTime="0.00" timeLoss="79.24" rerouteNo="0" devices="tripinfo_151" vType="typeCar@151" speedFactor="1.00" vaporized=""/>
    <tripinfo id="153" depart="199.50" departLane="wc_0" departPos="5.10" departSpeed="1.96" departDelay="103.50" arrival="313.80" arrivalLane="ce_0" arrivalPos="192.80" arrivalSpeed="10.00" duration="114.30" routeLength="394.90" waitingTime="5.90" waitingCount="59" stopTime="0.00" timeLoss="74.80" rerouteNo="0" devices="tripinfo_153" vType="typeCar@153" speedFactor="1.00" vaporized=""/>
    <tripinfo id="156" depart="246.90" departLane="nc_0" departPos="5.10" departSpeed="8.64" departDelay="149.90" arrival="315.40" arrivalLane="cs_0" arrivalPos="192.80" arrivalSpeed="10.00" duration="68.50" routeLength="394.90" waitingTime="1.10" waitingCount="11" stopTime="0.00" timeLoss="29.00" rerouteNo="0" devices="tripinfo_156" vType="typeCar@156" speedFactor="1.00" vaporized=""/>
    <tripinfo id="158" depart="247.60" departLane="nc_0" departPos="5.10" departSpeed="9.14" departDelay="149.60" arrival="316.50" arrivalLane="cs_0" arrivalPos="192.80" arrivalSpeed="10.00" duration="68.90" routeLength="394.90" waitingTime="1.10" waitingCount="11" stopTime="0.00" timeLoss="29.40" rerouteNo="0" devices="tripinfo_158" vType="typeCar@158" speedFactor="1.00" vaporized=""/>
    <tripinfo id="155" depart="204.30" departLane="wc_0" departPos="5.10" departSpeed="5.16" departDelay="107.30" arrival="318.10" arrivalLane="ce_0" arrivalPos="192.80" arrivalSpeed="10.00" duration="113.80" routeLength="394.90" waitingTime="5.60" waitingCount="56" stopTime="0.00" timeLoss="74.34" rerouteNo="0" devices="tripinfo_155" vType="typeCar@155" speedFactor="1.00" vaporized=""/>
    <tripinfo id="157" depart="208.50" departLane="wc_0" departPos="5.10" departSpeed="0.16" departDelay="110.50" arrival="319.20" arrivalLane="ce_0" arrivalPos="192.80" arrivalSpeed="10.00" duration="110.70" routeLength="394.90" waitingTime="7.10" waitingCount="60" stopTime="0.00" timeLoss="71.15" rerouteNo="0" devices="tripinfo_157" vType="typeCar@157" speedFactor="1.00" vaporized=""/>
    <tripinfo id="159" depart="248.40" departLane="nc_0" departPos="5.10" departSpeed="9.14" departDelay="149.40" arrival="320.70" arrivalLane="cs_0" arrivalPos="192.80" arrivalSpeed="10.00" duration="72.30" routeLength="394.90" waitingTime="1.20" waitingCount="12" stopTime="0.00" timeLoss="32.82" rerouteNo="0" devices="tripinfo_159" vType="typeCar@159" speedFactor="1.00" vaporized=""/>
</tripinfos>
