<?xml version="1.0" encoding="UTF-8"?>

<!-- generated on 2022-11-30 12:32:19 by Eclipse SUMO sumo Version 1.14.1
<configuration xmlns:xsi="http://www.w3.org/2001/XMLSchema-instance" xsi:noNamespaceSchemaLocation="http://sumo.dlr.de/xsd/sumoConfiguration.xsd">

    <input>
        <net-file value="net.net.xml"/>
        <route-files value="routes.rou.xml"/>
    </input>

    <output>
        <tripinfo-output value="raw_data/(10,5,0)tripinfo.xml"/>
    </output>

    <time>
        <begin value="0"/>
        <step-length value="0.1"/>
    </time>

    <processing>
        <extrapolate-departpos value="true"/>
        <route-steps value="0"/>
        <ignore-route-errors value="true"/>
        <collision.action value="warn"/>
        <collision.stoptime value="1"/>
        <collision.mingap-factor value="0.1"/>
    </processing>

    <report>
        <verbose value="false"/>
        <log value="log.txt"/>
        <duration-log.statistics value="true"/>
        <no-step-log value="true"/>
    </report>

    <traci_server>
        <remote-port value="64229"/>
    </traci_server>

    <gui_only>
        <quit-on-end value="true"/>
        <start value="true"/>
    </gui_only>

</configuration>
-->

<tripinfos xmlns:xsi="http://www.w3.org/2001/XMLSchema-instance" xsi:noNamespaceSchemaLocation="http://sumo.dlr.de/xsd/tripinfo_file.xsd">
    <tripinfo id="0" depart="0.00" departLane="nc_0" departPos="5.10" departSpeed="10.00" departDelay="0.00" arrival="39.50" arrivalLane="cs_0" arrivalPos="192.80" arrivalSpeed="10.00" duration="39.50" routeLength="394.90" waitingTime="0.00" waitingCount="0" stopTime="0.00" timeLoss="0.00" rerouteNo="0" devices="tripinfo_0" vType="typeCar@0" speedFactor="1.00" vaporized=""/>
    <tripinfo id="2" depart="1.00" departLane="nc_0" departPos="5.10" departSpeed="10.00" departDelay="0.00" arrival="40.50" arrivalLane="cs_0" arrivalPos="192.80" arrivalSpeed="10.00" duration="39.50" routeLength="394.90" waitingTime="0.00" waitingCount="0" stopTime="0.00" timeLoss="0.00" rerouteNo="0" devices="tripinfo_2" vType="typeCar@2" speedFactor="1.00" vaporized=""/>
    <tripinfo id="3" depart="2.00" departLane="nc_0" departPos="5.10" departSpeed="10.00" departDelay="0.00" arrival="41.50" arrivalLane="cs_0" arrivalPos="192.80" arrivalSpeed="10.00" duration="39.50" routeLength="394.90" waitingTime="0.00" waitingCount="0" stopTime="0.00" timeLoss="0.00" rerouteNo="0" devices="tripinfo_3" vType="typeCar@3" speedFactor="1.00" vaporized=""/>
    <tripinfo id="4" depart="3.00" departLane="nc_0" departPos="5.10" departSpeed="10.00" departDelay="0.00" arrival="42.50" arrivalLane="cs_0" arrivalPos="192.80" arrivalSpeed="10.00" duration="39.50" routeLength="394.90" waitingTime="0.00" waitingCount="0" stopTime="0.00" timeLoss="0.00" rerouteNo="0" devices="tripinfo_4" vType="typeCar@4" speedFactor="1.00" vaporized=""/>
    <tripinfo id="6" depart="4.00" departLane="nc_0" departPos="5.10" departSpeed="10.00" departDelay="0.00" arrival="43.50" arrivalLane="cs_0" arrivalPos="192.80" arrivalSpeed="10.00" duration="39.50" routeLength="394.90" waitingTime="0.00" waitingCount="0" stopTime="0.00" timeLoss="0.00" rerouteNo="0" devices="tripinfo_6" vType="typeCar@6" speedFactor="1.00" vaporized=""/>
    <tripinfo id="8" depart="5.00" departLane="nc_0" departPos="5.10" departSpeed="10.00" departDelay="0.00" arrival="44.50" arrivalLane="cs_0" arrivalPos="192.80" arrivalSpeed="10.00" duration="39.50" routeLength="394.90" waitingTime="0.00" waitingCount="0" stopTime="0.00" timeLoss="0.00" rerouteNo="0" devices="tripinfo_8" vType="typeCar@8" speedFactor="1.00" vaporized=""/>
    <tripinfo id="10" depart="6.00" departLane="nc_0" departPos="5.10" departSpeed="10.00" departDelay="0.00" arrival="45.50" arrivalLane="cs_0" arrivalPos="192.80" arrivalSpeed="10.00" duration="39.50" routeLength="394.90" waitingTime="0.00" waitingCount="0" stopTime="0.00" timeLoss="0.00" rerouteNo="0" devices="tripinfo_10" vType="typeCar@10" speedFactor="1.00" vaporized=""/>
    <tripinfo id="11" depart="7.00" departLane="nc_0" departPos="5.10" departSpeed="10.00" departDelay="0.00" arrival="46.50" arrivalLane="cs_0" arrivalPos="192.80" arrivalSpeed="10.00" duration="39.50" routeLength="394.90" waitingTime="0.00" waitingCount="0" stopTime="0.00" timeLoss="0.00" rerouteNo="0" devices="tripinfo_11" vType="typeCar@11" speedFactor="1.00" vaporized=""/>
    <tripinfo id="13" depart="8.00" departLane="nc_0" departPos="5.10" departSpeed="10.00" departDelay="0.00" arrival="47.50" arrivalLane="cs_0" arrivalPos="192.80" arrivalSpeed="10.00" duration="39.50" routeLength="394.90" waitingTime="0.00" waitingCount="0" stopTime="0.00" timeLoss="0.00" rerouteNo="0" devices="tripinfo_13" vType="typeCar@13" speedFactor="1.00" vaporized=""/>
    <tripinfo id="14" depart="9.00" departLane="nc_0" departPos="5.10" departSpeed="10.00" departDelay="0.00" arrival="48.50" arrivalLane="cs_0" arrivalPos="192.80" arrivalSpeed="10.00" duration="39.50" routeLength="394.90" waitingTime="0.00" waitingCount="0" stopTime="0.00" timeLoss="0.00" rerouteNo="0" devices="tripinfo_14" vType="typeCar@14" speedFactor="1.00" vaporized=""/>
    <tripinfo id="15" depart="10.00" departLane="nc_0" departPos="5.10" departSpeed="10.00" departDelay="0.00" arrival="49.50" arrivalLane="cs_0" arrivalPos="192.80" arrivalSpeed="10.00" duration="39.50" routeLength="394.90" waitingTime="0.00" waitingCount="0" stopTime="0.00" timeLoss="0.00" rerouteNo="0" devices="tripinfo_15" vType="typeCar@15" speedFactor="1.00" vaporized=""/>
    <tripinfo id="17" depart="11.00" departLane="nc_0" departPos="5.10" departSpeed="10.00" departDelay="0.00" arrival="50.50" arrivalLane="cs_0" arrivalPos="192.80" arrivalSpeed="10.00" duration="39.50" routeLength="394.90" waitingTime="0.00" waitingCount="0" stopTime="0.00" timeLoss="0.00" rerouteNo="0" devices="tripinfo_17" vType="typeCar@17" speedFactor="1.00" vaporized=""/>
    <tripinfo id="18" depart="12.00" departLane="nc_0" departPos="5.10" departSpeed="10.00" departDelay="0.00" arrival="51.50" arrivalLane="cs_0" arrivalPos="192.80" arrivalSpeed="10.00" duration="39.50" routeLength="394.90" waitingTime="0.00" waitingCount="0" stopTime="0.00" timeLoss="0.00" rerouteNo="0" devices="tripinfo_18" vType="typeCar@18" speedFactor="1.00" vaporized=""/>
    <tripinfo id="20" depart="13.00" departLane="nc_0" departPos="5.10" departSpeed="10.00" departDelay="0.00" arrival="52.50" arrivalLane="cs_0" arrivalPos="192.80" arrivalSpeed="10.00" duration="39.50" routeLength="394.90" waitingTime="0.00" waitingCount="0" stopTime="0.00" timeLoss="0.01" rerouteNo="0" devices="tripinfo_20" vType="typeCar@20" speedFactor="1.00" vaporized=""/>
    <tripinfo id="21" depart="14.00" departLane="nc_0" departPos="5.10" departSpeed="10.00" departDelay="0.00" arrival="53.50" arrivalLane="cs_0" arrivalPos="192.80" arrivalSpeed="10.00" duration="39.50" routeLength="394.90" waitingTime="0.00" waitingCount="0" stopTime="0.00" timeLoss="0.01" rerouteNo="0" devices="tripinfo_21" vType="typeCar@21" speedFactor="1.00" vaporized=""/>
    <tripinfo id="22" depart="15.00" departLane="nc_0" departPos="5.10" departSpeed="10.00" departDelay="0.00" arrival="54.50" arrivalLane="cs_0" arrivalPos="192.80" arrivalSpeed="10.00" duration="39.50" routeLength="394.90" waitingTime="0.00" waitingCount="0" stopTime="0.00" timeLoss="0.01" rerouteNo="0" devices="tripinfo_22" vType="typeCar@22" speedFactor="1.00" vaporized=""/>
    <tripinfo id="23" depart="16.00" departLane="nc_0" departPos="5.10" departSpeed="10.00" departDelay="0.00" arrival="55.50" arrivalLane="cs_0" arrivalPos="192.80" arrivalSpeed="10.00" duration="39.50" routeLength="394.90" waitingTime="0.00" waitingCount="0" stopTime="0.00" timeLoss="0.01" rerouteNo="0" devices="tripinfo_23" vType="typeCar@23" speedFactor="1.00" vaporized=""/>
    <tripinfo id="25" depart="17.00" departLane="nc_0" departPos="5.10" departSpeed="10.00" departDelay="0.00" arrival="56.50" arrivalLane="cs_0" arrivalPos="192.80" arrivalSpeed="10.00" duration="39.50" routeLength="394.90" waitingTime="0.00" waitingCount="0" stopTime="0.00" timeLoss="0.01" rerouteNo="0" devices="tripinfo_25" vType="typeCar@25" speedFactor="1.00" vaporized=""/>
    <tripinfo id="26" depart="18.00" departLane="nc_0" departPos="5.10" departSpeed="10.00" departDelay="0.00" arrival="57.50" arrivalLane="cs_0" arrivalPos="192.80" arrivalSpeed="10.00" duration="39.50" routeLength="394.90" waitingTime="0.00" waitingCount="0" stopTime="0.00" timeLoss="0.01" rerouteNo="0" devices="tripinfo_26" vType="typeCar@26" speedFactor="1.00" vaporized=""/>
    <tripinfo id="27" depart="19.00" departLane="nc_0" departPos="5.10" departSpeed="10.00" departDelay="0.00" arrival="59.20" arrivalLane="cs_0" arrivalPos="192.80" arrivalSpeed="10.00" duration="40.20" routeLength="394.90" waitingTime="0.00" waitingCount="0" stopTime="0.00" timeLoss="0.67" rerouteNo="0" devices="tripinfo_27" vType="typeCar@27" speedFactor="1.00" vaporized=""/>
    <tripinfo id="28" depart="20.00" departLane="nc_0" departPos="5.10" departSpeed="10.00" departDelay="0.00" arrival="60.90" arrivalLane="cs_0" arrivalPos="192.80" arrivalSpeed="10.00" duration="40.90" routeLength="394.90" waitingTime="0.00" waitingCount="0" stopTime="0.00" timeLoss="1.36" rerouteNo="0" devices="tripinfo_28" vType="typeCar@28" speedFactor="1.00" vaporized=""/>
    <tripinfo id="30" depart="21.00" departLane="nc_0" departPos="5.10" departSpeed="10.00" departDelay="0.00" arrival="61.90" arrivalLane="cs_0" arrivalPos="192.80" arrivalSpeed="10.00" duration="40.90" routeLength="394.90" waitingTime="0.00" waitingCount="0" stopTime="0.00" timeLoss="1.37" rerouteNo="0" devices="tripinfo_30" vType="typeCar@30" speedFactor="1.00" vaporized=""/>
    <tripinfo id="32" depart="22.00" departLane="nc_0" departPos="5.10" departSpeed="10.00" departDelay="0.00" arrival="63.40" arrivalLane="cs_0" arrivalPos="192.80" arrivalSpeed="10.00" duration="41.40" routeLength="394.90" waitingTime="0.00" waitingCount="0" stopTime="0.00" timeLoss="1.92" rerouteNo="0" devices="tripinfo_32" vType="typeCar@32" speedFactor="1.00" vaporized=""/>
    <tripinfo id="34" depart="23.00" departLane="nc_0" departPos="5.10" departSpeed="10.00" departDelay="0.00" arrival="64.90" arrivalLane="cs_0" arrivalPos="192.80" arrivalSpeed="10.00" duration="41.90" routeLength="394.90" waitingTime="0.00" waitingCount="0" stopTime="0.00" timeLoss="2.36" rerouteNo="0" devices="tripinfo_34" vType="typeCar@34" speedFactor="1.00" vaporized=""/>
    <tripinfo id="1" depart="1.00" departLane="wc_0" departPos="5.10" departSpeed="10.00" departDelay="0.00" arrival="67.60" arrivalLane="ce_0" arrivalPos="192.80" arrivalSpeed="10.00" duration="66.60" routeLength="394.90" waitingTime="0.00" waitingCount="0" stopTime="0.00" timeLoss="27.04" rerouteNo="0" devices="tripinfo_1" vType="typeCar@1" speedFactor="1.00" vaporized=""/>
    <tripinfo id="5" depart="4.00" departLane="wc_0" departPos="5.10" departSpeed="10.00" departDelay="0.00" arrival="68.80" arrivalLane="ce_0" arrivalPos="192.80" arrivalSpeed="10.00" duration="64.80" routeLength="394.90" waitingTime="1.30" waitingCount="13" stopTime="0.00" timeLoss="25.23" rerouteNo="0" devices="tripinfo_5" vType="typeCar@5" speedFactor="1.00" vaporized=""/>
    <tripinfo id="35" depart="24.00" departLane="nc_0" departPos="5.10" departSpeed="10.00" departDelay="0.00" arrival="70.70" arrivalLane="cs_0" arrivalPos="192.80" arrivalSpeed="10.00" duration="46.70" routeLength="394.90" waitingTime="0.00" waitingCount="0" stopTime="0.00" timeLoss="7.19" rerouteNo="0" devices="tripinfo_35" vType="typeCar@35" speedFactor="1.00" vaporized=""/>
    <tripinfo id="7" depart="5.00" departLane="wc_0" departPos="5.10" departSpeed="10.00" departDelay="0.00" arrival="73.50" arrivalLane="ce_0" arrivalPos="192.80" arrivalSpeed="10.00" duration="68.50" routeLength="394.90" waitingTime="1.70" waitingCount="17" stopTime="0.00" timeLoss="28.94" rerouteNo="0" devices="tripinfo_7" vType="typeCar@7" speedFactor="1.00" vaporized=""/>
    <tripinfo id="37" depart="25.00" departLane="nc_0" departPos="5.10" departSpeed="10.00" departDelay="0.00" arrival="75.80" arrivalLane="cs_0" arrivalPos="192.80" arrivalSpeed="10.00" duration="50.80" routeLength="394.90" waitingTime="0.00" waitingCount="0" stopTime="0.00" timeLoss="11.30" rerouteNo="0" devices="tripinfo_37" vType="typeCar@37" speedFactor="1.00" vaporized=""/>
    <tripinfo id="39" depart="26.00" departLane="nc_0" departPos="5.10" departSpeed="10.00" departDelay="0.00" arrival="77.20" arrivalLane="cs_0" arrivalPos="192.80" arrivalSpeed="10.00" duration="51.20" routeLength="394.90" waitingTime="0.00" waitingCount="0" stopTime="0.00" timeLoss="11.67" rerouteNo="0" devices="tripinfo_39" vType="typeCar@39" speedFactor="1.00" vaporized=""/>
    <tripinfo id="9" depart="6.00" departLane="wc_0" departPos="5.10" departSpeed="10.00" departDelay="0.00" arrival="78.70" arrivalLane="ce_0" arrivalPos="192.80" arrivalSpeed="10.00" duration="72.70" routeLength="394.90" waitingTime="1.80" waitingCount="18" stopTime="0.00" timeLoss="33.19" rerouteNo="0" devices="tripinfo_9" vType="typeCar@9" speedFactor="1.00" vaporized=""/>
    <tripinfo id="12" depart="8.00" departLane="wc_0" departPos="5.10" departSpeed="10.00" departDelay="0.00" arrival="79.70" arrivalLane="ce_0" arrivalPos="192.80" arrivalSpeed="10.00" duration="71.70" routeLength="394.90" waitingTime="2.10" waitingCount="21" stopTime="0.00" timeLoss="32.18" rerouteNo="0" devices="tripinfo_12" vType="typeCar@12" speedFactor="1.00" vaporized=""/>
    <tripinfo id="40" depart="27.00" departLane="nc_0" departPos="5.10" departSpeed="10.00" departDelay="0.00" arrival="81.90" arrivalLane="cs_0" arrivalPos="192.80" arrivalSpeed="10.00" duration="54.90" routeLength="394.90" waitingTime="0.10" waitingCount="1" stopTime="0.00" timeLoss="15.33" rerouteNo="0" devices="tripinfo_40" vType="typeCar@40" speedFactor="1.00" vaporized=""/>
    <tripinfo id="42" depart="28.00" departLane="nc_0" departPos="5.10" departSpeed="10.00" departDelay="0.00" arrival="84.90" arrivalLane="cs_0" arrivalPos="192.80" arrivalSpeed="10.00" duration="56.90" routeLength="394.90" waitingTime="0.30" waitingCount="3" stopTime="0.00" timeLoss="17.36" rerouteNo="0" devices="tripinfo_42" vType="typeCar@42" speedFactor="1.00" vaporized=""/>
    <tripinfo id="16" depart="11.00" departLane="wc_0" departPos="5.10" departSpeed="10.00" departDelay="0.00" arrival="85.70" arrivalLane="ce_0" arrivalPos="192.80" arrivalSpeed="10.00" duration="74.70" routeLength="394.90" waitingTime="2.20" waitingCount="22" stopTime="0.00" timeLoss="35.17" rerouteNo="0" devices="tripinfo_16" vType="typeCar@16" speedFactor="1.00" vaporized=""/>
    <tripinfo id="19" depart="13.00" departLane="wc_0" departPos="5.10" departSpeed="10.00" departDelay="0.00" arrival="90.30" arrivalLane="ce_0" arrivalPos="192.80" arrivalSpeed="10.00" duration="77.30" routeLength="394.90" waitingTime="2.10" waitingCount="21" stopTime="0.00" timeLoss="37.76" rerouteNo="0" devices="tripinfo_19" vType="typeCar@19" speedFactor="1.00" vaporized=""/>
    <tripinfo id="24" depart="17.00" departLane="wc_0" departPos="5.10" departSpeed="10.00" departDelay="0.00" arrival="93.70" arrivalLane="ce_0" arrivalPos="192.80" arrivalSpeed="10.00" duration="76.70" routeLength="394.90" waitingTime="2.10" waitingCount="21" stopTime="0.00" timeLoss="37.16" rerouteNo="0" devices="tripinfo_24" vType="typeCar@24" speedFactor="1.00" vaporized=""/>
    <tripinfo id="29" depart="21.00" departLane="wc_0" departPos="5.10" departSpeed="10.00" departDelay="0.00" arrival="98.60" arrivalLane="ce_0" arrivalPos="192.80" arrivalSpeed="10.00" duration="77.60" routeLength="394.90" waitingTime="2.10" waitingCount="21" stopTime="0.00" timeLoss="38.02" rerouteNo="0" devices="tripinfo_29" vType="typeCar@29" speedFactor="1.00" vaporized=""/>
    <tripinfo id="44" depart="29.00" departLane="nc_0" departPos="5.10" departSpeed="10.00" departDelay="0.00" arrival="101.60" arrivalLane="cs_0" arrivalPos="192.80" arrivalSpeed="10.00" duration="72.60" routeLength="394.90" waitingTime="0.50" waitingCount="5" stopTime="0.00" timeLoss="33.05" rerouteNo="0" devices="tripinfo_44" vType="typeCar@44" speedFactor="1.00" vaporized=""/>
    <tripinfo id="45" depart="30.00" departLane="nc_0" departPos="5.10" departSpeed="10.00" departDelay="0.00" arrival="105.40" arrivalLane="cs_0" arrivalPos="192.80" arrivalSpeed="10.00" duration="75.40" routeLength="394.90" waitingTime="0.60" waitingCount="6" stopTime="0.00" timeLoss="35.83" rerouteNo="0" devices="tripinfo_45" vType="typeCar@45" speedFactor="1.00" vaporized=""/>
    <tripinfo id="46" depart="31.00" departLane="nc_0" departPos="5.10" departSpeed="10.00" departDelay="0.00" arrival="106.20" arrivalLane="cs_0" arrivalPos="192.80" arrivalSpeed="10.00" duration="75.20" routeLength="394.90" waitingTime="0.40" waitingCount="4" stopTime="0.00" timeLoss="35.71" rerouteNo="0" devices="tripinfo_46" vType="typeCar@46" speedFactor="1.00" vaporized=""/>
    <tripinfo id="31" depart="22.00" departLane="wc_0" departPos="5.10" departSpeed="10.00" departDelay="0.00" arrival="112.60" arrivalLane="ce_0" arrivalPos="192.80" arrivalSpeed="10.00" duration="90.60" routeLength="394.90" waitingTime="2.10" waitingCount="21" stopTime="0.00" timeLoss="51.07" rerouteNo="0" devices="tripinfo_31" vType="typeCar@31" speedFactor="1.00" vaporized=""/>
    <tripinfo id="47" depart="32.00" departLane="nc_0" departPos="5.10" departSpeed="10.00" departDelay="0.00" arrival="114.60" arrivalLane="cs_0" arrivalPos="192.80" arrivalSpeed="10.00" duration="82.60" routeLength="394.90" waitingTime="0.90" waitingCount="9" stopTime="0.00" timeLoss="43.02" rerouteNo="0" devices="tripinfo_47" vType="typeCar@47" speedFactor="1.00" vaporized=""/>
    <tripinfo id="49" depart="33.00" departLane="nc_0" departPos="5.10" departSpeed="10.00" departDelay="0.00" arrival="116.30" arrivalLane="cs_0" arrivalPos="192.80" arrivalSpeed="10.00" duration="83.30" routeLength="394.90" waitingTime="1.50" waitingCount="15" stopTime="0.00" timeLoss="43.77" rerouteNo="0" devices="tripinfo_49" vType="typeCar@49" speedFactor="1.00" vaporized=""/>
    <tripinfo id="51" depart="34.00" departLane="nc_0" departPos="5.10" departSpeed="10.00" departDelay="0.00" arrival="119.40" arrivalLane="cs_0" arrivalPos="192.80" arrivalSpeed="10.00" duration="85.40" routeLength="394.90" waitingTime="1.50" waitingCount="15" stopTime="0.00" timeLoss="45.84" rerouteNo="0" devices="tripinfo_51" vType="typeCar@51" speedFactor="1.00" vaporized=""/>
    <tripinfo id="33" depart="23.00" departLane="wc_0" departPos="5.10" departSpeed="10.00" departDelay="0.00" arrival="120.60" arrivalLane="ce_0" arrivalPos="192.80" arrivalSpeed="10.00" duration="97.60" routeLength="394.90" waitingTime="2.10" waitingCount="21" stopTime="0.00" timeLoss="58.11" rerouteNo="0" devices="tripinfo_33" vType="typeCar@33" speedFactor="1.00" vaporized=""/>
    <tripinfo id="36" depart="25.00" departLane="wc_0" departPos="5.10" departSpeed="10.00" departDelay="0.00" arrival="121.50" arrivalLane="ce_0" arrivalPos="192.80" arrivalSpeed="10.00" duration="96.50" routeLength="394.90" waitingTime="2.30" waitingCount="23" stopTime="0.00" timeLoss="57.01" rerouteNo="0" devices="tripinfo_36" vType="typeCar@36" speedFactor="1.00" vaporized=""/>
    <tripinfo id="38" depart="26.00" departLane="wc_0" departPos="5.10" departSpeed="10.00" departDelay="0.00" arrival="122.50" arrivalLane="ce_0" arrivalPos="192.80" arrivalSpeed="10.00" duration="96.50" routeLength="394.90" waitingTime="2.30" waitingCount="23" stopTime="0.00" timeLoss="56.96" rerouteNo="0" devices="tripinfo_38" vType="typeCar@38" speedFactor="1.00" vaporized=""/>
    <tripinfo id="53" depart="35.00" departLane="nc_0" departPos="5.10" departSpeed="10.00" departDelay="0.00" arrival="125.60" arrivalLane="cs_0" arrivalPos="192.80" arrivalSpeed="10.00" duration="90.60" routeLength="394.90" waitingTime="1.90" waitingCount="19" stopTime="0.00" timeLoss="51.03" rerouteNo="0" devices="tripinfo_53" vType="typeCar@53" speedFactor="1.00" vaporized=""/>
    <tripinfo id="41" depart="28.00" departLane="wc_0" departPos="5.10" departSpeed="10.00" departDelay="0.00" arrival="131.00" arrivalLane="ce_0" arrivalPos="192.80" arrivalSpeed="10.00" duration="103.00" routeLength="394.90" waitingTime="3.00" waitingCount="30" stopTime="0.00" timeLoss="63.51" rerouteNo="0" devices="tripinfo_41" vType="typeCar@41" speedFactor="1.00" vaporized=""/>
    <tripinfo id="54" depart="36.00" departLane="nc_0" departPos="5.10" departSpeed="10.00" departDelay="0.00" arrival="133.00" arrivalLane="cs_0" arrivalPos="192.80" arrivalSpeed="10.00" duration="97.00" routeLength="394.90" waitingTime="1.80" waitingCount="18" stopTime="0.00" timeLoss="57.52" rerouteNo="0" devices="tripinfo_54" vType="typeCar@54" speedFactor="1.00" vaporized=""/>
    <tripinfo id="55" depart="37.00" departLane="nc_0" departPos="5.10" departSpeed="10.00" departDelay="0.00" arrival="134.10" arrivalLane="cs_0" arrivalPos="192.80" arrivalSpeed="10.00" duration="97.10" routeLength="394.90" waitingTime="2.00" waitingCount="20" stopTime="0.00" timeLoss="57.54" rerouteNo="0" devices="tripinfo_55" vType="typeCar@55" speedFactor="1.00" vaporized=""/>
    <tripinfo id="43" depart="29.00" departLane="wc_0" departPos="5.10" departSpeed="10.00" departDelay="0.00" arrival="136.10" arrivalLane="ce_0" arrivalPos="192.80" arrivalSpeed="10.00" duration="107.10" routeLength="394.90" waitingTime="2.90" waitingCount="29" stopTime="0.00" timeLoss="67.60" rerouteNo="0" devices="tripinfo_43" vType="typeCar@43" speedFactor="1.00" vaporized=""/>
    <tripinfo id="48" depart="33.00" departLane="wc_0" departPos="5.10" departSpeed="10.00" departDelay="0.00" arrival="137.00" arrivalLane="ce_0" arrivalPos="192.80" arrivalSpeed="10.00" duration="104.00" routeLength="394.90" waitingTime="2.70" waitingCount="27" stopTime="0.00" timeLoss="64.48" rerouteNo="0" devices="tripinfo_48" vType="typeCar@48" speedFactor="1.00" vaporized=""/>
    <tripinfo id="56" depart="38.00" departLane="nc_0" departPos="5.10" departSpeed="10.00" departDelay="0.00" arrival="138.50" arrivalLane="cs_0" arrivalPos="192.80" arrivalSpeed="10.00" duration="100.50" routeLength="394.90" waitingTime="2.30" waitingCount="23" stopTime="0.00" timeLoss="60.99" rerouteNo="0" devices="tripinfo_56" vType="typeCar@56" speedFactor="1.00" vaporized=""/>
    <tripinfo id="58" depart="39.00" departLane="nc_0" departPos="5.10" departSpeed="10.00" departDelay="0.00" arrival="139.60" arrivalLane="cs_0" arrivalPos="192.80" arrivalSpeed="10.00" duration="100.60" routeLength="394.90" waitingTime="2.50" waitingCount="25" stopTime="0.00" timeLoss="61.04" rerouteNo="0" devices="tripinfo_58" vType="typeCar@58" speedFactor="1.00" vaporized=""/>
    <tripinfo id="50" depart="34.00" departLane="wc_0" departPos="5.10" departSpeed="10.00" departDelay="0.00" arrival="141.10" arrivalLane="ce_0" arrivalPos="192.80" arrivalSpeed="10.00" duration="107.10" routeLength="394.90" waitingTime="2.90" waitingCount="29" stopTime="0.00" timeLoss="67.55" rerouteNo="0" devices="tripinfo_50" vType="typeCar@50" speedFactor="1.00" vaporized=""/>
    <tripinfo id="52" depart="35.00" departLane="wc_0" departPos="5.10" departSpeed="10.00" departDelay="0.00" arrival="142.30" arrivalLane="ce_0" arrivalPos="192.80" arrivalSpeed="10.00" duration="107.30" routeLength="394.90" waitingTime="3.20" waitingCount="32" stopTime="0.00" timeLoss="67.74" rerouteNo="0" devices="tripinfo_52" vType="typeCar@52" speedFactor="1.00" vaporized=""/>
    <tripinfo id="59" depart="40.00" departLane="nc_0" departPos="5.10" departSpeed="10.00" departDelay="0.00" arrival="146.20" arrivalLane="cs_0" arrivalPos="192.80" arrivalSpeed="10.00" duration="106.20" routeLength="394.90" waitingTime="2.70" waitingCount="27" stopTime="0.00" timeLoss="66.67" rerouteNo="0" devices="tripinfo_59" vType="typeCar@59" speedFactor="1.00" vaporized=""/>
    <tripinfo id="60" depart="41.00" departLane="nc_0" departPos="5.10" departSpeed="10.00" departDelay="0.00" arrival="148.10" arrivalLane="cs_0" arrivalPos="192.80" arrivalSpeed="10.00" duration="107.10" routeLength="394.90" waitingTime="2.70" waitingCount="27" stopTime="0.00" timeLoss="67.54" rerouteNo="0" devices="tripinfo_60" vType="typeCar@60" speedFactor="1.00" vaporized=""/>
    <tripinfo id="57" depart="39.00" departLane="wc_0" departPos="5.10" departSpeed="9.00" departDelay="0.00" arrival="154.20" arrivalLane="ce_0" arrivalPos="192.80" arrivalSpeed="10.00" duration="115.20" routeLength="394.90" waitingTime="2.80" waitingCount="28" stopTime="0.00" timeLoss="75.65" rerouteNo="0" devices="tripinfo_57" vType="typeCar@57" speedFactor="1.00" vaporized=""/>
    <tripinfo id="61" depart="42.00" departLane="wc_0" departPos="5.10" departSpeed="10.00" departDelay="0.00" arrival="155.00" arrivalLane="ce_0" arrivalPos="192.80" arrivalSpeed="10.00" duration="113.00" routeLength="394.90" waitingTime="2.50" waitingCount="25" stopTime="0.00" timeLoss="73.47" rerouteNo="0" devices="tripinfo_61" vType="typeCar@61" speedFactor="1.00" vaporized=""/>
    <tripinfo id="64" depart="44.00" departLane="wc_0" departPos="5.10" departSpeed="10.00" departDelay="0.00" arrival="156.00" arrivalLane="ce_0" arrivalPos="192.80" arrivalSpeed="10.00" duration="112.00" routeLength="394.90" waitingTime="2.80" waitingCount="28" stopTime="0.00" timeLoss="72.44" rerouteNo="0" devices="tripinfo_64" vType="typeCar@64" speedFactor="1.00" vaporized=""/>
    <tripinfo id="62" depart="42.00" departLane="nc_0" departPos="5.10" departSpeed="10.00" departDelay="0.00" arrival="163.40" arrivalLane="cs_0" arrivalPos="192.80" arrivalSpeed="10.00" duration="121.40" routeLength="394.90" waitingTime="2.70" waitingCount="27" stopTime="0.00" timeLoss="81.91" rerouteNo="0" devices="tripinfo_62" vType="typeCar@62" speedFactor="1.00" vaporized=""/>
    <tripinfo id="63" depart="43.00" departLane="nc_0" departPos="5.10" departSpeed="9.00" departDelay="0.00" arrival="164.30" arrivalLane="cs_0" arrivalPos="192.80" arrivalSpeed="10.00" duration="121.30" routeLength="394.90" waitingTime="2.60" waitingCount="26" stopTime="0.00" timeLoss="81.77" rerouteNo="0" devices="tripinfo_63" vType="typeCar@63" speedFactor="1.00" vaporized=""/>
    <tripinfo id="66" depart="45.00" departLane="wc_0" departPos="5.10" departSpeed="10.00" departDelay="0.00" arrival="166.20" arrivalLane="ce_0" arrivalPos="192.80" arrivalSpeed="10.00" duration="121.20" routeLength="394.90" waitingTime="2.70" waitingCount="27" stopTime="0.00" timeLoss="81.63" rerouteNo="0" devices="tripinfo_66" vType="typeCar@66" speedFactor="1.00" vaporized=""/>
    <tripinfo id="65" depart="44.00" departLane="nc_0" departPos="5.10" departSpeed="5.60" departDelay="0.00" arrival="168.40" arrivalLane="cs_0" arrivalPos="192.80" arrivalSpeed="10.00" duration="124.40" routeLength="394.90" waitingTime="3.00" waitingCount="30" stopTime="0.00" timeLoss="84.91" rerouteNo="0" devices="tripinfo_65" vType="typeCar@65" speedFactor="1.00" vaporized=""/>
    <tripinfo id="67" depart="47.40" departLane="nc_0" departPos="5.10" departSpeed="3.80" departDelay="2.40" arrival="169.50" arrivalLane="cs_0" arrivalPos="192.80" arrivalSpeed="10.00" duration="122.10" routeLength="394.90" waitingTime="3.40" waitingCount="34" stopTime="0.00" timeLoss="82.58" rerouteNo="0" devices="tripinfo_67" vType="typeCar@67" speedFactor="1.00" vaporized=""/>
    <tripinfo id="69" depart="47.00" departLane="wc_0" departPos="5.10" departSpeed="4.50" departDelay="0.00" arrival="176.30" arrivalLane="ce_0" arrivalPos="192.80" arrivalSpeed="10.00" duration="129.30" routeLength="394.90" waitingTime="3.50" waitingCount="35" stopTime="0.00" timeLoss="89.75" rerouteNo="0" devices="tripinfo_69" vType="typeCar@69" speedFactor="1.00" vaporized=""/>
    <tripinfo id="73" depart="50.00" departLane="wc_0" departPos="5.10" departSpeed="2.30" departDelay="0.00" arrival="177.20" arrivalLane="ce_0" arrivalPos="192.80" arrivalSpeed="10.00" duration="127.20" routeLength="394.90" waitingTime="3.20" waitingCount="32" stopTime="0.00" timeLoss="87.63" rerouteNo="0" devices="tripinfo_73" vType="typeCar@73" speedFactor="1.00" vaporized=""/>
    <tripinfo id="68" depart="49.10" departLane="nc_0" departPos="5.10" departSpeed="5.70" departDelay="3.10" arrival="179.70" arrivalLane="cs_0" arrivalPos="192.80" arrivalSpeed="10.00" duration="130.60" routeLength="394.90" waitingTime="4.50" waitingCount="45" stopTime="0.00" timeLoss="91.10" rerouteNo="0" devices="tripinfo_68" vType="typeCar@68" speedFactor="1.00" vaporized=""/>
    <tripinfo id="70" depart="53.30" departLane="nc_0" departPos="5.10" departSpeed="1.50" departDelay="6.30" arrival="181.00" arrivalLane="cs_0" arrivalPos="192.80" arrivalSpeed="10.00" duration="127.70" routeLength="394.90" waitingTime="4.40" waitingCount="44" stopTime="0.00" timeLoss="88.19" rerouteNo="0" devices="tripinfo_70" vType="typeCar@70" speedFactor="1.00" vaporized=""/>
    <tripinfo id="76" depart="52.00" departLane="wc_0" departPos="5.10" departSpeed="2.70" departDelay="0.00" arrival="182.70" arrivalLane="ce_0" arrivalPos="192.80" arrivalSpeed="10.00" duration="130.70" routeLength="394.90" waitingTime="4.90" waitingCount="37" stopTime="0.00" timeLoss="91.20" rerouteNo="0" devices="tripinfo_76" vType="typeCar@76" speedFactor="1.00" vaporized=""/>
    <tripinfo id="78" depart="56.70" departLane="wc_0" departPos="5.10" departSpeed="3.20" departDelay="3.70" arrival="187.90" arrivalLane="ce_0" arrivalPos="192.80" arrivalSpeed="10.00" duration="131.20" routeLength="394.90" waitingTime="4.30" waitingCount="43" stopTime="0.00" timeLoss="91.74" rerouteNo="0" devices="tripinfo_78" vType="typeCar@78" speedFactor="1.00" vaporized=""/>
    <tripinfo id="80" depart="61.50" departLane="wc_0" departPos="5.10" departSpeed="4.58" departDelay="7.50" arrival="189.00" arrivalLane="ce_0" arrivalPos="192.80" arrivalSpeed="10.00" duration="127.50" routeLength="394.90" waitingTime="3.90" waitingCount="39" stopTime="0.00" timeLoss="87.96" rerouteNo="0" devices="tripinfo_80" vType="typeCar@80" speedFactor="1.00" vaporized=""/>
    <tripinfo id="71" depart="57.80" departLane="nc_0" departPos="5.10" departSpeed="3.80" departDelay="9.80" arrival="190.60" arrivalLane="cs_0" arrivalPos="192.80" arrivalSpeed="10.00" duration="132.80" routeLength="394.90" waitingTime="4.40" waitingCount="44" stopTime="0.00" timeLoss="93.24" rerouteNo="0" devices="tripinfo_71" vType="typeCar@71" speedFactor="1.00" vaporized=""/>
    <tripinfo id="72" depart="63.30" departLane="nc_0" departPos="5.10" departSpeed="4.30" departDelay="14.30" arrival="191.80" arrivalLane="cs_0" arrivalPos="192.80" arrivalSpeed="10.00" duration="128.50" routeLength="394.90" waitingTime="4.20" waitingCount="42" stopTime="0.00" timeLoss="88.98" rerouteNo="0" devices="tripinfo_72" vType="typeCar@72" speedFactor="1.00" vaporized=""/>
    <tripinfo id="74" depart="64.70" departLane="nc_0" departPos="5.10" departSpeed="6.10" departDelay="14.70" arrival="199.30" arrivalLane="cs_0" arrivalPos="192.80" arrivalSpeed="10.00" duration="134.60" routeLength="394.90" waitingTime="4.70" waitingCount="47" stopTime="0.00" timeLoss="95.10" rerouteNo="0" devices="tripinfo_74" vType="typeCar@74" speedFactor="1.00" vaporized=""/>
    <tripinfo id="75" depart="65.80" departLane="nc_0" departPos="5.10" departSpeed="4.60" departDelay="14.80" arrival="200.30" arrivalLane="cs_0" arrivalPos="192.80" arrivalSpeed="10.00" duration="134.50" routeLength="394.90" waitingTime="5.10" waitingCount="51" stopTime="0.00" timeLoss="95.06" rerouteNo="0" devices="tripinfo_75" vType="typeCar@75" speedFactor="1.00" vaporized=""/>
    <tripinfo id="85" depart="62.90" departLane="wc_0" departPos="5.10" departSpeed="6.38" departDelay="4.90" arrival="201.90" arrivalLane="ce_0" arrivalPos="192.80" arrivalSpeed="10.00" duration="139.00" routeLength="394.90" waitingTime="4.50" waitingCount="45" stopTime="0.00" timeLoss="99.49" rerouteNo="0" devices="tripinfo_85" vType="typeCar@85" speedFactor="1.00" vaporized=""/>
    <tripinfo id="90" depart="63.90" departLane="wc_0" departPos="5.10" departSpeed="5.38" departDelay="1.90" arrival="202.90" arrivalLane="ce_0" arrivalPos="192.80" arrivalSpeed="10.00" duration="139.00" routeLength="394.90" waitingTime="5.00" waitingCount="50" stopTime="0.00" timeLoss="99.53" rerouteNo="0" devices="tripinfo_90" vType="typeCar@90" speedFactor="1.00" vaporized=""/>
    <tripinfo id="92" depart="69.90" departLane="wc_0" departPos="5.10" departSpeed="0.18" departDelay="6.90" arrival="205.30" arrivalLane="ce_0" arrivalPos="192.80" arrivalSpeed="10.00" duration="135.40" routeLength="394.90" waitingTime="6.00" waitingCount="51" stopTime="0.00" timeLoss="95.85" rerouteNo="0" devices="tripinfo_92" vType="typeCar@92" speedFactor="1.00" vaporized=""/>
    <tripinfo id="77" depart="72.90" departLane="nc_0" departPos="5.10" departSpeed="0.30" departDelay="20.90" arrival="206.90" arrivalLane="cs_0" arrivalPos="192.80" arrivalSpeed="10.00" duration="134.00" routeLength="394.90" waitingTime="5.90" waitingCount="51" stopTime="0.00" timeLoss="94.47" rerouteNo="0" devices="tripinfo_77" vType="typeCar@77" speedFactor="1.00" vaporized=""/>
    <tripinfo id="79" depart="82.70" departLane="nc_0" departPos="5.10" departSpeed="1.89" departDelay="29.70" arrival="207.90" arrivalLane="cs_0" arrivalPos="192.80" arrivalSpeed="10.00" duration="125.20" routeLength="394.90" waitingTime="4.50" waitingCount="45" stopTime="0.00" timeLoss="85.72" rerouteNo="0" devices="tripinfo_79" vType="typeCar@79" speedFactor="1.00" vaporized=""/>
    <tripinfo id="81" depart="88.00" departLane="nc_0" departPos="5.10" departSpeed="4.19" departDelay="34.00" arrival="216.10" arrivalLane="cs_0" arrivalPos="192.80" arrivalSpeed="10.00" duration="128.10" routeLength="394.90" waitingTime="9.00" waitingCount="48" stopTime="0.00" timeLoss="88.59" rerouteNo="0" devices="tripinfo_81" vType="typeCar@81" speedFactor="1.00" vaporized=""/>
    <tripinfo id="82" depart="94.70" departLane="nc_0" departPos="5.10" departSpeed="2.69" departDelay="39.70" arrival="217.00" arrivalLane="cs_0" arrivalPos="192.80" arrivalSpeed="10.00" duration="122.30" routeLength="394.90" waitingTime="4.60" waitingCount="46" stopTime="0.00" timeLoss="82.81" rerouteNo="0" devices="tripinfo_82" vType="typeCar@82" speedFactor="1.00" vaporized=""/>
    <tripinfo id="83" depart="101.20" departLane="nc_0" departPos="5.10" departSpeed="2.99" departDelay="45.20" arrival="218.50" arrivalLane="cs_0" arrivalPos="192.80" arrivalSpeed="10.00" duration="117.30" routeLength="394.90" waitingTime="4.80" waitingCount="48" stopTime="0.00" timeLoss="77.82" rerouteNo="0" devices="tripinfo_83" vType="typeCar@83" speedFactor="1.00" vaporized=""/>
    <tripinfo id="95" depart="79.60" departLane="wc_0" departPos="5.10" departSpeed="3.04" departDelay="14.60" arrival="221.00" arrivalLane="ce_0" arrivalPos="192.80" arrivalSpeed="10.00" duration="141.40" routeLength="394.90" waitingTime="8.10" waitingCount="46" stopTime="0.00" timeLoss="101.86" rerouteNo="0" devices="tripinfo_95" vType="typeCar@95" speedFactor="1.00" vaporized=""/>
    <tripinfo id="98" depart="85.60" departLane="wc_0" departPos="5.10" departSpeed="0.24" departDelay="18.60" arrival="221.80" arrivalLane="ce_0" arrivalPos="192.80" arrivalSpeed="10.00" duration="136.20" routeLength="394.90" waitingTime="5.10" waitingCount="48" stopTime="0.00" timeLoss="96.70" rerouteNo="0" devices="tripinfo_98" vType="typeCar@98" speedFactor="1.00" vaporized=""/>
    <tripinfo id="84" depart="106.00" departLane="nc_0" departPos="5.10" departSpeed="4.59" departDelay="49.00" arrival="223.30" arrivalLane="cs_0" arrivalPos="192.80" arrivalSpeed="10.00" duration="117.30" routeLength="394.90" waitingTime="4.90" waitingCount="49" stopTime="0.00" timeLoss="77.76" rerouteNo="0" devices="tripinfo_84" vType="typeCar@84" speedFactor="1.00" vaporized=""/>
    <tripinfo id="86" depart="107.40" departLane="nc_0" departPos="5.10" departSpeed="6.39" departDelay="49.40" arrival="224.30" arrivalLane="cs_0" arrivalPos="192.80" arrivalSpeed="10.00" duration="116.90" routeLength="394.90" waitingTime="5.00" waitingCount="50" stopTime="0.00" timeLoss="77.40" rerouteNo="0" devices="tripinfo_86" vType="typeCar@86" speedFactor="1.00" vaporized=""/>
    <tripinfo id="100" depart="94.40" departLane="wc_0" departPos="5.10" departSpeed="1.20" departDelay="26.40" arrival="225.80" arrivalLane="ce_0" arrivalPos="192.80" arrivalSpeed="10.00" duration="131.40" routeLength="394.90" waitingTime="4.20" waitingCount="39" stopTime="0.00" timeLoss="91.89" rerouteNo="0" devices="tripinfo_100" vType="typeCar@100" speedFactor="1.00" vaporized=""/>
    <tripinfo id="87" depart="108.40" departLane="nc_0" departPos="5.10" departSpeed="6.99" departDelay="49.40" arrival="228.10" arrivalLane="cs_0" arrivalPos="192.80" arrivalSpeed="10.00" duration="119.70" routeLength="394.90" waitingTime="4.80" waitingCount="48" stopTime="0.00" timeLoss="80.20" rerouteNo="0" devices="tripinfo_87" vType="typeCar@87" speedFactor="1.00" vaporized=""/>
    <tripinfo id="88" depart="110.40" departLane="nc_0" departPos="5.10" departSpeed="0.19" departDelay="50.40" arrival="230.10" arrivalLane="cs_0" arrivalPos="192.80" arrivalSpeed="10.00" duration="119.70" routeLength="394.90" waitingTime="5.90" waitingCount="50" stopTime="0.00" timeLoss="80.15" rerouteNo="0" devices="tripinfo_88" vType="typeCar@88" speedFactor="1.00" vaporized=""/>
    <tripinfo id="89" depart="122.80" departLane="nc_0" departPos="5.10" departSpeed="3.15" departDelay="61.80" arrival="231.00" arrivalLane="cs_0" arrivalPos="192.80" arrivalSpeed="10.00" duration="108.20" routeLength="394.90" waitingTime="4.00" waitingCount="40" stopTime="0.00" timeLoss="68.67" rerouteNo="0" devices="tripinfo_89" vType="typeCar@89" speedFactor="1.00" vaporized=""/>
    <tripinfo id="91" depart="124.70" departLane="nc_0" departPos="5.10" departSpeed="3.25" departDelay="62.70" arrival="232.00" arrivalLane="cs_0" arrivalPos="192.80" arrivalSpeed="10.00" duration="107.30" routeLength="394.90" waitingTime="4.50" waitingCount="45" stopTime="0.00" timeLoss="67.78" rerouteNo="0" devices="tripinfo_91" vType="typeCar@91" speedFactor="1.00" vaporized=""/>
    <tripinfo id="93" depart="129.00" departLane="nc_0" departPos="5.10" departSpeed="4.04" departDelay="66.00" arrival="233.10" arrivalLane="cs_0" arrivalPos="192.80" arrivalSpeed="10.00" duration="104.10" routeLength="394.90" waitingTime="4.60" waitingCount="46" stopTime="0.00" timeLoss="64.56" rerouteNo="0" devices="tripinfo_93" vType="typeCar@93" speedFactor="1.00" vaporized=""/>
    <tripinfo id="103" depart="99.00" departLane="wc_0" departPos="5.10" departSpeed="1.81" departDelay="29.00" arrival="234.80" arrivalLane="ce_0" arrivalPos="192.80" arrivalSpeed="10.00" duration="135.80" routeLength="394.90" waitingTime="3.70" waitingCount="34" stopTime="0.00" timeLoss="96.30" rerouteNo="0" devices="tripinfo_103" vType="typeCar@103" speedFactor="1.00" vaporized=""/>
    <tripinfo id="105" depart="104.00" departLane="wc_0" departPos="5.10" departSpeed="5.22" departDelay="33.00" arrival="235.80" arrivalLane="ce_0" arrivalPos="192.80" arrivalSpeed="10.00" duration="131.80" routeLength="394.90" waitingTime="3.80" waitingCount="38" stopTime="0.00" timeLoss="92.28" rerouteNo="0" devices="tripinfo_105" vType="typeCar@105" speedFactor="1.00" vaporized=""/>
    <tripinfo id="94" depart="135.40" departLane="nc_0" departPos="5.10" departSpeed="2.44" departDelay="71.40" arrival="237.30" arrivalLane="cs_0" arrivalPos="192.80" arrivalSpeed="10.00" duration="101.90" routeLength="394.90" waitingTime="4.00" waitingCount="40" stopTime="0.00" timeLoss="62.41" rerouteNo="0" devices="tripinfo_94" vType="typeCar@94" speedFactor="1.00" vaporized=""/>
    <tripinfo id="96" depart="140.50" departLane="nc_0" departPos="5.10" departSpeed="4.82" departDelay="75.50" arrival="239.00" arrivalLane="cs_0" arrivalPos="192.80" arrivalSpeed="10.00" duration="98.50" routeLength="394.90" waitingTime="3.90" waitingCount="39" stopTime="0.00" timeLoss="58.99" rerouteNo="0" devices="tripinfo_96" vType="typeCar@96" speedFactor="1.00" vaporized=""/>
    <tripinfo id="97" depart="145.10" departLane="nc_0" departPos="5.10" departSpeed="0.22" departDelay="79.10" arrival="241.10" arrivalLane="cs_0" arrivalPos="192.80" arrivalSpeed="10.00" duration="96.00" routeLength="394.90" waitingTime="5.20" waitingCount="41" stopTime="0.00" timeLoss="56.48" rerouteNo="0" devices="tripinfo_97" vType="typeCar@97" speedFactor="1.00" vaporized=""/>
    <tripinfo id="99" depart="151.00" departLane="nc_0" departPos="5.10" departSpeed="5.53" departDelay="84.00" arrival="242.90" arrivalLane="cs_0" arrivalPos="192.80" arrivalSpeed="10.00" duration="91.90" routeLength="394.90" waitingTime="4.10" waitingCount="41" stopTime="0.00" timeLoss="52.36" rerouteNo="0" devices="tripinfo_99" vType="typeCar@99" speedFactor="1.00" vaporized=""/>
    <tripinfo id="101" depart="156.80" departLane="nc_0" departPos="5.10" departSpeed="2.13" departDelay="88.80" arrival="244.50" arrivalLane="cs_0" arrivalPos="192.80" arrivalSpeed="10.00" duration="87.70" routeLength="394.90" waitingTime="3.30" waitingCount="33" stopTime="0.00" timeLoss="48.19" rerouteNo="0" devices="tripinfo_101" vType="typeCar@101" speedFactor="1.00" vaporized=""/>
    <tripinfo id="102" depart="163.00" departLane="nc_0" departPos="5.10" departSpeed="4.73" departDelay="94.00" arrival="245.80" arrivalLane="cs_0" arrivalPos="192.80" arrivalSpeed="10.00" duration="82.80" routeLength="394.90" waitingTime="3.00" waitingCount="30" stopTime="0.00" timeLoss="43.25" rerouteNo="0" devices="tripinfo_102" vType="typeCar@102" speedFactor="1.00" vaporized=""/>
    <tripinfo id="104" depart="169.20" departLane="nc_0" departPos="5.10" departSpeed="3.33" departDelay="99.20" arrival="246.70" arrivalLane="cs_0" arrivalPos="192.80" arrivalSpeed="10.00" duration="77.50" routeLength="394.90" waitingTime="2.50" waitingCount="25" stopTime="0.00" timeLoss="37.98" rerouteNo="0" devices="tripinfo_104" vType="typeCar@104" speedFactor="1.00" vaporized=""/>
    <tripinfo id="106" depart="173.50" departLane="nc_0" departPos="5.10" departSpeed="4.93" departDelay="102.50" arrival="247.90" arrivalLane="cs_0" arrivalPos="192.80" arrivalSpeed="10.00" duration="74.40" routeLength="394.90" waitingTime="2.30" waitingCount="23" stopTime="0.00" timeLoss="34.89" rerouteNo="0" devices="tripinfo_106" vType="typeCar@106" speedFactor="1.00" vaporized=""/>
    <tripinfo id="108" depart="174.80" departLane="nc_0" departPos="5.10" departSpeed="6.43" departDelay="102.80" arrival="248.90" arrivalLane="cs_0" arrivalPos="192.80" arrivalSpeed="10.00" duration="74.10" routeLength="394.90" waitingTime="2.50" waitingCount="25" stopTime="0.00" timeLoss="34.61" rerouteNo="0" devices="tripinfo_108" vType="typeCar@108" speedFactor="1.00" vaporized=""/>
    <tripinfo id="109" depart="175.90" departLane="nc_0" departPos="5.10" departSpeed="4.13" departDelay="102.90" arrival="250.80" arrivalLane="cs_0" arrivalPos="192.80" arrivalSpeed="10.00" duration="74.90" routeLength="394.90" waitingTime="2.80" waitingCount="28" stopTime="0.00" timeLoss="35.39" rerouteNo="0" devices="tripinfo_109" vType="typeCar@109" speedFactor="1.00" vaporized=""/>
    <tripinfo id="111" depart="185.00" departLane="nc_0" departPos="5.10" departSpeed="0.23" departDelay="111.00" arrival="252.00" arrivalLane="cs_0" arrivalPos="192.80" arrivalSpeed="10.00" duration="67.00" routeLength="394.90" waitingTime="3.10" waitingCount="20" stopTime="0.00" timeLoss="27.44" rerouteNo="0" devices="tripinfo_111" vType="typeCar@111" speedFactor="1.00" vaporized=""/>
    <tripinfo id="112" depart="190.90" departLane="nc_0" departPos="5.10" departSpeed="5.44" departDelay="115.90" arrival="253.90" arrivalLane="cs_0" arrivalPos="192.80" arrivalSpeed="10.00" duration="63.00" routeLength="394.90" waitingTime="1.60" waitingCount="16" stopTime="0.00" timeLoss="23.54" rerouteNo="0" devices="tripinfo_112" vType="typeCar@112" speedFactor="1.00" vaporized=""/>
    <tripinfo id="114" depart="192.00" departLane="nc_0" departPos="5.10" departSpeed="7.14" departDelay="116.00" arrival="254.80" arrivalLane="cs_0" arrivalPos="192.80" arrivalSpeed="10.00" duration="62.80" routeLength="394.90" waitingTime="1.60" waitingCount="16" stopTime="0.00" timeLoss="23.32" rerouteNo="0" devices="tripinfo_114" vType="typeCar@114" speedFactor="1.00" vaporized=""/>
    <tripinfo id="116" depart="193.00" departLane="nc_0" departPos="5.10" departSpeed="6.94" departDelay="116.00" arrival="255.80" arrivalLane="cs_0" arrivalPos="192.80" arrivalSpeed="10.00" duration="62.80" routeLength="394.90" waitingTime="1.70" waitingCount="17" stopTime="0.00" timeLoss="23.35" rerouteNo="0" devices="tripinfo_116" vType="typeCar@116" speedFactor="1.00" vaporized=""/>
    <tripinfo id="118" depart="194.30" departLane="nc_0" departPos="5.10" departSpeed="0.44" departDelay="116.30" arrival="257.40" arrivalLane="cs_0" arrivalPos="192.80" arrivalSpeed="10.00" duration="63.10" routeLength="394.90" waitingTime="2.60" waitingCount="18" stopTime="0.00" timeLoss="23.60" rerouteNo="0" devices="tripinfo_118" vType="typeCar@118" speedFactor="1.00" vaporized=""/>
    <tripinfo id="120" depart="204.00" departLane="nc_0" departPos="5.10" departSpeed="4.37" departDelay="125.00" arrival="258.40" arrivalLane="cs_0" arrivalPos="192.80" arrivalSpeed="10.00" duration="54.40" routeLength="394.90" waitingTime="0.70" waitingCount="7" stopTime="0.00" timeLoss="14.88" rerouteNo="0" devices="tripinfo_120" vType="typeCar@120" speedFactor="1.00" vaporized=""/>
    <tripinfo id="122" depart="205.40" departLane="nc_0" departPos="5.10" departSpeed="6.17" departDelay="125.40" arrival="259.40" arrivalLane="cs_0" arrivalPos="192.80" arrivalSpeed="10.00" duration="54.00" routeLength="394.90" waitingTime="0.80" waitingCount="8" stopTime="0.00" timeLoss="14.49" rerouteNo="0" devices="tripinfo_122" vType="typeCar@122" speedFactor="1.00" vaporized=""/>
    <tripinfo id="124" depart="206.40" departLane="nc_0" departPos="5.10" departSpeed="7.57" departDelay="125.40" arrival="260.40" arrivalLane="cs_0" arrivalPos="192.80" arrivalSpeed="10.00" duration="54.00" routeLength="394.90" waitingTime="0.90" waitingCount="9" stopTime="0.00" timeLoss="14.52" rerouteNo="0" devices="tripinfo_124" vType="typeCar@124" speedFactor="1.00" vaporized=""/>
    <tripinfo id="125" depart="207.70" departLane="nc_0" departPos="5.10" departSpeed="1.07" departDelay="125.70" arrival="261.50" arrivalLane="cs_0" arrivalPos="192.80" arrivalSpeed="10.00" duration="53.80" routeLength="394.90" waitingTime="1.70" waitingCount="10" stopTime="0.00" timeLoss="14.26" rerouteNo="0" devices="tripinfo_125" vType="typeCar@125" speedFactor="1.00" vaporized=""/>
    <tripinfo id="107" depart="105.30" departLane="wc_0" departPos="5.10" departSpeed="6.72" departDelay="33.30" arrival="263.30" arrivalLane="ce_0" arrivalPos="192.80" arrivalSpeed="10.00" duration="158.00" routeLength="394.90" waitingTime="4.50" waitingCount="45" stopTime="0.00" timeLoss="118.50" rerouteNo="0" devices="tripinfo_107" vType="typeCar@107" speedFactor="1.00" vaporized=""/>
    <tripinfo id="110" depart="106.30" departLane="wc_0" departPos="5.10" departSpeed="7.32" departDelay="32.30" arrival="264.30" arrivalLane="ce_0" arrivalPos="192.80" arrivalSpeed="10.00" duration="158.00" routeLength="394.90" waitingTime="6.30" waitingCount="63" stopTime="0.00" timeLoss="118.58" rerouteNo="0" devices="tripinfo_110" vType="typeCar@110" speedFactor="1.00" vaporized=""/>
    <tripinfo id="127" depart="216.80" departLane="nc_0" departPos="5.10" departSpeed="3.99" departDelay="133.80" arrival="265.80" arrivalLane="cs_0" arrivalPos="192.80" arrivalSpeed="10.00" duration="49.00" routeLength="394.90" waitingTime="0.00" waitingCount="0" stopTime="0.00" timeLoss="9.50" rerouteNo="0" devices="tripinfo_127" vType="typeCar@127" speedFactor="1.00" vaporized=""/>
    <tripinfo id="129" depart="218.30" departLane="nc_0" departPos="5.10" departSpeed="6.09" departDelay="134.30" arrival="266.90" arrivalLane="cs_0" arrivalPos="192.80" arrivalSpeed="10.00" duration="48.60" routeLength="394.90" waitingTime="0.00" waitingCount="0" stopTime="0.00" timeLoss="9.04" rerouteNo="0" devices="tripinfo_129" vType="typeCar@129" speedFactor="1.00" vaporized=""/>
    <tripinfo id="113" depart="107.40" departLane="wc_0" departPos="5.10" departSpeed="1.82" departDelay="31.40" arrival="268.40" arrivalLane="ce_0" arrivalPos="192.80" arrivalSpeed="10.00" duration="161.00" routeLength="394.90" waitingTime="7.60" waitingCount="73" stopTime="0.00" timeLoss="121.46" rerouteNo="0" devices="tripinfo_113" vType="typeCar@113" speedFactor="1.00" vaporized=""/>
    <tripinfo id="115" depart="121.10" departLane="wc_0" departPos="5.10" departSpeed="0.15" departDelay="44.10" arrival="269.40" arrivalLane="ce_0" arrivalPos="192.80" arrivalSpeed="10.00" duration="148.30" routeLength="394.90" waitingTime="6.00" waitingCount="50" stopTime="0.00" timeLoss="108.80" rerouteNo="0" devices="tripinfo_115" vType="typeCar@115" speedFactor="1.00" vaporized=""/>
    <tripinfo id="130" depart="219.40" departLane="nc_0" departPos="5.10" departSpeed="7.79" departDelay="134.40" arrival="271.00" arrivalLane="cs_0" arrivalPos="192.80" arrivalSpeed="10.00" duration="51.60" routeLength="394.90" waitingTime="0.00" waitingCount="0" stopTime="0.00" timeLoss="12.07" rerouteNo="0" devices="tripinfo_130" vType="typeCar@130" speedFactor="1.00" vaporized=""/>
    <tripinfo id="132" depart="220.30" departLane="nc_0" departPos="5.10" departSpeed="8.89" departDelay="134.30" arrival="272.10" arrivalLane="cs_0" arrivalPos="192.80" arrivalSpeed="10.00" duration="51.80" routeLength="394.90" waitingTime="0.00" waitingCount="0" stopTime="0.00" timeLoss="12.35" rerouteNo="0" devices="tripinfo_132" vType="typeCar@132" speedFactor="1.00" vaporized=""/>
    <tripinfo id="117" depart="125.00" departLane="wc_0" departPos="5.10" departSpeed="6.00" departDelay="47.00" arrival="273.60" arrivalLane="ce_0" arrivalPos="192.80" arrivalSpeed="10.00" duration="148.60" routeLength="394.90" waitingTime="5.80" waitingCount="58" stopTime="0.00" timeLoss="109.13" rerouteNo="0" devices="tripinfo_117" vType="typeCar@117" speedFactor="1.00" vaporized=""/>
    <tripinfo id="119" depart="126.00" departLane="wc_0" departPos="5.10" departSpeed="7.40" departDelay="47.00" arrival="274.70" arrivalLane="ce_0" arrivalPos="192.80" arrivalSpeed="10.00" duration="148.70" routeLength="394.90" waitingTime="6.50" waitingCount="65" stopTime="0.00" timeLoss="109.21" rerouteNo="0" devices="tripinfo_119" vType="typeCar@119" speedFactor="1.00" vaporized=""/>
    <tripinfo id="133" depart="221.00" departLane="nc_0" departPos="5.10" departSpeed="9.39" departDelay="134.00" arrival="276.30" arrivalLane="cs_0" arrivalPos="192.80" arrivalSpeed="10.00" duration="55.30" routeLength="394.90" waitingTime="0.10" waitingCount="1" stopTime="0.00" timeLoss="15.76" rerouteNo="0" devices="tripinfo_133" vType="typeCar@133" speedFactor="1.00" vaporized=""/>
    <tripinfo id="135" depart="221.80" departLane="nc_0" departPos="5.10" departSpeed="9.39" departDelay="133.80" arrival="277.30" arrivalLane="cs_0" arrivalPos="192.80" arrivalSpeed="10.00" duration="55.50" routeLength="394.90" waitingTime="0.20" waitingCount="2" stopTime="0.00" timeLoss="16.02" rerouteNo="0" devices="tripinfo_135" vType="typeCar@135" speedFactor="1.00" vaporized=""/>
    <tripinfo id="121" depart="127.40" departLane="wc_0" departPos="5.10" departSpeed="0.40" departDelay="47.40" arrival="278.80" arrivalLane="ce_0" arrivalPos="192.80" arrivalSpeed="10.00" duration="151.40" routeLength="394.90" waitingTime="7.60" waitingCount="68" stopTime="0.00" timeLoss="111.88" rerouteNo="0" devices="tripinfo_121" vType="typeCar@121" speedFactor="1.00" vaporized=""/>
    <tripinfo id="123" depart="136.90" departLane="wc_0" departPos="5.10" departSpeed="2.11" departDelay="55.90" arrival="279.80" arrivalLane="ce_0" arrivalPos="192.80" arrivalSpeed="10.00" duration="142.90" routeLength="394.90" waitingTime="7.00" waitingCount="69" stopTime="0.00" timeLoss="103.43" rerouteNo="0" devices="tripinfo_123" vType="typeCar@123" speedFactor="1.00" vaporized=""/>
    <tripinfo id="137" depart="222.60" departLane="nc_0" departPos="5.10" departSpeed="8.59" departDelay="133.60" arrival="281.40" arrivalLane="cs_0" arrivalPos="192.80" arrivalSpeed="10.00" duration="58.80" routeLength="394.90" waitingTime="0.40" waitingCount="4" stopTime="0.00" timeLoss="19.35" rerouteNo="0" devices="tripinfo_137" vType="typeCar@137" speedFactor="1.00" vaporized=""/>
    <tripinfo id="138" depart="223.30" departLane="nc_0" departPos="5.10" departSpeed="8.29" departDelay="133.30" arrival="282.50" arrivalLane="cs_0" arrivalPos="192.80" arrivalSpeed="10.00" duration="59.20" routeLength="394.90" waitingTime="0.50" waitingCount="5" stopTime="0.00" timeLoss="19.69" rerouteNo="0" devices="tripinfo_138" vType="typeCar@138" speedFactor="1.00" vaporized=""/>
    <tripinfo id="126" depart="142.60" departLane="wc_0" departPos="5.10" departSpeed="0.29" departDelay="59.60" arrival="284.20" arrivalLane="ce_0" arrivalPos="192.80" arrivalSpeed="10.00" duration="141.60" routeLength="394.90" waitingTime="8.00" waitingCount="72" stopTime="0.00" timeLoss="102.04" rerouteNo="0" devices="tripinfo_126" vType="typeCar@126" speedFactor="1.00" vaporized=""/>
    <tripinfo id="128" depart="148.80" departLane="wc_0" departPos="5.10" departSpeed="5.46" departDelay="64.80" arrival="285.20" arrivalLane="ce_0" arrivalPos="192.80" arrivalSpeed="10.00" duration="136.40" routeLength="394.90" waitingTime="6.70" waitingCount="67" stopTime="0.00" timeLoss="96.92" rerouteNo="0" devices="tripinfo_128" vType="typeCar@128" speedFactor="1.00" vaporized=""/>
    <tripinfo id="139" depart="224.20" departLane="nc_0" departPos="5.10" departSpeed="8.59" departDelay="133.20" arrival="286.80" arrivalLane="cs_0" arrivalPos="192.80" arrivalSpeed="10.00" duration="62.60" routeLength="394.90" waitingTime="0.50" waitingCount="5" stopTime="0.00" timeLoss="23.10" rerouteNo="0" devices="tripinfo_139" vType="typeCar@139" speedFactor="1.00" vaporized=""/>
    <tripinfo id="141" depart="225.00" departLane="nc_0" departPos="5.10" departSpeed="6.99" departDelay="133.00" arrival="287.90" arrivalLane="cs_0" arrivalPos="192.80" arrivalSpeed="10.00" duration="62.90" routeLength="394.90" waitingTime="0.40" waitingCount="4" stopTime="0.00" timeLoss="23.37" rerouteNo="0" devices="tripinfo_141" vType="typeCar@141" speedFactor="1.00" vaporized=""/>
    <tripinfo id="131" depart="154.00" departLane="wc_0" departPos="5.10" departSpeed="1.06" departDelay="68.00" arrival="289.40" arrivalLane="ce_0" arrivalPos="192.80" arrivalSpeed="10.00" duration="135.40" routeLength="394.90" waitingTime="6.90" waitingCount="68" stopTime="0.00" timeLoss="95.89" rerouteNo="0" devices="tripinfo_131" vType="typeCar@131" speedFactor="1.00" vaporized=""/>
    <tripinfo id="134" depart="159.80" departLane="wc_0" departPos="5.10" departSpeed="4.50" departDelay="71.80" arrival="290.40" arrivalLane="ce_0" arrivalPos="192.80" arrivalSpeed="10.00" duration="130.60" routeLength="394.90" waitingTime="7.10" waitingCount="71" stopTime="0.00" timeLoss="91.11" rerouteNo="0" devices="tripinfo_134" vType="typeCar@134" speedFactor="1.00" vaporized=""/>
    <tripinfo id="142" depart="226.10" departLane="nc_0" departPos="5.10" departSpeed="3.09" departDelay="133.10" arrival="292.00" arrivalLane="cs_0" arrivalPos="192.80" arrivalSpeed="10.00" duration="65.90" routeLength="394.90" waitingTime="0.90" waitingCount="9" stopTime="0.00" timeLoss="26.37" rerouteNo="0" devices="tripinfo_142" vType="typeCar@142" speedFactor="1.00" vaporized=""/>
    <tripinfo id="144" depart="228.50" departLane="nc_0" departPos="5.10" departSpeed="4.69" departDelay="134.50" arrival="293.10" arrivalLane="cs_0" arrivalPos="192.80" arrivalSpeed="10.00" duration="64.60" routeLength="394.90" waitingTime="0.80" waitingCount="8" stopTime="0.00" timeLoss="25.08" rerouteNo="0" devices="tripinfo_144" vType="typeCar@144" speedFactor="1.00" vaporized=""/>
    <tripinfo id="136" depart="164.50" departLane="wc_0" departPos="5.10" departSpeed="4.20" departDelay="75.50" arrival="294.60" arrivalLane="ce_0" arrivalPos="192.80" arrivalSpeed="10.00" duration="130.10" routeLength="394.90" waitingTime="7.10" waitingCount="71" stopTime="0.00" timeLoss="90.60" rerouteNo="0" devices="tripinfo_136" vType="typeCar@136" speedFactor="1.00" vaporized=""/>
    <tripinfo id="140" depart="170.70" departLane="wc_0" departPos="5.10" departSpeed="3.60" departDelay="78.70" arrival="295.80" arrivalLane="ce_0" arrivalPos="192.80" arrivalSpeed="10.00" duration="125.10" routeLength="394.90" waitingTime="6.00" waitingCount="60" stopTime="0.00" timeLoss="85.57" rerouteNo="0" devices="tripinfo_140" vType="typeCar@140" speedFactor="1.00" vaporized=""/>
    <tripinfo id="146" depart="229.90" departLane="nc_0" departPos="5.10" departSpeed="6.49" departDelay="134.90" arrival="297.30" arrivalLane="cs_0" arrivalPos="192.80" arrivalSpeed="10.00" duration="67.40" routeLength="394.90" waitingTime="0.80" waitingCount="8" stopTime="0.00" timeLoss="27.94" rerouteNo="0" devices="tripinfo_146" vType="typeCar@146" speedFactor="1.00" vaporized=""/>
    <tripinfo id="148" depart="230.90" departLane="nc_0" departPos="5.10" departSpeed="7.89" departDelay="134.90" arrival="298.50" arrivalLane="cs_0" arrivalPos="192.80" arrivalSpeed="10.00" duration="67.60" routeLength="394.90" waitingTime="0.70" waitingCount="7" stopTime="0.00" timeLoss="28.06" rerouteNo="0" devices="tripinfo_148" vType="typeCar@148" speedFactor="1.00" vaporized=""/>
    <tripinfo id="143" depart="175.50" departLane="wc_0" departPos="5.10" departSpeed="2.80" departDelay="81.50" arrival="300.00" arrivalLane="ce_0" arrivalPos="192.80" arrivalSpeed="10.00" duration="124.50" routeLength="394.90" waitingTime="6.30" waitingCount="63" stopTime="0.00" timeLoss="84.95" rerouteNo="0" devices="tripinfo_143" vType="typeCar@143" speedFactor="1.00" vaporized=""/>
    <tripinfo id="145" depart="180.90" departLane="wc_0" departPos="5.10" departSpeed="1.82" departDelay="85.90" arrival="301.10" arrivalLane="ce_0" arrivalPos="192.80" arrivalSpeed="10.00" duration="120.20" routeLength="394.90" waitingTime="6.60" waitingCount="64" stopTime="0.00" timeLoss="80.66" rerouteNo="0" devices="tripinfo_145" vType="typeCar@145" speedFactor="1.00" vaporized=""/>
    <tripinfo id="150" depart="231.80" departLane="nc_0" departPos="5.10" departSpeed="7.39" departDelay="134.80" arrival="302.60" arrivalLane="cs_0" arrivalPos="192.80" arrivalSpeed="10.00" duration="70.80" routeLength="394.90" waitingTime="1.40" waitingCount="14" stopTime="0.00" timeLoss="31.33" rerouteNo="0" devices="tripinfo_150" vType="typeCar@150" speedFactor="1.00" vaporized=""/>
    <tripinfo id="151" depart="232.90" departLane="nc_0" departPos="5.10" departSpeed="1.89" departDelay="134.90" arrival="303.60" arrivalLane="cs_0" arrivalPos="192.80" arrivalSpeed="10.00" duration="70.70" routeLength="394.90" waitingTime="1.30" waitingCount="13" stopTime="0.00" timeLoss="31.18" rerouteNo="0" devices="tripinfo_151" vType="typeCar@151" speedFactor="1.00" vaporized=""/>
    <tripinfo id="147" depart="187.40" departLane="wc_0" departPos="5.10" departSpeed="4.95" departDelay="91.40" arrival="305.20" arrivalLane="ce_0" arrivalPos="192.80" arrivalSpeed="10.00" duration="117.80" routeLength="394.90" waitingTime="6.20" waitingCount="62" stopTime="0.00" timeLoss="78.28" rerouteNo="0" devices="tripinfo_147" vType="typeCar@147" speedFactor="1.00" vaporized=""/>
    <tripinfo id="149" depart="188.70" departLane="wc_0" departPos="5.10" departSpeed="3.25" departDelay="91.70" arrival="306.20" arrivalLane="ce_0" arrivalPos="192.80" arrivalSpeed="10.00" duration="117.50" routeLength="394.90" waitingTime="6.60" waitingCount="66" stopTime="0.00" timeLoss="77.98" rerouteNo="0" devices="tripinfo_149" vType="typeCar@149" speedFactor="1.00" vaporized=""/>
    <tripinfo id="152" depart="235.30" departLane="nc_0" departPos="5.10" departSpeed="5.89" departDelay="136.30" arrival="307.70" arrivalLane="cs_0" arrivalPos="192.80" arrivalSpeed="10.00" duration="72.40" routeLength="394.90" waitingTime="1.50" waitingCount="15" stopTime="0.00" timeLoss="32.96" rerouteNo="0" devices="tripinfo_152" vType="typeCar@152" speedFactor="1.00" vaporized=""/>
</tripinfos>
