<?xml version="1.0" encoding="UTF-8"?>

<!-- generated on 2022-11-30 12:31:33 by Eclipse SUMO sumo Version 1.14.1
<configuration xmlns:xsi="http://www.w3.org/2001/XMLSchema-instance" xsi:noNamespaceSchemaLocation="http://sumo.dlr.de/xsd/sumoConfiguration.xsd">

    <input>
        <net-file value="net.net.xml"/>
        <route-files value="routes.rou.xml"/>
    </input>

    <output>
        <tripinfo-output value="raw_data/(10,3,0)tripinfo.xml"/>
    </output>

    <time>
        <begin value="0"/>
        <step-length value="0.1"/>
    </time>

    <processing>
        <extrapolate-departpos value="true"/>
        <route-steps value="0"/>
        <ignore-route-errors value="true"/>
        <collision.action value="warn"/>
        <collision.stoptime value="1"/>
        <collision.mingap-factor value="0.1"/>
    </processing>

    <report>
        <verbose value="false"/>
        <log value="log.txt"/>
        <duration-log.statistics value="true"/>
        <no-step-log value="true"/>
    </report>

    <traci_server>
        <remote-port value="64192"/>
    </traci_server>

    <gui_only>
        <quit-on-end value="true"/>
        <start value="true"/>
    </gui_only>

</configuration>
-->

<tripinfos xmlns:xsi="http://www.w3.org/2001/XMLSchema-instance" xsi:noNamespaceSchemaLocation="http://sumo.dlr.de/xsd/tripinfo_file.xsd">
    <tripinfo id="0" depart="0.00" departLane="nc_0" departPos="5.10" departSpeed="10.00" departDelay="0.00" arrival="39.50" arrivalLane="cs_0" arrivalPos="192.80" arrivalSpeed="10.00" duration="39.50" routeLength="394.90" waitingTime="0.00" waitingCount="0" stopTime="0.00" timeLoss="0.00" rerouteNo="0" devices="tripinfo_0" vType="typeCar@0" speedFactor="1.00" vaporized=""/>
    <tripinfo id="2" depart="1.00" departLane="nc_0" departPos="5.10" departSpeed="10.00" departDelay="0.00" arrival="40.50" arrivalLane="cs_0" arrivalPos="192.80" arrivalSpeed="10.00" duration="39.50" routeLength="394.90" waitingTime="0.00" waitingCount="0" stopTime="0.00" timeLoss="0.00" rerouteNo="0" devices="tripinfo_2" vType="typeCar@2" speedFactor="1.00" vaporized=""/>
    <tripinfo id="3" depart="2.00" departLane="nc_0" departPos="5.10" departSpeed="10.00" departDelay="0.00" arrival="41.50" arrivalLane="cs_0" arrivalPos="192.80" arrivalSpeed="10.00" duration="39.50" routeLength="394.90" waitingTime="0.00" waitingCount="0" stopTime="0.00" timeLoss="0.00" rerouteNo="0" devices="tripinfo_3" vType="typeCar@3" speedFactor="1.00" vaporized=""/>
    <tripinfo id="4" depart="3.00" departLane="nc_0" departPos="5.10" departSpeed="10.00" departDelay="0.00" arrival="42.50" arrivalLane="cs_0" arrivalPos="192.80" arrivalSpeed="10.00" duration="39.50" routeLength="394.90" waitingTime="0.00" waitingCount="0" stopTime="0.00" timeLoss="0.00" rerouteNo="0" devices="tripinfo_4" vType="typeCar@4" speedFactor="1.00" vaporized=""/>
    <tripinfo id="5" depart="4.00" departLane="nc_0" departPos="5.10" departSpeed="10.00" departDelay="0.00" arrival="43.50" arrivalLane="cs_0" arrivalPos="192.80" arrivalSpeed="10.00" duration="39.50" routeLength="394.90" waitingTime="0.00" waitingCount="0" stopTime="0.00" timeLoss="0.00" rerouteNo="0" devices="tripinfo_5" vType="typeCar@5" speedFactor="1.00" vaporized=""/>
    <tripinfo id="7" depart="5.00" departLane="nc_0" departPos="5.10" departSpeed="10.00" departDelay="0.00" arrival="44.50" arrivalLane="cs_0" arrivalPos="192.80" arrivalSpeed="10.00" duration="39.50" routeLength="394.90" waitingTime="0.00" waitingCount="0" stopTime="0.00" timeLoss="0.00" rerouteNo="0" devices="tripinfo_7" vType="typeCar@7" speedFactor="1.00" vaporized=""/>
    <tripinfo id="9" depart="6.00" departLane="nc_0" departPos="5.10" departSpeed="10.00" departDelay="0.00" arrival="45.50" arrivalLane="cs_0" arrivalPos="192.80" arrivalSpeed="10.00" duration="39.50" routeLength="394.90" waitingTime="0.00" waitingCount="0" stopTime="0.00" timeLoss="0.00" rerouteNo="0" devices="tripinfo_9" vType="typeCar@9" speedFactor="1.00" vaporized=""/>
    <tripinfo id="10" depart="7.00" departLane="nc_0" departPos="5.10" departSpeed="10.00" departDelay="0.00" arrival="46.50" arrivalLane="cs_0" arrivalPos="192.80" arrivalSpeed="10.00" duration="39.50" routeLength="394.90" waitingTime="0.00" waitingCount="0" stopTime="0.00" timeLoss="0.00" rerouteNo="0" devices="tripinfo_10" vType="typeCar@10" speedFactor="1.00" vaporized=""/>
    <tripinfo id="12" depart="8.00" departLane="nc_0" departPos="5.10" departSpeed="10.00" departDelay="0.00" arrival="47.50" arrivalLane="cs_0" arrivalPos="192.80" arrivalSpeed="10.00" duration="39.50" routeLength="394.90" waitingTime="0.00" waitingCount="0" stopTime="0.00" timeLoss="0.00" rerouteNo="0" devices="tripinfo_12" vType="typeCar@12" speedFactor="1.00" vaporized=""/>
    <tripinfo id="13" depart="9.00" departLane="nc_0" departPos="5.10" departSpeed="10.00" departDelay="0.00" arrival="48.50" arrivalLane="cs_0" arrivalPos="192.80" arrivalSpeed="10.00" duration="39.50" routeLength="394.90" waitingTime="0.00" waitingCount="0" stopTime="0.00" timeLoss="0.00" rerouteNo="0" devices="tripinfo_13" vType="typeCar@13" speedFactor="1.00" vaporized=""/>
    <tripinfo id="14" depart="10.00" departLane="nc_0" departPos="5.10" departSpeed="10.00" departDelay="0.00" arrival="49.50" arrivalLane="cs_0" arrivalPos="192.80" arrivalSpeed="10.00" duration="39.50" routeLength="394.90" waitingTime="0.00" waitingCount="0" stopTime="0.00" timeLoss="0.00" rerouteNo="0" devices="tripinfo_14" vType="typeCar@14" speedFactor="1.00" vaporized=""/>
    <tripinfo id="15" depart="11.00" departLane="nc_0" departPos="5.10" departSpeed="10.00" departDelay="0.00" arrival="50.50" arrivalLane="cs_0" arrivalPos="192.80" arrivalSpeed="10.00" duration="39.50" routeLength="394.90" waitingTime="0.00" waitingCount="0" stopTime="0.00" timeLoss="0.00" rerouteNo="0" devices="tripinfo_15" vType="typeCar@15" speedFactor="1.00" vaporized=""/>
    <tripinfo id="16" depart="12.00" departLane="nc_0" departPos="5.10" departSpeed="10.00" departDelay="0.00" arrival="51.50" arrivalLane="cs_0" arrivalPos="192.80" arrivalSpeed="10.00" duration="39.50" routeLength="394.90" waitingTime="0.00" waitingCount="0" stopTime="0.00" timeLoss="0.00" rerouteNo="0" devices="tripinfo_16" vType="typeCar@16" speedFactor="1.00" vaporized=""/>
    <tripinfo id="18" depart="13.00" departLane="nc_0" departPos="5.10" departSpeed="10.00" departDelay="0.00" arrival="52.50" arrivalLane="cs_0" arrivalPos="192.80" arrivalSpeed="10.00" duration="39.50" routeLength="394.90" waitingTime="0.00" waitingCount="0" stopTime="0.00" timeLoss="0.01" rerouteNo="0" devices="tripinfo_18" vType="typeCar@18" speedFactor="1.00" vaporized=""/>
    <tripinfo id="19" depart="14.00" departLane="nc_0" departPos="5.10" departSpeed="10.00" departDelay="0.00" arrival="53.50" arrivalLane="cs_0" arrivalPos="192.80" arrivalSpeed="10.00" duration="39.50" routeLength="394.90" waitingTime="0.00" waitingCount="0" stopTime="0.00" timeLoss="0.01" rerouteNo="0" devices="tripinfo_19" vType="typeCar@19" speedFactor="1.00" vaporized=""/>
    <tripinfo id="20" depart="15.00" departLane="nc_0" departPos="5.10" departSpeed="10.00" departDelay="0.00" arrival="54.50" arrivalLane="cs_0" arrivalPos="192.80" arrivalSpeed="10.00" duration="39.50" routeLength="394.90" waitingTime="0.00" waitingCount="0" stopTime="0.00" timeLoss="0.01" rerouteNo="0" devices="tripinfo_20" vType="typeCar@20" speedFactor="1.00" vaporized=""/>
    <tripinfo id="21" depart="16.00" departLane="nc_0" departPos="5.10" departSpeed="10.00" departDelay="0.00" arrival="55.50" arrivalLane="cs_0" arrivalPos="192.80" arrivalSpeed="10.00" duration="39.50" routeLength="394.90" waitingTime="0.00" waitingCount="0" stopTime="0.00" timeLoss="0.01" rerouteNo="0" devices="tripinfo_21" vType="typeCar@21" speedFactor="1.00" vaporized=""/>
    <tripinfo id="22" depart="17.00" departLane="nc_0" departPos="5.10" departSpeed="10.00" departDelay="0.00" arrival="56.50" arrivalLane="cs_0" arrivalPos="192.80" arrivalSpeed="10.00" duration="39.50" routeLength="394.90" waitingTime="0.00" waitingCount="0" stopTime="0.00" timeLoss="0.01" rerouteNo="0" devices="tripinfo_22" vType="typeCar@22" speedFactor="1.00" vaporized=""/>
    <tripinfo id="23" depart="18.00" departLane="nc_0" departPos="5.10" departSpeed="10.00" departDelay="0.00" arrival="57.50" arrivalLane="cs_0" arrivalPos="192.80" arrivalSpeed="10.00" duration="39.50" routeLength="394.90" waitingTime="0.00" waitingCount="0" stopTime="0.00" timeLoss="0.01" rerouteNo="0" devices="tripinfo_23" vType="typeCar@23" speedFactor="1.00" vaporized=""/>
    <tripinfo id="24" depart="19.00" departLane="nc_0" departPos="5.10" departSpeed="10.00" departDelay="0.00" arrival="58.50" arrivalLane="cs_0" arrivalPos="192.80" arrivalSpeed="10.00" duration="39.50" routeLength="394.90" waitingTime="0.00" waitingCount="0" stopTime="0.00" timeLoss="0.01" rerouteNo="0" devices="tripinfo_24" vType="typeCar@24" speedFactor="1.00" vaporized=""/>
    <tripinfo id="25" depart="20.00" departLane="nc_0" departPos="5.10" departSpeed="10.00" departDelay="0.00" arrival="59.50" arrivalLane="cs_0" arrivalPos="192.80" arrivalSpeed="10.00" duration="39.50" routeLength="394.90" waitingTime="0.00" waitingCount="0" stopTime="0.00" timeLoss="0.01" rerouteNo="0" devices="tripinfo_25" vType="typeCar@25" speedFactor="1.00" vaporized=""/>
    <tripinfo id="27" depart="21.00" departLane="nc_0" departPos="5.10" departSpeed="10.00" departDelay="0.00" arrival="60.50" arrivalLane="cs_0" arrivalPos="192.80" arrivalSpeed="10.00" duration="39.50" routeLength="394.90" waitingTime="0.00" waitingCount="0" stopTime="0.00" timeLoss="0.01" rerouteNo="0" devices="tripinfo_27" vType="typeCar@27" speedFactor="1.00" vaporized=""/>
    <tripinfo id="29" depart="22.00" departLane="nc_0" departPos="5.10" departSpeed="10.00" departDelay="0.00" arrival="61.50" arrivalLane="cs_0" arrivalPos="192.80" arrivalSpeed="10.00" duration="39.50" routeLength="394.90" waitingTime="0.00" waitingCount="0" stopTime="0.00" timeLoss="0.01" rerouteNo="0" devices="tripinfo_29" vType="typeCar@29" speedFactor="1.00" vaporized=""/>
    <tripinfo id="31" depart="23.00" departLane="nc_0" departPos="5.10" departSpeed="10.00" departDelay="0.00" arrival="62.50" arrivalLane="cs_0" arrivalPos="192.80" arrivalSpeed="10.00" duration="39.50" routeLength="394.90" waitingTime="0.00" waitingCount="0" stopTime="0.00" timeLoss="0.01" rerouteNo="0" devices="tripinfo_31" vType="typeCar@31" speedFactor="1.00" vaporized=""/>
    <tripinfo id="32" depart="24.00" departLane="nc_0" departPos="5.10" departSpeed="10.00" departDelay="0.00" arrival="63.50" arrivalLane="cs_0" arrivalPos="192.80" arrivalSpeed="10.00" duration="39.50" routeLength="394.90" waitingTime="0.00" waitingCount="0" stopTime="0.00" timeLoss="0.01" rerouteNo="0" devices="tripinfo_32" vType="typeCar@32" speedFactor="1.00" vaporized=""/>
    <tripinfo id="33" depart="25.00" departLane="nc_0" departPos="5.10" departSpeed="10.00" departDelay="0.00" arrival="64.50" arrivalLane="cs_0" arrivalPos="192.80" arrivalSpeed="10.00" duration="39.50" routeLength="394.90" waitingTime="0.00" waitingCount="0" stopTime="0.00" timeLoss="0.01" rerouteNo="0" devices="tripinfo_33" vType="typeCar@33" speedFactor="1.00" vaporized=""/>
    <tripinfo id="35" depart="26.00" departLane="nc_0" departPos="5.10" departSpeed="10.00" departDelay="0.00" arrival="65.50" arrivalLane="cs_0" arrivalPos="192.80" arrivalSpeed="10.00" duration="39.50" routeLength="394.90" waitingTime="0.00" waitingCount="0" stopTime="0.00" timeLoss="0.01" rerouteNo="0" devices="tripinfo_35" vType="typeCar@35" speedFactor="1.00" vaporized=""/>
    <tripinfo id="36" depart="27.00" departLane="nc_0" departPos="5.10" departSpeed="10.00" departDelay="0.00" arrival="66.50" arrivalLane="cs_0" arrivalPos="192.80" arrivalSpeed="10.00" duration="39.50" routeLength="394.90" waitingTime="0.00" waitingCount="0" stopTime="0.00" timeLoss="0.01" rerouteNo="0" devices="tripinfo_36" vType="typeCar@36" speedFactor="1.00" vaporized=""/>
    <tripinfo id="38" depart="28.00" departLane="nc_0" departPos="5.10" departSpeed="10.00" departDelay="0.00" arrival="67.50" arrivalLane="cs_0" arrivalPos="192.80" arrivalSpeed="10.00" duration="39.50" routeLength="394.90" waitingTime="0.00" waitingCount="0" stopTime="0.00" timeLoss="0.01" rerouteNo="0" devices="tripinfo_38" vType="typeCar@38" speedFactor="1.00" vaporized=""/>
    <tripinfo id="40" depart="29.00" departLane="nc_0" departPos="5.10" departSpeed="10.00" departDelay="0.00" arrival="68.50" arrivalLane="cs_0" arrivalPos="192.80" arrivalSpeed="10.00" duration="39.50" routeLength="394.90" waitingTime="0.00" waitingCount="0" stopTime="0.00" timeLoss="0.01" rerouteNo="0" devices="tripinfo_40" vType="typeCar@40" speedFactor="1.00" vaporized=""/>
    <tripinfo id="41" depart="30.00" departLane="nc_0" departPos="5.10" departSpeed="10.00" departDelay="0.00" arrival="69.50" arrivalLane="cs_0" arrivalPos="192.80" arrivalSpeed="10.00" duration="39.50" routeLength="394.90" waitingTime="0.00" waitingCount="0" stopTime="0.00" timeLoss="0.01" rerouteNo="0" devices="tripinfo_41" vType="typeCar@41" speedFactor="1.00" vaporized=""/>
    <tripinfo id="42" depart="31.00" departLane="nc_0" departPos="5.10" departSpeed="10.00" departDelay="0.00" arrival="70.50" arrivalLane="cs_0" arrivalPos="192.80" arrivalSpeed="10.00" duration="39.50" routeLength="394.90" waitingTime="0.00" waitingCount="0" stopTime="0.00" timeLoss="0.01" rerouteNo="0" devices="tripinfo_42" vType="typeCar@42" speedFactor="1.00" vaporized=""/>
    <tripinfo id="43" depart="32.00" departLane="nc_0" departPos="5.10" departSpeed="10.00" departDelay="0.00" arrival="71.50" arrivalLane="cs_0" arrivalPos="192.80" arrivalSpeed="10.00" duration="39.50" routeLength="394.90" waitingTime="0.00" waitingCount="0" stopTime="0.00" timeLoss="0.01" rerouteNo="0" devices="tripinfo_43" vType="typeCar@43" speedFactor="1.00" vaporized=""/>
    <tripinfo id="45" depart="33.00" departLane="nc_0" departPos="5.10" departSpeed="10.00" departDelay="0.00" arrival="72.50" arrivalLane="cs_0" arrivalPos="192.80" arrivalSpeed="10.00" duration="39.50" routeLength="394.90" waitingTime="0.00" waitingCount="0" stopTime="0.00" timeLoss="0.01" rerouteNo="0" devices="tripinfo_45" vType="typeCar@45" speedFactor="1.00" vaporized=""/>
    <tripinfo id="46" depart="34.00" departLane="nc_0" departPos="5.10" departSpeed="10.00" departDelay="0.00" arrival="74.70" arrivalLane="cs_0" arrivalPos="192.80" arrivalSpeed="10.00" duration="40.70" routeLength="394.90" waitingTime="0.00" waitingCount="0" stopTime="0.00" timeLoss="1.21" rerouteNo="0" devices="tripinfo_46" vType="typeCar@46" speedFactor="1.00" vaporized=""/>
    <tripinfo id="48" depart="35.00" departLane="nc_0" departPos="5.10" departSpeed="10.00" departDelay="0.00" arrival="78.70" arrivalLane="cs_0" arrivalPos="192.80" arrivalSpeed="10.00" duration="43.70" routeLength="394.90" waitingTime="0.00" waitingCount="0" stopTime="0.00" timeLoss="4.13" rerouteNo="0" devices="tripinfo_48" vType="typeCar@48" speedFactor="1.00" vaporized=""/>
    <tripinfo id="49" depart="36.00" departLane="nc_0" departPos="5.10" departSpeed="10.00" departDelay="0.00" arrival="79.70" arrivalLane="cs_0" arrivalPos="192.80" arrivalSpeed="10.00" duration="43.70" routeLength="394.90" waitingTime="0.00" waitingCount="0" stopTime="0.00" timeLoss="4.16" rerouteNo="0" devices="tripinfo_49" vType="typeCar@49" speedFactor="1.00" vaporized=""/>
    <tripinfo id="1" depart="1.00" departLane="wc_0" departPos="5.10" departSpeed="10.00" departDelay="0.00" arrival="82.50" arrivalLane="ce_0" arrivalPos="192.80" arrivalSpeed="10.00" duration="81.50" routeLength="394.90" waitingTime="5.50" waitingCount="1" stopTime="0.00" timeLoss="42.01" rerouteNo="0" devices="tripinfo_1" vType="typeCar@1" speedFactor="1.00" vaporized=""/>
    <tripinfo id="50" depart="37.00" departLane="nc_0" departPos="5.10" departSpeed="10.00" departDelay="0.00" arrival="83.00" arrivalLane="cs_0" arrivalPos="192.80" arrivalSpeed="10.00" duration="46.00" routeLength="394.90" waitingTime="0.00" waitingCount="0" stopTime="0.00" timeLoss="6.45" rerouteNo="0" devices="tripinfo_50" vType="typeCar@50" speedFactor="1.00" vaporized=""/>
    <tripinfo id="6" depart="5.00" departLane="wc_0" departPos="5.10" departSpeed="10.00" departDelay="0.00" arrival="86.00" arrivalLane="ce_0" arrivalPos="192.80" arrivalSpeed="10.00" duration="81.00" routeLength="394.90" waitingTime="3.50" waitingCount="35" stopTime="0.00" timeLoss="41.52" rerouteNo="0" devices="tripinfo_6" vType="typeCar@6" speedFactor="1.00" vaporized=""/>
    <tripinfo id="8" depart="6.00" departLane="wc_0" departPos="5.10" departSpeed="10.00" departDelay="0.00" arrival="93.80" arrivalLane="ce_0" arrivalPos="192.80" arrivalSpeed="10.00" duration="87.80" routeLength="394.90" waitingTime="4.10" waitingCount="41" stopTime="0.00" timeLoss="48.30" rerouteNo="0" devices="tripinfo_8" vType="typeCar@8" speedFactor="1.00" vaporized=""/>
    <tripinfo id="51" depart="38.00" departLane="nc_0" departPos="5.10" departSpeed="10.00" departDelay="0.00" arrival="96.00" arrivalLane="cs_0" arrivalPos="192.80" arrivalSpeed="10.00" duration="58.00" routeLength="394.90" waitingTime="2.60" waitingCount="2" stopTime="0.00" timeLoss="18.45" rerouteNo="0" devices="tripinfo_51" vType="typeCar@51" speedFactor="1.00" vaporized=""/>
    <tripinfo id="53" depart="39.00" departLane="nc_0" departPos="5.10" departSpeed="10.00" departDelay="0.00" arrival="97.10" arrivalLane="cs_0" arrivalPos="192.80" arrivalSpeed="10.00" duration="58.10" routeLength="394.90" waitingTime="0.30" waitingCount="3" stopTime="0.00" timeLoss="18.55" rerouteNo="0" devices="tripinfo_53" vType="typeCar@53" speedFactor="1.00" vaporized=""/>
    <tripinfo id="54" depart="40.00" departLane="nc_0" departPos="5.10" departSpeed="10.00" departDelay="0.00" arrival="99.40" arrivalLane="cs_0" arrivalPos="192.80" arrivalSpeed="10.00" duration="59.40" routeLength="394.90" waitingTime="0.10" waitingCount="1" stopTime="0.00" timeLoss="19.87" rerouteNo="0" devices="tripinfo_54" vType="typeCar@54" speedFactor="1.00" vaporized=""/>
    <tripinfo id="11" depart="8.00" departLane="wc_0" departPos="5.10" departSpeed="10.00" departDelay="0.00" arrival="101.00" arrivalLane="ce_0" arrivalPos="192.80" arrivalSpeed="10.00" duration="93.00" routeLength="394.90" waitingTime="4.80" waitingCount="48" stopTime="0.00" timeLoss="53.48" rerouteNo="0" devices="tripinfo_11" vType="typeCar@11" speedFactor="1.00" vaporized=""/>
    <tripinfo id="17" depart="13.00" departLane="wc_0" departPos="5.10" departSpeed="10.00" departDelay="0.00" arrival="102.10" arrivalLane="ce_0" arrivalPos="192.80" arrivalSpeed="10.00" duration="89.10" routeLength="394.90" waitingTime="4.30" waitingCount="43" stopTime="0.00" timeLoss="49.53" rerouteNo="0" devices="tripinfo_17" vType="typeCar@17" speedFactor="1.00" vaporized=""/>
    <tripinfo id="26" depart="21.00" departLane="wc_0" departPos="5.10" departSpeed="10.00" departDelay="0.00" arrival="104.30" arrivalLane="ce_0" arrivalPos="192.80" arrivalSpeed="10.00" duration="83.30" routeLength="394.90" waitingTime="3.00" waitingCount="30" stopTime="0.00" timeLoss="43.80" rerouteNo="0" devices="tripinfo_26" vType="typeCar@26" speedFactor="1.00" vaporized=""/>
    <tripinfo id="55" depart="41.00" departLane="nc_0" departPos="5.10" departSpeed="10.00" departDelay="0.00" arrival="111.70" arrivalLane="cs_0" arrivalPos="192.80" arrivalSpeed="10.00" duration="70.70" routeLength="394.90" waitingTime="0.10" waitingCount="1" stopTime="0.00" timeLoss="31.20" rerouteNo="0" devices="tripinfo_55" vType="typeCar@55" speedFactor="1.00" vaporized=""/>
    <tripinfo id="56" depart="42.00" departLane="nc_0" departPos="5.10" departSpeed="10.00" departDelay="0.00" arrival="112.60" arrivalLane="cs_0" arrivalPos="192.80" arrivalSpeed="10.00" duration="70.60" routeLength="394.90" waitingTime="0.10" waitingCount="1" stopTime="0.00" timeLoss="31.11" rerouteNo="0" devices="tripinfo_56" vType="typeCar@56" speedFactor="1.00" vaporized=""/>
    <tripinfo id="28" depart="22.00" departLane="wc_0" departPos="5.10" departSpeed="10.00" departDelay="0.00" arrival="114.20" arrivalLane="ce_0" arrivalPos="192.80" arrivalSpeed="10.00" duration="92.20" routeLength="394.90" waitingTime="3.10" waitingCount="31" stopTime="0.00" timeLoss="52.67" rerouteNo="0" devices="tripinfo_28" vType="typeCar@28" speedFactor="1.00" vaporized=""/>
    <tripinfo id="30" depart="23.00" departLane="wc_0" departPos="5.10" departSpeed="10.00" departDelay="0.00" arrival="115.20" arrivalLane="ce_0" arrivalPos="192.80" arrivalSpeed="10.00" duration="92.20" routeLength="394.90" waitingTime="3.00" waitingCount="30" stopTime="0.00" timeLoss="52.67" rerouteNo="0" devices="tripinfo_30" vType="typeCar@30" speedFactor="1.00" vaporized=""/>
    <tripinfo id="57" depart="43.00" departLane="nc_0" departPos="5.10" departSpeed="10.00" departDelay="0.00" arrival="116.70" arrivalLane="cs_0" arrivalPos="192.80" arrivalSpeed="10.00" duration="73.70" routeLength="394.90" waitingTime="0.20" waitingCount="2" stopTime="0.00" timeLoss="34.20" rerouteNo="0" devices="tripinfo_57" vType="typeCar@57" speedFactor="1.00" vaporized=""/>
    <tripinfo id="59" depart="44.00" departLane="nc_0" departPos="5.10" departSpeed="10.00" departDelay="0.00" arrival="118.30" arrivalLane="cs_0" arrivalPos="192.80" arrivalSpeed="10.00" duration="74.30" routeLength="394.90" waitingTime="0.20" waitingCount="2" stopTime="0.00" timeLoss="34.78" rerouteNo="0" devices="tripinfo_59" vType="typeCar@59" speedFactor="1.00" vaporized=""/>
    <tripinfo id="61" depart="45.00" departLane="nc_0" departPos="5.10" departSpeed="10.00" departDelay="0.00" arrival="125.20" arrivalLane="cs_0" arrivalPos="192.80" arrivalSpeed="10.00" duration="80.20" routeLength="394.90" waitingTime="0.20" waitingCount="2" stopTime="0.00" timeLoss="40.71" rerouteNo="0" devices="tripinfo_61" vType="typeCar@61" speedFactor="1.00" vaporized=""/>
    <tripinfo id="62" depart="46.00" departLane="nc_0" departPos="5.10" departSpeed="10.00" departDelay="0.00" arrival="126.10" arrivalLane="cs_0" arrivalPos="192.80" arrivalSpeed="10.00" duration="80.10" routeLength="394.90" waitingTime="0.40" waitingCount="4" stopTime="0.00" timeLoss="40.62" rerouteNo="0" devices="tripinfo_62" vType="typeCar@62" speedFactor="1.00" vaporized=""/>
    <tripinfo id="64" depart="47.00" departLane="nc_0" departPos="5.10" departSpeed="10.00" departDelay="0.00" arrival="127.60" arrivalLane="cs_0" arrivalPos="192.80" arrivalSpeed="10.00" duration="80.60" routeLength="394.90" waitingTime="0.80" waitingCount="8" stopTime="0.00" timeLoss="41.06" rerouteNo="0" devices="tripinfo_64" vType="typeCar@64" speedFactor="1.00" vaporized=""/>
    <tripinfo id="34" depart="26.00" departLane="wc_0" departPos="5.10" departSpeed="10.00" departDelay="0.00" arrival="129.30" arrivalLane="ce_0" arrivalPos="192.80" arrivalSpeed="10.00" duration="103.30" routeLength="394.90" waitingTime="4.30" waitingCount="43" stopTime="0.00" timeLoss="63.79" rerouteNo="0" devices="tripinfo_34" vType="typeCar@34" speedFactor="1.00" vaporized=""/>
    <tripinfo id="37" depart="28.00" departLane="wc_0" departPos="5.10" departSpeed="10.00" departDelay="0.00" arrival="130.40" arrivalLane="ce_0" arrivalPos="192.80" arrivalSpeed="10.00" duration="102.40" routeLength="394.90" waitingTime="4.10" waitingCount="41" stopTime="0.00" timeLoss="62.85" rerouteNo="0" devices="tripinfo_37" vType="typeCar@37" speedFactor="1.00" vaporized=""/>
    <tripinfo id="39" depart="29.00" departLane="wc_0" departPos="5.10" departSpeed="10.00" departDelay="0.00" arrival="132.00" arrivalLane="ce_0" arrivalPos="192.80" arrivalSpeed="10.00" duration="103.00" routeLength="394.90" waitingTime="4.20" waitingCount="42" stopTime="0.00" timeLoss="63.50" rerouteNo="0" devices="tripinfo_39" vType="typeCar@39" speedFactor="1.00" vaporized=""/>
    <tripinfo id="65" depart="48.00" departLane="nc_0" departPos="5.10" departSpeed="10.00" departDelay="0.00" arrival="133.60" arrivalLane="cs_0" arrivalPos="192.80" arrivalSpeed="10.00" duration="85.60" routeLength="394.90" waitingTime="0.90" waitingCount="9" stopTime="0.00" timeLoss="46.08" rerouteNo="0" devices="tripinfo_65" vType="typeCar@65" speedFactor="1.00" vaporized=""/>
    <tripinfo id="66" depart="49.00" departLane="nc_0" departPos="5.10" departSpeed="10.00" departDelay="0.00" arrival="134.70" arrivalLane="cs_0" arrivalPos="192.80" arrivalSpeed="10.00" duration="85.70" routeLength="394.90" waitingTime="1.00" waitingCount="10" stopTime="0.00" timeLoss="46.13" rerouteNo="0" devices="tripinfo_66" vType="typeCar@66" speedFactor="1.00" vaporized=""/>
    <tripinfo id="44" depart="33.00" departLane="wc_0" departPos="5.10" departSpeed="10.00" departDelay="0.00" arrival="136.20" arrivalLane="ce_0" arrivalPos="192.80" arrivalSpeed="10.00" duration="103.20" routeLength="394.90" waitingTime="3.90" waitingCount="39" stopTime="0.00" timeLoss="63.68" rerouteNo="0" devices="tripinfo_44" vType="typeCar@44" speedFactor="1.00" vaporized=""/>
    <tripinfo id="47" depart="35.00" departLane="wc_0" departPos="5.10" departSpeed="10.00" departDelay="0.00" arrival="137.30" arrivalLane="ce_0" arrivalPos="192.80" arrivalSpeed="10.00" duration="102.30" routeLength="394.90" waitingTime="3.60" waitingCount="36" stopTime="0.00" timeLoss="62.74" rerouteNo="0" devices="tripinfo_47" vType="typeCar@47" speedFactor="1.00" vaporized=""/>
    <tripinfo id="68" depart="50.00" departLane="nc_0" departPos="5.10" departSpeed="10.00" departDelay="0.00" arrival="139.40" arrivalLane="cs_0" arrivalPos="192.80" arrivalSpeed="10.00" duration="89.40" routeLength="394.90" waitingTime="1.10" waitingCount="11" stopTime="0.00" timeLoss="49.82" rerouteNo="0" devices="tripinfo_68" vType="typeCar@68" speedFactor="1.00" vaporized=""/>
    <tripinfo id="69" depart="51.00" departLane="nc_0" departPos="5.10" departSpeed="10.00" departDelay="0.00" arrival="140.50" arrivalLane="cs_0" arrivalPos="192.80" arrivalSpeed="10.00" duration="89.50" routeLength="394.90" waitingTime="1.10" waitingCount="11" stopTime="0.00" timeLoss="50.01" rerouteNo="0" devices="tripinfo_69" vType="typeCar@69" speedFactor="1.00" vaporized=""/>
    <tripinfo id="71" depart="52.00" departLane="nc_0" departPos="5.10" departSpeed="10.00" departDelay="0.00" arrival="141.90" arrivalLane="cs_0" arrivalPos="192.80" arrivalSpeed="10.00" duration="89.90" routeLength="394.90" waitingTime="1.30" waitingCount="13" stopTime="0.00" timeLoss="50.38" rerouteNo="0" devices="tripinfo_71" vType="typeCar@71" speedFactor="1.00" vaporized=""/>
    <tripinfo id="52" depart="39.00" departLane="wc_0" departPos="5.10" departSpeed="10.00" departDelay="0.00" arrival="148.40" arrivalLane="ce_0" arrivalPos="192.80" arrivalSpeed="10.00" duration="109.40" routeLength="394.90" waitingTime="3.20" waitingCount="32" stopTime="0.00" timeLoss="69.88" rerouteNo="0" devices="tripinfo_52" vType="typeCar@52" speedFactor="1.00" vaporized=""/>
    <tripinfo id="58" depart="44.00" departLane="wc_0" departPos="5.10" departSpeed="10.00" departDelay="0.00" arrival="150.40" arrivalLane="ce_0" arrivalPos="192.80" arrivalSpeed="10.00" duration="106.40" routeLength="394.90" waitingTime="2.10" waitingCount="21" stopTime="0.00" timeLoss="66.87" rerouteNo="0" devices="tripinfo_58" vType="typeCar@58" speedFactor="1.00" vaporized=""/>
    <tripinfo id="73" depart="53.00" departLane="nc_0" departPos="5.10" departSpeed="10.00" departDelay="0.00" arrival="156.80" arrivalLane="cs_0" arrivalPos="192.80" arrivalSpeed="10.00" duration="103.80" routeLength="394.90" waitingTime="1.40" waitingCount="14" stopTime="0.00" timeLoss="64.30" rerouteNo="0" devices="tripinfo_73" vType="typeCar@73" speedFactor="1.00" vaporized=""/>
    <tripinfo id="74" depart="54.00" departLane="nc_0" departPos="5.10" departSpeed="10.00" departDelay="0.00" arrival="158.00" arrivalLane="cs_0" arrivalPos="192.80" arrivalSpeed="10.00" duration="104.00" routeLength="394.90" waitingTime="1.70" waitingCount="17" stopTime="0.00" timeLoss="64.51" rerouteNo="0" devices="tripinfo_74" vType="typeCar@74" speedFactor="1.00" vaporized=""/>
    <tripinfo id="75" depart="55.00" departLane="nc_0" departPos="5.10" departSpeed="7.50" departDelay="0.00" arrival="158.90" arrivalLane="cs_0" arrivalPos="192.80" arrivalSpeed="10.00" duration="103.90" routeLength="394.90" waitingTime="2.00" waitingCount="20" stopTime="0.00" timeLoss="64.41" rerouteNo="0" devices="tripinfo_75" vType="typeCar@75" speedFactor="1.00" vaporized=""/>
    <tripinfo id="76" depart="56.00" departLane="nc_0" departPos="5.10" departSpeed="4.90" departDelay="0.00" arrival="160.00" arrivalLane="cs_0" arrivalPos="192.80" arrivalSpeed="10.00" duration="104.00" routeLength="394.90" waitingTime="2.40" waitingCount="24" stopTime="0.00" timeLoss="64.46" rerouteNo="0" devices="tripinfo_76" vType="typeCar@76" speedFactor="1.00" vaporized=""/>
    <tripinfo id="77" depart="59.60" departLane="nc_0" departPos="5.10" departSpeed="1.30" departDelay="2.60" arrival="161.10" arrivalLane="cs_0" arrivalPos="192.80" arrivalSpeed="10.00" duration="101.50" routeLength="394.90" waitingTime="2.50" waitingCount="25" stopTime="0.00" timeLoss="61.94" rerouteNo="0" devices="tripinfo_77" vType="typeCar@77" speedFactor="1.00" vaporized=""/>
    <tripinfo id="60" depart="45.00" departLane="wc_0" departPos="5.10" departSpeed="10.00" departDelay="0.00" arrival="162.80" arrivalLane="ce_0" arrivalPos="192.80" arrivalSpeed="10.00" duration="117.80" routeLength="394.90" waitingTime="2.50" waitingCount="25" stopTime="0.00" timeLoss="78.27" rerouteNo="0" devices="tripinfo_60" vType="typeCar@60" speedFactor="1.00" vaporized=""/>
    <tripinfo id="63" depart="47.00" departLane="wc_0" departPos="5.10" departSpeed="10.00" departDelay="0.00" arrival="163.70" arrivalLane="ce_0" arrivalPos="192.80" arrivalSpeed="10.00" duration="116.70" routeLength="394.90" waitingTime="3.70" waitingCount="37" stopTime="0.00" timeLoss="77.13" rerouteNo="0" devices="tripinfo_63" vType="typeCar@63" speedFactor="1.00" vaporized=""/>
    <tripinfo id="79" depart="62.20" departLane="nc_0" departPos="5.10" departSpeed="6.10" departDelay="4.20" arrival="165.20" arrivalLane="cs_0" arrivalPos="192.80" arrivalSpeed="10.00" duration="103.00" routeLength="394.90" waitingTime="2.90" waitingCount="29" stopTime="0.00" timeLoss="63.49" rerouteNo="0" devices="tripinfo_79" vType="typeCar@79" speedFactor="1.00" vaporized=""/>
    <tripinfo id="80" depart="63.20" departLane="nc_0" departPos="5.10" departSpeed="7.50" departDelay="4.20" arrival="166.20" arrivalLane="cs_0" arrivalPos="192.80" arrivalSpeed="10.00" duration="103.00" routeLength="394.90" waitingTime="3.50" waitingCount="35" stopTime="0.00" timeLoss="63.50" rerouteNo="0" devices="tripinfo_80" vType="typeCar@80" speedFactor="1.00" vaporized=""/>
    <tripinfo id="81" depart="64.50" departLane="nc_0" departPos="5.10" departSpeed="1.80" departDelay="4.50" arrival="167.70" arrivalLane="cs_0" arrivalPos="192.80" arrivalSpeed="10.00" duration="103.20" routeLength="394.90" waitingTime="4.10" waitingCount="41" stopTime="0.00" timeLoss="63.73" rerouteNo="0" devices="tripinfo_81" vType="typeCar@81" speedFactor="1.00" vaporized=""/>
    <tripinfo id="82" depart="69.10" departLane="nc_0" departPos="5.10" departSpeed="4.40" departDelay="8.10" arrival="169.30" arrivalLane="cs_0" arrivalPos="192.80" arrivalSpeed="10.00" duration="100.20" routeLength="394.90" waitingTime="4.30" waitingCount="43" stopTime="0.00" timeLoss="60.68" rerouteNo="0" devices="tripinfo_82" vType="typeCar@82" speedFactor="1.00" vaporized=""/>
    <tripinfo id="84" depart="75.90" departLane="nc_0" departPos="5.10" departSpeed="1.60" departDelay="13.90" arrival="170.40" arrivalLane="cs_0" arrivalPos="192.80" arrivalSpeed="10.00" duration="94.50" routeLength="394.90" waitingTime="3.90" waitingCount="34" stopTime="0.00" timeLoss="54.97" rerouteNo="0" devices="tripinfo_84" vType="typeCar@84" speedFactor="1.00" vaporized=""/>
    <tripinfo id="67" depart="50.00" departLane="wc_0" departPos="5.10" departSpeed="10.00" departDelay="0.00" arrival="172.10" arrivalLane="ce_0" arrivalPos="192.80" arrivalSpeed="10.00" duration="122.10" routeLength="394.90" waitingTime="3.60" waitingCount="36" stopTime="0.00" timeLoss="82.55" rerouteNo="0" devices="tripinfo_67" vType="typeCar@67" speedFactor="1.00" vaporized=""/>
    <tripinfo id="86" depart="83.50" departLane="nc_0" departPos="5.10" departSpeed="3.20" departDelay="20.50" arrival="174.40" arrivalLane="cs_0" arrivalPos="192.80" arrivalSpeed="10.00" duration="90.90" routeLength="394.90" waitingTime="3.60" waitingCount="36" stopTime="0.00" timeLoss="51.35" rerouteNo="0" devices="tripinfo_86" vType="typeCar@86" speedFactor="1.00" vaporized=""/>
    <tripinfo id="87" depart="89.30" departLane="nc_0" departPos="5.10" departSpeed="4.60" departDelay="25.30" arrival="176.40" arrivalLane="cs_0" arrivalPos="192.80" arrivalSpeed="10.00" duration="87.10" routeLength="394.90" waitingTime="3.40" waitingCount="34" stopTime="0.00" timeLoss="47.57" rerouteNo="0" devices="tripinfo_87" vType="typeCar@87" speedFactor="1.00" vaporized=""/>
    <tripinfo id="88" depart="94.80" departLane="nc_0" departPos="5.10" departSpeed="1.10" departDelay="29.80" arrival="177.40" arrivalLane="cs_0" arrivalPos="192.80" arrivalSpeed="10.00" duration="82.60" routeLength="394.90" waitingTime="3.90" waitingCount="31" stopTime="0.00" timeLoss="43.07" rerouteNo="0" devices="tripinfo_88" vType="typeCar@88" speedFactor="1.00" vaporized=""/>
    <tripinfo id="89" depart="99.40" departLane="nc_0" departPos="5.10" departSpeed="5.71" departDelay="33.40" arrival="179.40" arrivalLane="cs_0" arrivalPos="192.80" arrivalSpeed="10.00" duration="80.00" routeLength="394.90" waitingTime="2.50" waitingCount="25" stopTime="0.00" timeLoss="40.52" rerouteNo="0" devices="tripinfo_89" vType="typeCar@89" speedFactor="1.00" vaporized=""/>
    <tripinfo id="91" depart="100.50" departLane="nc_0" departPos="5.10" departSpeed="7.41" departDelay="33.50" arrival="180.30" arrivalLane="cs_0" arrivalPos="192.80" arrivalSpeed="10.00" duration="79.80" routeLength="394.90" waitingTime="2.80" waitingCount="28" stopTime="0.00" timeLoss="40.34" rerouteNo="0" devices="tripinfo_91" vType="typeCar@91" speedFactor="1.00" vaporized=""/>
    <tripinfo id="93" depart="101.40" departLane="nc_0" departPos="5.10" departSpeed="6.91" departDelay="33.40" arrival="182.00" arrivalLane="cs_0" arrivalPos="192.80" arrivalSpeed="10.00" duration="80.60" routeLength="394.90" waitingTime="2.70" waitingCount="27" stopTime="0.00" timeLoss="41.15" rerouteNo="0" devices="tripinfo_93" vType="typeCar@93" speedFactor="1.00" vaporized=""/>
    <tripinfo id="94" depart="103.40" departLane="nc_0" departPos="5.10" departSpeed="0.11" departDelay="34.40" arrival="183.30" arrivalLane="cs_0" arrivalPos="192.80" arrivalSpeed="10.00" duration="79.90" routeLength="394.90" waitingTime="4.10" waitingCount="28" stopTime="0.00" timeLoss="40.41" rerouteNo="0" devices="tripinfo_94" vType="typeCar@94" speedFactor="1.00" vaporized=""/>
    <tripinfo id="95" depart="115.30" departLane="nc_0" departPos="5.10" departSpeed="3.43" departDelay="45.30" arrival="185.00" arrivalLane="cs_0" arrivalPos="192.80" arrivalSpeed="10.00" duration="69.70" routeLength="394.90" waitingTime="1.70" waitingCount="17" stopTime="0.00" timeLoss="30.19" rerouteNo="0" devices="tripinfo_95" vType="typeCar@95" speedFactor="1.00" vaporized=""/>
    <tripinfo id="97" depart="117.10" departLane="nc_0" departPos="5.10" departSpeed="5.63" departDelay="46.10" arrival="186.10" arrivalLane="cs_0" arrivalPos="192.80" arrivalSpeed="10.00" duration="69.00" routeLength="394.90" waitingTime="1.70" waitingCount="17" stopTime="0.00" timeLoss="29.49" rerouteNo="0" devices="tripinfo_97" vType="typeCar@97" speedFactor="1.00" vaporized=""/>
    <tripinfo id="98" depart="118.20" departLane="nc_0" departPos="5.10" departSpeed="5.73" departDelay="46.20" arrival="188.00" arrivalLane="cs_0" arrivalPos="192.80" arrivalSpeed="10.00" duration="69.80" routeLength="394.90" waitingTime="1.70" waitingCount="17" stopTime="0.00" timeLoss="30.30" rerouteNo="0" devices="tripinfo_98" vType="typeCar@98" speedFactor="1.00" vaporized=""/>
    <tripinfo id="99" depart="124.10" departLane="nc_0" departPos="5.10" departSpeed="0.23" departDelay="51.10" arrival="189.00" arrivalLane="cs_0" arrivalPos="192.80" arrivalSpeed="10.00" duration="64.90" routeLength="394.90" waitingTime="1.50" waitingCount="11" stopTime="0.00" timeLoss="25.33" rerouteNo="0" devices="tripinfo_99" vType="typeCar@99" speedFactor="1.00" vaporized=""/>
    <tripinfo id="101" depart="127.10" departLane="nc_0" departPos="5.10" departSpeed="5.90" departDelay="53.10" arrival="190.80" arrivalLane="cs_0" arrivalPos="192.80" arrivalSpeed="10.00" duration="63.70" routeLength="394.90" waitingTime="1.30" waitingCount="13" stopTime="0.00" timeLoss="24.22" rerouteNo="0" devices="tripinfo_101" vType="typeCar@101" speedFactor="1.00" vaporized=""/>
    <tripinfo id="102" depart="128.20" departLane="nc_0" departPos="5.10" departSpeed="6.00" departDelay="53.20" arrival="192.00" arrivalLane="cs_0" arrivalPos="192.80" arrivalSpeed="10.00" duration="63.80" routeLength="394.90" waitingTime="1.40" waitingCount="14" stopTime="0.00" timeLoss="24.37" rerouteNo="0" devices="tripinfo_102" vType="typeCar@102" speedFactor="1.00" vaporized=""/>
    <tripinfo id="103" depart="132.10" departLane="nc_0" departPos="5.10" departSpeed="0.10" departDelay="56.10" arrival="194.00" arrivalLane="cs_0" arrivalPos="192.80" arrivalSpeed="10.00" duration="61.90" routeLength="394.90" waitingTime="2.20" waitingCount="12" stopTime="0.00" timeLoss="22.39" rerouteNo="0" devices="tripinfo_103" vType="typeCar@103" speedFactor="1.00" vaporized=""/>
    <tripinfo id="105" depart="136.50" departLane="nc_0" departPos="5.10" departSpeed="5.71" departDelay="59.50" arrival="194.90" arrivalLane="cs_0" arrivalPos="192.80" arrivalSpeed="10.00" duration="58.40" routeLength="394.90" waitingTime="0.90" waitingCount="9" stopTime="0.00" timeLoss="18.89" rerouteNo="0" devices="tripinfo_105" vType="typeCar@105" speedFactor="1.00" vaporized=""/>
    <tripinfo id="106" depart="143.30" departLane="nc_0" departPos="5.10" departSpeed="1.31" departDelay="65.30" arrival="195.90" arrivalLane="cs_0" arrivalPos="192.80" arrivalSpeed="10.00" duration="52.60" routeLength="394.90" waitingTime="0.10" waitingCount="1" stopTime="0.00" timeLoss="13.08" rerouteNo="0" devices="tripinfo_106" vType="typeCar@106" speedFactor="1.00" vaporized=""/>
    <tripinfo id="108" depart="145.90" departLane="nc_0" departPos="5.10" departSpeed="6.10" departDelay="66.90" arrival="197.00" arrivalLane="cs_0" arrivalPos="192.80" arrivalSpeed="10.00" duration="51.10" routeLength="394.90" waitingTime="0.20" waitingCount="2" stopTime="0.00" timeLoss="11.66" rerouteNo="0" devices="tripinfo_108" vType="typeCar@108" speedFactor="1.00" vaporized=""/>
    <tripinfo id="110" depart="146.90" departLane="nc_0" departPos="5.10" departSpeed="5.90" departDelay="66.90" arrival="198.10" arrivalLane="cs_0" arrivalPos="192.80" arrivalSpeed="10.00" duration="51.20" routeLength="394.90" waitingTime="0.20" waitingCount="2" stopTime="0.00" timeLoss="11.70" rerouteNo="0" devices="tripinfo_110" vType="typeCar@110" speedFactor="1.00" vaporized=""/>
    <tripinfo id="112" depart="150.60" departLane="nc_0" departPos="5.10" departSpeed="2.60" departDelay="69.60" arrival="199.10" arrivalLane="cs_0" arrivalPos="192.80" arrivalSpeed="10.00" duration="48.50" routeLength="394.90" waitingTime="0.10" waitingCount="1" stopTime="0.00" timeLoss="8.97" rerouteNo="0" devices="tripinfo_112" vType="typeCar@112" speedFactor="1.00" vaporized=""/>
    <tripinfo id="113" depart="153.00" departLane="nc_0" departPos="5.10" departSpeed="5.80" departDelay="71.00" arrival="200.10" arrivalLane="cs_0" arrivalPos="192.80" arrivalSpeed="10.00" duration="47.10" routeLength="394.90" waitingTime="0.00" waitingCount="0" stopTime="0.00" timeLoss="7.61" rerouteNo="0" devices="tripinfo_113" vType="typeCar@113" speedFactor="1.00" vaporized=""/>
    <tripinfo id="70" depart="52.00" departLane="wc_0" departPos="5.10" departSpeed="10.00" departDelay="0.00" arrival="202.30" arrivalLane="ce_0" arrivalPos="192.80" arrivalSpeed="10.00" duration="150.30" routeLength="394.90" waitingTime="4.30" waitingCount="43" stopTime="0.00" timeLoss="110.77" rerouteNo="0" devices="tripinfo_70" vType="typeCar@70" speedFactor="1.00" vaporized=""/>
    <tripinfo id="72" depart="53.00" departLane="wc_0" departPos="5.10" departSpeed="10.00" departDelay="0.00" arrival="203.50" arrivalLane="ce_0" arrivalPos="192.80" arrivalSpeed="10.00" duration="150.50" routeLength="394.90" waitingTime="6.80" waitingCount="68" stopTime="0.00" timeLoss="110.94" rerouteNo="0" devices="tripinfo_72" vType="typeCar@72" speedFactor="1.00" vaporized=""/>
    <tripinfo id="115" depart="154.10" departLane="nc_0" departPos="5.10" departSpeed="7.50" departDelay="71.10" arrival="204.90" arrivalLane="cs_0" arrivalPos="192.80" arrivalSpeed="10.00" duration="50.80" routeLength="394.90" waitingTime="0.00" waitingCount="0" stopTime="0.00" timeLoss="11.28" rerouteNo="0" devices="tripinfo_115" vType="typeCar@115" speedFactor="1.00" vaporized=""/>
    <tripinfo id="117" depart="155.00" departLane="nc_0" departPos="5.10" departSpeed="8.60" departDelay="71.00" arrival="205.90" arrivalLane="cs_0" arrivalPos="192.80" arrivalSpeed="10.00" duration="50.90" routeLength="394.90" waitingTime="0.00" waitingCount="0" stopTime="0.00" timeLoss="11.42" rerouteNo="0" devices="tripinfo_117" vType="typeCar@117" speedFactor="1.00" vaporized=""/>
    <tripinfo id="78" depart="58.00" departLane="wc_0" departPos="5.10" departSpeed="0.80" departDelay="0.00" arrival="207.50" arrivalLane="ce_0" arrivalPos="192.80" arrivalSpeed="10.00" duration="149.50" routeLength="394.90" waitingTime="5.40" waitingCount="54" stopTime="0.00" timeLoss="109.99" rerouteNo="0" devices="tripinfo_78" vType="typeCar@78" speedFactor="1.00" vaporized=""/>
    <tripinfo id="83" depart="62.00" departLane="wc_0" departPos="5.10" departSpeed="9.00" departDelay="0.00" arrival="208.60" arrivalLane="ce_0" arrivalPos="192.80" arrivalSpeed="10.00" duration="146.60" routeLength="394.90" waitingTime="6.60" waitingCount="66" stopTime="0.00" timeLoss="107.04" rerouteNo="0" devices="tripinfo_83" vType="typeCar@83" speedFactor="1.00" vaporized=""/>
    <tripinfo id="118" depart="155.80" departLane="nc_0" departPos="5.10" departSpeed="7.00" departDelay="70.80" arrival="210.20" arrivalLane="cs_0" arrivalPos="192.80" arrivalSpeed="10.00" duration="54.40" routeLength="394.90" waitingTime="0.00" waitingCount="0" stopTime="0.00" timeLoss="14.92" rerouteNo="0" devices="tripinfo_118" vType="typeCar@118" speedFactor="1.00" vaporized=""/>
    <tripinfo id="119" depart="157.10" departLane="nc_0" departPos="5.10" departSpeed="0.50" departDelay="71.10" arrival="211.20" arrivalLane="cs_0" arrivalPos="192.80" arrivalSpeed="10.00" duration="54.10" routeLength="394.90" waitingTime="0.50" waitingCount="2" stopTime="0.00" timeLoss="14.58" rerouteNo="0" devices="tripinfo_119" vType="typeCar@119" speedFactor="1.00" vaporized=""/>
    <tripinfo id="85" depart="63.00" departLane="wc_0" departPos="5.10" departSpeed="10.00" departDelay="0.00" arrival="212.70" arrivalLane="ce_0" arrivalPos="192.80" arrivalSpeed="10.00" duration="149.70" routeLength="394.90" waitingTime="5.70" waitingCount="57" stopTime="0.00" timeLoss="110.20" rerouteNo="0" devices="tripinfo_85" vType="typeCar@85" speedFactor="1.00" vaporized=""/>
    <tripinfo id="90" depart="67.00" departLane="wc_0" departPos="5.10" departSpeed="0.10" departDelay="0.00" arrival="213.80" arrivalLane="ce_0" arrivalPos="192.80" arrivalSpeed="10.00" duration="146.80" routeLength="394.90" waitingTime="5.50" waitingCount="55" stopTime="0.00" timeLoss="107.32" rerouteNo="0" devices="tripinfo_90" vType="typeCar@90" speedFactor="1.00" vaporized=""/>
    <tripinfo id="120" depart="160.00" departLane="nc_0" departPos="5.10" departSpeed="5.90" departDelay="73.00" arrival="215.40" arrivalLane="cs_0" arrivalPos="192.80" arrivalSpeed="10.00" duration="55.40" routeLength="394.90" waitingTime="0.20" waitingCount="2" stopTime="0.00" timeLoss="15.85" rerouteNo="0" devices="tripinfo_120" vType="typeCar@120" speedFactor="1.00" vaporized=""/>
    <tripinfo id="122" depart="161.10" departLane="nc_0" departPos="5.10" departSpeed="7.60" departDelay="73.10" arrival="216.40" arrivalLane="cs_0" arrivalPos="192.80" arrivalSpeed="10.00" duration="55.30" routeLength="394.90" waitingTime="0.20" waitingCount="2" stopTime="0.00" timeLoss="15.80" rerouteNo="0" devices="tripinfo_122" vType="typeCar@122" speedFactor="1.00" vaporized=""/>
    <tripinfo id="92" depart="69.00" departLane="wc_0" departPos="5.10" departSpeed="6.10" departDelay="1.00" arrival="218.00" arrivalLane="ce_0" arrivalPos="192.80" arrivalSpeed="10.00" duration="149.00" routeLength="394.90" waitingTime="5.20" waitingCount="52" stopTime="0.00" timeLoss="109.54" rerouteNo="0" devices="tripinfo_92" vType="typeCar@92" speedFactor="1.00" vaporized=""/>
    <tripinfo id="96" depart="71.00" departLane="wc_0" departPos="5.10" departSpeed="0.10" departDelay="0.00" arrival="219.10" arrivalLane="ce_0" arrivalPos="192.80" arrivalSpeed="10.00" duration="148.10" routeLength="394.90" waitingTime="8.00" waitingCount="80" stopTime="0.00" timeLoss="108.59" rerouteNo="0" devices="tripinfo_96" vType="typeCar@96" speedFactor="1.00" vaporized=""/>
    <tripinfo id="123" depart="162.00" departLane="nc_0" departPos="5.10" departSpeed="8.70" departDelay="73.00" arrival="220.70" arrivalLane="cs_0" arrivalPos="192.80" arrivalSpeed="10.00" duration="58.70" routeLength="394.90" waitingTime="0.30" waitingCount="3" stopTime="0.00" timeLoss="19.18" rerouteNo="0" devices="tripinfo_123" vType="typeCar@123" speedFactor="1.00" vaporized=""/>
    <tripinfo id="124" depart="162.80" departLane="nc_0" departPos="5.10" departSpeed="9.50" departDelay="72.80" arrival="221.70" arrivalLane="cs_0" arrivalPos="192.80" arrivalSpeed="10.00" duration="58.90" routeLength="394.90" waitingTime="0.40" waitingCount="4" stopTime="0.00" timeLoss="19.43" rerouteNo="0" devices="tripinfo_124" vType="typeCar@124" speedFactor="1.00" vaporized=""/>
    <tripinfo id="100" depart="80.10" departLane="wc_0" departPos="5.10" departSpeed="1.80" departDelay="6.10" arrival="223.30" arrivalLane="ce_0" arrivalPos="192.80" arrivalSpeed="10.00" duration="143.20" routeLength="394.90" waitingTime="7.10" waitingCount="71" stopTime="0.00" timeLoss="103.66" rerouteNo="0" devices="tripinfo_100" vType="typeCar@100" speedFactor="1.00" vaporized=""/>
    <tripinfo id="104" depart="85.70" departLane="wc_0" departPos="5.10" departSpeed="4.20" departDelay="8.70" arrival="224.40" arrivalLane="ce_0" arrivalPos="192.80" arrivalSpeed="10.00" duration="138.70" routeLength="394.90" waitingTime="7.50" waitingCount="75" stopTime="0.00" timeLoss="99.18" rerouteNo="0" devices="tripinfo_104" vType="typeCar@104" speedFactor="1.00" vaporized=""/>
    <tripinfo id="125" depart="163.50" departLane="nc_0" departPos="5.10" departSpeed="9.20" departDelay="72.50" arrival="226.00" arrivalLane="cs_0" arrivalPos="192.80" arrivalSpeed="10.00" duration="62.50" routeLength="394.90" waitingTime="0.70" waitingCount="7" stopTime="0.00" timeLoss="22.98" rerouteNo="0" devices="tripinfo_125" vType="typeCar@125" speedFactor="1.00" vaporized=""/>
    <tripinfo id="126" depart="164.30" departLane="nc_0" departPos="5.10" departSpeed="8.40" departDelay="72.30" arrival="227.00" arrivalLane="cs_0" arrivalPos="192.80" arrivalSpeed="10.00" duration="62.70" routeLength="394.90" waitingTime="0.70" waitingCount="7" stopTime="0.00" timeLoss="23.21" rerouteNo="0" devices="tripinfo_126" vType="typeCar@126" speedFactor="1.00" vaporized=""/>
    <tripinfo id="107" depart="90.00" departLane="wc_0" departPos="5.10" departSpeed="3.50" departDelay="11.00" arrival="228.50" arrivalLane="ce_0" arrivalPos="192.80" arrivalSpeed="10.00" duration="138.50" routeLength="394.90" waitingTime="7.20" waitingCount="72" stopTime="0.00" timeLoss="98.98" rerouteNo="0" devices="tripinfo_107" vType="typeCar@107" speedFactor="1.00" vaporized=""/>
    <tripinfo id="109" depart="96.60" departLane="wc_0" departPos="5.10" departSpeed="4.05" departDelay="16.60" arrival="229.60" arrivalLane="ce_0" arrivalPos="192.80" arrivalSpeed="10.00" duration="133.00" routeLength="394.90" waitingTime="6.50" waitingCount="65" stopTime="0.00" timeLoss="93.45" rerouteNo="0" devices="tripinfo_109" vType="typeCar@109" speedFactor="1.00" vaporized=""/>
    <tripinfo id="127" depart="165.10" departLane="nc_0" departPos="5.10" departSpeed="8.40" departDelay="72.10" arrival="231.10" arrivalLane="cs_0" arrivalPos="192.80" arrivalSpeed="10.00" duration="66.00" routeLength="394.90" waitingTime="1.20" waitingCount="12" stopTime="0.00" timeLoss="26.57" rerouteNo="0" devices="tripinfo_127" vType="typeCar@127" speedFactor="1.00" vaporized=""/>
    <tripinfo id="129" depart="165.90" departLane="nc_0" departPos="5.10" departSpeed="5.20" departDelay="71.90" arrival="232.20" arrivalLane="cs_0" arrivalPos="192.80" arrivalSpeed="10.00" duration="66.30" routeLength="394.90" waitingTime="1.20" waitingCount="12" stopTime="0.00" timeLoss="26.78" rerouteNo="0" devices="tripinfo_129" vType="typeCar@129" speedFactor="1.00" vaporized=""/>
    <tripinfo id="111" depart="102.20" departLane="wc_0" departPos="5.10" departSpeed="2.45" departDelay="21.20" arrival="233.70" arrivalLane="ce_0" arrivalPos="192.80" arrivalSpeed="10.00" duration="131.50" routeLength="394.90" waitingTime="6.00" waitingCount="60" stopTime="0.00" timeLoss="92.04" rerouteNo="0" devices="tripinfo_111" vType="typeCar@111" speedFactor="1.00" vaporized=""/>
    <tripinfo id="114" depart="107.80" departLane="wc_0" departPos="5.10" departSpeed="1.55" departDelay="24.80" arrival="234.80" arrivalLane="ce_0" arrivalPos="192.80" arrivalSpeed="10.00" duration="127.00" routeLength="394.90" waitingTime="6.00" waitingCount="60" stopTime="0.00" timeLoss="87.49" rerouteNo="0" devices="tripinfo_114" vType="typeCar@114" speedFactor="1.00" vaporized=""/>
    <tripinfo id="130" depart="168.60" departLane="nc_0" departPos="5.10" departSpeed="4.50" departDelay="73.60" arrival="236.40" arrivalLane="cs_0" arrivalPos="192.80" arrivalSpeed="10.00" duration="67.80" routeLength="394.90" waitingTime="1.20" waitingCount="12" stopTime="0.00" timeLoss="28.25" rerouteNo="0" devices="tripinfo_130" vType="typeCar@130" speedFactor="1.00" vaporized=""/>
    <tripinfo id="132" depart="170.00" departLane="nc_0" departPos="5.10" departSpeed="6.30" departDelay="74.00" arrival="237.40" arrivalLane="cs_0" arrivalPos="192.80" arrivalSpeed="10.00" duration="67.40" routeLength="394.90" waitingTime="1.10" waitingCount="11" stopTime="0.00" timeLoss="27.87" rerouteNo="0" devices="tripinfo_132" vType="typeCar@132" speedFactor="1.00" vaporized=""/>
    <tripinfo id="116" depart="114.40" departLane="wc_0" departPos="5.10" departSpeed="4.98" departDelay="30.40" arrival="239.00" arrivalLane="ce_0" arrivalPos="192.80" arrivalSpeed="10.00" duration="124.60" routeLength="394.90" waitingTime="5.60" waitingCount="56" stopTime="0.00" timeLoss="85.08" rerouteNo="0" devices="tripinfo_116" vType="typeCar@116" speedFactor="1.00" vaporized=""/>
    <tripinfo id="121" depart="118.70" departLane="wc_0" departPos="5.10" departSpeed="3.48" departDelay="30.70" arrival="240.10" arrivalLane="ce_0" arrivalPos="192.80" arrivalSpeed="10.00" duration="121.40" routeLength="394.90" waitingTime="6.10" waitingCount="61" stopTime="0.00" timeLoss="81.83" rerouteNo="0" devices="tripinfo_121" vType="typeCar@121" speedFactor="1.00" vaporized=""/>
    <tripinfo id="133" depart="171.00" departLane="nc_0" departPos="5.10" departSpeed="7.70" departDelay="74.00" arrival="241.60" arrivalLane="cs_0" arrivalPos="192.80" arrivalSpeed="10.00" duration="70.60" routeLength="394.90" waitingTime="1.40" waitingCount="14" stopTime="0.00" timeLoss="31.09" rerouteNo="0" devices="tripinfo_133" vType="typeCar@133" speedFactor="1.00" vaporized=""/>
    <tripinfo id="134" depart="171.90" departLane="nc_0" departPos="5.10" departSpeed="7.20" departDelay="73.90" arrival="242.70" arrivalLane="cs_0" arrivalPos="192.80" arrivalSpeed="10.00" duration="70.80" routeLength="394.90" waitingTime="1.60" waitingCount="16" stopTime="0.00" timeLoss="31.27" rerouteNo="0" devices="tripinfo_134" vType="typeCar@134" speedFactor="1.00" vaporized=""/>
    <tripinfo id="128" depart="120.50" departLane="wc_0" departPos="5.10" departSpeed="5.68" departDelay="26.50" arrival="244.20" arrivalLane="ce_0" arrivalPos="192.80" arrivalSpeed="10.00" duration="123.70" routeLength="394.90" waitingTime="6.70" waitingCount="67" stopTime="0.00" timeLoss="84.17" rerouteNo="0" devices="tripinfo_128" vType="typeCar@128" speedFactor="1.00" vaporized=""/>
    <tripinfo id="131" depart="121.60" departLane="wc_0" departPos="5.10" departSpeed="7.38" departDelay="25.60" arrival="245.40" arrivalLane="ce_0" arrivalPos="192.80" arrivalSpeed="10.00" duration="123.80" routeLength="394.90" waitingTime="6.80" waitingCount="68" stopTime="0.00" timeLoss="84.27" rerouteNo="0" devices="tripinfo_131" vType="typeCar@131" speedFactor="1.00" vaporized=""/>
    <tripinfo id="135" depart="173.20" departLane="nc_0" departPos="5.10" departSpeed="0.70" departDelay="74.20" arrival="247.00" arrivalLane="cs_0" arrivalPos="192.80" arrivalSpeed="10.00" duration="73.80" routeLength="394.90" waitingTime="2.80" waitingCount="17" stopTime="0.00" timeLoss="34.27" rerouteNo="0" devices="tripinfo_135" vType="typeCar@135" speedFactor="1.00" vaporized=""/>
</tripinfos>
