<?xml version="1.0" encoding="UTF-8"?>

<!-- generated on 2022-11-30 12:07:05 by Eclipse SUMO sumo Version 1.14.1
<configuration xmlns:xsi="http://www.w3.org/2001/XMLSchema-instance" xsi:noNamespaceSchemaLocation="http://sumo.dlr.de/xsd/sumoConfiguration.xsd">

    <input>
        <net-file value="net.net.xml"/>
        <route-files value="routes.rou.xml"/>
    </input>

    <output>
        <tripinfo-output value="raw_data/(3,10,0)tripinfo.xml"/>
    </output>

    <time>
        <begin value="0"/>
        <step-length value="0.1"/>
    </time>

    <processing>
        <extrapolate-departpos value="true"/>
        <route-steps value="0"/>
        <ignore-route-errors value="true"/>
        <collision.action value="warn"/>
        <collision.stoptime value="1"/>
        <collision.mingap-factor value="0.1"/>
    </processing>

    <report>
        <verbose value="false"/>
        <log value="log.txt"/>
        <duration-log.statistics value="true"/>
        <no-step-log value="true"/>
    </report>

    <traci_server>
        <remote-port value="61770"/>
    </traci_server>

    <gui_only>
        <quit-on-end value="true"/>
        <start value="true"/>
    </gui_only>

</configuration>
-->

<tripinfos xmlns:xsi="http://www.w3.org/2001/XMLSchema-instance" xsi:noNamespaceSchemaLocation="http://sumo.dlr.de/xsd/tripinfo_file.xsd">
    <tripinfo id="0" depart="0.00" departLane="wc_0" departPos="5.10" departSpeed="10.00" departDelay="0.00" arrival="39.50" arrivalLane="ce_0" arrivalPos="192.80" arrivalSpeed="10.00" duration="39.50" routeLength="394.90" waitingTime="0.00" waitingCount="0" stopTime="0.00" timeLoss="0.00" rerouteNo="0" devices="tripinfo_0" vType="typeCar@0" speedFactor="1.00" vaporized=""/>
    <tripinfo id="2" depart="1.00" departLane="wc_0" departPos="5.10" departSpeed="10.00" departDelay="0.00" arrival="40.50" arrivalLane="ce_0" arrivalPos="192.80" arrivalSpeed="10.00" duration="39.50" routeLength="394.90" waitingTime="0.00" waitingCount="0" stopTime="0.00" timeLoss="0.00" rerouteNo="0" devices="tripinfo_2" vType="typeCar@2" speedFactor="1.00" vaporized=""/>
    <tripinfo id="4" depart="2.00" departLane="wc_0" departPos="5.10" departSpeed="10.00" departDelay="0.00" arrival="41.50" arrivalLane="ce_0" arrivalPos="192.80" arrivalSpeed="10.00" duration="39.50" routeLength="394.90" waitingTime="0.00" waitingCount="0" stopTime="0.00" timeLoss="0.00" rerouteNo="0" devices="tripinfo_4" vType="typeCar@4" speedFactor="1.00" vaporized=""/>
    <tripinfo id="5" depart="3.00" departLane="wc_0" departPos="5.10" departSpeed="10.00" departDelay="0.00" arrival="42.50" arrivalLane="ce_0" arrivalPos="192.80" arrivalSpeed="10.00" duration="39.50" routeLength="394.90" waitingTime="0.00" waitingCount="0" stopTime="0.00" timeLoss="0.00" rerouteNo="0" devices="tripinfo_5" vType="typeCar@5" speedFactor="1.00" vaporized=""/>
    <tripinfo id="7" depart="4.00" departLane="wc_0" departPos="5.10" departSpeed="10.00" departDelay="0.00" arrival="43.50" arrivalLane="ce_0" arrivalPos="192.80" arrivalSpeed="10.00" duration="39.50" routeLength="394.90" waitingTime="0.00" waitingCount="0" stopTime="0.00" timeLoss="0.00" rerouteNo="0" devices="tripinfo_7" vType="typeCar@7" speedFactor="1.00" vaporized=""/>
    <tripinfo id="9" depart="5.00" departLane="wc_0" departPos="5.10" departSpeed="10.00" departDelay="0.00" arrival="44.50" arrivalLane="ce_0" arrivalPos="192.80" arrivalSpeed="10.00" duration="39.50" routeLength="394.90" waitingTime="0.00" waitingCount="0" stopTime="0.00" timeLoss="0.00" rerouteNo="0" devices="tripinfo_9" vType="typeCar@9" speedFactor="1.00" vaporized=""/>
    <tripinfo id="10" depart="6.00" departLane="wc_0" departPos="5.10" departSpeed="10.00" departDelay="0.00" arrival="45.50" arrivalLane="ce_0" arrivalPos="192.80" arrivalSpeed="10.00" duration="39.50" routeLength="394.90" waitingTime="0.00" waitingCount="0" stopTime="0.00" timeLoss="0.00" rerouteNo="0" devices="tripinfo_10" vType="typeCar@10" speedFactor="1.00" vaporized=""/>
    <tripinfo id="12" depart="7.00" departLane="wc_0" departPos="5.10" departSpeed="10.00" departDelay="0.00" arrival="46.50" arrivalLane="ce_0" arrivalPos="192.80" arrivalSpeed="10.00" duration="39.50" routeLength="394.90" waitingTime="0.00" waitingCount="0" stopTime="0.00" timeLoss="0.00" rerouteNo="0" devices="tripinfo_12" vType="typeCar@12" speedFactor="1.00" vaporized=""/>
    <tripinfo id="13" depart="8.00" departLane="wc_0" departPos="5.10" departSpeed="10.00" departDelay="0.00" arrival="47.50" arrivalLane="ce_0" arrivalPos="192.80" arrivalSpeed="10.00" duration="39.50" routeLength="394.90" waitingTime="0.00" waitingCount="0" stopTime="0.00" timeLoss="0.00" rerouteNo="0" devices="tripinfo_13" vType="typeCar@13" speedFactor="1.00" vaporized=""/>
    <tripinfo id="14" depart="9.00" departLane="wc_0" departPos="5.10" departSpeed="10.00" departDelay="0.00" arrival="48.50" arrivalLane="ce_0" arrivalPos="192.80" arrivalSpeed="10.00" duration="39.50" routeLength="394.90" waitingTime="0.00" waitingCount="0" stopTime="0.00" timeLoss="0.00" rerouteNo="0" devices="tripinfo_14" vType="typeCar@14" speedFactor="1.00" vaporized=""/>
    <tripinfo id="16" depart="10.00" departLane="wc_0" departPos="5.10" departSpeed="10.00" departDelay="0.00" arrival="49.50" arrivalLane="ce_0" arrivalPos="192.80" arrivalSpeed="10.00" duration="39.50" routeLength="394.90" waitingTime="0.00" waitingCount="0" stopTime="0.00" timeLoss="0.00" rerouteNo="0" devices="tripinfo_16" vType="typeCar@16" speedFactor="1.00" vaporized=""/>
    <tripinfo id="17" depart="11.00" departLane="wc_0" departPos="5.10" departSpeed="10.00" departDelay="0.00" arrival="50.50" arrivalLane="ce_0" arrivalPos="192.80" arrivalSpeed="10.00" duration="39.50" routeLength="394.90" waitingTime="0.00" waitingCount="0" stopTime="0.00" timeLoss="0.00" rerouteNo="0" devices="tripinfo_17" vType="typeCar@17" speedFactor="1.00" vaporized=""/>
    <tripinfo id="19" depart="12.00" departLane="wc_0" departPos="5.10" departSpeed="10.00" departDelay="0.00" arrival="51.50" arrivalLane="ce_0" arrivalPos="192.80" arrivalSpeed="10.00" duration="39.50" routeLength="394.90" waitingTime="0.00" waitingCount="0" stopTime="0.00" timeLoss="0.00" rerouteNo="0" devices="tripinfo_19" vType="typeCar@19" speedFactor="1.00" vaporized=""/>
    <tripinfo id="20" depart="13.00" departLane="wc_0" departPos="5.10" departSpeed="10.00" departDelay="0.00" arrival="52.50" arrivalLane="ce_0" arrivalPos="192.80" arrivalSpeed="10.00" duration="39.50" routeLength="394.90" waitingTime="0.00" waitingCount="0" stopTime="0.00" timeLoss="0.01" rerouteNo="0" devices="tripinfo_20" vType="typeCar@20" speedFactor="1.00" vaporized=""/>
    <tripinfo id="22" depart="14.00" departLane="wc_0" departPos="5.10" departSpeed="10.00" departDelay="0.00" arrival="53.50" arrivalLane="ce_0" arrivalPos="192.80" arrivalSpeed="10.00" duration="39.50" routeLength="394.90" waitingTime="0.00" waitingCount="0" stopTime="0.00" timeLoss="0.01" rerouteNo="0" devices="tripinfo_22" vType="typeCar@22" speedFactor="1.00" vaporized=""/>
    <tripinfo id="23" depart="15.00" departLane="wc_0" departPos="5.10" departSpeed="10.00" departDelay="0.00" arrival="54.50" arrivalLane="ce_0" arrivalPos="192.80" arrivalSpeed="10.00" duration="39.50" routeLength="394.90" waitingTime="0.00" waitingCount="0" stopTime="0.00" timeLoss="0.01" rerouteNo="0" devices="tripinfo_23" vType="typeCar@23" speedFactor="1.00" vaporized=""/>
    <tripinfo id="24" depart="16.00" departLane="wc_0" departPos="5.10" departSpeed="10.00" departDelay="0.00" arrival="55.50" arrivalLane="ce_0" arrivalPos="192.80" arrivalSpeed="10.00" duration="39.50" routeLength="394.90" waitingTime="0.00" waitingCount="0" stopTime="0.00" timeLoss="0.01" rerouteNo="0" devices="tripinfo_24" vType="typeCar@24" speedFactor="1.00" vaporized=""/>
    <tripinfo id="25" depart="17.00" departLane="wc_0" departPos="5.10" departSpeed="10.00" departDelay="0.00" arrival="56.50" arrivalLane="ce_0" arrivalPos="192.80" arrivalSpeed="10.00" duration="39.50" routeLength="394.90" waitingTime="0.00" waitingCount="0" stopTime="0.00" timeLoss="0.01" rerouteNo="0" devices="tripinfo_25" vType="typeCar@25" speedFactor="1.00" vaporized=""/>
    <tripinfo id="26" depart="18.00" departLane="wc_0" departPos="5.10" departSpeed="10.00" departDelay="0.00" arrival="57.50" arrivalLane="ce_0" arrivalPos="192.80" arrivalSpeed="10.00" duration="39.50" routeLength="394.90" waitingTime="0.00" waitingCount="0" stopTime="0.00" timeLoss="0.01" rerouteNo="0" devices="tripinfo_26" vType="typeCar@26" speedFactor="1.00" vaporized=""/>
    <tripinfo id="27" depart="19.00" departLane="wc_0" departPos="5.10" departSpeed="10.00" departDelay="0.00" arrival="58.50" arrivalLane="ce_0" arrivalPos="192.80" arrivalSpeed="10.00" duration="39.50" routeLength="394.90" waitingTime="0.00" waitingCount="0" stopTime="0.00" timeLoss="0.01" rerouteNo="0" devices="tripinfo_27" vType="typeCar@27" speedFactor="1.00" vaporized=""/>
    <tripinfo id="28" depart="20.00" departLane="wc_0" departPos="5.10" departSpeed="10.00" departDelay="0.00" arrival="59.50" arrivalLane="ce_0" arrivalPos="192.80" arrivalSpeed="10.00" duration="39.50" routeLength="394.90" waitingTime="0.00" waitingCount="0" stopTime="0.00" timeLoss="0.01" rerouteNo="0" devices="tripinfo_28" vType="typeCar@28" speedFactor="1.00" vaporized=""/>
    <tripinfo id="30" depart="21.00" departLane="wc_0" departPos="5.10" departSpeed="10.00" departDelay="0.00" arrival="60.50" arrivalLane="ce_0" arrivalPos="192.80" arrivalSpeed="10.00" duration="39.50" routeLength="394.90" waitingTime="0.00" waitingCount="0" stopTime="0.00" timeLoss="0.01" rerouteNo="0" devices="tripinfo_30" vType="typeCar@30" speedFactor="1.00" vaporized=""/>
    <tripinfo id="32" depart="22.00" departLane="wc_0" departPos="5.10" departSpeed="10.00" departDelay="0.00" arrival="61.50" arrivalLane="ce_0" arrivalPos="192.80" arrivalSpeed="10.00" duration="39.50" routeLength="394.90" waitingTime="0.00" waitingCount="0" stopTime="0.00" timeLoss="0.01" rerouteNo="0" devices="tripinfo_32" vType="typeCar@32" speedFactor="1.00" vaporized=""/>
    <tripinfo id="34" depart="23.00" departLane="wc_0" departPos="5.10" departSpeed="10.00" departDelay="0.00" arrival="62.50" arrivalLane="ce_0" arrivalPos="192.80" arrivalSpeed="10.00" duration="39.50" routeLength="394.90" waitingTime="0.00" waitingCount="0" stopTime="0.00" timeLoss="0.01" rerouteNo="0" devices="tripinfo_34" vType="typeCar@34" speedFactor="1.00" vaporized=""/>
    <tripinfo id="36" depart="24.00" departLane="wc_0" departPos="5.10" departSpeed="10.00" departDelay="0.00" arrival="63.50" arrivalLane="ce_0" arrivalPos="192.80" arrivalSpeed="10.00" duration="39.50" routeLength="394.90" waitingTime="0.00" waitingCount="0" stopTime="0.00" timeLoss="0.01" rerouteNo="0" devices="tripinfo_36" vType="typeCar@36" speedFactor="1.00" vaporized=""/>
    <tripinfo id="37" depart="25.00" departLane="wc_0" departPos="5.10" departSpeed="10.00" departDelay="0.00" arrival="64.50" arrivalLane="ce_0" arrivalPos="192.80" arrivalSpeed="10.00" duration="39.50" routeLength="394.90" waitingTime="0.00" waitingCount="0" stopTime="0.00" timeLoss="0.01" rerouteNo="0" devices="tripinfo_37" vType="typeCar@37" speedFactor="1.00" vaporized=""/>
    <tripinfo id="39" depart="26.00" departLane="wc_0" departPos="5.10" departSpeed="10.00" departDelay="0.00" arrival="66.20" arrivalLane="ce_0" arrivalPos="192.80" arrivalSpeed="10.00" duration="40.20" routeLength="394.90" waitingTime="0.00" waitingCount="0" stopTime="0.00" timeLoss="0.67" rerouteNo="0" devices="tripinfo_39" vType="typeCar@39" speedFactor="1.00" vaporized=""/>
    <tripinfo id="40" depart="27.00" departLane="wc_0" departPos="5.10" departSpeed="10.00" departDelay="0.00" arrival="69.20" arrivalLane="ce_0" arrivalPos="192.80" arrivalSpeed="10.00" duration="42.20" routeLength="394.90" waitingTime="0.00" waitingCount="0" stopTime="0.00" timeLoss="2.71" rerouteNo="0" devices="tripinfo_40" vType="typeCar@40" speedFactor="1.00" vaporized=""/>
    <tripinfo id="41" depart="28.00" departLane="wc_0" departPos="5.10" departSpeed="10.00" departDelay="0.00" arrival="70.30" arrivalLane="ce_0" arrivalPos="192.80" arrivalSpeed="10.00" duration="42.30" routeLength="394.90" waitingTime="0.00" waitingCount="0" stopTime="0.00" timeLoss="2.76" rerouteNo="0" devices="tripinfo_41" vType="typeCar@41" speedFactor="1.00" vaporized=""/>
    <tripinfo id="42" depart="29.00" departLane="wc_0" departPos="5.10" departSpeed="10.00" departDelay="0.00" arrival="71.30" arrivalLane="ce_0" arrivalPos="192.80" arrivalSpeed="10.00" duration="42.30" routeLength="394.90" waitingTime="0.00" waitingCount="0" stopTime="0.00" timeLoss="2.81" rerouteNo="0" devices="tripinfo_42" vType="typeCar@42" speedFactor="1.00" vaporized=""/>
    <tripinfo id="43" depart="30.00" departLane="wc_0" departPos="5.10" departSpeed="10.00" departDelay="0.00" arrival="72.30" arrivalLane="ce_0" arrivalPos="192.80" arrivalSpeed="10.00" duration="42.30" routeLength="394.90" waitingTime="0.00" waitingCount="0" stopTime="0.00" timeLoss="2.81" rerouteNo="0" devices="tripinfo_43" vType="typeCar@43" speedFactor="1.00" vaporized=""/>
    <tripinfo id="44" depart="31.00" departLane="wc_0" departPos="5.10" departSpeed="10.00" departDelay="0.00" arrival="73.50" arrivalLane="ce_0" arrivalPos="192.80" arrivalSpeed="10.00" duration="42.50" routeLength="394.90" waitingTime="0.00" waitingCount="0" stopTime="0.00" timeLoss="3.00" rerouteNo="0" devices="tripinfo_44" vType="typeCar@44" speedFactor="1.00" vaporized=""/>
    <tripinfo id="45" depart="32.00" departLane="wc_0" departPos="5.10" departSpeed="10.00" departDelay="0.00" arrival="76.00" arrivalLane="ce_0" arrivalPos="192.80" arrivalSpeed="10.00" duration="44.00" routeLength="394.90" waitingTime="0.00" waitingCount="0" stopTime="0.00" timeLoss="4.46" rerouteNo="0" devices="tripinfo_45" vType="typeCar@45" speedFactor="1.00" vaporized=""/>
    <tripinfo id="46" depart="33.00" departLane="wc_0" departPos="5.10" departSpeed="10.00" departDelay="0.00" arrival="77.10" arrivalLane="ce_0" arrivalPos="192.80" arrivalSpeed="10.00" duration="44.10" routeLength="394.90" waitingTime="0.00" waitingCount="0" stopTime="0.00" timeLoss="4.61" rerouteNo="0" devices="tripinfo_46" vType="typeCar@46" speedFactor="1.00" vaporized=""/>
    <tripinfo id="48" depart="34.00" departLane="wc_0" departPos="5.10" departSpeed="10.00" departDelay="0.00" arrival="78.30" arrivalLane="ce_0" arrivalPos="192.80" arrivalSpeed="10.00" duration="44.30" routeLength="394.90" waitingTime="0.00" waitingCount="0" stopTime="0.00" timeLoss="4.77" rerouteNo="0" devices="tripinfo_48" vType="typeCar@48" speedFactor="1.00" vaporized=""/>
    <tripinfo id="1" depart="0.00" departLane="nc_0" departPos="5.10" departSpeed="10.00" departDelay="0.00" arrival="80.40" arrivalLane="cs_0" arrivalPos="192.80" arrivalSpeed="10.00" duration="80.40" routeLength="394.90" waitingTime="0.00" waitingCount="0" stopTime="0.00" timeLoss="40.92" rerouteNo="0" devices="tripinfo_1" vType="typeCar@1" speedFactor="1.00" vaporized=""/>
    <tripinfo id="3" depart="1.00" departLane="nc_0" departPos="5.10" departSpeed="10.00" departDelay="0.00" arrival="82.00" arrivalLane="cs_0" arrivalPos="192.80" arrivalSpeed="10.00" duration="81.00" routeLength="394.90" waitingTime="2.40" waitingCount="24" stopTime="0.00" timeLoss="41.50" rerouteNo="0" devices="tripinfo_3" vType="typeCar@3" speedFactor="1.00" vaporized=""/>
    <tripinfo id="50" depart="35.00" departLane="wc_0" departPos="5.10" departSpeed="10.00" departDelay="0.00" arrival="88.10" arrivalLane="ce_0" arrivalPos="192.80" arrivalSpeed="10.00" duration="53.10" routeLength="394.90" waitingTime="0.00" waitingCount="0" stopTime="0.00" timeLoss="13.57" rerouteNo="0" devices="tripinfo_50" vType="typeCar@50" speedFactor="1.00" vaporized=""/>
    <tripinfo id="51" depart="36.00" departLane="wc_0" departPos="5.10" departSpeed="10.00" departDelay="0.00" arrival="89.00" arrivalLane="ce_0" arrivalPos="192.80" arrivalSpeed="10.00" duration="53.00" routeLength="394.90" waitingTime="0.20" waitingCount="2" stopTime="0.00" timeLoss="13.44" rerouteNo="0" devices="tripinfo_51" vType="typeCar@51" speedFactor="1.00" vaporized=""/>
    <tripinfo id="52" depart="37.00" departLane="wc_0" departPos="5.10" departSpeed="10.00" departDelay="0.00" arrival="90.00" arrivalLane="ce_0" arrivalPos="192.80" arrivalSpeed="10.00" duration="53.00" routeLength="394.90" waitingTime="0.40" waitingCount="4" stopTime="0.00" timeLoss="13.49" rerouteNo="0" devices="tripinfo_52" vType="typeCar@52" speedFactor="1.00" vaporized=""/>
    <tripinfo id="53" depart="38.00" departLane="wc_0" departPos="5.10" departSpeed="10.00" departDelay="0.00" arrival="91.10" arrivalLane="ce_0" arrivalPos="192.80" arrivalSpeed="10.00" duration="53.10" routeLength="394.90" waitingTime="0.20" waitingCount="2" stopTime="0.00" timeLoss="13.52" rerouteNo="0" devices="tripinfo_53" vType="typeCar@53" speedFactor="1.00" vaporized=""/>
    <tripinfo id="6" depart="3.00" departLane="nc_0" departPos="5.10" departSpeed="10.00" departDelay="0.00" arrival="92.90" arrivalLane="cs_0" arrivalPos="192.80" arrivalSpeed="10.00" duration="89.90" routeLength="394.90" waitingTime="3.10" waitingCount="31" stopTime="0.00" timeLoss="50.37" rerouteNo="0" devices="tripinfo_6" vType="typeCar@6" speedFactor="1.00" vaporized=""/>
    <tripinfo id="8" depart="4.00" departLane="nc_0" departPos="5.10" departSpeed="10.00" departDelay="0.00" arrival="93.80" arrivalLane="cs_0" arrivalPos="192.80" arrivalSpeed="10.00" duration="89.80" routeLength="394.90" waitingTime="2.70" waitingCount="27" stopTime="0.00" timeLoss="50.30" rerouteNo="0" devices="tripinfo_8" vType="typeCar@8" speedFactor="1.00" vaporized=""/>
    <tripinfo id="11" depart="6.00" departLane="nc_0" departPos="5.10" departSpeed="10.00" departDelay="0.00" arrival="96.50" arrivalLane="cs_0" arrivalPos="192.80" arrivalSpeed="10.00" duration="90.50" routeLength="394.90" waitingTime="4.10" waitingCount="41" stopTime="0.00" timeLoss="51.02" rerouteNo="0" devices="tripinfo_11" vType="typeCar@11" speedFactor="1.00" vaporized=""/>
    <tripinfo id="54" depart="39.00" departLane="wc_0" departPos="5.10" departSpeed="10.00" departDelay="0.00" arrival="102.70" arrivalLane="ce_0" arrivalPos="192.80" arrivalSpeed="10.00" duration="63.70" routeLength="394.90" waitingTime="0.60" waitingCount="6" stopTime="0.00" timeLoss="24.16" rerouteNo="0" devices="tripinfo_54" vType="typeCar@54" speedFactor="1.00" vaporized=""/>
    <tripinfo id="56" depart="40.00" departLane="wc_0" departPos="5.10" departSpeed="10.00" departDelay="0.00" arrival="103.50" arrivalLane="ce_0" arrivalPos="192.80" arrivalSpeed="10.00" duration="63.50" routeLength="394.90" waitingTime="0.80" waitingCount="8" stopTime="0.00" timeLoss="23.99" rerouteNo="0" devices="tripinfo_56" vType="typeCar@56" speedFactor="1.00" vaporized=""/>
    <tripinfo id="15" depart="9.00" departLane="nc_0" departPos="5.10" departSpeed="10.00" departDelay="0.00" arrival="106.00" arrivalLane="cs_0" arrivalPos="192.80" arrivalSpeed="10.00" duration="97.00" routeLength="394.90" waitingTime="3.70" waitingCount="37" stopTime="0.00" timeLoss="57.49" rerouteNo="0" devices="tripinfo_15" vType="typeCar@15" speedFactor="1.00" vaporized=""/>
    <tripinfo id="58" depart="41.00" departLane="wc_0" departPos="5.10" departSpeed="10.00" departDelay="0.00" arrival="112.00" arrivalLane="ce_0" arrivalPos="192.80" arrivalSpeed="10.00" duration="71.00" routeLength="394.90" waitingTime="1.00" waitingCount="10" stopTime="0.00" timeLoss="31.46" rerouteNo="0" devices="tripinfo_58" vType="typeCar@58" speedFactor="1.00" vaporized=""/>
    <tripinfo id="59" depart="42.00" departLane="wc_0" departPos="5.10" departSpeed="10.00" departDelay="0.00" arrival="115.20" arrivalLane="ce_0" arrivalPos="192.80" arrivalSpeed="10.00" duration="73.20" routeLength="394.90" waitingTime="1.00" waitingCount="10" stopTime="0.00" timeLoss="33.64" rerouteNo="0" devices="tripinfo_59" vType="typeCar@59" speedFactor="1.00" vaporized=""/>
    <tripinfo id="18" depart="11.00" departLane="nc_0" departPos="5.10" departSpeed="10.00" departDelay="0.00" arrival="117.30" arrivalLane="cs_0" arrivalPos="192.80" arrivalSpeed="10.00" duration="106.30" routeLength="394.90" waitingTime="3.20" waitingCount="32" stopTime="0.00" timeLoss="66.76" rerouteNo="0" devices="tripinfo_18" vType="typeCar@18" speedFactor="1.00" vaporized=""/>
    <tripinfo id="21" depart="13.00" departLane="nc_0" departPos="5.10" departSpeed="10.00" departDelay="0.00" arrival="118.20" arrivalLane="cs_0" arrivalPos="192.80" arrivalSpeed="10.00" duration="105.20" routeLength="394.90" waitingTime="4.40" waitingCount="44" stopTime="0.00" timeLoss="65.66" rerouteNo="0" devices="tripinfo_21" vType="typeCar@21" speedFactor="1.00" vaporized=""/>
    <tripinfo id="29" depart="20.00" departLane="nc_0" departPos="5.10" departSpeed="10.00" departDelay="0.00" arrival="119.20" arrivalLane="cs_0" arrivalPos="192.80" arrivalSpeed="10.00" duration="99.20" routeLength="394.90" waitingTime="3.90" waitingCount="39" stopTime="0.00" timeLoss="59.67" rerouteNo="0" devices="tripinfo_29" vType="typeCar@29" speedFactor="1.00" vaporized=""/>
    <tripinfo id="61" depart="43.00" departLane="wc_0" departPos="5.10" departSpeed="10.00" departDelay="0.00" arrival="120.80" arrivalLane="ce_0" arrivalPos="192.80" arrivalSpeed="10.00" duration="77.80" routeLength="394.90" waitingTime="1.00" waitingCount="10" stopTime="0.00" timeLoss="38.22" rerouteNo="0" devices="tripinfo_61" vType="typeCar@61" speedFactor="1.00" vaporized=""/>
    <tripinfo id="62" depart="44.00" departLane="wc_0" departPos="5.10" departSpeed="10.00" departDelay="0.00" arrival="122.10" arrivalLane="ce_0" arrivalPos="192.80" arrivalSpeed="10.00" duration="78.10" routeLength="394.90" waitingTime="1.00" waitingCount="10" stopTime="0.00" timeLoss="38.55" rerouteNo="0" devices="tripinfo_62" vType="typeCar@62" speedFactor="1.00" vaporized=""/>
    <tripinfo id="31" depart="21.00" departLane="nc_0" departPos="5.10" departSpeed="10.00" departDelay="0.00" arrival="123.60" arrivalLane="cs_0" arrivalPos="192.80" arrivalSpeed="10.00" duration="102.60" routeLength="394.90" waitingTime="4.00" waitingCount="40" stopTime="0.00" timeLoss="63.08" rerouteNo="0" devices="tripinfo_31" vType="typeCar@31" speedFactor="1.00" vaporized=""/>
    <tripinfo id="64" depart="45.00" departLane="wc_0" departPos="5.10" departSpeed="10.00" departDelay="0.00" arrival="126.10" arrivalLane="ce_0" arrivalPos="192.80" arrivalSpeed="10.00" duration="81.10" routeLength="394.90" waitingTime="1.10" waitingCount="11" stopTime="0.00" timeLoss="41.58" rerouteNo="0" devices="tripinfo_64" vType="typeCar@64" speedFactor="1.00" vaporized=""/>
    <tripinfo id="33" depart="22.00" departLane="nc_0" departPos="5.10" departSpeed="10.00" departDelay="0.00" arrival="128.90" arrivalLane="cs_0" arrivalPos="192.80" arrivalSpeed="10.00" duration="106.90" routeLength="394.90" waitingTime="5.70" waitingCount="41" stopTime="0.00" timeLoss="67.35" rerouteNo="0" devices="tripinfo_33" vType="typeCar@33" speedFactor="1.00" vaporized=""/>
    <tripinfo id="35" depart="23.00" departLane="nc_0" departPos="5.10" departSpeed="10.00" departDelay="0.00" arrival="129.80" arrivalLane="cs_0" arrivalPos="192.80" arrivalSpeed="10.00" duration="106.80" routeLength="394.90" waitingTime="4.00" waitingCount="40" stopTime="0.00" timeLoss="67.24" rerouteNo="0" devices="tripinfo_35" vType="typeCar@35" speedFactor="1.00" vaporized=""/>
    <tripinfo id="38" depart="25.00" departLane="nc_0" departPos="5.10" departSpeed="10.00" departDelay="0.00" arrival="131.00" arrivalLane="cs_0" arrivalPos="192.80" arrivalSpeed="10.00" duration="106.00" routeLength="394.90" waitingTime="3.90" waitingCount="39" stopTime="0.00" timeLoss="66.50" rerouteNo="0" devices="tripinfo_38" vType="typeCar@38" speedFactor="1.00" vaporized=""/>
    <tripinfo id="65" depart="46.00" departLane="wc_0" departPos="5.10" departSpeed="10.00" departDelay="0.00" arrival="132.90" arrivalLane="ce_0" arrivalPos="192.80" arrivalSpeed="10.00" duration="86.90" routeLength="394.90" waitingTime="1.20" waitingCount="12" stopTime="0.00" timeLoss="47.36" rerouteNo="0" devices="tripinfo_65" vType="typeCar@65" speedFactor="1.00" vaporized=""/>
    <tripinfo id="66" depart="47.00" departLane="wc_0" departPos="5.10" departSpeed="7.50" departDelay="0.00" arrival="133.80" arrivalLane="ce_0" arrivalPos="192.80" arrivalSpeed="10.00" duration="86.80" routeLength="394.90" waitingTime="1.40" waitingCount="14" stopTime="0.00" timeLoss="47.28" rerouteNo="0" devices="tripinfo_66" vType="typeCar@66" speedFactor="1.00" vaporized=""/>
    <tripinfo id="67" depart="48.00" departLane="wc_0" departPos="5.10" departSpeed="5.70" departDelay="0.00" arrival="135.00" arrivalLane="ce_0" arrivalPos="192.80" arrivalSpeed="10.00" duration="87.00" routeLength="394.90" waitingTime="1.50" waitingCount="15" stopTime="0.00" timeLoss="47.47" rerouteNo="0" devices="tripinfo_67" vType="typeCar@67" speedFactor="1.00" vaporized=""/>
    <tripinfo id="68" depart="50.40" departLane="wc_0" departPos="5.10" departSpeed="4.10" departDelay="1.40" arrival="136.10" arrivalLane="ce_0" arrivalPos="192.80" arrivalSpeed="10.00" duration="85.70" routeLength="394.90" waitingTime="1.90" waitingCount="19" stopTime="0.00" timeLoss="46.16" rerouteNo="0" devices="tripinfo_68" vType="typeCar@68" speedFactor="1.00" vaporized=""/>
    <tripinfo id="69" depart="51.90" departLane="wc_0" departPos="5.10" departSpeed="6.20" departDelay="1.90" arrival="137.10" arrivalLane="ce_0" arrivalPos="192.80" arrivalSpeed="10.00" duration="85.20" routeLength="394.90" waitingTime="2.00" waitingCount="20" stopTime="0.00" timeLoss="45.71" rerouteNo="0" devices="tripinfo_69" vType="typeCar@69" speedFactor="1.00" vaporized=""/>
    <tripinfo id="47" depart="33.00" departLane="nc_0" departPos="5.10" departSpeed="8.00" departDelay="0.00" arrival="138.70" arrivalLane="cs_0" arrivalPos="192.80" arrivalSpeed="10.00" duration="105.70" routeLength="394.90" waitingTime="3.00" waitingCount="30" stopTime="0.00" timeLoss="66.21" rerouteNo="0" devices="tripinfo_47" vType="typeCar@47" speedFactor="1.00" vaporized=""/>
    <tripinfo id="49" depart="34.00" departLane="nc_0" departPos="5.10" departSpeed="10.00" departDelay="0.00" arrival="139.80" arrivalLane="cs_0" arrivalPos="192.80" arrivalSpeed="10.00" duration="105.80" routeLength="394.90" waitingTime="3.60" waitingCount="36" stopTime="0.00" timeLoss="66.27" rerouteNo="0" devices="tripinfo_49" vType="typeCar@49" speedFactor="1.00" vaporized=""/>
    <tripinfo id="70" depart="52.90" departLane="wc_0" departPos="5.10" departSpeed="7.60" departDelay="1.90" arrival="141.30" arrivalLane="ce_0" arrivalPos="192.80" arrivalSpeed="10.00" duration="88.40" routeLength="394.90" waitingTime="1.80" waitingCount="18" stopTime="0.00" timeLoss="48.92" rerouteNo="0" devices="tripinfo_70" vType="typeCar@70" speedFactor="1.00" vaporized=""/>
    <tripinfo id="71" depart="53.80" departLane="wc_0" departPos="5.10" departSpeed="8.70" departDelay="1.80" arrival="142.50" arrivalLane="ce_0" arrivalPos="192.80" arrivalSpeed="10.00" duration="88.70" routeLength="394.90" waitingTime="2.60" waitingCount="26" stopTime="0.00" timeLoss="49.24" rerouteNo="0" devices="tripinfo_71" vType="typeCar@71" speedFactor="1.00" vaporized=""/>
    <tripinfo id="72" depart="54.60" departLane="wc_0" departPos="5.10" departSpeed="8.70" departDelay="1.60" arrival="143.90" arrivalLane="ce_0" arrivalPos="192.80" arrivalSpeed="10.00" duration="89.30" routeLength="394.90" waitingTime="3.10" waitingCount="31" stopTime="0.00" timeLoss="49.81" rerouteNo="0" devices="tripinfo_72" vType="typeCar@72" speedFactor="1.00" vaporized=""/>
    <tripinfo id="73" depart="55.50" departLane="wc_0" departPos="5.10" departSpeed="4.20" departDelay="1.50" arrival="145.20" arrivalLane="ce_0" arrivalPos="192.80" arrivalSpeed="10.00" duration="89.70" routeLength="394.90" waitingTime="3.00" waitingCount="30" stopTime="0.00" timeLoss="50.20" rerouteNo="0" devices="tripinfo_73" vType="typeCar@73" speedFactor="1.00" vaporized=""/>
    <tripinfo id="74" depart="61.20" departLane="wc_0" departPos="5.10" departSpeed="3.70" departDelay="6.20" arrival="146.50" arrivalLane="ce_0" arrivalPos="192.80" arrivalSpeed="10.00" duration="85.30" routeLength="394.90" waitingTime="2.80" waitingCount="28" stopTime="0.00" timeLoss="45.77" rerouteNo="0" devices="tripinfo_74" vType="typeCar@74" speedFactor="1.00" vaporized=""/>
    <tripinfo id="76" depart="63.00" departLane="wc_0" departPos="5.10" departSpeed="5.90" departDelay="7.00" arrival="147.70" arrivalLane="ce_0" arrivalPos="192.80" arrivalSpeed="10.00" duration="84.70" routeLength="394.90" waitingTime="2.90" waitingCount="29" stopTime="0.00" timeLoss="45.23" rerouteNo="0" devices="tripinfo_76" vType="typeCar@76" speedFactor="1.00" vaporized=""/>
    <tripinfo id="55" depart="39.00" departLane="nc_0" departPos="5.10" departSpeed="10.00" departDelay="0.00" arrival="149.40" arrivalLane="cs_0" arrivalPos="192.80" arrivalSpeed="10.00" duration="110.40" routeLength="394.90" waitingTime="3.70" waitingCount="37" stopTime="0.00" timeLoss="70.82" rerouteNo="0" devices="tripinfo_55" vType="typeCar@55" speedFactor="1.00" vaporized=""/>
    <tripinfo id="57" depart="40.00" departLane="nc_0" departPos="5.10" departSpeed="10.00" departDelay="0.00" arrival="152.00" arrivalLane="cs_0" arrivalPos="192.80" arrivalSpeed="10.00" duration="112.00" routeLength="394.90" waitingTime="3.80" waitingCount="38" stopTime="0.00" timeLoss="72.43" rerouteNo="0" devices="tripinfo_57" vType="typeCar@57" speedFactor="1.00" vaporized=""/>
    <tripinfo id="78" depart="64.00" departLane="wc_0" departPos="5.10" departSpeed="7.30" departDelay="7.00" arrival="159.40" arrivalLane="ce_0" arrivalPos="192.80" arrivalSpeed="10.00" duration="95.40" routeLength="394.90" waitingTime="8.00" waitingCount="33" stopTime="0.00" timeLoss="55.92" rerouteNo="0" devices="tripinfo_78" vType="typeCar@78" speedFactor="1.00" vaporized=""/>
    <tripinfo id="79" depart="65.00" departLane="wc_0" departPos="5.10" departSpeed="7.10" departDelay="7.00" arrival="160.40" arrivalLane="ce_0" arrivalPos="192.80" arrivalSpeed="10.00" duration="95.40" routeLength="394.90" waitingTime="3.10" waitingCount="31" stopTime="0.00" timeLoss="55.92" rerouteNo="0" devices="tripinfo_79" vType="typeCar@79" speedFactor="1.00" vaporized=""/>
    <tripinfo id="80" depart="66.20" departLane="wc_0" departPos="5.10" departSpeed="1.10" departDelay="7.20" arrival="161.30" arrivalLane="ce_0" arrivalPos="192.80" arrivalSpeed="10.00" duration="95.10" routeLength="394.90" waitingTime="3.90" waitingCount="32" stopTime="0.00" timeLoss="55.53" rerouteNo="0" devices="tripinfo_80" vType="typeCar@80" speedFactor="1.00" vaporized=""/>
    <tripinfo id="82" depart="74.70" departLane="wc_0" departPos="5.10" departSpeed="4.35" departDelay="14.70" arrival="162.30" arrivalLane="ce_0" arrivalPos="192.80" arrivalSpeed="10.00" duration="87.60" routeLength="394.90" waitingTime="2.30" waitingCount="23" stopTime="0.00" timeLoss="48.07" rerouteNo="0" devices="tripinfo_82" vType="typeCar@82" speedFactor="1.00" vaporized=""/>
    <tripinfo id="83" depart="76.20" departLane="wc_0" departPos="5.10" departSpeed="6.45" departDelay="15.20" arrival="163.30" arrivalLane="ce_0" arrivalPos="192.80" arrivalSpeed="10.00" duration="87.10" routeLength="394.90" waitingTime="2.60" waitingCount="26" stopTime="0.00" timeLoss="47.64" rerouteNo="0" devices="tripinfo_83" vType="typeCar@83" speedFactor="1.00" vaporized=""/>
    <tripinfo id="84" depart="79.20" departLane="wc_0" departPos="5.10" departSpeed="0.25" departDelay="17.20" arrival="164.30" arrivalLane="ce_0" arrivalPos="192.80" arrivalSpeed="10.00" duration="85.10" routeLength="394.90" waitingTime="3.10" waitingCount="24" stopTime="0.00" timeLoss="45.62" rerouteNo="0" devices="tripinfo_84" vType="typeCar@84" speedFactor="1.00" vaporized=""/>
    <tripinfo id="85" depart="85.00" departLane="wc_0" departPos="5.10" departSpeed="2.20" departDelay="22.00" arrival="165.30" arrivalLane="ce_0" arrivalPos="192.80" arrivalSpeed="10.00" duration="80.30" routeLength="394.90" waitingTime="2.60" waitingCount="23" stopTime="0.00" timeLoss="40.82" rerouteNo="0" devices="tripinfo_85" vType="typeCar@85" speedFactor="1.00" vaporized=""/>
    <tripinfo id="86" depart="91.70" departLane="wc_0" departPos="5.10" departSpeed="0.14" departDelay="27.70" arrival="166.40" arrivalLane="ce_0" arrivalPos="192.80" arrivalSpeed="10.00" duration="74.70" routeLength="394.90" waitingTime="2.90" waitingCount="21" stopTime="0.00" timeLoss="35.16" rerouteNo="0" devices="tripinfo_86" vType="typeCar@86" speedFactor="1.00" vaporized=""/>
    <tripinfo id="87" depart="100.20" departLane="wc_0" departPos="5.10" departSpeed="2.00" departDelay="35.20" arrival="167.40" arrivalLane="ce_0" arrivalPos="192.80" arrivalSpeed="10.00" duration="67.20" routeLength="394.90" waitingTime="1.60" waitingCount="16" stopTime="0.00" timeLoss="27.68" rerouteNo="0" devices="tripinfo_87" vType="typeCar@87" speedFactor="1.00" vaporized=""/>
    <tripinfo id="89" depart="103.10" departLane="wc_0" departPos="5.10" departSpeed="5.90" departDelay="37.10" arrival="168.40" arrivalLane="ce_0" arrivalPos="192.80" arrivalSpeed="10.00" duration="65.30" routeLength="394.90" waitingTime="1.60" waitingCount="16" stopTime="0.00" timeLoss="25.83" rerouteNo="0" devices="tripinfo_89" vType="typeCar@89" speedFactor="1.00" vaporized=""/>
    <tripinfo id="90" depart="108.00" departLane="wc_0" departPos="5.10" departSpeed="1.40" departDelay="41.00" arrival="170.20" arrivalLane="ce_0" arrivalPos="192.80" arrivalSpeed="10.00" duration="62.20" routeLength="394.90" waitingTime="1.10" waitingCount="11" stopTime="0.00" timeLoss="22.64" rerouteNo="0" devices="tripinfo_90" vType="typeCar@90" speedFactor="1.00" vaporized=""/>
    <tripinfo id="91" depart="110.60" departLane="wc_0" departPos="5.10" departSpeed="6.10" departDelay="42.60" arrival="172.50" arrivalLane="ce_0" arrivalPos="192.80" arrivalSpeed="10.00" duration="61.90" routeLength="394.90" waitingTime="1.30" waitingCount="13" stopTime="0.00" timeLoss="22.46" rerouteNo="0" devices="tripinfo_91" vType="typeCar@91" speedFactor="1.00" vaporized=""/>
    <tripinfo id="92" depart="111.60" departLane="wc_0" departPos="5.10" departSpeed="7.50" departDelay="42.60" arrival="173.90" arrivalLane="ce_0" arrivalPos="192.80" arrivalSpeed="10.00" duration="62.30" routeLength="394.90" waitingTime="1.50" waitingCount="15" stopTime="0.00" timeLoss="22.83" rerouteNo="0" devices="tripinfo_92" vType="typeCar@92" speedFactor="1.00" vaporized=""/>
    <tripinfo id="94" depart="112.80" departLane="wc_0" departPos="5.10" departSpeed="1.50" departDelay="42.80" arrival="175.10" arrivalLane="ce_0" arrivalPos="192.80" arrivalSpeed="10.00" duration="62.30" routeLength="394.90" waitingTime="2.00" waitingCount="15" stopTime="0.00" timeLoss="22.77" rerouteNo="0" devices="tripinfo_94" vType="typeCar@94" speedFactor="1.00" vaporized=""/>
    <tripinfo id="95" depart="119.90" departLane="wc_0" departPos="5.10" departSpeed="4.81" departDelay="48.90" arrival="176.10" arrivalLane="ce_0" arrivalPos="192.80" arrivalSpeed="10.00" duration="56.20" routeLength="394.90" waitingTime="0.80" waitingCount="8" stopTime="0.00" timeLoss="16.68" rerouteNo="0" devices="tripinfo_95" vType="typeCar@95" speedFactor="1.00" vaporized=""/>
    <tripinfo id="96" depart="121.30" departLane="wc_0" departPos="5.10" departSpeed="6.61" departDelay="49.30" arrival="177.20" arrivalLane="ce_0" arrivalPos="192.80" arrivalSpeed="10.00" duration="55.90" routeLength="394.90" waitingTime="1.00" waitingCount="10" stopTime="0.00" timeLoss="16.37" rerouteNo="0" devices="tripinfo_96" vType="typeCar@96" speedFactor="1.00" vaporized=""/>
    <tripinfo id="98" depart="122.30" departLane="wc_0" departPos="5.10" departSpeed="8.01" departDelay="49.30" arrival="178.20" arrivalLane="ce_0" arrivalPos="192.80" arrivalSpeed="10.00" duration="55.90" routeLength="394.90" waitingTime="1.10" waitingCount="11" stopTime="0.00" timeLoss="16.46" rerouteNo="0" devices="tripinfo_98" vType="typeCar@98" speedFactor="1.00" vaporized=""/>
    <tripinfo id="99" depart="123.30" departLane="wc_0" departPos="5.10" departSpeed="3.01" departDelay="49.30" arrival="179.40" arrivalLane="ce_0" arrivalPos="192.80" arrivalSpeed="10.00" duration="56.10" routeLength="394.90" waitingTime="1.20" waitingCount="12" stopTime="0.00" timeLoss="16.65" rerouteNo="0" devices="tripinfo_99" vType="typeCar@99" speedFactor="1.00" vaporized=""/>
    <tripinfo id="100" depart="129.00" departLane="wc_0" departPos="5.10" departSpeed="4.54" departDelay="54.00" arrival="183.20" arrivalLane="ce_0" arrivalPos="192.80" arrivalSpeed="10.00" duration="54.20" routeLength="394.90" waitingTime="0.80" waitingCount="8" stopTime="0.00" timeLoss="14.69" rerouteNo="0" devices="tripinfo_100" vType="typeCar@100" speedFactor="1.00" vaporized=""/>
    <tripinfo id="101" depart="130.40" departLane="wc_0" departPos="5.10" departSpeed="6.34" departDelay="54.40" arrival="185.00" arrivalLane="ce_0" arrivalPos="192.80" arrivalSpeed="10.00" duration="54.60" routeLength="394.90" waitingTime="0.80" waitingCount="8" stopTime="0.00" timeLoss="15.13" rerouteNo="0" devices="tripinfo_101" vType="typeCar@101" speedFactor="1.00" vaporized=""/>
    <tripinfo id="102" depart="131.40" departLane="wc_0" departPos="5.10" departSpeed="7.74" departDelay="54.40" arrival="186.10" arrivalLane="ce_0" arrivalPos="192.80" arrivalSpeed="10.00" duration="54.70" routeLength="394.90" waitingTime="0.90" waitingCount="9" stopTime="0.00" timeLoss="15.14" rerouteNo="0" devices="tripinfo_102" vType="typeCar@102" speedFactor="1.00" vaporized=""/>
    <tripinfo id="104" depart="132.30" departLane="wc_0" departPos="5.10" departSpeed="8.84" departDelay="54.30" arrival="187.10" arrivalLane="ce_0" arrivalPos="192.80" arrivalSpeed="10.00" duration="54.80" routeLength="394.90" waitingTime="1.00" waitingCount="10" stopTime="0.00" timeLoss="15.29" rerouteNo="0" devices="tripinfo_104" vType="typeCar@104" speedFactor="1.00" vaporized=""/>
    <tripinfo id="105" depart="133.10" departLane="wc_0" departPos="5.10" departSpeed="8.84" departDelay="54.10" arrival="188.10" arrivalLane="ce_0" arrivalPos="192.80" arrivalSpeed="10.00" duration="55.00" routeLength="394.90" waitingTime="1.00" waitingCount="10" stopTime="0.00" timeLoss="15.56" rerouteNo="0" devices="tripinfo_105" vType="typeCar@105" speedFactor="1.00" vaporized=""/>
    <tripinfo id="107" depart="133.90" departLane="wc_0" departPos="5.10" departSpeed="6.44" departDelay="53.90" arrival="189.10" arrivalLane="ce_0" arrivalPos="192.80" arrivalSpeed="10.00" duration="55.20" routeLength="394.90" waitingTime="1.10" waitingCount="11" stopTime="0.00" timeLoss="15.74" rerouteNo="0" devices="tripinfo_107" vType="typeCar@107" speedFactor="1.00" vaporized=""/>
    <tripinfo id="108" depart="135.00" departLane="wc_0" departPos="5.10" departSpeed="3.34" departDelay="54.00" arrival="190.20" arrivalLane="ce_0" arrivalPos="192.80" arrivalSpeed="10.00" duration="55.20" routeLength="394.90" waitingTime="1.10" waitingCount="11" stopTime="0.00" timeLoss="15.64" rerouteNo="0" devices="tripinfo_108" vType="typeCar@108" speedFactor="1.00" vaporized=""/>
    <tripinfo id="109" depart="144.70" departLane="wc_0" departPos="5.10" departSpeed="2.73" departDelay="62.70" arrival="191.20" arrivalLane="ce_0" arrivalPos="192.80" arrivalSpeed="10.00" duration="46.50" routeLength="394.90" waitingTime="0.00" waitingCount="0" stopTime="0.00" timeLoss="6.95" rerouteNo="0" devices="tripinfo_109" vType="typeCar@109" speedFactor="1.00" vaporized=""/>
    <tripinfo id="111" depart="147.00" departLane="wc_0" departPos="5.10" departSpeed="5.63" departDelay="64.00" arrival="192.20" arrivalLane="ce_0" arrivalPos="192.80" arrivalSpeed="10.00" duration="45.20" routeLength="394.90" waitingTime="0.00" waitingCount="0" stopTime="0.00" timeLoss="5.69" rerouteNo="0" devices="tripinfo_111" vType="typeCar@111" speedFactor="1.00" vaporized=""/>
    <tripinfo id="60" depart="42.00" departLane="nc_0" departPos="5.10" departSpeed="10.00" departDelay="0.00" arrival="194.40" arrivalLane="cs_0" arrivalPos="192.80" arrivalSpeed="10.00" duration="152.40" routeLength="394.90" waitingTime="3.70" waitingCount="37" stopTime="0.00" timeLoss="112.89" rerouteNo="0" devices="tripinfo_60" vType="typeCar@60" speedFactor="1.00" vaporized=""/>
    <tripinfo id="63" depart="44.00" departLane="nc_0" departPos="5.10" departSpeed="10.00" departDelay="0.00" arrival="195.90" arrivalLane="cs_0" arrivalPos="192.80" arrivalSpeed="10.00" duration="151.90" routeLength="394.90" waitingTime="6.70" waitingCount="67" stopTime="0.00" timeLoss="112.37" rerouteNo="0" devices="tripinfo_63" vType="typeCar@63" speedFactor="1.00" vaporized=""/>
    <tripinfo id="112" depart="148.10" departLane="wc_0" departPos="5.10" departSpeed="7.33" departDelay="64.10" arrival="197.20" arrivalLane="ce_0" arrivalPos="192.80" arrivalSpeed="10.00" duration="49.10" routeLength="394.90" waitingTime="0.10" waitingCount="1" stopTime="0.00" timeLoss="9.62" rerouteNo="0" devices="tripinfo_112" vType="typeCar@112" speedFactor="1.00" vaporized=""/>
    <tripinfo id="114" depart="149.10" departLane="wc_0" departPos="5.10" departSpeed="8.73" departDelay="64.10" arrival="198.30" arrivalLane="ce_0" arrivalPos="192.80" arrivalSpeed="10.00" duration="49.20" routeLength="394.90" waitingTime="0.20" waitingCount="2" stopTime="0.00" timeLoss="9.73" rerouteNo="0" devices="tripinfo_114" vType="typeCar@114" speedFactor="1.00" vaporized=""/>
    <tripinfo id="75" depart="55.00" departLane="nc_0" departPos="5.10" departSpeed="0.00" departDelay="0.00" arrival="199.90" arrivalLane="cs_0" arrivalPos="192.80" arrivalSpeed="10.00" duration="144.90" routeLength="394.90" waitingTime="6.30" waitingCount="63" stopTime="0.00" timeLoss="105.33" rerouteNo="0" devices="tripinfo_75" vType="typeCar@75" speedFactor="1.00" vaporized=""/>
    <tripinfo id="77" depart="57.00" departLane="nc_0" departPos="5.10" departSpeed="6.00" departDelay="1.00" arrival="200.90" arrivalLane="cs_0" arrivalPos="192.80" arrivalSpeed="10.00" duration="143.90" routeLength="394.90" waitingTime="5.90" waitingCount="59" stopTime="0.00" timeLoss="104.39" rerouteNo="0" devices="tripinfo_77" vType="typeCar@77" speedFactor="1.00" vaporized=""/>
    <tripinfo id="115" depart="149.80" departLane="wc_0" departPos="5.10" departSpeed="9.23" departDelay="63.80" arrival="202.50" arrivalLane="ce_0" arrivalPos="192.80" arrivalSpeed="10.00" duration="52.70" routeLength="394.90" waitingTime="0.30" waitingCount="3" stopTime="0.00" timeLoss="13.16" rerouteNo="0" devices="tripinfo_115" vType="typeCar@115" speedFactor="1.00" vaporized=""/>
    <tripinfo id="116" depart="150.60" departLane="wc_0" departPos="5.10" departSpeed="9.23" departDelay="63.60" arrival="203.60" arrivalLane="ce_0" arrivalPos="192.80" arrivalSpeed="10.00" duration="53.00" routeLength="394.90" waitingTime="0.50" waitingCount="5" stopTime="0.00" timeLoss="13.57" rerouteNo="0" devices="tripinfo_116" vType="typeCar@116" speedFactor="1.00" vaporized=""/>
    <tripinfo id="81" depart="59.00" departLane="nc_0" departPos="5.10" departSpeed="10.00" departDelay="0.00" arrival="205.20" arrivalLane="cs_0" arrivalPos="192.80" arrivalSpeed="10.00" duration="146.20" routeLength="394.90" waitingTime="4.30" waitingCount="43" stopTime="0.00" timeLoss="106.64" rerouteNo="0" devices="tripinfo_81" vType="typeCar@81" speedFactor="1.00" vaporized=""/>
    <tripinfo id="88" depart="65.00" departLane="nc_0" departPos="5.10" departSpeed="2.90" departDelay="0.00" arrival="206.30" arrivalLane="cs_0" arrivalPos="192.80" arrivalSpeed="10.00" duration="141.30" routeLength="394.90" waitingTime="6.90" waitingCount="69" stopTime="0.00" timeLoss="101.76" rerouteNo="0" devices="tripinfo_88" vType="typeCar@88" speedFactor="1.00" vaporized=""/>
    <tripinfo id="118" depart="151.40" departLane="wc_0" departPos="5.10" departSpeed="8.43" departDelay="63.40" arrival="207.80" arrivalLane="ce_0" arrivalPos="192.80" arrivalSpeed="10.00" duration="56.40" routeLength="394.90" waitingTime="0.60" waitingCount="6" stopTime="0.00" timeLoss="16.95" rerouteNo="0" devices="tripinfo_118" vType="typeCar@118" speedFactor="1.00" vaporized=""/>
    <tripinfo id="119" depart="152.20" departLane="wc_0" departPos="5.10" departSpeed="7.63" departDelay="63.20" arrival="208.90" arrivalLane="ce_0" arrivalPos="192.80" arrivalSpeed="10.00" duration="56.70" routeLength="394.90" waitingTime="0.90" waitingCount="9" stopTime="0.00" timeLoss="17.24" rerouteNo="0" devices="tripinfo_119" vType="typeCar@119" speedFactor="1.00" vaporized=""/>
    <tripinfo id="93" depart="69.00" departLane="nc_0" departPos="5.10" departSpeed="2.10" departDelay="0.00" arrival="210.50" arrivalLane="cs_0" arrivalPos="192.80" arrivalSpeed="10.00" duration="141.50" routeLength="394.90" waitingTime="6.70" waitingCount="67" stopTime="0.00" timeLoss="101.97" rerouteNo="0" devices="tripinfo_93" vType="typeCar@93" speedFactor="1.00" vaporized=""/>
    <tripinfo id="97" depart="72.00" departLane="nc_0" departPos="5.10" departSpeed="3.90" departDelay="0.00" arrival="211.50" arrivalLane="cs_0" arrivalPos="192.80" arrivalSpeed="10.00" duration="139.50" routeLength="394.90" waitingTime="5.60" waitingCount="56" stopTime="0.00" timeLoss="100.00" rerouteNo="0" devices="tripinfo_97" vType="typeCar@97" speedFactor="1.00" vaporized=""/>
    <tripinfo id="120" depart="153.20" departLane="wc_0" departPos="5.10" departSpeed="2.63" departDelay="63.20" arrival="213.10" arrivalLane="ce_0" arrivalPos="192.80" arrivalSpeed="10.00" duration="59.90" routeLength="394.90" waitingTime="1.20" waitingCount="12" stopTime="0.00" timeLoss="20.36" rerouteNo="0" devices="tripinfo_120" vType="typeCar@120" speedFactor="1.00" vaporized=""/>
    <tripinfo id="121" depart="159.40" departLane="wc_0" departPos="5.10" departSpeed="4.86" departDelay="68.40" arrival="214.20" arrivalLane="ce_0" arrivalPos="192.80" arrivalSpeed="10.00" duration="54.80" routeLength="394.90" waitingTime="0.60" waitingCount="6" stopTime="0.00" timeLoss="15.31" rerouteNo="0" devices="tripinfo_121" vType="typeCar@121" speedFactor="1.00" vaporized=""/>
    <tripinfo id="103" depart="77.00" departLane="nc_0" departPos="5.10" departSpeed="2.10" departDelay="0.00" arrival="215.70" arrivalLane="cs_0" arrivalPos="192.80" arrivalSpeed="10.00" duration="138.70" routeLength="394.90" waitingTime="7.70" waitingCount="77" stopTime="0.00" timeLoss="99.21" rerouteNo="0" devices="tripinfo_103" vType="typeCar@103" speedFactor="1.00" vaporized=""/>
    <tripinfo id="106" depart="79.00" departLane="nc_0" departPos="5.10" departSpeed="3.30" departDelay="0.00" arrival="216.90" arrivalLane="cs_0" arrivalPos="192.80" arrivalSpeed="10.00" duration="137.90" routeLength="394.90" waitingTime="7.40" waitingCount="74" stopTime="0.00" timeLoss="98.41" rerouteNo="0" devices="tripinfo_106" vType="typeCar@106" speedFactor="1.00" vaporized=""/>
    <tripinfo id="123" depart="160.70" departLane="wc_0" departPos="5.10" departSpeed="6.36" departDelay="68.70" arrival="218.50" arrivalLane="ce_0" arrivalPos="192.80" arrivalSpeed="10.00" duration="57.80" routeLength="394.90" waitingTime="0.80" waitingCount="8" stopTime="0.00" timeLoss="18.26" rerouteNo="0" devices="tripinfo_123" vType="typeCar@123" speedFactor="1.00" vaporized=""/>
    <tripinfo id="124" depart="161.70" departLane="wc_0" departPos="5.10" departSpeed="7.76" departDelay="68.70" arrival="219.50" arrivalLane="ce_0" arrivalPos="192.80" arrivalSpeed="10.00" duration="57.80" routeLength="394.90" waitingTime="0.80" waitingCount="8" stopTime="0.00" timeLoss="18.28" rerouteNo="0" devices="tripinfo_124" vType="typeCar@124" speedFactor="1.00" vaporized=""/>
    <tripinfo id="110" depart="82.30" departLane="nc_0" departPos="5.10" departSpeed="1.20" departDelay="0.30" arrival="221.10" arrivalLane="cs_0" arrivalPos="192.80" arrivalSpeed="10.00" duration="138.80" routeLength="394.90" waitingTime="8.50" waitingCount="79" stopTime="0.00" timeLoss="99.32" rerouteNo="0" devices="tripinfo_110" vType="typeCar@110" speedFactor="1.00" vaporized=""/>
    <tripinfo id="113" depart="88.60" departLane="nc_0" departPos="5.10" departSpeed="5.23" departDelay="4.60" arrival="222.20" arrivalLane="cs_0" arrivalPos="192.80" arrivalSpeed="10.00" duration="133.60" routeLength="394.90" waitingTime="7.10" waitingCount="71" stopTime="0.00" timeLoss="94.10" rerouteNo="0" devices="tripinfo_113" vType="typeCar@113" speedFactor="1.00" vaporized=""/>
    <tripinfo id="126" depart="162.60" departLane="wc_0" departPos="5.10" departSpeed="8.86" departDelay="68.60" arrival="223.80" arrivalLane="ce_0" arrivalPos="192.80" arrivalSpeed="10.00" duration="61.20" routeLength="394.90" waitingTime="0.70" waitingCount="7" stopTime="0.00" timeLoss="21.68" rerouteNo="0" devices="tripinfo_126" vType="typeCar@126" speedFactor="1.00" vaporized=""/>
    <tripinfo id="127" depart="163.40" departLane="wc_0" departPos="5.10" departSpeed="9.66" departDelay="68.40" arrival="224.90" arrivalLane="ce_0" arrivalPos="192.80" arrivalSpeed="10.00" duration="61.50" routeLength="394.90" waitingTime="0.80" waitingCount="8" stopTime="0.00" timeLoss="22.00" rerouteNo="0" devices="tripinfo_127" vType="typeCar@127" speedFactor="1.00" vaporized=""/>
    <tripinfo id="117" depart="94.80" departLane="nc_0" departPos="5.10" departSpeed="0.63" departDelay="7.80" arrival="226.40" arrivalLane="cs_0" arrivalPos="192.80" arrivalSpeed="10.00" duration="131.60" routeLength="394.90" waitingTime="7.40" waitingCount="73" stopTime="0.00" timeLoss="92.08" rerouteNo="0" devices="tripinfo_117" vType="typeCar@117" speedFactor="1.00" vaporized=""/>
    <tripinfo id="122" depart="99.80" departLane="nc_0" departPos="5.10" departSpeed="1.30" departDelay="8.80" arrival="227.50" arrivalLane="cs_0" arrivalPos="192.80" arrivalSpeed="10.00" duration="127.70" routeLength="394.90" waitingTime="7.90" waitingCount="74" stopTime="0.00" timeLoss="88.15" rerouteNo="0" devices="tripinfo_122" vType="typeCar@122" speedFactor="1.00" vaporized=""/>
    <tripinfo id="129" depart="164.10" departLane="wc_0" departPos="5.10" departSpeed="9.36" departDelay="68.10" arrival="229.00" arrivalLane="ce_0" arrivalPos="192.80" arrivalSpeed="10.00" duration="64.90" routeLength="394.90" waitingTime="0.90" waitingCount="9" stopTime="0.00" timeLoss="25.39" rerouteNo="0" devices="tripinfo_129" vType="typeCar@129" speedFactor="1.00" vaporized=""/>
    <tripinfo id="130" depart="164.90" departLane="wc_0" departPos="5.10" departSpeed="8.56" departDelay="67.90" arrival="230.00" arrivalLane="ce_0" arrivalPos="192.80" arrivalSpeed="10.00" duration="65.10" routeLength="394.90" waitingTime="0.90" waitingCount="9" stopTime="0.00" timeLoss="25.64" rerouteNo="0" devices="tripinfo_130" vType="typeCar@130" speedFactor="1.00" vaporized=""/>
    <tripinfo id="125" depart="105.10" departLane="nc_0" departPos="5.10" departSpeed="4.68" departDelay="12.10" arrival="231.60" arrivalLane="cs_0" arrivalPos="192.80" arrivalSpeed="10.00" duration="126.50" routeLength="394.90" waitingTime="6.80" waitingCount="68" stopTime="0.00" timeLoss="86.94" rerouteNo="0" devices="tripinfo_125" vType="typeCar@125" speedFactor="1.00" vaporized=""/>
    <tripinfo id="128" depart="106.50" departLane="nc_0" departPos="5.10" departSpeed="6.48" departDelay="11.50" arrival="232.70" arrivalLane="cs_0" arrivalPos="192.80" arrivalSpeed="10.00" duration="126.20" routeLength="394.90" waitingTime="7.40" waitingCount="74" stopTime="0.00" timeLoss="86.74" rerouteNo="0" devices="tripinfo_128" vType="typeCar@128" speedFactor="1.00" vaporized=""/>
    <tripinfo id="131" depart="165.70" departLane="wc_0" departPos="5.10" departSpeed="8.56" departDelay="67.70" arrival="234.30" arrivalLane="ce_0" arrivalPos="192.80" arrivalSpeed="10.00" duration="68.60" routeLength="394.90" waitingTime="0.80" waitingCount="8" stopTime="0.00" timeLoss="29.08" rerouteNo="0" devices="tripinfo_131" vType="typeCar@131" speedFactor="1.00" vaporized=""/>
    <tripinfo id="133" depart="166.50" departLane="wc_0" departPos="5.10" departSpeed="8.56" departDelay="67.50" arrival="235.30" arrivalLane="ce_0" arrivalPos="192.80" arrivalSpeed="10.00" duration="68.80" routeLength="394.90" waitingTime="1.10" waitingCount="11" stopTime="0.00" timeLoss="29.29" rerouteNo="0" devices="tripinfo_133" vType="typeCar@133" speedFactor="1.00" vaporized=""/>
    <tripinfo id="132" depart="107.50" departLane="nc_0" departPos="5.10" departSpeed="5.48" departDelay="9.50" arrival="236.80" arrivalLane="cs_0" arrivalPos="192.80" arrivalSpeed="10.00" duration="129.30" routeLength="394.90" waitingTime="8.00" waitingCount="80" stopTime="0.00" timeLoss="89.81" rerouteNo="0" devices="tripinfo_132" vType="typeCar@132" speedFactor="1.00" vaporized=""/>
</tripinfos>
