<?xml version="1.0" encoding="UTF-8"?>

<!-- generated on 2022-11-30 12:05:23 by Eclipse SUMO sumo Version 1.14.1
<configuration xmlns:xsi="http://www.w3.org/2001/XMLSchema-instance" xsi:noNamespaceSchemaLocation="http://sumo.dlr.de/xsd/sumoConfiguration.xsd">

    <input>
        <net-file value="net.net.xml"/>
        <route-files value="routes.rou.xml"/>
    </input>

    <output>
        <tripinfo-output value="raw_data/(3,3,0)tripinfo.xml"/>
    </output>

    <time>
        <begin value="0"/>
        <step-length value="0.1"/>
    </time>

    <processing>
        <extrapolate-departpos value="true"/>
        <route-steps value="0"/>
        <ignore-route-errors value="true"/>
        <collision.action value="warn"/>
        <collision.stoptime value="1"/>
        <collision.mingap-factor value="0.1"/>
    </processing>

    <report>
        <verbose value="false"/>
        <log value="log.txt"/>
        <duration-log.statistics value="true"/>
        <no-step-log value="true"/>
    </report>

    <traci_server>
        <remote-port value="61711"/>
    </traci_server>

    <gui_only>
        <quit-on-end value="true"/>
        <start value="true"/>
    </gui_only>

</configuration>
-->

<tripinfos xmlns:xsi="http://www.w3.org/2001/XMLSchema-instance" xsi:noNamespaceSchemaLocation="http://sumo.dlr.de/xsd/tripinfo_file.xsd">
    <tripinfo id="0" depart="0.00" departLane="nc_0" departPos="5.10" departSpeed="10.00" departDelay="0.00" arrival="39.50" arrivalLane="cs_0" arrivalPos="192.80" arrivalSpeed="10.00" duration="39.50" routeLength="394.90" waitingTime="0.00" waitingCount="0" stopTime="0.00" timeLoss="0.00" rerouteNo="0" devices="tripinfo_0" vType="typeCar@0" speedFactor="1.00" vaporized=""/>
    <tripinfo id="2" depart="1.00" departLane="nc_0" departPos="5.10" departSpeed="10.00" departDelay="0.00" arrival="40.50" arrivalLane="cs_0" arrivalPos="192.80" arrivalSpeed="10.00" duration="39.50" routeLength="394.90" waitingTime="0.00" waitingCount="0" stopTime="0.00" timeLoss="0.00" rerouteNo="0" devices="tripinfo_2" vType="typeCar@2" speedFactor="1.00" vaporized=""/>
    <tripinfo id="3" depart="3.00" departLane="nc_0" departPos="5.10" departSpeed="10.00" departDelay="0.00" arrival="42.50" arrivalLane="cs_0" arrivalPos="192.80" arrivalSpeed="10.00" duration="39.50" routeLength="394.90" waitingTime="0.00" waitingCount="0" stopTime="0.00" timeLoss="0.00" rerouteNo="0" devices="tripinfo_3" vType="typeCar@3" speedFactor="1.00" vaporized=""/>
    <tripinfo id="4" depart="4.00" departLane="nc_0" departPos="5.10" departSpeed="10.00" departDelay="0.00" arrival="43.50" arrivalLane="cs_0" arrivalPos="192.80" arrivalSpeed="10.00" duration="39.50" routeLength="394.90" waitingTime="0.00" waitingCount="0" stopTime="0.00" timeLoss="0.00" rerouteNo="0" devices="tripinfo_4" vType="typeCar@4" speedFactor="1.00" vaporized=""/>
    <tripinfo id="1" depart="1.00" departLane="wc_0" departPos="5.10" departSpeed="10.00" departDelay="0.00" arrival="48.00" arrivalLane="ce_0" arrivalPos="192.80" arrivalSpeed="10.00" duration="47.00" routeLength="394.90" waitingTime="0.00" waitingCount="0" stopTime="0.00" timeLoss="7.49" rerouteNo="0" devices="tripinfo_1" vType="typeCar@1" speedFactor="1.00" vaporized=""/>
    <tripinfo id="5" depart="5.00" departLane="wc_0" departPos="5.10" departSpeed="10.00" departDelay="0.00" arrival="51.70" arrivalLane="ce_0" arrivalPos="192.80" arrivalSpeed="10.00" duration="46.70" routeLength="394.90" waitingTime="0.00" waitingCount="0" stopTime="0.00" timeLoss="7.20" rerouteNo="0" devices="tripinfo_5" vType="typeCar@5" speedFactor="1.00" vaporized=""/>
    <tripinfo id="6" depart="6.00" departLane="wc_0" departPos="5.10" departSpeed="10.00" departDelay="0.00" arrival="53.30" arrivalLane="ce_0" arrivalPos="192.80" arrivalSpeed="10.00" duration="47.30" routeLength="394.90" waitingTime="0.00" waitingCount="0" stopTime="0.00" timeLoss="7.76" rerouteNo="0" devices="tripinfo_6" vType="typeCar@6" speedFactor="1.00" vaporized=""/>
    <tripinfo id="7" depart="6.00" departLane="nc_0" departPos="5.10" departSpeed="10.00" departDelay="0.00" arrival="55.80" arrivalLane="cs_0" arrivalPos="192.80" arrivalSpeed="10.00" duration="49.80" routeLength="394.90" waitingTime="0.90" waitingCount="1" stopTime="0.00" timeLoss="10.22" rerouteNo="0" devices="tripinfo_7" vType="typeCar@7" speedFactor="1.00" vaporized=""/>
    <tripinfo id="8" depart="8.00" departLane="wc_0" departPos="5.10" departSpeed="10.00" departDelay="0.00" arrival="59.00" arrivalLane="ce_0" arrivalPos="192.80" arrivalSpeed="10.00" duration="51.00" routeLength="394.90" waitingTime="0.00" waitingCount="0" stopTime="0.00" timeLoss="11.49" rerouteNo="0" devices="tripinfo_8" vType="typeCar@8" speedFactor="1.00" vaporized=""/>
    <tripinfo id="9" depart="9.00" departLane="nc_0" departPos="5.10" departSpeed="10.00" departDelay="0.00" arrival="60.90" arrivalLane="cs_0" arrivalPos="192.80" arrivalSpeed="10.00" duration="51.90" routeLength="394.90" waitingTime="0.20" waitingCount="2" stopTime="0.00" timeLoss="12.39" rerouteNo="0" devices="tripinfo_9" vType="typeCar@9" speedFactor="1.00" vaporized=""/>
    <tripinfo id="10" depart="11.00" departLane="nc_0" departPos="5.10" departSpeed="10.00" departDelay="0.00" arrival="61.90" arrivalLane="cs_0" arrivalPos="192.80" arrivalSpeed="10.00" duration="50.90" routeLength="394.90" waitingTime="0.00" waitingCount="0" stopTime="0.00" timeLoss="11.33" rerouteNo="0" devices="tripinfo_10" vType="typeCar@10" speedFactor="1.00" vaporized=""/>
    <tripinfo id="12" depart="13.00" departLane="nc_0" departPos="5.10" departSpeed="10.00" departDelay="0.00" arrival="63.80" arrivalLane="cs_0" arrivalPos="192.80" arrivalSpeed="10.00" duration="50.80" routeLength="394.90" waitingTime="0.00" waitingCount="0" stopTime="0.00" timeLoss="11.25" rerouteNo="0" devices="tripinfo_12" vType="typeCar@12" speedFactor="1.00" vaporized=""/>
    <tripinfo id="11" depart="13.00" departLane="wc_0" departPos="5.10" departSpeed="10.00" departDelay="0.00" arrival="67.50" arrivalLane="ce_0" arrivalPos="192.80" arrivalSpeed="10.00" duration="54.50" routeLength="394.90" waitingTime="0.00" waitingCount="0" stopTime="0.00" timeLoss="15.01" rerouteNo="0" devices="tripinfo_11" vType="typeCar@11" speedFactor="1.00" vaporized=""/>
    <tripinfo id="14" depart="21.00" departLane="wc_0" departPos="5.10" departSpeed="10.00" departDelay="0.00" arrival="69.10" arrivalLane="ce_0" arrivalPos="192.80" arrivalSpeed="10.00" duration="48.10" routeLength="394.90" waitingTime="0.10" waitingCount="1" stopTime="0.00" timeLoss="8.59" rerouteNo="0" devices="tripinfo_14" vType="typeCar@14" speedFactor="1.00" vaporized=""/>
    <tripinfo id="16" depart="22.00" departLane="wc_0" departPos="5.10" departSpeed="10.00" departDelay="0.00" arrival="71.50" arrivalLane="ce_0" arrivalPos="192.80" arrivalSpeed="10.00" duration="49.50" routeLength="394.90" waitingTime="0.10" waitingCount="1" stopTime="0.00" timeLoss="9.95" rerouteNo="0" devices="tripinfo_16" vType="typeCar@16" speedFactor="1.00" vaporized=""/>
    <tripinfo id="18" depart="23.00" departLane="wc_0" departPos="5.10" departSpeed="10.00" departDelay="0.00" arrival="74.40" arrivalLane="ce_0" arrivalPos="192.80" arrivalSpeed="10.00" duration="51.40" routeLength="394.90" waitingTime="0.10" waitingCount="1" stopTime="0.00" timeLoss="11.83" rerouteNo="0" devices="tripinfo_18" vType="typeCar@18" speedFactor="1.00" vaporized=""/>
    <tripinfo id="21" depart="26.00" departLane="wc_0" departPos="5.10" departSpeed="10.00" departDelay="0.00" arrival="76.10" arrivalLane="ce_0" arrivalPos="192.80" arrivalSpeed="10.00" duration="50.10" routeLength="394.90" waitingTime="0.20" waitingCount="2" stopTime="0.00" timeLoss="10.58" rerouteNo="0" devices="tripinfo_21" vType="typeCar@21" speedFactor="1.00" vaporized=""/>
    <tripinfo id="13" depart="20.00" departLane="nc_0" departPos="5.10" departSpeed="10.00" departDelay="0.00" arrival="77.90" arrivalLane="cs_0" arrivalPos="192.80" arrivalSpeed="10.00" duration="57.90" routeLength="394.90" waitingTime="0.00" waitingCount="0" stopTime="0.00" timeLoss="18.36" rerouteNo="0" devices="tripinfo_13" vType="typeCar@13" speedFactor="1.00" vaporized=""/>
    <tripinfo id="15" depart="21.00" departLane="nc_0" departPos="5.10" departSpeed="10.00" departDelay="0.00" arrival="78.90" arrivalLane="cs_0" arrivalPos="192.80" arrivalSpeed="10.00" duration="57.90" routeLength="394.90" waitingTime="0.00" waitingCount="0" stopTime="0.00" timeLoss="18.35" rerouteNo="0" devices="tripinfo_15" vType="typeCar@15" speedFactor="1.00" vaporized=""/>
    <tripinfo id="22" depart="28.00" departLane="wc_0" departPos="5.10" departSpeed="10.00" departDelay="0.00" arrival="84.80" arrivalLane="ce_0" arrivalPos="192.80" arrivalSpeed="10.00" duration="56.80" routeLength="394.90" waitingTime="0.10" waitingCount="1" stopTime="0.00" timeLoss="17.26" rerouteNo="0" devices="tripinfo_22" vType="typeCar@22" speedFactor="1.00" vaporized=""/>
    <tripinfo id="23" depart="29.00" departLane="wc_0" departPos="5.10" departSpeed="10.00" departDelay="0.00" arrival="85.70" arrivalLane="ce_0" arrivalPos="192.80" arrivalSpeed="10.00" duration="56.70" routeLength="394.90" waitingTime="0.00" waitingCount="0" stopTime="0.00" timeLoss="17.16" rerouteNo="0" devices="tripinfo_23" vType="typeCar@23" speedFactor="1.00" vaporized=""/>
    <tripinfo id="17" depart="22.00" departLane="nc_0" departPos="5.10" departSpeed="10.00" departDelay="0.00" arrival="89.40" arrivalLane="cs_0" arrivalPos="192.80" arrivalSpeed="10.00" duration="67.40" routeLength="394.90" waitingTime="0.00" waitingCount="0" stopTime="0.00" timeLoss="27.90" rerouteNo="0" devices="tripinfo_17" vType="typeCar@17" speedFactor="1.00" vaporized=""/>
    <tripinfo id="24" depart="33.00" departLane="wc_0" departPos="5.10" departSpeed="10.00" departDelay="0.00" arrival="92.40" arrivalLane="ce_0" arrivalPos="192.80" arrivalSpeed="10.00" duration="59.40" routeLength="394.90" waitingTime="0.20" waitingCount="2" stopTime="0.00" timeLoss="19.89" rerouteNo="0" devices="tripinfo_24" vType="typeCar@24" speedFactor="1.00" vaporized=""/>
    <tripinfo id="27" depart="35.00" departLane="wc_0" departPos="5.10" departSpeed="10.00" departDelay="0.00" arrival="93.40" arrivalLane="ce_0" arrivalPos="192.80" arrivalSpeed="10.00" duration="58.40" routeLength="394.90" waitingTime="0.10" waitingCount="1" stopTime="0.00" timeLoss="18.87" rerouteNo="0" devices="tripinfo_27" vType="typeCar@27" speedFactor="1.00" vaporized=""/>
    <tripinfo id="28" depart="39.00" departLane="wc_0" departPos="5.10" departSpeed="10.00" departDelay="0.00" arrival="97.60" arrivalLane="ce_0" arrivalPos="192.80" arrivalSpeed="10.00" duration="58.60" routeLength="394.90" waitingTime="0.30" waitingCount="3" stopTime="0.00" timeLoss="19.03" rerouteNo="0" devices="tripinfo_28" vType="typeCar@28" speedFactor="1.00" vaporized=""/>
    <tripinfo id="19" depart="23.00" departLane="nc_0" departPos="5.10" departSpeed="10.00" departDelay="0.00" arrival="100.40" arrivalLane="cs_0" arrivalPos="192.80" arrivalSpeed="10.00" duration="77.40" routeLength="394.90" waitingTime="3.30" waitingCount="1" stopTime="0.00" timeLoss="37.84" rerouteNo="0" devices="tripinfo_19" vType="typeCar@19" speedFactor="1.00" vaporized=""/>
    <tripinfo id="32" depart="44.00" departLane="wc_0" departPos="5.10" departSpeed="10.00" departDelay="0.00" arrival="102.80" arrivalLane="ce_0" arrivalPos="192.80" arrivalSpeed="10.00" duration="58.80" routeLength="394.90" waitingTime="0.20" waitingCount="2" stopTime="0.00" timeLoss="19.29" rerouteNo="0" devices="tripinfo_32" vType="typeCar@32" speedFactor="1.00" vaporized=""/>
    <tripinfo id="34" depart="45.00" departLane="wc_0" departPos="5.10" departSpeed="10.00" departDelay="0.00" arrival="104.50" arrivalLane="ce_0" arrivalPos="192.80" arrivalSpeed="10.00" duration="59.50" routeLength="394.90" waitingTime="0.20" waitingCount="2" stopTime="0.00" timeLoss="20.02" rerouteNo="0" devices="tripinfo_34" vType="typeCar@34" speedFactor="1.00" vaporized=""/>
    <tripinfo id="35" depart="47.00" departLane="wc_0" departPos="5.10" departSpeed="10.00" departDelay="0.00" arrival="107.20" arrivalLane="ce_0" arrivalPos="192.80" arrivalSpeed="10.00" duration="60.20" routeLength="394.90" waitingTime="0.20" waitingCount="2" stopTime="0.00" timeLoss="20.67" rerouteNo="0" devices="tripinfo_35" vType="typeCar@35" speedFactor="1.00" vaporized=""/>
    <tripinfo id="20" depart="25.00" departLane="nc_0" departPos="5.10" departSpeed="10.00" departDelay="0.00" arrival="109.10" arrivalLane="cs_0" arrivalPos="192.80" arrivalSpeed="10.00" duration="84.10" routeLength="394.90" waitingTime="0.30" waitingCount="3" stopTime="0.00" timeLoss="44.53" rerouteNo="0" devices="tripinfo_20" vType="typeCar@20" speedFactor="1.00" vaporized=""/>
    <tripinfo id="25" depart="33.00" departLane="nc_0" departPos="5.10" departSpeed="10.00" departDelay="0.00" arrival="110.10" arrivalLane="cs_0" arrivalPos="192.80" arrivalSpeed="10.00" duration="77.10" routeLength="394.90" waitingTime="0.30" waitingCount="3" stopTime="0.00" timeLoss="37.53" rerouteNo="0" devices="tripinfo_25" vType="typeCar@25" speedFactor="1.00" vaporized=""/>
    <tripinfo id="36" depart="50.00" departLane="wc_0" departPos="5.10" departSpeed="10.00" departDelay="0.00" arrival="112.20" arrivalLane="ce_0" arrivalPos="192.80" arrivalSpeed="10.00" duration="62.20" routeLength="394.90" waitingTime="0.20" waitingCount="2" stopTime="0.00" timeLoss="22.62" rerouteNo="0" devices="tripinfo_36" vType="typeCar@36" speedFactor="1.00" vaporized=""/>
    <tripinfo id="26" depart="34.00" departLane="nc_0" departPos="5.10" departSpeed="10.00" departDelay="0.00" arrival="114.40" arrivalLane="cs_0" arrivalPos="192.80" arrivalSpeed="10.00" duration="80.40" routeLength="394.90" waitingTime="0.30" waitingCount="3" stopTime="0.00" timeLoss="40.90" rerouteNo="0" devices="tripinfo_26" vType="typeCar@26" speedFactor="1.00" vaporized=""/>
    <tripinfo id="29" depart="39.00" departLane="nc_0" departPos="5.10" departSpeed="10.00" departDelay="0.00" arrival="116.40" arrivalLane="cs_0" arrivalPos="192.80" arrivalSpeed="10.00" duration="77.40" routeLength="394.90" waitingTime="0.50" waitingCount="5" stopTime="0.00" timeLoss="37.87" rerouteNo="0" devices="tripinfo_29" vType="typeCar@29" speedFactor="1.00" vaporized=""/>
    <tripinfo id="37" depart="52.00" departLane="wc_0" departPos="5.10" departSpeed="10.00" departDelay="0.00" arrival="118.60" arrivalLane="ce_0" arrivalPos="192.80" arrivalSpeed="10.00" duration="66.60" routeLength="394.90" waitingTime="0.40" waitingCount="4" stopTime="0.00" timeLoss="27.09" rerouteNo="0" devices="tripinfo_37" vType="typeCar@37" speedFactor="1.00" vaporized=""/>
    <tripinfo id="30" depart="40.00" departLane="nc_0" departPos="5.10" departSpeed="10.00" departDelay="0.00" arrival="121.40" arrivalLane="cs_0" arrivalPos="192.80" arrivalSpeed="10.00" duration="81.40" routeLength="394.90" waitingTime="0.50" waitingCount="5" stopTime="0.00" timeLoss="41.87" rerouteNo="0" devices="tripinfo_30" vType="typeCar@30" speedFactor="1.00" vaporized=""/>
    <tripinfo id="31" depart="42.00" departLane="nc_0" departPos="5.10" departSpeed="10.00" departDelay="0.00" arrival="122.40" arrivalLane="cs_0" arrivalPos="192.80" arrivalSpeed="10.00" duration="80.40" routeLength="394.90" waitingTime="1.00" waitingCount="10" stopTime="0.00" timeLoss="40.90" rerouteNo="0" devices="tripinfo_31" vType="typeCar@31" speedFactor="1.00" vaporized=""/>
    <tripinfo id="38" depart="53.00" departLane="wc_0" departPos="5.10" departSpeed="10.00" departDelay="0.00" arrival="124.20" arrivalLane="ce_0" arrivalPos="192.80" arrivalSpeed="10.00" duration="71.20" routeLength="394.90" waitingTime="0.60" waitingCount="6" stopTime="0.00" timeLoss="31.65" rerouteNo="0" devices="tripinfo_38" vType="typeCar@38" speedFactor="1.00" vaporized=""/>
    <tripinfo id="41" depart="58.00" departLane="wc_0" departPos="5.10" departSpeed="10.00" departDelay="0.00" arrival="125.10" arrivalLane="ce_0" arrivalPos="192.80" arrivalSpeed="10.00" duration="67.10" routeLength="394.90" waitingTime="0.60" waitingCount="6" stopTime="0.00" timeLoss="27.58" rerouteNo="0" devices="tripinfo_41" vType="typeCar@41" speedFactor="1.00" vaporized=""/>
    <tripinfo id="33" depart="44.00" departLane="nc_0" departPos="5.10" departSpeed="10.00" departDelay="0.00" arrival="126.70" arrivalLane="cs_0" arrivalPos="192.80" arrivalSpeed="10.00" duration="82.70" routeLength="394.90" waitingTime="0.80" waitingCount="8" stopTime="0.00" timeLoss="43.13" rerouteNo="0" devices="tripinfo_33" vType="typeCar@33" speedFactor="1.00" vaporized=""/>
    <tripinfo id="39" depart="55.00" departLane="nc_0" departPos="5.10" departSpeed="1.30" departDelay="0.00" arrival="127.80" arrivalLane="cs_0" arrivalPos="192.80" arrivalSpeed="10.00" duration="72.80" routeLength="394.90" waitingTime="0.50" waitingCount="5" stopTime="0.00" timeLoss="33.31" rerouteNo="0" devices="tripinfo_39" vType="typeCar@39" speedFactor="1.00" vaporized=""/>
    <tripinfo id="43" depart="62.00" departLane="wc_0" departPos="5.10" departSpeed="10.00" departDelay="0.00" arrival="129.40" arrivalLane="ce_0" arrivalPos="192.80" arrivalSpeed="10.00" duration="67.40" routeLength="394.90" waitingTime="0.20" waitingCount="2" stopTime="0.00" timeLoss="27.83" rerouteNo="0" devices="tripinfo_43" vType="typeCar@43" speedFactor="1.00" vaporized=""/>
    <tripinfo id="44" depart="63.00" departLane="wc_0" departPos="5.10" departSpeed="10.00" departDelay="0.00" arrival="130.40" arrivalLane="ce_0" arrivalPos="192.80" arrivalSpeed="10.00" duration="67.40" routeLength="394.90" waitingTime="0.30" waitingCount="3" stopTime="0.00" timeLoss="27.85" rerouteNo="0" devices="tripinfo_44" vType="typeCar@44" speedFactor="1.00" vaporized=""/>
    <tripinfo id="40" depart="56.70" departLane="nc_0" departPos="5.10" departSpeed="6.40" departDelay="0.70" arrival="131.90" arrivalLane="cs_0" arrivalPos="192.80" arrivalSpeed="10.00" duration="75.20" routeLength="394.90" waitingTime="0.60" waitingCount="6" stopTime="0.00" timeLoss="35.71" rerouteNo="0" devices="tripinfo_40" vType="typeCar@40" speedFactor="1.00" vaporized=""/>
    <tripinfo id="42" depart="59.00" departLane="nc_0" departPos="5.10" departSpeed="10.00" departDelay="0.00" arrival="132.90" arrivalLane="cs_0" arrivalPos="192.80" arrivalSpeed="10.00" duration="73.90" routeLength="394.90" waitingTime="0.50" waitingCount="5" stopTime="0.00" timeLoss="34.37" rerouteNo="0" devices="tripinfo_42" vType="typeCar@42" speedFactor="1.00" vaporized=""/>
    <tripinfo id="46" depart="67.00" departLane="wc_0" departPos="5.10" departSpeed="10.00" departDelay="0.00" arrival="134.40" arrivalLane="ce_0" arrivalPos="192.80" arrivalSpeed="10.00" duration="67.40" routeLength="394.90" waitingTime="0.60" waitingCount="6" stopTime="0.00" timeLoss="27.89" rerouteNo="0" devices="tripinfo_46" vType="typeCar@46" speedFactor="1.00" vaporized=""/>
    <tripinfo id="47" depart="68.00" departLane="wc_0" departPos="5.10" departSpeed="10.00" departDelay="0.00" arrival="135.60" arrivalLane="ce_0" arrivalPos="192.80" arrivalSpeed="10.00" duration="67.60" routeLength="394.90" waitingTime="0.60" waitingCount="6" stopTime="0.00" timeLoss="28.07" rerouteNo="0" devices="tripinfo_47" vType="typeCar@47" speedFactor="1.00" vaporized=""/>
    <tripinfo id="45" depart="65.00" departLane="nc_0" departPos="5.10" departSpeed="10.00" departDelay="0.00" arrival="137.10" arrivalLane="cs_0" arrivalPos="192.80" arrivalSpeed="10.00" duration="72.10" routeLength="394.90" waitingTime="0.40" waitingCount="4" stopTime="0.00" timeLoss="32.59" rerouteNo="0" devices="tripinfo_45" vType="typeCar@45" speedFactor="1.00" vaporized=""/>
    <tripinfo id="48" depart="69.00" departLane="nc_0" departPos="5.10" departSpeed="10.00" departDelay="0.00" arrival="138.20" arrivalLane="cs_0" arrivalPos="192.80" arrivalSpeed="10.00" duration="69.20" routeLength="394.90" waitingTime="0.50" waitingCount="5" stopTime="0.00" timeLoss="29.71" rerouteNo="0" devices="tripinfo_48" vType="typeCar@48" speedFactor="1.00" vaporized=""/>
    <tripinfo id="49" depart="71.00" departLane="wc_0" departPos="5.10" departSpeed="10.00" departDelay="0.00" arrival="139.80" arrivalLane="ce_0" arrivalPos="192.80" arrivalSpeed="10.00" duration="68.80" routeLength="394.90" waitingTime="0.70" waitingCount="7" stopTime="0.00" timeLoss="29.23" rerouteNo="0" devices="tripinfo_49" vType="typeCar@49" speedFactor="1.00" vaporized=""/>
    <tripinfo id="51" depart="74.00" departLane="wc_0" departPos="5.10" departSpeed="10.00" departDelay="0.00" arrival="140.80" arrivalLane="ce_0" arrivalPos="192.80" arrivalSpeed="10.00" duration="66.80" routeLength="394.90" waitingTime="1.10" waitingCount="11" stopTime="0.00" timeLoss="27.30" rerouteNo="0" devices="tripinfo_51" vType="typeCar@51" speedFactor="1.00" vaporized=""/>
    <tripinfo id="50" depart="72.00" departLane="nc_0" departPos="5.10" departSpeed="10.00" departDelay="0.00" arrival="142.40" arrivalLane="cs_0" arrivalPos="192.80" arrivalSpeed="10.00" duration="70.40" routeLength="394.90" waitingTime="1.00" waitingCount="10" stopTime="0.00" timeLoss="30.83" rerouteNo="0" devices="tripinfo_50" vType="typeCar@50" speedFactor="1.00" vaporized=""/>
    <tripinfo id="53" depart="77.00" departLane="nc_0" departPos="5.10" departSpeed="10.00" departDelay="0.00" arrival="143.50" arrivalLane="cs_0" arrivalPos="192.80" arrivalSpeed="10.00" duration="66.50" routeLength="394.90" waitingTime="0.80" waitingCount="8" stopTime="0.00" timeLoss="26.93" rerouteNo="0" devices="tripinfo_53" vType="typeCar@53" speedFactor="1.00" vaporized=""/>
    <tripinfo id="52" depart="77.00" departLane="wc_0" departPos="5.10" departSpeed="10.00" departDelay="0.00" arrival="145.00" arrivalLane="ce_0" arrivalPos="192.80" arrivalSpeed="10.00" duration="68.00" routeLength="394.90" waitingTime="0.90" waitingCount="9" stopTime="0.00" timeLoss="28.48" rerouteNo="0" devices="tripinfo_52" vType="typeCar@52" speedFactor="1.00" vaporized=""/>
    <tripinfo id="54" depart="79.00" departLane="wc_0" departPos="5.10" departSpeed="10.00" departDelay="0.00" arrival="146.00" arrivalLane="ce_0" arrivalPos="192.80" arrivalSpeed="10.00" duration="67.00" routeLength="394.90" waitingTime="1.20" waitingCount="12" stopTime="0.00" timeLoss="27.51" rerouteNo="0" devices="tripinfo_54" vType="typeCar@54" speedFactor="1.00" vaporized=""/>
    <tripinfo id="55" depart="79.00" departLane="nc_0" departPos="5.10" departSpeed="10.00" departDelay="0.00" arrival="147.50" arrivalLane="cs_0" arrivalPos="192.80" arrivalSpeed="10.00" duration="68.50" routeLength="394.90" waitingTime="0.90" waitingCount="9" stopTime="0.00" timeLoss="29.02" rerouteNo="0" devices="tripinfo_55" vType="typeCar@55" speedFactor="1.00" vaporized=""/>
    <tripinfo id="58" depart="82.00" departLane="nc_0" departPos="5.10" departSpeed="10.00" departDelay="0.00" arrival="148.60" arrivalLane="cs_0" arrivalPos="192.80" arrivalSpeed="10.00" duration="66.60" routeLength="394.90" waitingTime="0.90" waitingCount="9" stopTime="0.00" timeLoss="27.04" rerouteNo="0" devices="tripinfo_58" vType="typeCar@58" speedFactor="1.00" vaporized=""/>
    <tripinfo id="56" depart="80.00" departLane="wc_0" departPos="5.10" departSpeed="10.00" departDelay="0.00" arrival="150.10" arrivalLane="ce_0" arrivalPos="192.80" arrivalSpeed="10.00" duration="70.10" routeLength="394.90" waitingTime="1.10" waitingCount="11" stopTime="0.00" timeLoss="30.56" rerouteNo="0" devices="tripinfo_56" vType="typeCar@56" speedFactor="1.00" vaporized=""/>
    <tripinfo id="57" depart="81.00" departLane="wc_0" departPos="5.10" departSpeed="10.00" departDelay="0.00" arrival="151.10" arrivalLane="ce_0" arrivalPos="192.80" arrivalSpeed="10.00" duration="70.10" routeLength="394.90" waitingTime="1.30" waitingCount="13" stopTime="0.00" timeLoss="30.56" rerouteNo="0" devices="tripinfo_57" vType="typeCar@57" speedFactor="1.00" vaporized=""/>
    <tripinfo id="61" depart="84.00" departLane="nc_0" departPos="5.10" departSpeed="10.00" departDelay="0.00" arrival="152.70" arrivalLane="cs_0" arrivalPos="192.80" arrivalSpeed="10.00" duration="68.70" routeLength="394.90" waitingTime="1.20" waitingCount="12" stopTime="0.00" timeLoss="29.20" rerouteNo="0" devices="tripinfo_61" vType="typeCar@61" speedFactor="1.00" vaporized=""/>
    <tripinfo id="62" depart="87.00" departLane="nc_0" departPos="5.10" departSpeed="10.00" departDelay="0.00" arrival="153.80" arrivalLane="cs_0" arrivalPos="192.80" arrivalSpeed="10.00" duration="66.80" routeLength="394.90" waitingTime="1.10" waitingCount="11" stopTime="0.00" timeLoss="27.23" rerouteNo="0" devices="tripinfo_62" vType="typeCar@62" speedFactor="1.00" vaporized=""/>
    <tripinfo id="59" depart="83.00" departLane="wc_0" departPos="5.10" departSpeed="10.00" departDelay="0.00" arrival="155.40" arrivalLane="ce_0" arrivalPos="192.80" arrivalSpeed="10.00" duration="72.40" routeLength="394.90" waitingTime="1.40" waitingCount="14" stopTime="0.00" timeLoss="32.85" rerouteNo="0" devices="tripinfo_59" vType="typeCar@59" speedFactor="1.00" vaporized=""/>
    <tripinfo id="60" depart="84.00" departLane="wc_0" departPos="5.10" departSpeed="10.00" departDelay="0.00" arrival="156.50" arrivalLane="ce_0" arrivalPos="192.80" arrivalSpeed="10.00" duration="72.50" routeLength="394.90" waitingTime="1.50" waitingCount="15" stopTime="0.00" timeLoss="32.99" rerouteNo="0" devices="tripinfo_60" vType="typeCar@60" speedFactor="1.00" vaporized=""/>
    <tripinfo id="64" depart="91.00" departLane="nc_0" departPos="5.10" departSpeed="10.00" departDelay="0.00" arrival="158.10" arrivalLane="cs_0" arrivalPos="192.80" arrivalSpeed="10.00" duration="67.10" routeLength="394.90" waitingTime="0.70" waitingCount="7" stopTime="0.00" timeLoss="27.53" rerouteNo="0" devices="tripinfo_64" vType="typeCar@64" speedFactor="1.00" vaporized=""/>
    <tripinfo id="65" depart="93.00" departLane="nc_0" departPos="5.10" departSpeed="10.00" departDelay="0.00" arrival="159.10" arrivalLane="cs_0" arrivalPos="192.80" arrivalSpeed="10.00" duration="66.10" routeLength="394.90" waitingTime="0.80" waitingCount="8" stopTime="0.00" timeLoss="26.57" rerouteNo="0" devices="tripinfo_65" vType="typeCar@65" speedFactor="1.00" vaporized=""/>
    <tripinfo id="63" depart="88.00" departLane="wc_0" departPos="5.10" departSpeed="9.10" departDelay="0.00" arrival="160.60" arrivalLane="ce_0" arrivalPos="192.80" arrivalSpeed="10.00" duration="72.60" routeLength="394.90" waitingTime="1.70" waitingCount="17" stopTime="0.00" timeLoss="33.12" rerouteNo="0" devices="tripinfo_63" vType="typeCar@63" speedFactor="1.00" vaporized=""/>
    <tripinfo id="66" depart="94.00" departLane="wc_0" departPos="5.10" departSpeed="7.00" departDelay="0.00" arrival="161.70" arrivalLane="ce_0" arrivalPos="192.80" arrivalSpeed="10.00" duration="67.70" routeLength="394.90" waitingTime="1.10" waitingCount="11" stopTime="0.00" timeLoss="28.12" rerouteNo="0" devices="tripinfo_66" vType="typeCar@66" speedFactor="1.00" vaporized=""/>
    <tripinfo id="67" depart="95.00" departLane="nc_0" departPos="5.10" departSpeed="10.00" departDelay="0.00" arrival="163.20" arrivalLane="cs_0" arrivalPos="192.80" arrivalSpeed="10.00" duration="68.20" routeLength="394.90" waitingTime="1.10" waitingCount="11" stopTime="0.00" timeLoss="28.64" rerouteNo="0" devices="tripinfo_67" vType="typeCar@67" speedFactor="1.00" vaporized=""/>
    <tripinfo id="69" depart="98.00" departLane="nc_0" departPos="5.10" departSpeed="10.00" departDelay="0.00" arrival="164.30" arrivalLane="cs_0" arrivalPos="192.80" arrivalSpeed="10.00" duration="66.30" routeLength="394.90" waitingTime="0.80" waitingCount="8" stopTime="0.00" timeLoss="26.77" rerouteNo="0" devices="tripinfo_69" vType="typeCar@69" speedFactor="1.00" vaporized=""/>
    <tripinfo id="68" depart="96.00" departLane="wc_0" departPos="5.10" departSpeed="10.00" departDelay="0.00" arrival="165.80" arrivalLane="ce_0" arrivalPos="192.80" arrivalSpeed="10.00" duration="69.80" routeLength="394.90" waitingTime="1.00" waitingCount="10" stopTime="0.00" timeLoss="30.30" rerouteNo="0" devices="tripinfo_68" vType="typeCar@68" speedFactor="1.00" vaporized=""/>
</tripinfos>
