<?xml version="1.0" encoding="UTF-8"?>

<!-- generated on 2022-11-30 12:05:32 by Eclipse SUMO sumo Version 1.14.1
<configuration xmlns:xsi="http://www.w3.org/2001/XMLSchema-instance" xsi:noNamespaceSchemaLocation="http://sumo.dlr.de/xsd/sumoConfiguration.xsd">

    <input>
        <net-file value="net.net.xml"/>
        <route-files value="routes.rou.xml"/>
    </input>

    <output>
        <tripinfo-output value="raw_data/(3,4,0)tripinfo.xml"/>
    </output>

    <time>
        <begin value="0"/>
        <step-length value="0.1"/>
    </time>

    <processing>
        <extrapolate-departpos value="true"/>
        <route-steps value="0"/>
        <ignore-route-errors value="true"/>
        <collision.action value="warn"/>
        <collision.stoptime value="1"/>
        <collision.mingap-factor value="0.1"/>
    </processing>

    <report>
        <verbose value="false"/>
        <log value="log.txt"/>
        <duration-log.statistics value="true"/>
        <no-step-log value="true"/>
    </report>

    <traci_server>
        <remote-port value="61716"/>
    </traci_server>

    <gui_only>
        <quit-on-end value="true"/>
        <start value="true"/>
    </gui_only>

</configuration>
-->

<tripinfos xmlns:xsi="http://www.w3.org/2001/XMLSchema-instance" xsi:noNamespaceSchemaLocation="http://sumo.dlr.de/xsd/tripinfo_file.xsd">
    <tripinfo id="0" depart="0.00" departLane="nc_0" departPos="5.10" departSpeed="10.00" departDelay="0.00" arrival="39.50" arrivalLane="cs_0" arrivalPos="192.80" arrivalSpeed="10.00" duration="39.50" routeLength="394.90" waitingTime="0.00" waitingCount="0" stopTime="0.00" timeLoss="0.00" rerouteNo="0" devices="tripinfo_0" vType="typeCar@0" speedFactor="1.00" vaporized=""/>
    <tripinfo id="2" depart="1.00" departLane="nc_0" departPos="5.10" departSpeed="10.00" departDelay="0.00" arrival="40.50" arrivalLane="cs_0" arrivalPos="192.80" arrivalSpeed="10.00" duration="39.50" routeLength="394.90" waitingTime="0.00" waitingCount="0" stopTime="0.00" timeLoss="0.00" rerouteNo="0" devices="tripinfo_2" vType="typeCar@2" speedFactor="1.00" vaporized=""/>
    <tripinfo id="1" depart="1.00" departLane="wc_0" departPos="5.10" departSpeed="10.00" departDelay="0.00" arrival="42.00" arrivalLane="ce_0" arrivalPos="192.80" arrivalSpeed="10.00" duration="41.00" routeLength="394.90" waitingTime="0.00" waitingCount="0" stopTime="0.00" timeLoss="1.50" rerouteNo="0" devices="tripinfo_1" vType="typeCar@1" speedFactor="1.00" vaporized=""/>
    <tripinfo id="3" depart="3.00" departLane="nc_0" departPos="5.10" departSpeed="10.00" departDelay="0.00" arrival="43.70" arrivalLane="cs_0" arrivalPos="192.80" arrivalSpeed="10.00" duration="40.70" routeLength="394.90" waitingTime="0.00" waitingCount="0" stopTime="0.00" timeLoss="1.13" rerouteNo="0" devices="tripinfo_3" vType="typeCar@3" speedFactor="1.00" vaporized=""/>
    <tripinfo id="4" depart="4.00" departLane="nc_0" departPos="5.10" departSpeed="10.00" departDelay="0.00" arrival="44.70" arrivalLane="cs_0" arrivalPos="192.80" arrivalSpeed="10.00" duration="40.70" routeLength="394.90" waitingTime="0.00" waitingCount="0" stopTime="0.00" timeLoss="1.13" rerouteNo="0" devices="tripinfo_4" vType="typeCar@4" speedFactor="1.00" vaporized=""/>
    <tripinfo id="5" depart="5.00" departLane="wc_0" departPos="5.10" departSpeed="10.00" departDelay="0.00" arrival="46.20" arrivalLane="ce_0" arrivalPos="192.80" arrivalSpeed="10.00" duration="41.20" routeLength="394.90" waitingTime="0.00" waitingCount="0" stopTime="0.00" timeLoss="1.71" rerouteNo="0" devices="tripinfo_5" vType="typeCar@5" speedFactor="1.00" vaporized=""/>
    <tripinfo id="6" depart="6.00" departLane="wc_0" departPos="5.10" departSpeed="10.00" departDelay="0.00" arrival="47.20" arrivalLane="ce_0" arrivalPos="192.80" arrivalSpeed="10.00" duration="41.20" routeLength="394.90" waitingTime="0.00" waitingCount="0" stopTime="0.00" timeLoss="1.71" rerouteNo="0" devices="tripinfo_6" vType="typeCar@6" speedFactor="1.00" vaporized=""/>
    <tripinfo id="8" depart="8.00" departLane="wc_0" departPos="5.10" departSpeed="10.00" departDelay="0.00" arrival="50.10" arrivalLane="ce_0" arrivalPos="192.80" arrivalSpeed="10.00" duration="42.10" routeLength="394.90" waitingTime="0.00" waitingCount="0" stopTime="0.00" timeLoss="2.62" rerouteNo="0" devices="tripinfo_8" vType="typeCar@8" speedFactor="1.00" vaporized=""/>
    <tripinfo id="10" depart="11.00" departLane="wc_0" departPos="5.10" departSpeed="10.00" departDelay="0.00" arrival="51.70" arrivalLane="ce_0" arrivalPos="192.80" arrivalSpeed="10.00" duration="40.70" routeLength="394.90" waitingTime="0.00" waitingCount="0" stopTime="0.00" timeLoss="1.12" rerouteNo="0" devices="tripinfo_10" vType="typeCar@10" speedFactor="1.00" vaporized=""/>
    <tripinfo id="12" depart="13.00" departLane="wc_0" departPos="5.10" departSpeed="10.00" departDelay="0.00" arrival="52.70" arrivalLane="ce_0" arrivalPos="192.80" arrivalSpeed="10.00" duration="39.70" routeLength="394.90" waitingTime="0.00" waitingCount="0" stopTime="0.00" timeLoss="0.17" rerouteNo="0" devices="tripinfo_12" vType="typeCar@12" speedFactor="1.00" vaporized=""/>
    <tripinfo id="7" depart="6.00" departLane="nc_0" departPos="5.10" departSpeed="10.00" departDelay="0.00" arrival="54.30" arrivalLane="cs_0" arrivalPos="192.80" arrivalSpeed="10.00" duration="48.30" routeLength="394.90" waitingTime="0.00" waitingCount="0" stopTime="0.00" timeLoss="8.74" rerouteNo="0" devices="tripinfo_7" vType="typeCar@7" speedFactor="1.00" vaporized=""/>
    <tripinfo id="9" depart="9.00" departLane="nc_0" departPos="5.10" departSpeed="10.00" departDelay="0.00" arrival="56.80" arrivalLane="cs_0" arrivalPos="192.80" arrivalSpeed="10.00" duration="47.80" routeLength="394.90" waitingTime="0.00" waitingCount="0" stopTime="0.00" timeLoss="8.22" rerouteNo="0" devices="tripinfo_9" vType="typeCar@9" speedFactor="1.00" vaporized=""/>
    <tripinfo id="14" depart="17.00" departLane="wc_0" departPos="5.10" departSpeed="10.00" departDelay="0.00" arrival="57.90" arrivalLane="ce_0" arrivalPos="192.80" arrivalSpeed="10.00" duration="40.90" routeLength="394.90" waitingTime="0.00" waitingCount="0" stopTime="0.00" timeLoss="1.37" rerouteNo="0" devices="tripinfo_14" vType="typeCar@14" speedFactor="1.00" vaporized=""/>
    <tripinfo id="16" depart="21.00" departLane="wc_0" departPos="5.10" departSpeed="10.00" departDelay="0.00" arrival="65.00" arrivalLane="ce_0" arrivalPos="192.80" arrivalSpeed="10.00" duration="44.00" routeLength="394.90" waitingTime="0.00" waitingCount="0" stopTime="0.00" timeLoss="4.51" rerouteNo="0" devices="tripinfo_16" vType="typeCar@16" speedFactor="1.00" vaporized=""/>
    <tripinfo id="18" depart="22.00" departLane="wc_0" departPos="5.10" departSpeed="10.00" departDelay="0.00" arrival="68.90" arrivalLane="ce_0" arrivalPos="192.80" arrivalSpeed="10.00" duration="46.90" routeLength="394.90" waitingTime="0.00" waitingCount="0" stopTime="0.00" timeLoss="7.41" rerouteNo="0" devices="tripinfo_18" vType="typeCar@18" speedFactor="1.00" vaporized=""/>
    <tripinfo id="20" depart="23.00" departLane="wc_0" departPos="5.10" departSpeed="10.00" departDelay="0.00" arrival="71.40" arrivalLane="ce_0" arrivalPos="192.80" arrivalSpeed="10.00" duration="48.40" routeLength="394.90" waitingTime="0.00" waitingCount="0" stopTime="0.00" timeLoss="8.85" rerouteNo="0" devices="tripinfo_20" vType="typeCar@20" speedFactor="1.00" vaporized=""/>
    <tripinfo id="22" depart="25.00" departLane="wc_0" departPos="5.10" departSpeed="10.00" departDelay="0.00" arrival="74.40" arrivalLane="ce_0" arrivalPos="192.80" arrivalSpeed="10.00" duration="49.40" routeLength="394.90" waitingTime="0.00" waitingCount="0" stopTime="0.00" timeLoss="9.83" rerouteNo="0" devices="tripinfo_22" vType="typeCar@22" speedFactor="1.00" vaporized=""/>
    <tripinfo id="24" depart="26.00" departLane="wc_0" departPos="5.10" departSpeed="10.00" departDelay="0.00" arrival="76.20" arrivalLane="ce_0" arrivalPos="192.80" arrivalSpeed="10.00" duration="50.20" routeLength="394.90" waitingTime="0.00" waitingCount="0" stopTime="0.00" timeLoss="10.66" rerouteNo="0" devices="tripinfo_24" vType="typeCar@24" speedFactor="1.00" vaporized=""/>
    <tripinfo id="11" depart="11.00" departLane="nc_0" departPos="5.10" departSpeed="10.00" departDelay="0.00" arrival="78.50" arrivalLane="cs_0" arrivalPos="192.80" arrivalSpeed="10.00" duration="67.50" routeLength="394.90" waitingTime="0.00" waitingCount="0" stopTime="0.00" timeLoss="27.92" rerouteNo="0" devices="tripinfo_11" vType="typeCar@11" speedFactor="1.00" vaporized=""/>
    <tripinfo id="13" depart="13.00" departLane="nc_0" departPos="5.10" departSpeed="10.00" departDelay="0.00" arrival="81.60" arrivalLane="cs_0" arrivalPos="192.80" arrivalSpeed="10.00" duration="68.60" routeLength="394.90" waitingTime="0.70" waitingCount="7" stopTime="0.00" timeLoss="29.04" rerouteNo="0" devices="tripinfo_13" vType="typeCar@13" speedFactor="1.00" vaporized=""/>
    <tripinfo id="15" depart="20.00" departLane="nc_0" departPos="5.10" departSpeed="10.00" departDelay="0.00" arrival="82.50" arrivalLane="cs_0" arrivalPos="192.80" arrivalSpeed="10.00" duration="62.50" routeLength="394.90" waitingTime="0.80" waitingCount="8" stopTime="0.00" timeLoss="22.93" rerouteNo="0" devices="tripinfo_15" vType="typeCar@15" speedFactor="1.00" vaporized=""/>
    <tripinfo id="25" depart="28.00" departLane="wc_0" departPos="5.10" departSpeed="10.00" departDelay="0.00" arrival="84.30" arrivalLane="ce_0" arrivalPos="192.80" arrivalSpeed="10.00" duration="56.30" routeLength="394.90" waitingTime="0.10" waitingCount="1" stopTime="0.00" timeLoss="16.79" rerouteNo="0" devices="tripinfo_25" vType="typeCar@25" speedFactor="1.00" vaporized=""/>
    <tripinfo id="26" depart="29.00" departLane="wc_0" departPos="5.10" departSpeed="10.00" departDelay="0.00" arrival="85.20" arrivalLane="ce_0" arrivalPos="192.80" arrivalSpeed="10.00" duration="56.20" routeLength="394.90" waitingTime="0.10" waitingCount="1" stopTime="0.00" timeLoss="16.70" rerouteNo="0" devices="tripinfo_26" vType="typeCar@26" speedFactor="1.00" vaporized=""/>
    <tripinfo id="27" depart="33.00" departLane="wc_0" departPos="5.10" departSpeed="10.00" departDelay="0.00" arrival="86.30" arrivalLane="ce_0" arrivalPos="192.80" arrivalSpeed="10.00" duration="53.30" routeLength="394.90" waitingTime="0.20" waitingCount="2" stopTime="0.00" timeLoss="13.74" rerouteNo="0" devices="tripinfo_27" vType="typeCar@27" speedFactor="1.00" vaporized=""/>
    <tripinfo id="29" depart="34.00" departLane="wc_0" departPos="5.10" departSpeed="10.00" departDelay="0.00" arrival="87.30" arrivalLane="ce_0" arrivalPos="192.80" arrivalSpeed="10.00" duration="53.30" routeLength="394.90" waitingTime="0.40" waitingCount="4" stopTime="0.00" timeLoss="13.79" rerouteNo="0" devices="tripinfo_29" vType="typeCar@29" speedFactor="1.00" vaporized=""/>
    <tripinfo id="31" depart="35.00" departLane="wc_0" departPos="5.10" departSpeed="10.00" departDelay="0.00" arrival="91.10" arrivalLane="ce_0" arrivalPos="192.80" arrivalSpeed="10.00" duration="56.10" routeLength="394.90" waitingTime="0.70" waitingCount="7" stopTime="0.00" timeLoss="16.56" rerouteNo="0" devices="tripinfo_31" vType="typeCar@31" speedFactor="1.00" vaporized=""/>
    <tripinfo id="17" depart="21.00" departLane="nc_0" departPos="5.10" departSpeed="10.00" departDelay="0.00" arrival="94.50" arrivalLane="cs_0" arrivalPos="192.80" arrivalSpeed="10.00" duration="73.50" routeLength="394.90" waitingTime="0.70" waitingCount="7" stopTime="0.00" timeLoss="33.99" rerouteNo="0" devices="tripinfo_17" vType="typeCar@17" speedFactor="1.00" vaporized=""/>
    <tripinfo id="32" depart="39.00" departLane="wc_0" departPos="5.10" departSpeed="10.00" departDelay="0.00" arrival="96.90" arrivalLane="ce_0" arrivalPos="192.80" arrivalSpeed="10.00" duration="57.90" routeLength="394.90" waitingTime="0.70" waitingCount="7" stopTime="0.00" timeLoss="18.39" rerouteNo="0" devices="tripinfo_32" vType="typeCar@32" speedFactor="1.00" vaporized=""/>
    <tripinfo id="35" depart="42.00" departLane="wc_0" departPos="5.10" departSpeed="10.00" departDelay="0.00" arrival="98.00" arrivalLane="ce_0" arrivalPos="192.80" arrivalSpeed="10.00" duration="56.00" routeLength="394.90" waitingTime="0.80" waitingCount="8" stopTime="0.00" timeLoss="16.45" rerouteNo="0" devices="tripinfo_35" vType="typeCar@35" speedFactor="1.00" vaporized=""/>
    <tripinfo id="37" depart="44.00" departLane="wc_0" departPos="5.10" departSpeed="10.00" departDelay="0.00" arrival="102.20" arrivalLane="ce_0" arrivalPos="192.80" arrivalSpeed="10.00" duration="58.20" routeLength="394.90" waitingTime="0.90" waitingCount="9" stopTime="0.00" timeLoss="18.62" rerouteNo="0" devices="tripinfo_37" vType="typeCar@37" speedFactor="1.00" vaporized=""/>
    <tripinfo id="39" depart="45.00" departLane="wc_0" departPos="5.10" departSpeed="10.00" departDelay="0.00" arrival="104.50" arrivalLane="ce_0" arrivalPos="192.80" arrivalSpeed="10.00" duration="59.50" routeLength="394.90" waitingTime="1.00" waitingCount="10" stopTime="0.00" timeLoss="19.96" rerouteNo="0" devices="tripinfo_39" vType="typeCar@39" speedFactor="1.00" vaporized=""/>
    <tripinfo id="40" depart="47.00" departLane="wc_0" departPos="5.10" departSpeed="10.00" departDelay="0.00" arrival="107.20" arrivalLane="ce_0" arrivalPos="192.80" arrivalSpeed="10.00" duration="60.20" routeLength="394.90" waitingTime="1.00" waitingCount="10" stopTime="0.00" timeLoss="20.68" rerouteNo="0" devices="tripinfo_40" vType="typeCar@40" speedFactor="1.00" vaporized=""/>
    <tripinfo id="19" depart="22.00" departLane="nc_0" departPos="5.10" departSpeed="10.00" departDelay="0.00" arrival="109.70" arrivalLane="cs_0" arrivalPos="192.80" arrivalSpeed="10.00" duration="87.70" routeLength="394.90" waitingTime="4.50" waitingCount="9" stopTime="0.00" timeLoss="48.20" rerouteNo="0" devices="tripinfo_19" vType="typeCar@19" speedFactor="1.00" vaporized=""/>
    <tripinfo id="21" depart="23.00" departLane="nc_0" departPos="5.10" departSpeed="10.00" departDelay="0.00" arrival="110.90" arrivalLane="cs_0" arrivalPos="192.80" arrivalSpeed="10.00" duration="87.90" routeLength="394.90" waitingTime="1.40" waitingCount="14" stopTime="0.00" timeLoss="48.33" rerouteNo="0" devices="tripinfo_21" vType="typeCar@21" speedFactor="1.00" vaporized=""/>
    <tripinfo id="41" depart="50.00" departLane="wc_0" departPos="5.10" departSpeed="10.00" departDelay="0.00" arrival="112.30" arrivalLane="ce_0" arrivalPos="192.80" arrivalSpeed="10.00" duration="62.30" routeLength="394.90" waitingTime="0.50" waitingCount="5" stopTime="0.00" timeLoss="22.74" rerouteNo="0" devices="tripinfo_41" vType="typeCar@41" speedFactor="1.00" vaporized=""/>
    <tripinfo id="23" depart="25.00" departLane="nc_0" departPos="5.10" departSpeed="10.00" departDelay="0.00" arrival="114.30" arrivalLane="cs_0" arrivalPos="192.80" arrivalSpeed="10.00" duration="89.30" routeLength="394.90" waitingTime="1.30" waitingCount="13" stopTime="0.00" timeLoss="49.79" rerouteNo="0" devices="tripinfo_23" vType="typeCar@23" speedFactor="1.00" vaporized=""/>
    <tripinfo id="28" depart="33.00" departLane="nc_0" departPos="5.10" departSpeed="10.00" departDelay="0.00" arrival="116.30" arrivalLane="cs_0" arrivalPos="192.80" arrivalSpeed="10.00" duration="83.30" routeLength="394.90" waitingTime="1.70" waitingCount="17" stopTime="0.00" timeLoss="43.78" rerouteNo="0" devices="tripinfo_28" vType="typeCar@28" speedFactor="1.00" vaporized=""/>
    <tripinfo id="42" depart="52.00" departLane="wc_0" departPos="5.10" departSpeed="10.00" departDelay="0.00" arrival="118.60" arrivalLane="ce_0" arrivalPos="192.80" arrivalSpeed="10.00" duration="66.60" routeLength="394.90" waitingTime="0.70" waitingCount="7" stopTime="0.00" timeLoss="27.11" rerouteNo="0" devices="tripinfo_42" vType="typeCar@42" speedFactor="1.00" vaporized=""/>
    <tripinfo id="30" depart="34.00" departLane="nc_0" departPos="5.10" departSpeed="10.00" departDelay="0.00" arrival="121.40" arrivalLane="cs_0" arrivalPos="192.80" arrivalSpeed="10.00" duration="87.40" routeLength="394.90" waitingTime="1.60" waitingCount="16" stopTime="0.00" timeLoss="47.82" rerouteNo="0" devices="tripinfo_30" vType="typeCar@30" speedFactor="1.00" vaporized=""/>
    <tripinfo id="33" depart="39.00" departLane="nc_0" departPos="5.10" departSpeed="10.00" departDelay="0.00" arrival="122.40" arrivalLane="cs_0" arrivalPos="192.80" arrivalSpeed="10.00" duration="83.40" routeLength="394.90" waitingTime="1.50" waitingCount="15" stopTime="0.00" timeLoss="43.88" rerouteNo="0" devices="tripinfo_33" vType="typeCar@33" speedFactor="1.00" vaporized=""/>
    <tripinfo id="43" depart="53.00" departLane="wc_0" departPos="5.10" departSpeed="10.00" departDelay="0.00" arrival="124.30" arrivalLane="ce_0" arrivalPos="192.80" arrivalSpeed="10.00" duration="71.30" routeLength="394.90" waitingTime="0.70" waitingCount="7" stopTime="0.00" timeLoss="31.81" rerouteNo="0" devices="tripinfo_43" vType="typeCar@43" speedFactor="1.00" vaporized=""/>
    <tripinfo id="46" depart="58.00" departLane="wc_0" departPos="5.10" departSpeed="10.00" departDelay="0.00" arrival="125.30" arrivalLane="ce_0" arrivalPos="192.80" arrivalSpeed="10.00" duration="67.30" routeLength="394.90" waitingTime="0.40" waitingCount="4" stopTime="0.00" timeLoss="27.74" rerouteNo="0" devices="tripinfo_46" vType="typeCar@46" speedFactor="1.00" vaporized=""/>
    <tripinfo id="34" depart="40.00" departLane="nc_0" departPos="5.10" departSpeed="10.00" departDelay="0.00" arrival="126.80" arrivalLane="cs_0" arrivalPos="192.80" arrivalSpeed="10.00" duration="86.80" routeLength="394.90" waitingTime="1.70" waitingCount="17" stopTime="0.00" timeLoss="47.28" rerouteNo="0" devices="tripinfo_34" vType="typeCar@34" speedFactor="1.00" vaporized=""/>
    <tripinfo id="36" depart="42.00" departLane="nc_0" departPos="5.10" departSpeed="10.00" departDelay="0.00" arrival="127.90" arrivalLane="cs_0" arrivalPos="192.80" arrivalSpeed="10.00" duration="85.90" routeLength="394.90" waitingTime="2.30" waitingCount="23" stopTime="0.00" timeLoss="46.36" rerouteNo="0" devices="tripinfo_36" vType="typeCar@36" speedFactor="1.00" vaporized=""/>
    <tripinfo id="48" depart="62.00" departLane="wc_0" departPos="5.10" departSpeed="10.00" departDelay="0.00" arrival="129.40" arrivalLane="ce_0" arrivalPos="192.80" arrivalSpeed="10.00" duration="67.40" routeLength="394.90" waitingTime="0.50" waitingCount="5" stopTime="0.00" timeLoss="27.88" rerouteNo="0" devices="tripinfo_48" vType="typeCar@48" speedFactor="1.00" vaporized=""/>
    <tripinfo id="49" depart="63.00" departLane="wc_0" departPos="5.10" departSpeed="10.00" departDelay="0.00" arrival="130.50" arrivalLane="ce_0" arrivalPos="192.80" arrivalSpeed="10.00" duration="67.50" routeLength="394.90" waitingTime="0.60" waitingCount="6" stopTime="0.00" timeLoss="28.01" rerouteNo="0" devices="tripinfo_49" vType="typeCar@49" speedFactor="1.00" vaporized=""/>
    <tripinfo id="38" depart="44.00" departLane="nc_0" departPos="5.10" departSpeed="10.00" departDelay="0.00" arrival="132.00" arrivalLane="cs_0" arrivalPos="192.80" arrivalSpeed="10.00" duration="88.00" routeLength="394.90" waitingTime="2.00" waitingCount="20" stopTime="0.00" timeLoss="48.51" rerouteNo="0" devices="tripinfo_38" vType="typeCar@38" speedFactor="1.00" vaporized=""/>
    <tripinfo id="44" depart="55.00" departLane="nc_0" departPos="5.10" departSpeed="0.30" departDelay="0.00" arrival="133.10" arrivalLane="cs_0" arrivalPos="192.80" arrivalSpeed="10.00" duration="78.10" routeLength="394.90" waitingTime="1.90" waitingCount="19" stopTime="0.00" timeLoss="38.62" rerouteNo="0" devices="tripinfo_44" vType="typeCar@44" speedFactor="1.00" vaporized=""/>
    <tripinfo id="50" depart="65.00" departLane="wc_0" departPos="5.10" departSpeed="10.00" departDelay="0.00" arrival="134.70" arrivalLane="ce_0" arrivalPos="192.80" arrivalSpeed="10.00" duration="69.70" routeLength="394.90" waitingTime="0.80" waitingCount="8" stopTime="0.00" timeLoss="30.17" rerouteNo="0" devices="tripinfo_50" vType="typeCar@50" speedFactor="1.00" vaporized=""/>
    <tripinfo id="52" depart="67.00" departLane="wc_0" departPos="5.10" departSpeed="10.00" departDelay="0.00" arrival="135.70" arrivalLane="ce_0" arrivalPos="192.80" arrivalSpeed="10.00" duration="68.70" routeLength="394.90" waitingTime="0.80" waitingCount="8" stopTime="0.00" timeLoss="29.18" rerouteNo="0" devices="tripinfo_52" vType="typeCar@52" speedFactor="1.00" vaporized=""/>
    <tripinfo id="45" depart="56.90" departLane="nc_0" departPos="5.10" departSpeed="6.00" departDelay="0.90" arrival="137.30" arrivalLane="cs_0" arrivalPos="192.80" arrivalSpeed="10.00" duration="80.40" routeLength="394.90" waitingTime="1.90" waitingCount="19" stopTime="0.00" timeLoss="40.87" rerouteNo="0" devices="tripinfo_45" vType="typeCar@45" speedFactor="1.00" vaporized=""/>
    <tripinfo id="47" depart="59.00" departLane="nc_0" departPos="5.10" departSpeed="10.00" departDelay="0.00" arrival="138.40" arrivalLane="cs_0" arrivalPos="192.80" arrivalSpeed="10.00" duration="79.40" routeLength="394.90" waitingTime="2.00" waitingCount="20" stopTime="0.00" timeLoss="39.88" rerouteNo="0" devices="tripinfo_47" vType="typeCar@47" speedFactor="1.00" vaporized=""/>
    <tripinfo id="53" depart="68.00" departLane="wc_0" departPos="5.10" departSpeed="10.00" departDelay="0.00" arrival="139.90" arrivalLane="ce_0" arrivalPos="192.80" arrivalSpeed="10.00" duration="71.90" routeLength="394.90" waitingTime="0.80" waitingCount="8" stopTime="0.00" timeLoss="32.42" rerouteNo="0" devices="tripinfo_53" vType="typeCar@53" speedFactor="1.00" vaporized=""/>
    <tripinfo id="55" depart="71.00" departLane="wc_0" departPos="5.10" departSpeed="10.00" departDelay="0.00" arrival="141.00" arrivalLane="ce_0" arrivalPos="192.80" arrivalSpeed="10.00" duration="70.00" routeLength="394.90" waitingTime="1.30" waitingCount="13" stopTime="0.00" timeLoss="30.43" rerouteNo="0" devices="tripinfo_55" vType="typeCar@55" speedFactor="1.00" vaporized=""/>
    <tripinfo id="51" depart="65.00" departLane="nc_0" departPos="5.10" departSpeed="10.00" departDelay="0.00" arrival="142.50" arrivalLane="cs_0" arrivalPos="192.80" arrivalSpeed="10.00" duration="77.50" routeLength="394.90" waitingTime="1.70" waitingCount="17" stopTime="0.00" timeLoss="37.98" rerouteNo="0" devices="tripinfo_51" vType="typeCar@51" speedFactor="1.00" vaporized=""/>
    <tripinfo id="54" depart="69.00" departLane="nc_0" departPos="5.10" departSpeed="10.00" departDelay="0.00" arrival="143.50" arrivalLane="cs_0" arrivalPos="192.80" arrivalSpeed="10.00" duration="74.50" routeLength="394.90" waitingTime="1.50" waitingCount="15" stopTime="0.00" timeLoss="35.02" rerouteNo="0" devices="tripinfo_54" vType="typeCar@54" speedFactor="1.00" vaporized=""/>
    <tripinfo id="57" depart="74.00" departLane="wc_0" departPos="5.10" departSpeed="10.00" departDelay="0.00" arrival="145.10" arrivalLane="ce_0" arrivalPos="192.80" arrivalSpeed="10.00" duration="71.10" routeLength="394.90" waitingTime="1.00" waitingCount="10" stopTime="0.00" timeLoss="31.55" rerouteNo="0" devices="tripinfo_57" vType="typeCar@57" speedFactor="1.00" vaporized=""/>
    <tripinfo id="58" depart="77.00" departLane="wc_0" departPos="5.10" departSpeed="10.00" departDelay="0.00" arrival="146.20" arrivalLane="ce_0" arrivalPos="192.80" arrivalSpeed="10.00" duration="69.20" routeLength="394.90" waitingTime="0.50" waitingCount="5" stopTime="0.00" timeLoss="29.68" rerouteNo="0" devices="tripinfo_58" vType="typeCar@58" speedFactor="1.00" vaporized=""/>
    <tripinfo id="56" depart="72.00" departLane="nc_0" departPos="5.10" departSpeed="10.00" departDelay="0.00" arrival="147.70" arrivalLane="cs_0" arrivalPos="192.80" arrivalSpeed="10.00" duration="75.70" routeLength="394.90" waitingTime="1.90" waitingCount="19" stopTime="0.00" timeLoss="36.21" rerouteNo="0" devices="tripinfo_56" vType="typeCar@56" speedFactor="1.00" vaporized=""/>
    <tripinfo id="59" depart="77.00" departLane="nc_0" departPos="5.10" departSpeed="10.00" departDelay="0.00" arrival="148.80" arrivalLane="cs_0" arrivalPos="192.80" arrivalSpeed="10.00" duration="71.80" routeLength="394.90" waitingTime="1.80" waitingCount="18" stopTime="0.00" timeLoss="32.26" rerouteNo="0" devices="tripinfo_59" vType="typeCar@59" speedFactor="1.00" vaporized=""/>
    <tripinfo id="60" depart="78.00" departLane="wc_0" departPos="5.10" departSpeed="10.00" departDelay="0.00" arrival="150.40" arrivalLane="ce_0" arrivalPos="192.80" arrivalSpeed="10.00" duration="72.40" routeLength="394.90" waitingTime="1.20" waitingCount="12" stopTime="0.00" timeLoss="32.90" rerouteNo="0" devices="tripinfo_60" vType="typeCar@60" speedFactor="1.00" vaporized=""/>
    <tripinfo id="61" depart="79.00" departLane="wc_0" departPos="5.10" departSpeed="10.00" departDelay="0.00" arrival="151.40" arrivalLane="ce_0" arrivalPos="192.80" arrivalSpeed="10.00" duration="72.40" routeLength="394.90" waitingTime="1.80" waitingCount="18" stopTime="0.00" timeLoss="32.90" rerouteNo="0" devices="tripinfo_61" vType="typeCar@61" speedFactor="1.00" vaporized=""/>
    <tripinfo id="62" depart="79.00" departLane="nc_0" departPos="5.10" departSpeed="10.00" departDelay="0.00" arrival="153.00" arrivalLane="cs_0" arrivalPos="192.80" arrivalSpeed="10.00" duration="74.00" routeLength="394.90" waitingTime="1.60" waitingCount="16" stopTime="0.00" timeLoss="34.45" rerouteNo="0" devices="tripinfo_62" vType="typeCar@62" speedFactor="1.00" vaporized=""/>
    <tripinfo id="65" depart="82.00" departLane="nc_0" departPos="5.10" departSpeed="10.00" departDelay="0.00" arrival="154.10" arrivalLane="cs_0" arrivalPos="192.80" arrivalSpeed="10.00" duration="72.10" routeLength="394.90" waitingTime="1.50" waitingCount="15" stopTime="0.00" timeLoss="32.60" rerouteNo="0" devices="tripinfo_65" vType="typeCar@65" speedFactor="1.00" vaporized=""/>
    <tripinfo id="63" depart="80.00" departLane="wc_0" departPos="5.10" departSpeed="10.00" departDelay="0.00" arrival="155.70" arrivalLane="ce_0" arrivalPos="192.80" arrivalSpeed="10.00" duration="75.70" routeLength="394.90" waitingTime="2.10" waitingCount="21" stopTime="0.00" timeLoss="36.12" rerouteNo="0" devices="tripinfo_63" vType="typeCar@63" speedFactor="1.00" vaporized=""/>
    <tripinfo id="64" depart="81.00" departLane="wc_0" departPos="5.10" departSpeed="10.00" departDelay="0.00" arrival="156.70" arrivalLane="ce_0" arrivalPos="192.80" arrivalSpeed="10.00" duration="75.70" routeLength="394.90" waitingTime="2.20" waitingCount="22" stopTime="0.00" timeLoss="36.16" rerouteNo="0" devices="tripinfo_64" vType="typeCar@64" speedFactor="1.00" vaporized=""/>
    <tripinfo id="68" depart="84.00" departLane="nc_0" departPos="5.10" departSpeed="10.00" departDelay="0.00" arrival="158.30" arrivalLane="cs_0" arrivalPos="192.80" arrivalSpeed="10.00" duration="74.30" routeLength="394.90" waitingTime="1.30" waitingCount="13" stopTime="0.00" timeLoss="34.80" rerouteNo="0" devices="tripinfo_68" vType="typeCar@68" speedFactor="1.00" vaporized=""/>
    <tripinfo id="69" depart="87.00" departLane="nc_0" departPos="5.10" departSpeed="10.00" departDelay="0.00" arrival="159.50" arrivalLane="cs_0" arrivalPos="192.80" arrivalSpeed="10.00" duration="72.50" routeLength="394.90" waitingTime="1.40" waitingCount="14" stopTime="0.00" timeLoss="32.98" rerouteNo="0" devices="tripinfo_69" vType="typeCar@69" speedFactor="1.00" vaporized=""/>
    <tripinfo id="66" depart="83.00" departLane="wc_0" departPos="5.10" departSpeed="10.00" departDelay="0.00" arrival="161.00" arrivalLane="ce_0" arrivalPos="192.80" arrivalSpeed="10.00" duration="78.00" routeLength="394.90" waitingTime="2.00" waitingCount="20" stopTime="0.00" timeLoss="38.51" rerouteNo="0" devices="tripinfo_66" vType="typeCar@66" speedFactor="1.00" vaporized=""/>
    <tripinfo id="67" depart="84.00" departLane="wc_0" departPos="5.10" departSpeed="10.00" departDelay="0.00" arrival="162.10" arrivalLane="ce_0" arrivalPos="192.80" arrivalSpeed="10.00" duration="78.10" routeLength="394.90" waitingTime="2.10" waitingCount="21" stopTime="0.00" timeLoss="38.55" rerouteNo="0" devices="tripinfo_67" vType="typeCar@67" speedFactor="1.00" vaporized=""/>
    <tripinfo id="71" depart="91.00" departLane="nc_0" departPos="5.10" departSpeed="5.80" departDelay="0.00" arrival="163.60" arrivalLane="cs_0" arrivalPos="192.80" arrivalSpeed="10.00" duration="72.60" routeLength="394.90" waitingTime="1.30" waitingCount="13" stopTime="0.00" timeLoss="33.10" rerouteNo="0" devices="tripinfo_71" vType="typeCar@71" speedFactor="1.00" vaporized=""/>
    <tripinfo id="72" depart="93.00" departLane="nc_0" departPos="5.10" departSpeed="10.00" departDelay="0.00" arrival="164.80" arrivalLane="cs_0" arrivalPos="192.80" arrivalSpeed="10.00" duration="71.80" routeLength="394.90" waitingTime="1.40" waitingCount="14" stopTime="0.00" timeLoss="32.23" rerouteNo="0" devices="tripinfo_72" vType="typeCar@72" speedFactor="1.00" vaporized=""/>
    <tripinfo id="70" depart="88.00" departLane="wc_0" departPos="5.10" departSpeed="1.30" departDelay="0.00" arrival="166.30" arrivalLane="ce_0" arrivalPos="192.80" arrivalSpeed="10.00" duration="78.30" routeLength="394.90" waitingTime="2.10" waitingCount="21" stopTime="0.00" timeLoss="38.75" rerouteNo="0" devices="tripinfo_70" vType="typeCar@70" speedFactor="1.00" vaporized=""/>
    <tripinfo id="73" depart="94.00" departLane="wc_0" departPos="5.10" departSpeed="7.50" departDelay="0.00" arrival="167.30" arrivalLane="ce_0" arrivalPos="192.80" arrivalSpeed="10.00" duration="73.30" routeLength="394.90" waitingTime="1.80" waitingCount="18" stopTime="0.00" timeLoss="33.82" rerouteNo="0" devices="tripinfo_73" vType="typeCar@73" speedFactor="1.00" vaporized=""/>
    <tripinfo id="74" depart="95.00" departLane="nc_0" departPos="5.10" departSpeed="9.50" departDelay="0.00" arrival="168.90" arrivalLane="cs_0" arrivalPos="192.80" arrivalSpeed="10.00" duration="73.90" routeLength="394.90" waitingTime="1.30" waitingCount="13" stopTime="0.00" timeLoss="34.36" rerouteNo="0" devices="tripinfo_74" vType="typeCar@74" speedFactor="1.00" vaporized=""/>
    <tripinfo id="76" depart="98.00" departLane="nc_0" departPos="5.10" departSpeed="7.10" departDelay="0.00" arrival="170.10" arrivalLane="cs_0" arrivalPos="192.80" arrivalSpeed="10.00" duration="72.10" routeLength="394.90" waitingTime="1.30" waitingCount="13" stopTime="0.00" timeLoss="32.56" rerouteNo="0" devices="tripinfo_76" vType="typeCar@76" speedFactor="1.00" vaporized=""/>
    <tripinfo id="75" depart="96.00" departLane="wc_0" departPos="5.10" departSpeed="10.00" departDelay="0.00" arrival="171.60" arrivalLane="ce_0" arrivalPos="192.80" arrivalSpeed="10.00" duration="75.60" routeLength="394.90" waitingTime="1.80" waitingCount="18" stopTime="0.00" timeLoss="36.09" rerouteNo="0" devices="tripinfo_75" vType="typeCar@75" speedFactor="1.00" vaporized=""/>
</tripinfos>
