<?xml version="1.0" encoding="UTF-8"?>

<!-- generated on 2022-11-30 12:05:42 by Eclipse SUMO sumo Version 1.14.1
<configuration xmlns:xsi="http://www.w3.org/2001/XMLSchema-instance" xsi:noNamespaceSchemaLocation="http://sumo.dlr.de/xsd/sumoConfiguration.xsd">

    <input>
        <net-file value="net.net.xml"/>
        <route-files value="routes.rou.xml"/>
    </input>

    <output>
        <tripinfo-output value="raw_data/(3,5,0)tripinfo.xml"/>
    </output>

    <time>
        <begin value="0"/>
        <step-length value="0.1"/>
    </time>

    <processing>
        <extrapolate-departpos value="true"/>
        <route-steps value="0"/>
        <ignore-route-errors value="true"/>
        <collision.action value="warn"/>
        <collision.stoptime value="1"/>
        <collision.mingap-factor value="0.1"/>
    </processing>

    <report>
        <verbose value="false"/>
        <log value="log.txt"/>
        <duration-log.statistics value="true"/>
        <no-step-log value="true"/>
    </report>

    <traci_server>
        <remote-port value="61721"/>
    </traci_server>

    <gui_only>
        <quit-on-end value="true"/>
        <start value="true"/>
    </gui_only>

</configuration>
-->

<tripinfos xmlns:xsi="http://www.w3.org/2001/XMLSchema-instance" xsi:noNamespaceSchemaLocation="http://sumo.dlr.de/xsd/tripinfo_file.xsd">
    <tripinfo id="1" depart="1.00" departLane="wc_0" departPos="5.10" departSpeed="10.00" departDelay="0.00" arrival="40.50" arrivalLane="ce_0" arrivalPos="192.80" arrivalSpeed="10.00" duration="39.50" routeLength="394.90" waitingTime="0.00" waitingCount="0" stopTime="0.00" timeLoss="0.00" rerouteNo="0" devices="tripinfo_1" vType="typeCar@1" speedFactor="1.00" vaporized=""/>
    <tripinfo id="0" depart="0.00" departLane="nc_0" departPos="5.10" departSpeed="10.00" departDelay="0.00" arrival="42.10" arrivalLane="cs_0" arrivalPos="192.80" arrivalSpeed="10.00" duration="42.10" routeLength="394.90" waitingTime="0.00" waitingCount="0" stopTime="0.00" timeLoss="2.58" rerouteNo="0" devices="tripinfo_0" vType="typeCar@0" speedFactor="1.00" vaporized=""/>
    <tripinfo id="2" depart="1.00" departLane="nc_0" departPos="5.10" departSpeed="10.00" departDelay="0.00" arrival="43.90" arrivalLane="cs_0" arrivalPos="192.80" arrivalSpeed="10.00" duration="42.90" routeLength="394.90" waitingTime="0.00" waitingCount="0" stopTime="0.00" timeLoss="3.33" rerouteNo="0" devices="tripinfo_2" vType="typeCar@2" speedFactor="1.00" vaporized=""/>
    <tripinfo id="4" depart="4.00" departLane="wc_0" departPos="5.10" departSpeed="10.00" departDelay="0.00" arrival="46.20" arrivalLane="ce_0" arrivalPos="192.80" arrivalSpeed="10.00" duration="42.20" routeLength="394.90" waitingTime="0.00" waitingCount="0" stopTime="0.00" timeLoss="2.69" rerouteNo="0" devices="tripinfo_4" vType="typeCar@4" speedFactor="1.00" vaporized=""/>
    <tripinfo id="6" depart="5.00" departLane="wc_0" departPos="5.10" departSpeed="10.00" departDelay="0.00" arrival="50.10" arrivalLane="ce_0" arrivalPos="192.80" arrivalSpeed="10.00" duration="45.10" routeLength="394.90" waitingTime="0.00" waitingCount="0" stopTime="0.00" timeLoss="5.52" rerouteNo="0" devices="tripinfo_6" vType="typeCar@6" speedFactor="1.00" vaporized=""/>
    <tripinfo id="7" depart="6.00" departLane="wc_0" departPos="5.10" departSpeed="10.00" departDelay="0.00" arrival="52.50" arrivalLane="ce_0" arrivalPos="192.80" arrivalSpeed="10.00" duration="46.50" routeLength="394.90" waitingTime="0.00" waitingCount="0" stopTime="0.00" timeLoss="6.92" rerouteNo="0" devices="tripinfo_7" vType="typeCar@7" speedFactor="1.00" vaporized=""/>
    <tripinfo id="9" depart="8.00" departLane="wc_0" departPos="5.10" departSpeed="10.00" departDelay="0.00" arrival="53.60" arrivalLane="ce_0" arrivalPos="192.80" arrivalSpeed="10.00" duration="45.60" routeLength="394.90" waitingTime="0.00" waitingCount="0" stopTime="0.00" timeLoss="6.04" rerouteNo="0" devices="tripinfo_9" vType="typeCar@9" speedFactor="1.00" vaporized=""/>
    <tripinfo id="3" depart="3.00" departLane="nc_0" departPos="5.10" departSpeed="10.00" departDelay="0.00" arrival="55.70" arrivalLane="cs_0" arrivalPos="192.80" arrivalSpeed="10.00" duration="52.70" routeLength="394.90" waitingTime="0.00" waitingCount="0" stopTime="0.00" timeLoss="13.15" rerouteNo="0" devices="tripinfo_3" vType="typeCar@3" speedFactor="1.00" vaporized=""/>
    <tripinfo id="11" depart="11.00" departLane="wc_0" departPos="5.10" departSpeed="10.00" departDelay="0.00" arrival="58.00" arrivalLane="ce_0" arrivalPos="192.80" arrivalSpeed="10.00" duration="47.00" routeLength="394.90" waitingTime="0.00" waitingCount="0" stopTime="0.00" timeLoss="7.48" rerouteNo="0" devices="tripinfo_11" vType="typeCar@11" speedFactor="1.00" vaporized=""/>
    <tripinfo id="13" depart="13.00" departLane="wc_0" departPos="5.10" departSpeed="10.00" departDelay="0.00" arrival="59.10" arrivalLane="ce_0" arrivalPos="192.80" arrivalSpeed="10.00" duration="46.10" routeLength="394.90" waitingTime="0.10" waitingCount="1" stopTime="0.00" timeLoss="6.56" rerouteNo="0" devices="tripinfo_13" vType="typeCar@13" speedFactor="1.00" vaporized=""/>
    <tripinfo id="5" depart="4.00" departLane="nc_0" departPos="5.10" departSpeed="10.00" departDelay="0.00" arrival="61.30" arrivalLane="cs_0" arrivalPos="192.80" arrivalSpeed="10.00" duration="57.30" routeLength="394.90" waitingTime="0.00" waitingCount="0" stopTime="0.00" timeLoss="17.77" rerouteNo="0" devices="tripinfo_5" vType="typeCar@5" speedFactor="1.00" vaporized=""/>
    <tripinfo id="8" depart="6.00" departLane="nc_0" departPos="5.10" departSpeed="10.00" departDelay="0.00" arrival="62.20" arrivalLane="cs_0" arrivalPos="192.80" arrivalSpeed="10.00" duration="56.20" routeLength="394.90" waitingTime="0.00" waitingCount="0" stopTime="0.00" timeLoss="16.67" rerouteNo="0" devices="tripinfo_8" vType="typeCar@8" speedFactor="1.00" vaporized=""/>
    <tripinfo id="15" depart="17.00" departLane="wc_0" departPos="5.10" departSpeed="10.00" departDelay="0.00" arrival="65.40" arrivalLane="ce_0" arrivalPos="192.80" arrivalSpeed="10.00" duration="48.40" routeLength="394.90" waitingTime="0.10" waitingCount="1" stopTime="0.00" timeLoss="8.90" rerouteNo="0" devices="tripinfo_15" vType="typeCar@15" speedFactor="1.00" vaporized=""/>
    <tripinfo id="17" depart="21.00" departLane="wc_0" departPos="5.10" departSpeed="10.00" departDelay="0.00" arrival="69.00" arrivalLane="ce_0" arrivalPos="192.80" arrivalSpeed="10.00" duration="48.00" routeLength="394.90" waitingTime="0.00" waitingCount="0" stopTime="0.00" timeLoss="8.52" rerouteNo="0" devices="tripinfo_17" vType="typeCar@17" speedFactor="1.00" vaporized=""/>
    <tripinfo id="19" depart="22.00" departLane="wc_0" departPos="5.10" departSpeed="10.00" departDelay="0.00" arrival="71.50" arrivalLane="ce_0" arrivalPos="192.80" arrivalSpeed="10.00" duration="49.50" routeLength="394.90" waitingTime="0.00" waitingCount="0" stopTime="0.00" timeLoss="9.94" rerouteNo="0" devices="tripinfo_19" vType="typeCar@19" speedFactor="1.00" vaporized=""/>
    <tripinfo id="21" depart="23.00" departLane="wc_0" departPos="5.10" departSpeed="10.00" departDelay="0.00" arrival="74.30" arrivalLane="ce_0" arrivalPos="192.80" arrivalSpeed="10.00" duration="51.30" routeLength="394.90" waitingTime="0.10" waitingCount="1" stopTime="0.00" timeLoss="11.75" rerouteNo="0" devices="tripinfo_21" vType="typeCar@21" speedFactor="1.00" vaporized=""/>
    <tripinfo id="23" depart="25.00" departLane="wc_0" departPos="5.10" departSpeed="10.00" departDelay="0.00" arrival="76.50" arrivalLane="ce_0" arrivalPos="192.80" arrivalSpeed="10.00" duration="51.50" routeLength="394.90" waitingTime="0.00" waitingCount="0" stopTime="0.00" timeLoss="11.99" rerouteNo="0" devices="tripinfo_23" vType="typeCar@23" speedFactor="1.00" vaporized=""/>
    <tripinfo id="25" depart="26.00" departLane="wc_0" departPos="5.10" departSpeed="10.00" departDelay="0.00" arrival="77.60" arrivalLane="ce_0" arrivalPos="192.80" arrivalSpeed="10.00" duration="51.60" routeLength="394.90" waitingTime="0.00" waitingCount="0" stopTime="0.00" timeLoss="12.11" rerouteNo="0" devices="tripinfo_25" vType="typeCar@25" speedFactor="1.00" vaporized=""/>
    <tripinfo id="26" depart="28.00" departLane="wc_0" departPos="5.10" departSpeed="10.00" departDelay="0.00" arrival="86.50" arrivalLane="ce_0" arrivalPos="192.80" arrivalSpeed="10.00" duration="58.50" routeLength="394.90" waitingTime="0.10" waitingCount="1" stopTime="0.00" timeLoss="19.01" rerouteNo="0" devices="tripinfo_26" vType="typeCar@26" speedFactor="1.00" vaporized=""/>
    <tripinfo id="27" depart="29.00" departLane="wc_0" departPos="5.10" departSpeed="10.00" departDelay="0.00" arrival="90.80" arrivalLane="ce_0" arrivalPos="192.80" arrivalSpeed="10.00" duration="61.80" routeLength="394.90" waitingTime="0.30" waitingCount="3" stopTime="0.00" timeLoss="22.30" rerouteNo="0" devices="tripinfo_27" vType="typeCar@27" speedFactor="1.00" vaporized=""/>
    <tripinfo id="28" depart="33.00" departLane="wc_0" departPos="5.10" departSpeed="10.00" departDelay="0.00" arrival="94.00" arrivalLane="ce_0" arrivalPos="192.80" arrivalSpeed="10.00" duration="61.00" routeLength="394.90" waitingTime="0.20" waitingCount="2" stopTime="0.00" timeLoss="21.42" rerouteNo="0" devices="tripinfo_28" vType="typeCar@28" speedFactor="1.00" vaporized=""/>
    <tripinfo id="30" depart="34.00" departLane="wc_0" departPos="5.10" departSpeed="10.00" departDelay="0.00" arrival="95.50" arrivalLane="ce_0" arrivalPos="192.80" arrivalSpeed="10.00" duration="61.50" routeLength="394.90" waitingTime="0.50" waitingCount="5" stopTime="0.00" timeLoss="21.98" rerouteNo="0" devices="tripinfo_30" vType="typeCar@30" speedFactor="1.00" vaporized=""/>
    <tripinfo id="32" depart="35.00" departLane="wc_0" departPos="5.10" departSpeed="10.00" departDelay="0.00" arrival="98.30" arrivalLane="ce_0" arrivalPos="192.80" arrivalSpeed="10.00" duration="63.30" routeLength="394.90" waitingTime="0.60" waitingCount="6" stopTime="0.00" timeLoss="23.77" rerouteNo="0" devices="tripinfo_32" vType="typeCar@32" speedFactor="1.00" vaporized=""/>
    <tripinfo id="33" depart="39.00" departLane="wc_0" departPos="5.10" departSpeed="10.00" departDelay="0.00" arrival="101.80" arrivalLane="ce_0" arrivalPos="192.80" arrivalSpeed="10.00" duration="62.80" routeLength="394.90" waitingTime="0.60" waitingCount="6" stopTime="0.00" timeLoss="23.29" rerouteNo="0" devices="tripinfo_33" vType="typeCar@33" speedFactor="1.00" vaporized=""/>
    <tripinfo id="10" depart="9.00" departLane="nc_0" departPos="5.10" departSpeed="10.00" departDelay="0.00" arrival="104.50" arrivalLane="cs_0" arrivalPos="192.80" arrivalSpeed="10.00" duration="95.50" routeLength="394.90" waitingTime="16.70" waitingCount="3" stopTime="0.00" timeLoss="55.96" rerouteNo="0" devices="tripinfo_10" vType="typeCar@10" speedFactor="1.00" vaporized=""/>
    <tripinfo id="12" depart="11.00" departLane="nc_0" departPos="5.10" departSpeed="10.00" departDelay="0.00" arrival="106.60" arrivalLane="cs_0" arrivalPos="192.80" arrivalSpeed="10.00" duration="95.60" routeLength="394.90" waitingTime="15.80" waitingCount="23" stopTime="0.00" timeLoss="56.07" rerouteNo="0" devices="tripinfo_12" vType="typeCar@12" speedFactor="1.00" vaporized=""/>
    <tripinfo id="14" depart="13.00" departLane="nc_0" departPos="5.10" departSpeed="10.00" departDelay="0.00" arrival="108.10" arrivalLane="cs_0" arrivalPos="192.80" arrivalSpeed="10.00" duration="95.10" routeLength="394.90" waitingTime="12.60" waitingCount="32" stopTime="0.00" timeLoss="55.58" rerouteNo="0" devices="tripinfo_14" vType="typeCar@14" speedFactor="1.00" vaporized=""/>
    <tripinfo id="36" depart="42.00" departLane="wc_0" departPos="5.10" departSpeed="10.00" departDelay="0.00" arrival="111.90" arrivalLane="ce_0" arrivalPos="192.80" arrivalSpeed="10.00" duration="69.90" routeLength="394.90" waitingTime="0.70" waitingCount="7" stopTime="0.00" timeLoss="30.41" rerouteNo="0" devices="tripinfo_36" vType="typeCar@36" speedFactor="1.00" vaporized=""/>
    <tripinfo id="16" depart="20.00" departLane="nc_0" departPos="5.10" departSpeed="10.00" departDelay="0.00" arrival="113.80" arrivalLane="cs_0" arrivalPos="192.80" arrivalSpeed="10.00" duration="93.80" routeLength="394.90" waitingTime="7.20" waitingCount="36" stopTime="0.00" timeLoss="54.30" rerouteNo="0" devices="tripinfo_16" vType="typeCar@16" speedFactor="1.00" vaporized=""/>
    <tripinfo id="18" depart="21.00" departLane="nc_0" departPos="5.10" departSpeed="10.00" departDelay="0.00" arrival="115.20" arrivalLane="cs_0" arrivalPos="192.80" arrivalSpeed="10.00" duration="94.20" routeLength="394.90" waitingTime="3.10" waitingCount="31" stopTime="0.00" timeLoss="54.67" rerouteNo="0" devices="tripinfo_18" vType="typeCar@18" speedFactor="1.00" vaporized=""/>
    <tripinfo id="20" depart="22.00" departLane="nc_0" departPos="5.10" departSpeed="10.00" departDelay="0.00" arrival="119.20" arrivalLane="cs_0" arrivalPos="192.80" arrivalSpeed="10.00" duration="97.20" routeLength="394.90" waitingTime="3.30" waitingCount="33" stopTime="0.00" timeLoss="57.66" rerouteNo="0" devices="tripinfo_20" vType="typeCar@20" speedFactor="1.00" vaporized=""/>
    <tripinfo id="38" depart="44.00" departLane="wc_0" departPos="5.10" departSpeed="10.00" departDelay="0.00" arrival="121.60" arrivalLane="ce_0" arrivalPos="192.80" arrivalSpeed="10.00" duration="77.60" routeLength="394.90" waitingTime="0.70" waitingCount="7" stopTime="0.00" timeLoss="38.11" rerouteNo="0" devices="tripinfo_38" vType="typeCar@38" speedFactor="1.00" vaporized=""/>
    <tripinfo id="40" depart="45.00" departLane="wc_0" departPos="5.10" departSpeed="10.00" departDelay="0.00" arrival="122.50" arrivalLane="ce_0" arrivalPos="192.80" arrivalSpeed="10.00" duration="77.50" routeLength="394.90" waitingTime="0.90" waitingCount="9" stopTime="0.00" timeLoss="37.98" rerouteNo="0" devices="tripinfo_40" vType="typeCar@40" speedFactor="1.00" vaporized=""/>
    <tripinfo id="41" depart="47.00" departLane="wc_0" departPos="5.10" departSpeed="10.00" departDelay="0.00" arrival="123.60" arrivalLane="ce_0" arrivalPos="192.80" arrivalSpeed="10.00" duration="76.60" routeLength="394.90" waitingTime="1.20" waitingCount="12" stopTime="0.00" timeLoss="37.10" rerouteNo="0" devices="tripinfo_41" vType="typeCar@41" speedFactor="1.00" vaporized=""/>
    <tripinfo id="22" depart="23.00" departLane="nc_0" departPos="5.10" departSpeed="10.00" departDelay="0.00" arrival="126.30" arrivalLane="cs_0" arrivalPos="192.80" arrivalSpeed="10.00" duration="103.30" routeLength="394.90" waitingTime="3.50" waitingCount="35" stopTime="0.00" timeLoss="63.82" rerouteNo="0" devices="tripinfo_22" vType="typeCar@22" speedFactor="1.00" vaporized=""/>
    <tripinfo id="24" depart="25.00" departLane="nc_0" departPos="5.10" departSpeed="10.00" departDelay="0.00" arrival="129.20" arrivalLane="cs_0" arrivalPos="192.80" arrivalSpeed="10.00" duration="104.20" routeLength="394.90" waitingTime="4.30" waitingCount="43" stopTime="0.00" timeLoss="64.70" rerouteNo="0" devices="tripinfo_24" vType="typeCar@24" speedFactor="1.00" vaporized=""/>
    <tripinfo id="29" depart="33.00" departLane="nc_0" departPos="5.10" departSpeed="10.00" departDelay="0.00" arrival="132.40" arrivalLane="cs_0" arrivalPos="192.80" arrivalSpeed="10.00" duration="99.40" routeLength="394.90" waitingTime="4.00" waitingCount="40" stopTime="0.00" timeLoss="59.88" rerouteNo="0" devices="tripinfo_29" vType="typeCar@29" speedFactor="1.00" vaporized=""/>
    <tripinfo id="42" depart="50.00" departLane="wc_0" departPos="5.10" departSpeed="10.00" departDelay="0.00" arrival="137.20" arrivalLane="ce_0" arrivalPos="192.80" arrivalSpeed="10.00" duration="87.20" routeLength="394.90" waitingTime="3.50" waitingCount="13" stopTime="0.00" timeLoss="47.71" rerouteNo="0" devices="tripinfo_42" vType="typeCar@42" speedFactor="1.00" vaporized=""/>
    <tripinfo id="43" depart="52.00" departLane="wc_0" departPos="5.10" departSpeed="10.00" departDelay="0.00" arrival="138.50" arrivalLane="ce_0" arrivalPos="192.80" arrivalSpeed="10.00" duration="86.50" routeLength="394.90" waitingTime="1.80" waitingCount="18" stopTime="0.00" timeLoss="46.93" rerouteNo="0" devices="tripinfo_43" vType="typeCar@43" speedFactor="1.00" vaporized=""/>
    <tripinfo id="44" depart="53.00" departLane="wc_0" departPos="5.10" departSpeed="10.00" departDelay="0.00" arrival="139.40" arrivalLane="ce_0" arrivalPos="192.80" arrivalSpeed="10.00" duration="86.40" routeLength="394.90" waitingTime="1.90" waitingCount="19" stopTime="0.00" timeLoss="46.90" rerouteNo="0" devices="tripinfo_44" vType="typeCar@44" speedFactor="1.00" vaporized=""/>
    <tripinfo id="45" depart="54.00" departLane="wc_0" departPos="5.10" departSpeed="10.00" departDelay="0.00" arrival="140.50" arrivalLane="ce_0" arrivalPos="192.80" arrivalSpeed="10.00" duration="86.50" routeLength="394.90" waitingTime="1.70" waitingCount="17" stopTime="0.00" timeLoss="46.98" rerouteNo="0" devices="tripinfo_45" vType="typeCar@45" speedFactor="1.00" vaporized=""/>
    <tripinfo id="48" depart="58.00" departLane="wc_0" departPos="5.10" departSpeed="10.00" departDelay="0.00" arrival="141.60" arrivalLane="ce_0" arrivalPos="192.80" arrivalSpeed="10.00" duration="83.60" routeLength="394.90" waitingTime="1.80" waitingCount="18" stopTime="0.00" timeLoss="44.04" rerouteNo="0" devices="tripinfo_48" vType="typeCar@48" speedFactor="1.00" vaporized=""/>
    <tripinfo id="50" depart="62.00" departLane="wc_0" departPos="5.10" departSpeed="10.00" departDelay="0.00" arrival="142.60" arrivalLane="ce_0" arrivalPos="192.80" arrivalSpeed="10.00" duration="80.60" routeLength="394.90" waitingTime="1.50" waitingCount="15" stopTime="0.00" timeLoss="41.09" rerouteNo="0" devices="tripinfo_50" vType="typeCar@50" speedFactor="1.00" vaporized=""/>
    <tripinfo id="51" depart="63.00" departLane="wc_0" departPos="5.10" departSpeed="10.00" departDelay="0.00" arrival="146.40" arrivalLane="ce_0" arrivalPos="192.80" arrivalSpeed="10.00" duration="83.40" routeLength="394.90" waitingTime="1.50" waitingCount="15" stopTime="0.00" timeLoss="43.91" rerouteNo="0" devices="tripinfo_51" vType="typeCar@51" speedFactor="1.00" vaporized=""/>
    <tripinfo id="52" depart="65.00" departLane="wc_0" departPos="5.10" departSpeed="10.00" departDelay="0.00" arrival="148.30" arrivalLane="ce_0" arrivalPos="192.80" arrivalSpeed="10.00" duration="83.30" routeLength="394.90" waitingTime="2.00" waitingCount="20" stopTime="0.00" timeLoss="43.74" rerouteNo="0" devices="tripinfo_52" vType="typeCar@52" speedFactor="1.00" vaporized=""/>
    <tripinfo id="54" depart="67.00" departLane="wc_0" departPos="5.10" departSpeed="10.00" departDelay="0.00" arrival="149.30" arrivalLane="ce_0" arrivalPos="192.80" arrivalSpeed="10.00" duration="82.30" routeLength="394.90" waitingTime="1.70" waitingCount="17" stopTime="0.00" timeLoss="42.76" rerouteNo="0" devices="tripinfo_54" vType="typeCar@54" speedFactor="1.00" vaporized=""/>
    <tripinfo id="55" depart="68.00" departLane="wc_0" departPos="5.10" departSpeed="10.00" departDelay="0.00" arrival="150.30" arrivalLane="ce_0" arrivalPos="192.80" arrivalSpeed="10.00" duration="82.30" routeLength="394.90" waitingTime="1.90" waitingCount="19" stopTime="0.00" timeLoss="42.76" rerouteNo="0" devices="tripinfo_55" vType="typeCar@55" speedFactor="1.00" vaporized=""/>
    <tripinfo id="57" depart="70.00" departLane="wc_0" departPos="5.10" departSpeed="10.00" departDelay="0.00" arrival="151.30" arrivalLane="ce_0" arrivalPos="192.80" arrivalSpeed="10.00" duration="81.30" routeLength="394.90" waitingTime="1.70" waitingCount="17" stopTime="0.00" timeLoss="41.79" rerouteNo="0" devices="tripinfo_57" vType="typeCar@57" speedFactor="1.00" vaporized=""/>
    <tripinfo id="31" depart="34.00" departLane="nc_0" departPos="5.10" departSpeed="10.00" departDelay="0.00" arrival="153.30" arrivalLane="cs_0" arrivalPos="192.80" arrivalSpeed="10.00" duration="119.30" routeLength="394.90" waitingTime="4.10" waitingCount="41" stopTime="0.00" timeLoss="79.81" rerouteNo="0" devices="tripinfo_31" vType="typeCar@31" speedFactor="1.00" vaporized=""/>
    <tripinfo id="34" depart="39.00" departLane="nc_0" departPos="5.10" departSpeed="10.00" departDelay="0.00" arrival="154.50" arrivalLane="cs_0" arrivalPos="192.80" arrivalSpeed="10.00" duration="115.50" routeLength="394.90" waitingTime="4.90" waitingCount="49" stopTime="0.00" timeLoss="75.96" rerouteNo="0" devices="tripinfo_34" vType="typeCar@34" speedFactor="1.00" vaporized=""/>
    <tripinfo id="58" depart="71.00" departLane="wc_0" departPos="5.10" departSpeed="10.00" departDelay="0.00" arrival="156.00" arrivalLane="ce_0" arrivalPos="192.80" arrivalSpeed="10.00" duration="85.00" routeLength="394.90" waitingTime="1.80" waitingCount="18" stopTime="0.00" timeLoss="45.45" rerouteNo="0" devices="tripinfo_58" vType="typeCar@58" speedFactor="1.00" vaporized=""/>
    <tripinfo id="59" depart="72.00" departLane="wc_0" departPos="5.10" departSpeed="10.00" departDelay="0.00" arrival="157.00" arrivalLane="ce_0" arrivalPos="192.80" arrivalSpeed="10.00" duration="85.00" routeLength="394.90" waitingTime="2.20" waitingCount="22" stopTime="0.00" timeLoss="45.48" rerouteNo="0" devices="tripinfo_59" vType="typeCar@59" speedFactor="1.00" vaporized=""/>
    <tripinfo id="35" depart="40.00" departLane="nc_0" departPos="5.10" departSpeed="10.00" departDelay="0.00" arrival="158.50" arrivalLane="cs_0" arrivalPos="192.80" arrivalSpeed="10.00" duration="118.50" routeLength="394.90" waitingTime="4.80" waitingCount="48" stopTime="0.00" timeLoss="79.02" rerouteNo="0" devices="tripinfo_35" vType="typeCar@35" speedFactor="1.00" vaporized=""/>
    <tripinfo id="37" depart="42.00" departLane="nc_0" departPos="5.10" departSpeed="10.00" departDelay="0.00" arrival="159.50" arrivalLane="cs_0" arrivalPos="192.80" arrivalSpeed="10.00" duration="117.50" routeLength="394.90" waitingTime="4.50" waitingCount="45" stopTime="0.00" timeLoss="78.02" rerouteNo="0" devices="tripinfo_37" vType="typeCar@37" speedFactor="1.00" vaporized=""/>
    <tripinfo id="61" depart="74.00" departLane="wc_0" departPos="5.10" departSpeed="2.80" departDelay="0.00" arrival="161.10" arrivalLane="ce_0" arrivalPos="192.80" arrivalSpeed="10.00" duration="87.10" routeLength="394.90" waitingTime="2.00" waitingCount="20" stopTime="0.00" timeLoss="47.58" rerouteNo="0" devices="tripinfo_61" vType="typeCar@61" speedFactor="1.00" vaporized=""/>
    <tripinfo id="62" depart="76.00" departLane="wc_0" departPos="5.10" departSpeed="2.40" departDelay="0.00" arrival="162.20" arrivalLane="ce_0" arrivalPos="192.80" arrivalSpeed="10.00" duration="86.20" routeLength="394.90" waitingTime="2.40" waitingCount="24" stopTime="0.00" timeLoss="46.70" rerouteNo="0" devices="tripinfo_62" vType="typeCar@62" speedFactor="1.00" vaporized=""/>
    <tripinfo id="39" depart="44.00" departLane="nc_0" departPos="5.10" departSpeed="10.00" departDelay="0.00" arrival="163.80" arrivalLane="cs_0" arrivalPos="192.80" arrivalSpeed="10.00" duration="119.80" routeLength="394.90" waitingTime="4.90" waitingCount="49" stopTime="0.00" timeLoss="80.22" rerouteNo="0" devices="tripinfo_39" vType="typeCar@39" speedFactor="1.00" vaporized=""/>
    <tripinfo id="46" depart="55.00" departLane="nc_0" departPos="5.10" departSpeed="0.60" departDelay="0.00" arrival="164.80" arrivalLane="cs_0" arrivalPos="192.80" arrivalSpeed="10.00" duration="109.80" routeLength="394.90" waitingTime="3.80" waitingCount="38" stopTime="0.00" timeLoss="70.27" rerouteNo="0" devices="tripinfo_46" vType="typeCar@46" speedFactor="1.00" vaporized=""/>
    <tripinfo id="63" depart="77.80" departLane="wc_0" departPos="5.10" departSpeed="6.20" departDelay="0.80" arrival="166.30" arrivalLane="ce_0" arrivalPos="192.80" arrivalSpeed="10.00" duration="88.50" routeLength="394.90" waitingTime="2.50" waitingCount="25" stopTime="0.00" timeLoss="49.05" rerouteNo="0" devices="tripinfo_63" vType="typeCar@63" speedFactor="1.00" vaporized=""/>
    <tripinfo id="65" depart="79.00" departLane="wc_0" departPos="5.10" departSpeed="1.80" departDelay="1.00" arrival="167.40" arrivalLane="ce_0" arrivalPos="192.80" arrivalSpeed="10.00" duration="88.40" routeLength="394.90" waitingTime="2.90" waitingCount="26" stopTime="0.00" timeLoss="48.87" rerouteNo="0" devices="tripinfo_65" vType="typeCar@65" speedFactor="1.00" vaporized=""/>
    <tripinfo id="47" depart="56.80" departLane="nc_0" departPos="5.10" departSpeed="6.00" departDelay="0.80" arrival="169.00" arrivalLane="cs_0" arrivalPos="192.80" arrivalSpeed="10.00" duration="112.20" routeLength="394.90" waitingTime="4.00" waitingCount="40" stopTime="0.00" timeLoss="72.69" rerouteNo="0" devices="tripinfo_47" vType="typeCar@47" speedFactor="1.00" vaporized=""/>
    <tripinfo id="49" depart="59.00" departLane="nc_0" departPos="5.10" departSpeed="10.00" departDelay="0.00" arrival="170.00" arrivalLane="cs_0" arrivalPos="192.80" arrivalSpeed="10.00" duration="111.00" routeLength="394.90" waitingTime="4.70" waitingCount="47" stopTime="0.00" timeLoss="71.51" rerouteNo="0" devices="tripinfo_49" vType="typeCar@49" speedFactor="1.00" vaporized=""/>
    <tripinfo id="66" depart="83.30" departLane="wc_0" departPos="5.10" departSpeed="3.11" departDelay="4.30" arrival="171.60" arrivalLane="ce_0" arrivalPos="192.80" arrivalSpeed="10.00" duration="88.30" routeLength="394.90" waitingTime="2.60" waitingCount="26" stopTime="0.00" timeLoss="48.75" rerouteNo="0" devices="tripinfo_66" vType="typeCar@66" speedFactor="1.00" vaporized=""/>
    <tripinfo id="68" depart="88.80" departLane="wc_0" departPos="5.10" departSpeed="3.61" departDelay="8.80" arrival="172.60" arrivalLane="ce_0" arrivalPos="192.80" arrivalSpeed="10.00" duration="83.80" routeLength="394.90" waitingTime="2.70" waitingCount="27" stopTime="0.00" timeLoss="44.24" rerouteNo="0" devices="tripinfo_68" vType="typeCar@68" speedFactor="1.00" vaporized=""/>
    <tripinfo id="53" depart="65.00" departLane="nc_0" departPos="5.10" departSpeed="7.50" departDelay="0.00" arrival="174.10" arrivalLane="cs_0" arrivalPos="192.80" arrivalSpeed="10.00" duration="109.10" routeLength="394.90" waitingTime="3.60" waitingCount="36" stopTime="0.00" timeLoss="69.55" rerouteNo="0" devices="tripinfo_53" vType="typeCar@53" speedFactor="1.00" vaporized=""/>
    <tripinfo id="56" depart="69.00" departLane="nc_0" departPos="5.10" departSpeed="10.00" departDelay="0.00" arrival="175.10" arrivalLane="cs_0" arrivalPos="192.80" arrivalSpeed="10.00" duration="106.10" routeLength="394.90" waitingTime="3.20" waitingCount="32" stopTime="0.00" timeLoss="66.55" rerouteNo="0" devices="tripinfo_56" vType="typeCar@56" speedFactor="1.00" vaporized=""/>
    <tripinfo id="69" depart="94.30" departLane="wc_0" departPos="5.10" departSpeed="3.31" departDelay="13.30" arrival="176.60" arrivalLane="ce_0" arrivalPos="192.80" arrivalSpeed="10.00" duration="82.30" routeLength="394.90" waitingTime="2.30" waitingCount="23" stopTime="0.00" timeLoss="42.79" rerouteNo="0" devices="tripinfo_69" vType="typeCar@69" speedFactor="1.00" vaporized=""/>
    <tripinfo id="71" depart="99.80" departLane="wc_0" departPos="5.10" departSpeed="3.01" departDelay="16.80" arrival="177.60" arrivalLane="ce_0" arrivalPos="192.80" arrivalSpeed="10.00" duration="77.80" routeLength="394.90" waitingTime="2.30" waitingCount="23" stopTime="0.00" timeLoss="38.30" rerouteNo="0" devices="tripinfo_71" vType="typeCar@71" speedFactor="1.00" vaporized=""/>
    <tripinfo id="60" depart="72.00" departLane="nc_0" departPos="5.10" departSpeed="10.00" departDelay="0.00" arrival="179.20" arrivalLane="cs_0" arrivalPos="192.80" arrivalSpeed="10.00" duration="107.20" routeLength="394.90" waitingTime="3.20" waitingCount="32" stopTime="0.00" timeLoss="67.69" rerouteNo="0" devices="tripinfo_60" vType="typeCar@60" speedFactor="1.00" vaporized=""/>
    <tripinfo id="64" depart="77.00" departLane="nc_0" departPos="5.10" departSpeed="2.80" departDelay="0.00" arrival="180.30" arrivalLane="cs_0" arrivalPos="192.80" arrivalSpeed="10.00" duration="103.30" routeLength="394.90" waitingTime="3.50" waitingCount="35" stopTime="0.00" timeLoss="63.80" rerouteNo="0" devices="tripinfo_64" vType="typeCar@64" speedFactor="1.00" vaporized=""/>
    <tripinfo id="72" depart="103.60" departLane="wc_0" departPos="5.10" departSpeed="5.23" departDelay="19.60" arrival="181.90" arrivalLane="ce_0" arrivalPos="192.80" arrivalSpeed="10.00" duration="78.30" routeLength="394.90" waitingTime="1.90" waitingCount="19" stopTime="0.00" timeLoss="38.75" rerouteNo="0" devices="tripinfo_72" vType="typeCar@72" speedFactor="1.00" vaporized=""/>
    <tripinfo id="74" depart="106.40" departLane="wc_0" departPos="5.10" departSpeed="0.03" departDelay="20.40" arrival="182.90" arrivalLane="ce_0" arrivalPos="192.80" arrivalSpeed="10.00" duration="76.50" routeLength="394.90" waitingTime="3.30" waitingCount="21" stopTime="0.00" timeLoss="36.94" rerouteNo="0" devices="tripinfo_74" vType="typeCar@74" speedFactor="1.00" vaporized=""/>
    <tripinfo id="67" depart="79.00" departLane="nc_0" departPos="5.10" departSpeed="8.80" departDelay="0.00" arrival="184.40" arrivalLane="cs_0" arrivalPos="192.80" arrivalSpeed="10.00" duration="105.40" routeLength="394.90" waitingTime="3.50" waitingCount="35" stopTime="0.00" timeLoss="65.86" rerouteNo="0" devices="tripinfo_67" vType="typeCar@67" speedFactor="1.00" vaporized=""/>
    <tripinfo id="70" depart="82.00" departLane="nc_0" departPos="5.10" departSpeed="6.30" departDelay="0.00" arrival="185.50" arrivalLane="cs_0" arrivalPos="192.80" arrivalSpeed="10.00" duration="103.50" routeLength="394.90" waitingTime="3.30" waitingCount="33" stopTime="0.00" timeLoss="63.95" rerouteNo="0" devices="tripinfo_70" vType="typeCar@70" speedFactor="1.00" vaporized=""/>
    <tripinfo id="76" depart="112.80" departLane="wc_0" departPos="5.10" departSpeed="5.25" departDelay="24.80" arrival="187.00" arrivalLane="ce_0" arrivalPos="192.80" arrivalSpeed="10.00" duration="74.20" routeLength="394.90" waitingTime="1.70" waitingCount="17" stopTime="0.00" timeLoss="34.70" rerouteNo="0" devices="tripinfo_76" vType="typeCar@76" speedFactor="1.00" vaporized=""/>
    <tripinfo id="77" depart="115.40" departLane="wc_0" departPos="5.10" departSpeed="0.25" departDelay="26.40" arrival="188.20" arrivalLane="ce_0" arrivalPos="192.80" arrivalSpeed="10.00" duration="72.80" routeLength="394.90" waitingTime="2.30" waitingCount="15" stopTime="0.00" timeLoss="33.24" rerouteNo="0" devices="tripinfo_77" vType="typeCar@77" speedFactor="1.00" vaporized=""/>
    <tripinfo id="73" depart="84.00" departLane="nc_0" departPos="5.10" departSpeed="8.00" departDelay="0.00" arrival="189.70" arrivalLane="cs_0" arrivalPos="192.80" arrivalSpeed="10.00" duration="105.70" routeLength="394.90" waitingTime="2.70" waitingCount="27" stopTime="0.00" timeLoss="66.20" rerouteNo="0" devices="tripinfo_73" vType="typeCar@73" speedFactor="1.00" vaporized=""/>
    <tripinfo id="75" depart="87.00" departLane="nc_0" departPos="5.10" departSpeed="0.60" departDelay="0.00" arrival="190.80" arrivalLane="cs_0" arrivalPos="192.80" arrivalSpeed="10.00" duration="103.80" routeLength="394.90" waitingTime="3.10" waitingCount="31" stopTime="0.00" timeLoss="64.23" rerouteNo="0" devices="tripinfo_75" vType="typeCar@75" speedFactor="1.00" vaporized=""/>
    <tripinfo id="79" depart="122.50" departLane="wc_0" departPos="5.10" departSpeed="5.00" departDelay="30.50" arrival="192.30" arrivalLane="ce_0" arrivalPos="192.80" arrivalSpeed="10.00" duration="69.80" routeLength="394.90" waitingTime="1.00" waitingCount="10" stopTime="0.00" timeLoss="30.29" rerouteNo="0" devices="tripinfo_79" vType="typeCar@79" speedFactor="1.00" vaporized=""/>
    <tripinfo id="81" depart="123.80" departLane="wc_0" departPos="5.10" departSpeed="6.50" departDelay="29.80" arrival="193.30" arrivalLane="ce_0" arrivalPos="192.80" arrivalSpeed="10.00" duration="69.50" routeLength="394.90" waitingTime="1.30" waitingCount="13" stopTime="0.00" timeLoss="30.02" rerouteNo="0" devices="tripinfo_81" vType="typeCar@81" speedFactor="1.00" vaporized=""/>
    <tripinfo id="78" depart="91.00" departLane="nc_0" departPos="5.10" departSpeed="0.60" departDelay="0.00" arrival="195.00" arrivalLane="cs_0" arrivalPos="192.80" arrivalSpeed="10.00" duration="104.00" routeLength="394.90" waitingTime="3.40" waitingCount="34" stopTime="0.00" timeLoss="64.42" rerouteNo="0" devices="tripinfo_78" vType="typeCar@78" speedFactor="1.00" vaporized=""/>
    <tripinfo id="80" depart="93.30" departLane="nc_0" departPos="5.10" departSpeed="0.30" departDelay="0.30" arrival="196.10" arrivalLane="cs_0" arrivalPos="192.80" arrivalSpeed="10.00" duration="102.80" routeLength="394.90" waitingTime="4.30" waitingCount="39" stopTime="0.00" timeLoss="63.25" rerouteNo="0" devices="tripinfo_80" vType="typeCar@80" speedFactor="1.00" vaporized=""/>
    <tripinfo id="82" depart="124.80" departLane="wc_0" departPos="5.10" departSpeed="7.90" departDelay="29.80" arrival="197.60" arrivalLane="ce_0" arrivalPos="192.80" arrivalSpeed="10.00" duration="72.80" routeLength="394.90" waitingTime="1.30" waitingCount="13" stopTime="0.00" timeLoss="33.34" rerouteNo="0" devices="tripinfo_82" vType="typeCar@82" speedFactor="1.00" vaporized=""/>
    <tripinfo id="84" depart="125.70" departLane="wc_0" departPos="5.10" departSpeed="6.60" departDelay="29.70" arrival="198.60" arrivalLane="ce_0" arrivalPos="192.80" arrivalSpeed="10.00" duration="72.90" routeLength="394.90" waitingTime="1.10" waitingCount="11" stopTime="0.00" timeLoss="33.48" rerouteNo="0" devices="tripinfo_84" vType="typeCar@84" speedFactor="1.00" vaporized=""/>
    <tripinfo id="83" depart="98.80" departLane="nc_0" departPos="5.10" departSpeed="3.00" departDelay="3.80" arrival="200.20" arrivalLane="cs_0" arrivalPos="192.80" arrivalSpeed="10.00" duration="101.40" routeLength="394.90" waitingTime="3.80" waitingCount="38" stopTime="0.00" timeLoss="61.87" rerouteNo="0" devices="tripinfo_83" vType="typeCar@83" speedFactor="1.00" vaporized=""/>
    <tripinfo id="86" depart="104.60" departLane="nc_0" departPos="5.10" departSpeed="4.40" departDelay="6.60" arrival="201.40" arrivalLane="cs_0" arrivalPos="192.80" arrivalSpeed="10.00" duration="96.80" routeLength="394.90" waitingTime="3.30" waitingCount="33" stopTime="0.00" timeLoss="57.24" rerouteNo="0" devices="tripinfo_86" vType="typeCar@86" speedFactor="1.00" vaporized=""/>
    <tripinfo id="85" depart="127.80" departLane="wc_0" departPos="5.10" departSpeed="0.10" departDelay="30.80" arrival="202.90" arrivalLane="ce_0" arrivalPos="192.80" arrivalSpeed="10.00" duration="75.10" routeLength="394.90" waitingTime="2.40" waitingCount="14" stopTime="0.00" timeLoss="35.62" rerouteNo="0" devices="tripinfo_85" vType="typeCar@85" speedFactor="1.00" vaporized=""/>
</tripinfos>
