<?xml version="1.0" encoding="UTF-8"?>

<!-- generated on 2022-11-30 12:06:12 by Eclipse SUMO sumo Version 1.14.1
<configuration xmlns:xsi="http://www.w3.org/2001/XMLSchema-instance" xsi:noNamespaceSchemaLocation="http://sumo.dlr.de/xsd/sumoConfiguration.xsd">

    <input>
        <net-file value="net.net.xml"/>
        <route-files value="routes.rou.xml"/>
    </input>

    <output>
        <tripinfo-output value="raw_data/(3,7,0)tripinfo.xml"/>
    </output>

    <time>
        <begin value="0"/>
        <step-length value="0.1"/>
    </time>

    <processing>
        <extrapolate-departpos value="true"/>
        <route-steps value="0"/>
        <ignore-route-errors value="true"/>
        <collision.action value="warn"/>
        <collision.stoptime value="1"/>
        <collision.mingap-factor value="0.1"/>
    </processing>

    <report>
        <verbose value="false"/>
        <log value="log.txt"/>
        <duration-log.statistics value="true"/>
        <no-step-log value="true"/>
    </report>

    <traci_server>
        <remote-port value="61735"/>
    </traci_server>

    <gui_only>
        <quit-on-end value="true"/>
        <start value="true"/>
    </gui_only>

</configuration>
-->

<tripinfos xmlns:xsi="http://www.w3.org/2001/XMLSchema-instance" xsi:noNamespaceSchemaLocation="http://sumo.dlr.de/xsd/tripinfo_file.xsd">
    <tripinfo id="0" depart="0.00" departLane="wc_0" departPos="5.10" departSpeed="10.00" departDelay="0.00" arrival="39.50" arrivalLane="ce_0" arrivalPos="192.80" arrivalSpeed="10.00" duration="39.50" routeLength="394.90" waitingTime="0.00" waitingCount="0" stopTime="0.00" timeLoss="0.00" rerouteNo="0" devices="tripinfo_0" vType="typeCar@0" speedFactor="1.00" vaporized=""/>
    <tripinfo id="2" depart="1.00" departLane="wc_0" departPos="5.10" departSpeed="10.00" departDelay="0.00" arrival="40.50" arrivalLane="ce_0" arrivalPos="192.80" arrivalSpeed="10.00" duration="39.50" routeLength="394.90" waitingTime="0.00" waitingCount="0" stopTime="0.00" timeLoss="0.00" rerouteNo="0" devices="tripinfo_2" vType="typeCar@2" speedFactor="1.00" vaporized=""/>
    <tripinfo id="5" depart="4.00" departLane="wc_0" departPos="5.10" departSpeed="10.00" departDelay="0.00" arrival="43.50" arrivalLane="ce_0" arrivalPos="192.80" arrivalSpeed="10.00" duration="39.50" routeLength="394.90" waitingTime="0.00" waitingCount="0" stopTime="0.00" timeLoss="0.00" rerouteNo="0" devices="tripinfo_5" vType="typeCar@5" speedFactor="1.00" vaporized=""/>
    <tripinfo id="1" depart="0.00" departLane="nc_0" departPos="5.10" departSpeed="10.00" departDelay="0.00" arrival="45.80" arrivalLane="cs_0" arrivalPos="192.80" arrivalSpeed="10.00" duration="45.80" routeLength="394.90" waitingTime="0.00" waitingCount="0" stopTime="0.00" timeLoss="6.30" rerouteNo="0" devices="tripinfo_1" vType="typeCar@1" speedFactor="1.00" vaporized=""/>
    <tripinfo id="7" depart="5.00" departLane="wc_0" departPos="5.10" departSpeed="10.00" departDelay="0.00" arrival="51.40" arrivalLane="ce_0" arrivalPos="192.80" arrivalSpeed="10.00" duration="46.40" routeLength="394.90" waitingTime="0.00" waitingCount="0" stopTime="0.00" timeLoss="6.89" rerouteNo="0" devices="tripinfo_7" vType="typeCar@7" speedFactor="1.00" vaporized=""/>
    <tripinfo id="8" depart="6.00" departLane="wc_0" departPos="5.10" departSpeed="10.00" departDelay="0.00" arrival="52.40" arrivalLane="ce_0" arrivalPos="192.80" arrivalSpeed="10.00" duration="46.40" routeLength="394.90" waitingTime="0.00" waitingCount="0" stopTime="0.00" timeLoss="6.92" rerouteNo="0" devices="tripinfo_8" vType="typeCar@8" speedFactor="1.00" vaporized=""/>
    <tripinfo id="10" depart="7.00" departLane="wc_0" departPos="5.10" departSpeed="10.00" departDelay="0.00" arrival="53.50" arrivalLane="ce_0" arrivalPos="192.80" arrivalSpeed="10.00" duration="46.50" routeLength="394.90" waitingTime="0.00" waitingCount="0" stopTime="0.00" timeLoss="6.95" rerouteNo="0" devices="tripinfo_10" vType="typeCar@10" speedFactor="1.00" vaporized=""/>
    <tripinfo id="11" depart="8.00" departLane="wc_0" departPos="5.10" departSpeed="10.00" departDelay="0.00" arrival="54.50" arrivalLane="ce_0" arrivalPos="192.80" arrivalSpeed="10.00" duration="46.50" routeLength="394.90" waitingTime="0.00" waitingCount="0" stopTime="0.00" timeLoss="6.98" rerouteNo="0" devices="tripinfo_11" vType="typeCar@11" speedFactor="1.00" vaporized=""/>
    <tripinfo id="13" depart="11.00" departLane="wc_0" departPos="5.10" departSpeed="10.00" departDelay="0.00" arrival="55.50" arrivalLane="ce_0" arrivalPos="192.80" arrivalSpeed="10.00" duration="44.50" routeLength="394.90" waitingTime="0.00" waitingCount="0" stopTime="0.00" timeLoss="5.02" rerouteNo="0" devices="tripinfo_13" vType="typeCar@13" speedFactor="1.00" vaporized=""/>
    <tripinfo id="15" depart="13.00" departLane="wc_0" departPos="5.10" departSpeed="10.00" departDelay="0.00" arrival="56.60" arrivalLane="ce_0" arrivalPos="192.80" arrivalSpeed="10.00" duration="43.60" routeLength="394.90" waitingTime="0.00" waitingCount="0" stopTime="0.00" timeLoss="4.03" rerouteNo="0" devices="tripinfo_15" vType="typeCar@15" speedFactor="1.00" vaporized=""/>
    <tripinfo id="17" depart="16.00" departLane="wc_0" departPos="5.10" departSpeed="10.00" departDelay="0.00" arrival="57.60" arrivalLane="ce_0" arrivalPos="192.80" arrivalSpeed="10.00" duration="41.60" routeLength="394.90" waitingTime="0.00" waitingCount="0" stopTime="0.00" timeLoss="2.04" rerouteNo="0" devices="tripinfo_17" vType="typeCar@17" speedFactor="1.00" vaporized=""/>
    <tripinfo id="18" depart="17.00" departLane="wc_0" departPos="5.10" departSpeed="10.00" departDelay="0.00" arrival="58.60" arrivalLane="ce_0" arrivalPos="192.80" arrivalSpeed="10.00" duration="41.60" routeLength="394.90" waitingTime="0.00" waitingCount="0" stopTime="0.00" timeLoss="2.04" rerouteNo="0" devices="tripinfo_18" vType="typeCar@18" speedFactor="1.00" vaporized=""/>
    <tripinfo id="20" depart="21.00" departLane="wc_0" departPos="5.10" departSpeed="10.00" departDelay="0.00" arrival="60.50" arrivalLane="ce_0" arrivalPos="192.80" arrivalSpeed="10.00" duration="39.50" routeLength="394.90" waitingTime="0.00" waitingCount="0" stopTime="0.00" timeLoss="0.00" rerouteNo="0" devices="tripinfo_20" vType="typeCar@20" speedFactor="1.00" vaporized=""/>
    <tripinfo id="22" depart="22.00" departLane="wc_0" departPos="5.10" departSpeed="10.00" departDelay="0.00" arrival="64.80" arrivalLane="ce_0" arrivalPos="192.80" arrivalSpeed="10.00" duration="42.80" routeLength="394.90" waitingTime="0.00" waitingCount="0" stopTime="0.00" timeLoss="3.23" rerouteNo="0" devices="tripinfo_22" vType="typeCar@22" speedFactor="1.00" vaporized=""/>
    <tripinfo id="24" depart="23.00" departLane="wc_0" departPos="5.10" departSpeed="10.00" departDelay="0.00" arrival="69.00" arrivalLane="ce_0" arrivalPos="192.80" arrivalSpeed="10.00" duration="46.00" routeLength="394.90" waitingTime="0.00" waitingCount="0" stopTime="0.00" timeLoss="6.47" rerouteNo="0" devices="tripinfo_24" vType="typeCar@24" speedFactor="1.00" vaporized=""/>
    <tripinfo id="26" depart="24.00" departLane="wc_0" departPos="5.10" departSpeed="10.00" departDelay="0.00" arrival="71.40" arrivalLane="ce_0" arrivalPos="192.80" arrivalSpeed="10.00" duration="47.40" routeLength="394.90" waitingTime="0.00" waitingCount="0" stopTime="0.00" timeLoss="7.90" rerouteNo="0" devices="tripinfo_26" vType="typeCar@26" speedFactor="1.00" vaporized=""/>
    <tripinfo id="27" depart="25.00" departLane="wc_0" departPos="5.10" departSpeed="10.00" departDelay="0.00" arrival="74.30" arrivalLane="ce_0" arrivalPos="192.80" arrivalSpeed="10.00" duration="49.30" routeLength="394.90" waitingTime="0.00" waitingCount="0" stopTime="0.00" timeLoss="9.82" rerouteNo="0" devices="tripinfo_27" vType="typeCar@27" speedFactor="1.00" vaporized=""/>
    <tripinfo id="29" depart="26.00" departLane="wc_0" departPos="5.10" departSpeed="10.00" departDelay="0.00" arrival="75.50" arrivalLane="ce_0" arrivalPos="192.80" arrivalSpeed="10.00" duration="49.50" routeLength="394.90" waitingTime="0.00" waitingCount="0" stopTime="0.00" timeLoss="9.95" rerouteNo="0" devices="tripinfo_29" vType="typeCar@29" speedFactor="1.00" vaporized=""/>
    <tripinfo id="30" depart="27.00" departLane="wc_0" departPos="5.10" departSpeed="10.00" departDelay="0.00" arrival="76.50" arrivalLane="ce_0" arrivalPos="192.80" arrivalSpeed="10.00" duration="49.50" routeLength="394.90" waitingTime="0.00" waitingCount="0" stopTime="0.00" timeLoss="10.00" rerouteNo="0" devices="tripinfo_30" vType="typeCar@30" speedFactor="1.00" vaporized=""/>
    <tripinfo id="31" depart="28.00" departLane="wc_0" departPos="5.10" departSpeed="10.00" departDelay="0.00" arrival="77.60" arrivalLane="ce_0" arrivalPos="192.80" arrivalSpeed="10.00" duration="49.60" routeLength="394.90" waitingTime="0.00" waitingCount="0" stopTime="0.00" timeLoss="10.02" rerouteNo="0" devices="tripinfo_31" vType="typeCar@31" speedFactor="1.00" vaporized=""/>
    <tripinfo id="3" depart="1.00" departLane="nc_0" departPos="5.10" departSpeed="10.00" departDelay="0.00" arrival="80.40" arrivalLane="cs_0" arrivalPos="192.80" arrivalSpeed="10.00" duration="79.40" routeLength="394.90" waitingTime="16.40" waitingCount="1" stopTime="0.00" timeLoss="39.91" rerouteNo="0" devices="tripinfo_3" vType="typeCar@3" speedFactor="1.00" vaporized=""/>
    <tripinfo id="32" depart="29.00" departLane="wc_0" departPos="5.10" departSpeed="10.00" departDelay="0.00" arrival="82.70" arrivalLane="ce_0" arrivalPos="192.80" arrivalSpeed="10.00" duration="53.70" routeLength="394.90" waitingTime="0.00" waitingCount="0" stopTime="0.00" timeLoss="14.15" rerouteNo="0" devices="tripinfo_32" vType="typeCar@32" speedFactor="1.00" vaporized=""/>
    <tripinfo id="33" depart="31.00" departLane="wc_0" departPos="5.10" departSpeed="10.00" departDelay="0.00" arrival="84.40" arrivalLane="ce_0" arrivalPos="192.80" arrivalSpeed="10.00" duration="53.40" routeLength="394.90" waitingTime="0.00" waitingCount="0" stopTime="0.00" timeLoss="13.91" rerouteNo="0" devices="tripinfo_33" vType="typeCar@33" speedFactor="1.00" vaporized=""/>
    <tripinfo id="34" depart="33.00" departLane="wc_0" departPos="5.10" departSpeed="10.00" departDelay="0.00" arrival="86.50" arrivalLane="ce_0" arrivalPos="192.80" arrivalSpeed="10.00" duration="53.50" routeLength="394.90" waitingTime="0.10" waitingCount="1" stopTime="0.00" timeLoss="14.01" rerouteNo="0" devices="tripinfo_34" vType="typeCar@34" speedFactor="1.00" vaporized=""/>
    <tripinfo id="36" depart="34.00" departLane="wc_0" departPos="5.10" departSpeed="10.00" departDelay="0.00" arrival="88.20" arrivalLane="ce_0" arrivalPos="192.80" arrivalSpeed="10.00" duration="54.20" routeLength="394.90" waitingTime="0.10" waitingCount="1" stopTime="0.00" timeLoss="14.66" rerouteNo="0" devices="tripinfo_36" vType="typeCar@36" speedFactor="1.00" vaporized=""/>
    <tripinfo id="4" depart="3.00" departLane="nc_0" departPos="5.10" departSpeed="10.00" departDelay="0.00" arrival="90.80" arrivalLane="cs_0" arrivalPos="192.80" arrivalSpeed="10.00" duration="87.80" routeLength="394.90" waitingTime="9.30" waitingCount="11" stopTime="0.00" timeLoss="48.25" rerouteNo="0" devices="tripinfo_4" vType="typeCar@4" speedFactor="1.00" vaporized=""/>
    <tripinfo id="38" depart="35.00" departLane="wc_0" departPos="5.10" departSpeed="10.00" departDelay="0.00" arrival="93.50" arrivalLane="ce_0" arrivalPos="192.80" arrivalSpeed="10.00" duration="58.50" routeLength="394.90" waitingTime="0.10" waitingCount="1" stopTime="0.00" timeLoss="18.99" rerouteNo="0" devices="tripinfo_38" vType="typeCar@38" speedFactor="1.00" vaporized=""/>
    <tripinfo id="39" depart="37.00" departLane="wc_0" departPos="5.10" departSpeed="10.00" departDelay="0.00" arrival="94.60" arrivalLane="ce_0" arrivalPos="192.80" arrivalSpeed="10.00" duration="57.60" routeLength="394.90" waitingTime="0.40" waitingCount="4" stopTime="0.00" timeLoss="18.03" rerouteNo="0" devices="tripinfo_39" vType="typeCar@39" speedFactor="1.00" vaporized=""/>
    <tripinfo id="40" depart="39.00" departLane="wc_0" departPos="5.10" departSpeed="10.00" departDelay="0.00" arrival="95.60" arrivalLane="ce_0" arrivalPos="192.80" arrivalSpeed="10.00" duration="56.60" routeLength="394.90" waitingTime="0.30" waitingCount="3" stopTime="0.00" timeLoss="17.05" rerouteNo="0" devices="tripinfo_40" vType="typeCar@40" speedFactor="1.00" vaporized=""/>
    <tripinfo id="6" depart="4.00" departLane="nc_0" departPos="5.10" departSpeed="10.00" departDelay="0.00" arrival="97.40" arrivalLane="cs_0" arrivalPos="192.80" arrivalSpeed="10.00" duration="93.40" routeLength="394.90" waitingTime="4.50" waitingCount="23" stopTime="0.00" timeLoss="53.88" rerouteNo="0" devices="tripinfo_6" vType="typeCar@6" speedFactor="1.00" vaporized=""/>
    <tripinfo id="9" depart="6.00" departLane="nc_0" departPos="5.10" departSpeed="10.00" departDelay="0.00" arrival="98.70" arrivalLane="cs_0" arrivalPos="192.80" arrivalSpeed="10.00" duration="92.70" routeLength="394.90" waitingTime="4.10" waitingCount="41" stopTime="0.00" timeLoss="53.19" rerouteNo="0" devices="tripinfo_9" vType="typeCar@9" speedFactor="1.00" vaporized=""/>
    <tripinfo id="12" depart="9.00" departLane="nc_0" departPos="5.10" departSpeed="10.00" departDelay="0.00" arrival="100.80" arrivalLane="cs_0" arrivalPos="192.80" arrivalSpeed="10.00" duration="91.80" routeLength="394.90" waitingTime="3.90" waitingCount="39" stopTime="0.00" timeLoss="52.25" rerouteNo="0" devices="tripinfo_12" vType="typeCar@12" speedFactor="1.00" vaporized=""/>
    <tripinfo id="42" depart="40.00" departLane="wc_0" departPos="5.10" departSpeed="10.00" departDelay="0.00" arrival="107.40" arrivalLane="ce_0" arrivalPos="192.80" arrivalSpeed="10.00" duration="67.40" routeLength="394.90" waitingTime="0.40" waitingCount="4" stopTime="0.00" timeLoss="27.86" rerouteNo="0" devices="tripinfo_42" vType="typeCar@42" speedFactor="1.00" vaporized=""/>
    <tripinfo id="44" depart="41.00" departLane="wc_0" departPos="5.10" departSpeed="10.00" departDelay="0.00" arrival="110.70" arrivalLane="ce_0" arrivalPos="192.80" arrivalSpeed="10.00" duration="69.70" routeLength="394.90" waitingTime="0.50" waitingCount="5" stopTime="0.00" timeLoss="30.17" rerouteNo="0" devices="tripinfo_44" vType="typeCar@44" speedFactor="1.00" vaporized=""/>
    <tripinfo id="14" depart="11.00" departLane="nc_0" departPos="5.10" departSpeed="10.00" departDelay="0.00" arrival="112.50" arrivalLane="cs_0" arrivalPos="192.80" arrivalSpeed="10.00" duration="101.50" routeLength="394.90" waitingTime="4.10" waitingCount="41" stopTime="0.00" timeLoss="61.94" rerouteNo="0" devices="tripinfo_14" vType="typeCar@14" speedFactor="1.00" vaporized=""/>
    <tripinfo id="16" depart="13.00" departLane="nc_0" departPos="5.10" departSpeed="10.00" departDelay="0.00" arrival="113.30" arrivalLane="cs_0" arrivalPos="192.80" arrivalSpeed="10.00" duration="100.30" routeLength="394.90" waitingTime="4.30" waitingCount="43" stopTime="0.00" timeLoss="60.78" rerouteNo="0" devices="tripinfo_16" vType="typeCar@16" speedFactor="1.00" vaporized=""/>
    <tripinfo id="19" depart="20.00" departLane="nc_0" departPos="5.10" departSpeed="10.00" departDelay="0.00" arrival="114.80" arrivalLane="cs_0" arrivalPos="192.80" arrivalSpeed="10.00" duration="94.80" routeLength="394.90" waitingTime="4.00" waitingCount="40" stopTime="0.00" timeLoss="55.31" rerouteNo="0" devices="tripinfo_19" vType="typeCar@19" speedFactor="1.00" vaporized=""/>
    <tripinfo id="45" depart="42.00" departLane="wc_0" departPos="5.10" departSpeed="10.00" departDelay="0.00" arrival="116.40" arrivalLane="ce_0" arrivalPos="192.80" arrivalSpeed="10.00" duration="74.40" routeLength="394.90" waitingTime="0.70" waitingCount="7" stopTime="0.00" timeLoss="34.83" rerouteNo="0" devices="tripinfo_45" vType="typeCar@45" speedFactor="1.00" vaporized=""/>
    <tripinfo id="47" depart="44.00" departLane="wc_0" departPos="5.10" departSpeed="10.00" departDelay="0.00" arrival="117.40" arrivalLane="ce_0" arrivalPos="192.80" arrivalSpeed="10.00" duration="73.40" routeLength="394.90" waitingTime="0.60" waitingCount="6" stopTime="0.00" timeLoss="33.85" rerouteNo="0" devices="tripinfo_47" vType="typeCar@47" speedFactor="1.00" vaporized=""/>
    <tripinfo id="21" depart="21.00" departLane="nc_0" departPos="5.10" departSpeed="10.00" departDelay="0.00" arrival="120.20" arrivalLane="cs_0" arrivalPos="192.80" arrivalSpeed="10.00" duration="99.20" routeLength="394.90" waitingTime="4.00" waitingCount="40" stopTime="0.00" timeLoss="59.63" rerouteNo="0" devices="tripinfo_21" vType="typeCar@21" speedFactor="1.00" vaporized=""/>
    <tripinfo id="49" depart="45.00" departLane="wc_0" departPos="5.10" departSpeed="10.00" departDelay="0.00" arrival="126.70" arrivalLane="ce_0" arrivalPos="192.80" arrivalSpeed="10.00" duration="81.70" routeLength="394.90" waitingTime="1.00" waitingCount="10" stopTime="0.00" timeLoss="42.13" rerouteNo="0" devices="tripinfo_49" vType="typeCar@49" speedFactor="1.00" vaporized=""/>
    <tripinfo id="23" depart="22.00" departLane="nc_0" departPos="5.10" departSpeed="10.00" departDelay="0.00" arrival="129.20" arrivalLane="cs_0" arrivalPos="192.80" arrivalSpeed="10.00" duration="107.20" routeLength="394.90" waitingTime="9.20" waitingCount="41" stopTime="0.00" timeLoss="67.67" rerouteNo="0" devices="tripinfo_23" vType="typeCar@23" speedFactor="1.00" vaporized=""/>
    <tripinfo id="50" depart="47.00" departLane="wc_0" departPos="5.10" departSpeed="10.00" departDelay="0.00" arrival="132.20" arrivalLane="ce_0" arrivalPos="192.80" arrivalSpeed="10.00" duration="85.20" routeLength="394.90" waitingTime="1.40" waitingCount="14" stopTime="0.00" timeLoss="45.69" rerouteNo="0" devices="tripinfo_50" vType="typeCar@50" speedFactor="1.00" vaporized=""/>
    <tripinfo id="25" depart="23.00" departLane="nc_0" departPos="5.10" departSpeed="10.00" departDelay="0.00" arrival="134.40" arrivalLane="cs_0" arrivalPos="192.80" arrivalSpeed="10.00" duration="111.40" routeLength="394.90" waitingTime="3.90" waitingCount="39" stopTime="0.00" timeLoss="71.89" rerouteNo="0" devices="tripinfo_25" vType="typeCar@25" speedFactor="1.00" vaporized=""/>
    <tripinfo id="28" depart="25.00" departLane="nc_0" departPos="5.10" departSpeed="10.00" departDelay="0.00" arrival="135.30" arrivalLane="cs_0" arrivalPos="192.80" arrivalSpeed="10.00" duration="110.30" routeLength="394.90" waitingTime="4.40" waitingCount="44" stopTime="0.00" timeLoss="70.80" rerouteNo="0" devices="tripinfo_28" vType="typeCar@28" speedFactor="1.00" vaporized=""/>
    <tripinfo id="51" depart="50.00" departLane="wc_0" departPos="5.10" departSpeed="5.80" departDelay="0.00" arrival="136.80" arrivalLane="ce_0" arrivalPos="192.80" arrivalSpeed="10.00" duration="86.80" routeLength="394.90" waitingTime="1.30" waitingCount="13" stopTime="0.00" timeLoss="47.28" rerouteNo="0" devices="tripinfo_51" vType="typeCar@51" speedFactor="1.00" vaporized=""/>
    <tripinfo id="52" depart="51.00" departLane="wc_0" departPos="5.10" departSpeed="8.80" departDelay="0.00" arrival="137.80" arrivalLane="ce_0" arrivalPos="192.80" arrivalSpeed="10.00" duration="86.80" routeLength="394.90" waitingTime="1.50" waitingCount="15" stopTime="0.00" timeLoss="47.30" rerouteNo="0" devices="tripinfo_52" vType="typeCar@52" speedFactor="1.00" vaporized=""/>
    <tripinfo id="53" depart="52.00" departLane="wc_0" departPos="5.10" departSpeed="10.00" departDelay="0.00" arrival="140.60" arrivalLane="ce_0" arrivalPos="192.80" arrivalSpeed="10.00" duration="88.60" routeLength="394.90" waitingTime="1.10" waitingCount="11" stopTime="0.00" timeLoss="49.03" rerouteNo="0" devices="tripinfo_53" vType="typeCar@53" speedFactor="1.00" vaporized=""/>
    <tripinfo id="54" depart="53.00" departLane="wc_0" departPos="5.10" departSpeed="9.00" departDelay="0.00" arrival="144.60" arrivalLane="ce_0" arrivalPos="192.80" arrivalSpeed="10.00" duration="91.60" routeLength="394.90" waitingTime="1.60" waitingCount="16" stopTime="0.00" timeLoss="52.03" rerouteNo="0" devices="tripinfo_54" vType="typeCar@54" speedFactor="1.00" vaporized=""/>
    <tripinfo id="55" depart="54.00" departLane="wc_0" departPos="5.10" departSpeed="6.40" departDelay="0.00" arrival="145.60" arrivalLane="ce_0" arrivalPos="192.80" arrivalSpeed="10.00" duration="91.60" routeLength="394.90" waitingTime="1.60" waitingCount="16" stopTime="0.00" timeLoss="52.11" rerouteNo="0" devices="tripinfo_55" vType="typeCar@55" speedFactor="1.00" vaporized=""/>
    <tripinfo id="35" depart="33.00" departLane="nc_0" departPos="5.10" departSpeed="10.00" departDelay="0.00" arrival="147.40" arrivalLane="cs_0" arrivalPos="192.80" arrivalSpeed="10.00" duration="114.40" routeLength="394.90" waitingTime="4.20" waitingCount="42" stopTime="0.00" timeLoss="74.90" rerouteNo="0" devices="tripinfo_35" vType="typeCar@35" speedFactor="1.00" vaporized=""/>
    <tripinfo id="37" depart="34.00" departLane="nc_0" departPos="5.10" departSpeed="10.00" departDelay="0.00" arrival="148.40" arrivalLane="cs_0" arrivalPos="192.80" arrivalSpeed="10.00" duration="114.40" routeLength="394.90" waitingTime="4.30" waitingCount="43" stopTime="0.00" timeLoss="74.85" rerouteNo="0" devices="tripinfo_37" vType="typeCar@37" speedFactor="1.00" vaporized=""/>
    <tripinfo id="57" depart="56.20" departLane="wc_0" departPos="5.10" departSpeed="0.20" departDelay="0.20" arrival="149.90" arrivalLane="ce_0" arrivalPos="192.80" arrivalSpeed="10.00" duration="93.70" routeLength="394.90" waitingTime="2.10" waitingCount="17" stopTime="0.00" timeLoss="54.19" rerouteNo="0" devices="tripinfo_57" vType="typeCar@57" speedFactor="1.00" vaporized=""/>
    <tripinfo id="59" depart="59.20" departLane="wc_0" departPos="5.10" departSpeed="5.90" departDelay="1.20" arrival="150.90" arrivalLane="ce_0" arrivalPos="192.80" arrivalSpeed="10.00" duration="91.70" routeLength="394.90" waitingTime="2.50" waitingCount="25" stopTime="0.00" timeLoss="52.20" rerouteNo="0" devices="tripinfo_59" vType="typeCar@59" speedFactor="1.00" vaporized=""/>
    <tripinfo id="60" depart="60.30" departLane="wc_0" departPos="5.10" departSpeed="7.60" departDelay="1.30" arrival="152.00" arrivalLane="ce_0" arrivalPos="192.80" arrivalSpeed="10.00" duration="91.70" routeLength="394.90" waitingTime="2.80" waitingCount="28" stopTime="0.00" timeLoss="52.22" rerouteNo="0" devices="tripinfo_60" vType="typeCar@60" speedFactor="1.00" vaporized=""/>
    <tripinfo id="62" depart="62.00" departLane="wc_0" departPos="5.10" departSpeed="5.50" departDelay="0.00" arrival="153.20" arrivalLane="ce_0" arrivalPos="192.80" arrivalSpeed="10.00" duration="91.20" routeLength="394.90" waitingTime="3.10" waitingCount="31" stopTime="0.00" timeLoss="51.66" rerouteNo="0" devices="tripinfo_62" vType="typeCar@62" speedFactor="1.00" vaporized=""/>
    <tripinfo id="63" depart="63.00" departLane="wc_0" departPos="5.10" departSpeed="6.90" departDelay="0.00" arrival="154.50" arrivalLane="ce_0" arrivalPos="192.80" arrivalSpeed="10.00" duration="91.50" routeLength="394.90" waitingTime="2.80" waitingCount="28" stopTime="0.00" timeLoss="51.99" rerouteNo="0" devices="tripinfo_63" vType="typeCar@63" speedFactor="1.00" vaporized=""/>
    <tripinfo id="64" depart="65.80" departLane="wc_0" departPos="5.10" departSpeed="0.10" departDelay="0.80" arrival="158.20" arrivalLane="ce_0" arrivalPos="192.80" arrivalSpeed="10.00" duration="92.40" routeLength="394.90" waitingTime="3.50" waitingCount="30" stopTime="0.00" timeLoss="52.85" rerouteNo="0" devices="tripinfo_64" vType="typeCar@64" speedFactor="1.00" vaporized=""/>
    <tripinfo id="66" depart="68.80" departLane="wc_0" departPos="5.10" departSpeed="5.90" departDelay="1.80" arrival="161.10" arrivalLane="ce_0" arrivalPos="192.80" arrivalSpeed="10.00" duration="92.30" routeLength="394.90" waitingTime="3.20" waitingCount="32" stopTime="0.00" timeLoss="52.75" rerouteNo="0" devices="tripinfo_66" vType="typeCar@66" speedFactor="1.00" vaporized=""/>
    <tripinfo id="67" depart="69.90" departLane="wc_0" departPos="5.10" departSpeed="7.60" departDelay="1.90" arrival="162.30" arrivalLane="ce_0" arrivalPos="192.80" arrivalSpeed="10.00" duration="92.40" routeLength="394.90" waitingTime="3.20" waitingCount="32" stopTime="0.00" timeLoss="52.88" rerouteNo="0" devices="tripinfo_67" vType="typeCar@67" speedFactor="1.00" vaporized=""/>
    <tripinfo id="69" depart="70.80" departLane="wc_0" departPos="5.10" departSpeed="7.90" departDelay="0.80" arrival="163.30" arrivalLane="ce_0" arrivalPos="192.80" arrivalSpeed="10.00" duration="92.50" routeLength="394.90" waitingTime="3.60" waitingCount="36" stopTime="0.00" timeLoss="53.03" rerouteNo="0" devices="tripinfo_69" vType="typeCar@69" speedFactor="1.00" vaporized=""/>
    <tripinfo id="70" depart="71.80" departLane="wc_0" departPos="5.10" departSpeed="2.90" departDelay="0.80" arrival="164.30" arrivalLane="ce_0" arrivalPos="192.80" arrivalSpeed="10.00" duration="92.50" routeLength="394.90" waitingTime="3.90" waitingCount="39" stopTime="0.00" timeLoss="53.01" rerouteNo="0" devices="tripinfo_70" vType="typeCar@70" speedFactor="1.00" vaporized=""/>
    <tripinfo id="71" depart="80.10" departLane="wc_0" departPos="5.10" departSpeed="3.92" departDelay="8.10" arrival="165.40" arrivalLane="ce_0" arrivalPos="192.80" arrivalSpeed="10.00" duration="85.30" routeLength="394.90" waitingTime="3.00" waitingCount="30" stopTime="0.00" timeLoss="45.74" rerouteNo="0" devices="tripinfo_71" vType="typeCar@71" speedFactor="1.00" vaporized=""/>
    <tripinfo id="73" depart="81.60" departLane="wc_0" departPos="5.10" departSpeed="6.02" departDelay="8.60" arrival="169.70" arrivalLane="ce_0" arrivalPos="192.80" arrivalSpeed="10.00" duration="88.10" routeLength="394.90" waitingTime="2.70" waitingCount="27" stopTime="0.00" timeLoss="48.60" rerouteNo="0" devices="tripinfo_73" vType="typeCar@73" speedFactor="1.00" vaporized=""/>
    <tripinfo id="41" depart="39.00" departLane="nc_0" departPos="5.10" departSpeed="10.00" departDelay="0.00" arrival="172.10" arrivalLane="cs_0" arrivalPos="192.80" arrivalSpeed="10.00" duration="133.10" routeLength="394.90" waitingTime="7.70" waitingCount="42" stopTime="0.00" timeLoss="93.53" rerouteNo="0" devices="tripinfo_41" vType="typeCar@41" speedFactor="1.00" vaporized=""/>
    <tripinfo id="43" depart="40.00" departLane="nc_0" departPos="5.10" departSpeed="10.00" departDelay="0.00" arrival="173.40" arrivalLane="cs_0" arrivalPos="192.80" arrivalSpeed="10.00" duration="133.40" routeLength="394.90" waitingTime="5.30" waitingCount="53" stopTime="0.00" timeLoss="93.92" rerouteNo="0" devices="tripinfo_43" vType="typeCar@43" speedFactor="1.00" vaporized=""/>
    <tripinfo id="74" depart="87.10" departLane="wc_0" departPos="5.10" departSpeed="0.12" departDelay="13.10" arrival="174.80" arrivalLane="ce_0" arrivalPos="192.80" arrivalSpeed="10.00" duration="87.70" routeLength="394.90" waitingTime="4.20" waitingCount="29" stopTime="0.00" timeLoss="48.20" rerouteNo="0" devices="tripinfo_74" vType="typeCar@74" speedFactor="1.00" vaporized=""/>
    <tripinfo id="75" depart="96.00" departLane="wc_0" departPos="5.10" departSpeed="3.16" departDelay="20.00" arrival="175.80" arrivalLane="ce_0" arrivalPos="192.80" arrivalSpeed="10.00" duration="79.80" routeLength="394.90" waitingTime="2.10" waitingCount="21" stopTime="0.00" timeLoss="40.35" rerouteNo="0" devices="tripinfo_75" vType="typeCar@75" speedFactor="1.00" vaporized=""/>
    <tripinfo id="46" depart="42.00" departLane="nc_0" departPos="5.10" departSpeed="10.00" departDelay="0.00" arrival="177.40" arrivalLane="cs_0" arrivalPos="192.80" arrivalSpeed="10.00" duration="135.40" routeLength="394.90" waitingTime="5.50" waitingCount="55" stopTime="0.00" timeLoss="95.85" rerouteNo="0" devices="tripinfo_46" vType="typeCar@46" speedFactor="1.00" vaporized=""/>
    <tripinfo id="48" depart="44.00" departLane="nc_0" departPos="5.10" departSpeed="10.00" departDelay="0.00" arrival="178.40" arrivalLane="cs_0" arrivalPos="192.80" arrivalSpeed="10.00" duration="134.40" routeLength="394.90" waitingTime="5.60" waitingCount="56" stopTime="0.00" timeLoss="94.89" rerouteNo="0" devices="tripinfo_48" vType="typeCar@48" speedFactor="1.00" vaporized=""/>
    <tripinfo id="76" depart="99.60" departLane="wc_0" departPos="5.10" departSpeed="4.94" departDelay="22.60" arrival="179.90" arrivalLane="ce_0" arrivalPos="192.80" arrivalSpeed="10.00" duration="80.30" routeLength="394.90" waitingTime="2.00" waitingCount="20" stopTime="0.00" timeLoss="40.80" rerouteNo="0" devices="tripinfo_76" vType="typeCar@76" speedFactor="1.00" vaporized=""/>
    <tripinfo id="78" depart="101.00" departLane="wc_0" departPos="5.10" departSpeed="2.74" departDelay="23.00" arrival="181.10" arrivalLane="ce_0" arrivalPos="192.80" arrivalSpeed="10.00" duration="80.10" routeLength="394.90" waitingTime="2.40" waitingCount="24" stopTime="0.00" timeLoss="40.59" rerouteNo="0" devices="tripinfo_78" vType="typeCar@78" speedFactor="1.00" vaporized=""/>
    <tripinfo id="56" depart="55.00" departLane="nc_0" departPos="5.10" departSpeed="0.40" departDelay="0.00" arrival="182.60" arrivalLane="cs_0" arrivalPos="192.80" arrivalSpeed="10.00" duration="127.60" routeLength="394.90" waitingTime="4.60" waitingCount="46" stopTime="0.00" timeLoss="88.11" rerouteNo="0" devices="tripinfo_56" vType="typeCar@56" speedFactor="1.00" vaporized=""/>
    <tripinfo id="58" depart="56.90" departLane="nc_0" departPos="5.10" departSpeed="6.10" departDelay="0.90" arrival="183.60" arrivalLane="cs_0" arrivalPos="192.80" arrivalSpeed="10.00" duration="126.70" routeLength="394.90" waitingTime="4.30" waitingCount="43" stopTime="0.00" timeLoss="87.24" rerouteNo="0" devices="tripinfo_58" vType="typeCar@58" speedFactor="1.00" vaporized=""/>
    <tripinfo id="79" depart="108.70" departLane="wc_0" departPos="5.10" departSpeed="1.73" departDelay="29.70" arrival="185.20" arrivalLane="ce_0" arrivalPos="192.80" arrivalSpeed="10.00" duration="76.50" routeLength="394.90" waitingTime="2.30" waitingCount="20" stopTime="0.00" timeLoss="36.98" rerouteNo="0" devices="tripinfo_79" vType="typeCar@79" speedFactor="1.00" vaporized=""/>
    <tripinfo id="81" depart="116.20" departLane="wc_0" departPos="5.10" departSpeed="3.84" departDelay="36.20" arrival="186.30" arrivalLane="ce_0" arrivalPos="192.80" arrivalSpeed="10.00" duration="70.10" routeLength="394.90" waitingTime="1.60" waitingCount="16" stopTime="0.00" timeLoss="30.59" rerouteNo="0" devices="tripinfo_81" vType="typeCar@81" speedFactor="1.00" vaporized=""/>
    <tripinfo id="61" depart="59.00" departLane="nc_0" departPos="5.10" departSpeed="10.00" departDelay="0.00" arrival="187.90" arrivalLane="cs_0" arrivalPos="192.80" arrivalSpeed="10.00" duration="128.90" routeLength="394.90" waitingTime="4.80" waitingCount="48" stopTime="0.00" timeLoss="89.41" rerouteNo="0" devices="tripinfo_61" vType="typeCar@61" speedFactor="1.00" vaporized=""/>
    <tripinfo id="65" depart="65.00" departLane="nc_0" departPos="5.10" departSpeed="0.10" departDelay="0.00" arrival="189.10" arrivalLane="cs_0" arrivalPos="192.80" arrivalSpeed="10.00" duration="124.10" routeLength="394.90" waitingTime="4.70" waitingCount="47" stopTime="0.00" timeLoss="84.56" rerouteNo="0" devices="tripinfo_65" vType="typeCar@65" speedFactor="1.00" vaporized=""/>
    <tripinfo id="82" depart="120.30" departLane="wc_0" departPos="5.10" departSpeed="4.94" departDelay="39.30" arrival="190.70" arrivalLane="ce_0" arrivalPos="192.80" arrivalSpeed="10.00" duration="70.40" routeLength="394.90" waitingTime="1.60" waitingCount="16" stopTime="0.00" timeLoss="30.90" rerouteNo="0" devices="tripinfo_82" vType="typeCar@82" speedFactor="1.00" vaporized=""/>
    <tripinfo id="84" depart="121.60" departLane="wc_0" departPos="5.10" departSpeed="4.04" departDelay="38.60" arrival="191.70" arrivalLane="ce_0" arrivalPos="192.80" arrivalSpeed="10.00" duration="70.10" routeLength="394.90" waitingTime="1.40" waitingCount="14" stopTime="0.00" timeLoss="30.62" rerouteNo="0" devices="tripinfo_84" vType="typeCar@84" speedFactor="1.00" vaporized=""/>
    <tripinfo id="68" depart="69.00" departLane="nc_0" departPos="5.10" departSpeed="9.50" departDelay="0.00" arrival="193.20" arrivalLane="cs_0" arrivalPos="192.80" arrivalSpeed="10.00" duration="124.20" routeLength="394.90" waitingTime="4.50" waitingCount="45" stopTime="0.00" timeLoss="84.69" rerouteNo="0" devices="tripinfo_68" vType="typeCar@68" speedFactor="1.00" vaporized=""/>
    <tripinfo id="72" depart="72.00" departLane="nc_0" departPos="5.10" departSpeed="3.80" departDelay="0.00" arrival="194.40" arrivalLane="cs_0" arrivalPos="192.80" arrivalSpeed="10.00" duration="122.40" routeLength="394.90" waitingTime="4.10" waitingCount="41" stopTime="0.00" timeLoss="82.84" rerouteNo="0" devices="tripinfo_72" vType="typeCar@72" speedFactor="1.00" vaporized=""/>
    <tripinfo id="85" depart="127.90" departLane="wc_0" departPos="5.10" departSpeed="3.74" departDelay="43.90" arrival="195.90" arrivalLane="ce_0" arrivalPos="192.80" arrivalSpeed="10.00" duration="68.00" routeLength="394.90" waitingTime="1.00" waitingCount="10" stopTime="0.00" timeLoss="28.47" rerouteNo="0" devices="tripinfo_85" vType="typeCar@85" speedFactor="1.00" vaporized=""/>
    <tripinfo id="87" depart="129.60" departLane="wc_0" departPos="5.10" departSpeed="5.64" departDelay="43.60" arrival="197.10" arrivalLane="ce_0" arrivalPos="192.80" arrivalSpeed="10.00" duration="67.50" routeLength="394.90" waitingTime="1.00" waitingCount="10" stopTime="0.00" timeLoss="27.95" rerouteNo="0" devices="tripinfo_87" vType="typeCar@87" speedFactor="1.00" vaporized=""/>
    <tripinfo id="77" depart="77.00" departLane="nc_0" departPos="5.10" departSpeed="0.40" departDelay="0.00" arrival="198.60" arrivalLane="cs_0" arrivalPos="192.80" arrivalSpeed="10.00" duration="121.60" routeLength="394.90" waitingTime="4.30" waitingCount="43" stopTime="0.00" timeLoss="82.07" rerouteNo="0" devices="tripinfo_77" vType="typeCar@77" speedFactor="1.00" vaporized=""/>
    <tripinfo id="80" depart="79.00" departLane="nc_0" departPos="5.10" departSpeed="6.40" departDelay="0.00" arrival="199.70" arrivalLane="cs_0" arrivalPos="192.80" arrivalSpeed="10.00" duration="120.70" routeLength="394.90" waitingTime="4.50" waitingCount="45" stopTime="0.00" timeLoss="81.17" rerouteNo="0" devices="tripinfo_80" vType="typeCar@80" speedFactor="1.00" vaporized=""/>
    <tripinfo id="89" depart="130.70" departLane="wc_0" departPos="5.10" departSpeed="6.54" departDelay="42.70" arrival="201.30" arrivalLane="ce_0" arrivalPos="192.80" arrivalSpeed="10.00" duration="70.60" routeLength="394.90" waitingTime="1.10" waitingCount="11" stopTime="0.00" timeLoss="31.10" rerouteNo="0" devices="tripinfo_89" vType="typeCar@89" speedFactor="1.00" vaporized=""/>
    <tripinfo id="90" depart="134.40" departLane="wc_0" departPos="5.10" departSpeed="1.64" departDelay="45.40" arrival="202.40" arrivalLane="ce_0" arrivalPos="192.80" arrivalSpeed="10.00" duration="68.00" routeLength="394.90" waitingTime="1.20" waitingCount="12" stopTime="0.00" timeLoss="28.51" rerouteNo="0" devices="tripinfo_90" vType="typeCar@90" speedFactor="1.00" vaporized=""/>
    <tripinfo id="83" depart="82.00" departLane="nc_0" departPos="5.10" departSpeed="1.00" departDelay="0.00" arrival="203.90" arrivalLane="cs_0" arrivalPos="192.80" arrivalSpeed="10.00" duration="121.90" routeLength="394.90" waitingTime="4.60" waitingCount="46" stopTime="0.00" timeLoss="82.40" rerouteNo="0" devices="tripinfo_83" vType="typeCar@83" speedFactor="1.00" vaporized=""/>
    <tripinfo id="86" depart="84.90" departLane="nc_0" departPos="5.10" departSpeed="4.10" departDelay="0.90" arrival="205.00" arrivalLane="cs_0" arrivalPos="192.80" arrivalSpeed="10.00" duration="120.10" routeLength="394.90" waitingTime="5.40" waitingCount="54" stopTime="0.00" timeLoss="80.56" rerouteNo="0" devices="tripinfo_86" vType="typeCar@86" speedFactor="1.00" vaporized=""/>
    <tripinfo id="92" depart="136.90" departLane="wc_0" departPos="5.10" departSpeed="5.94" departDelay="44.90" arrival="206.50" arrivalLane="ce_0" arrivalPos="192.80" arrivalSpeed="10.00" duration="69.60" routeLength="394.90" waitingTime="1.20" waitingCount="12" stopTime="0.00" timeLoss="30.10" rerouteNo="0" devices="tripinfo_92" vType="typeCar@92" speedFactor="1.00" vaporized=""/>
    <tripinfo id="94" depart="138.00" departLane="wc_0" departPos="5.10" departSpeed="7.64" departDelay="44.00" arrival="207.60" arrivalLane="ce_0" arrivalPos="192.80" arrivalSpeed="10.00" duration="69.60" routeLength="394.90" waitingTime="1.20" waitingCount="12" stopTime="0.00" timeLoss="30.16" rerouteNo="0" devices="tripinfo_94" vType="typeCar@94" speedFactor="1.00" vaporized=""/>
    <tripinfo id="88" depart="90.70" departLane="nc_0" departPos="5.10" departSpeed="3.10" departDelay="3.70" arrival="209.10" arrivalLane="cs_0" arrivalPos="192.80" arrivalSpeed="10.00" duration="118.40" routeLength="394.90" waitingTime="5.10" waitingCount="51" stopTime="0.00" timeLoss="78.95" rerouteNo="0" devices="tripinfo_88" vType="typeCar@88" speedFactor="1.00" vaporized=""/>
    <tripinfo id="91" depart="96.70" departLane="nc_0" departPos="5.10" departSpeed="4.20" departDelay="5.70" arrival="210.30" arrivalLane="cs_0" arrivalPos="192.80" arrivalSpeed="10.00" duration="113.60" routeLength="394.90" waitingTime="4.70" waitingCount="47" stopTime="0.00" timeLoss="74.14" rerouteNo="0" devices="tripinfo_91" vType="typeCar@91" speedFactor="1.00" vaporized=""/>
    <tripinfo id="95" depart="138.90" departLane="wc_0" departPos="5.10" departSpeed="8.74" departDelay="43.90" arrival="211.90" arrivalLane="ce_0" arrivalPos="192.80" arrivalSpeed="10.00" duration="73.00" routeLength="394.90" waitingTime="1.40" waitingCount="14" stopTime="0.00" timeLoss="33.51" rerouteNo="0" devices="tripinfo_95" vType="typeCar@95" speedFactor="1.00" vaporized=""/>
    <tripinfo id="97" depart="139.60" departLane="wc_0" departPos="5.10" departSpeed="8.44" departDelay="43.60" arrival="213.10" arrivalLane="ce_0" arrivalPos="192.80" arrivalSpeed="10.00" duration="73.50" routeLength="394.90" waitingTime="1.50" waitingCount="15" stopTime="0.00" timeLoss="33.95" rerouteNo="0" devices="tripinfo_97" vType="typeCar@97" speedFactor="1.00" vaporized=""/>
    <tripinfo id="93" depart="100.50" departLane="nc_0" departPos="5.10" departSpeed="4.40" departDelay="7.50" arrival="214.60" arrivalLane="cs_0" arrivalPos="192.80" arrivalSpeed="10.00" duration="114.10" routeLength="394.90" waitingTime="4.50" waitingCount="45" stopTime="0.00" timeLoss="74.56" rerouteNo="0" devices="tripinfo_93" vType="typeCar@93" speedFactor="1.00" vaporized=""/>
    <tripinfo id="96" depart="104.00" departLane="nc_0" departPos="5.10" departSpeed="4.50" departDelay="9.00" arrival="215.70" arrivalLane="cs_0" arrivalPos="192.80" arrivalSpeed="10.00" duration="111.70" routeLength="394.90" waitingTime="5.00" waitingCount="50" stopTime="0.00" timeLoss="72.18" rerouteNo="0" devices="tripinfo_96" vType="typeCar@96" speedFactor="1.00" vaporized=""/>
    <tripinfo id="98" depart="140.60" departLane="wc_0" departPos="5.10" departSpeed="3.44" departDelay="43.60" arrival="217.30" arrivalLane="ce_0" arrivalPos="192.80" arrivalSpeed="10.00" duration="76.70" routeLength="394.90" waitingTime="1.90" waitingCount="19" stopTime="0.00" timeLoss="37.15" rerouteNo="0" devices="tripinfo_98" vType="typeCar@98" speedFactor="1.00" vaporized=""/>
    <tripinfo id="99" depart="145.80" departLane="wc_0" departPos="5.10" departSpeed="4.61" departDelay="47.80" arrival="218.30" arrivalLane="ce_0" arrivalPos="192.80" arrivalSpeed="10.00" duration="72.50" routeLength="394.90" waitingTime="1.70" waitingCount="17" stopTime="0.00" timeLoss="32.96" rerouteNo="0" devices="tripinfo_99" vType="typeCar@99" speedFactor="1.00" vaporized=""/>
    <tripinfo id="100" depart="107.60" departLane="nc_0" departPos="5.10" departSpeed="0.10" departDelay="9.60" arrival="219.80" arrivalLane="cs_0" arrivalPos="192.80" arrivalSpeed="10.00" duration="112.20" routeLength="394.90" waitingTime="5.50" waitingCount="45" stopTime="0.00" timeLoss="72.65" rerouteNo="0" devices="tripinfo_100" vType="typeCar@100" speedFactor="1.00" vaporized=""/>
</tripinfos>
