<?xml version="1.0" encoding="UTF-8"?>

<!-- generated on 2022-11-30 12:06:28 by Eclipse SUMO sumo Version 1.14.1
<configuration xmlns:xsi="http://www.w3.org/2001/XMLSchema-instance" xsi:noNamespaceSchemaLocation="http://sumo.dlr.de/xsd/sumoConfiguration.xsd">

    <input>
        <net-file value="net.net.xml"/>
        <route-files value="routes.rou.xml"/>
    </input>

    <output>
        <tripinfo-output value="raw_data/(3,8,0)tripinfo.xml"/>
    </output>

    <time>
        <begin value="0"/>
        <step-length value="0.1"/>
    </time>

    <processing>
        <extrapolate-departpos value="true"/>
        <route-steps value="0"/>
        <ignore-route-errors value="true"/>
        <collision.action value="warn"/>
        <collision.stoptime value="1"/>
        <collision.mingap-factor value="0.1"/>
    </processing>

    <report>
        <verbose value="false"/>
        <log value="log.txt"/>
        <duration-log.statistics value="true"/>
        <no-step-log value="true"/>
    </report>

    <traci_server>
        <remote-port value="61742"/>
    </traci_server>

    <gui_only>
        <quit-on-end value="true"/>
        <start value="true"/>
    </gui_only>

</configuration>
-->

<tripinfos xmlns:xsi="http://www.w3.org/2001/XMLSchema-instance" xsi:noNamespaceSchemaLocation="http://sumo.dlr.de/xsd/tripinfo_file.xsd">
    <tripinfo id="0" depart="0.00" departLane="wc_0" departPos="5.10" departSpeed="10.00" departDelay="0.00" arrival="39.50" arrivalLane="ce_0" arrivalPos="192.80" arrivalSpeed="10.00" duration="39.50" routeLength="394.90" waitingTime="0.00" waitingCount="0" stopTime="0.00" timeLoss="0.00" rerouteNo="0" devices="tripinfo_0" vType="typeCar@0" speedFactor="1.00" vaporized=""/>
    <tripinfo id="2" depart="1.00" departLane="wc_0" departPos="5.10" departSpeed="10.00" departDelay="0.00" arrival="40.50" arrivalLane="ce_0" arrivalPos="192.80" arrivalSpeed="10.00" duration="39.50" routeLength="394.90" waitingTime="0.00" waitingCount="0" stopTime="0.00" timeLoss="0.00" rerouteNo="0" devices="tripinfo_2" vType="typeCar@2" speedFactor="1.00" vaporized=""/>
    <tripinfo id="4" depart="2.00" departLane="wc_0" departPos="5.10" departSpeed="10.00" departDelay="0.00" arrival="41.50" arrivalLane="ce_0" arrivalPos="192.80" arrivalSpeed="10.00" duration="39.50" routeLength="394.90" waitingTime="0.00" waitingCount="0" stopTime="0.00" timeLoss="0.00" rerouteNo="0" devices="tripinfo_4" vType="typeCar@4" speedFactor="1.00" vaporized=""/>
    <tripinfo id="6" depart="4.00" departLane="wc_0" departPos="5.10" departSpeed="10.00" departDelay="0.00" arrival="43.50" arrivalLane="ce_0" arrivalPos="192.80" arrivalSpeed="10.00" duration="39.50" routeLength="394.90" waitingTime="0.00" waitingCount="0" stopTime="0.00" timeLoss="0.00" rerouteNo="0" devices="tripinfo_6" vType="typeCar@6" speedFactor="1.00" vaporized=""/>
    <tripinfo id="8" depart="5.00" departLane="wc_0" departPos="5.10" departSpeed="10.00" departDelay="0.00" arrival="44.50" arrivalLane="ce_0" arrivalPos="192.80" arrivalSpeed="10.00" duration="39.50" routeLength="394.90" waitingTime="0.00" waitingCount="0" stopTime="0.00" timeLoss="0.00" rerouteNo="0" devices="tripinfo_8" vType="typeCar@8" speedFactor="1.00" vaporized=""/>
    <tripinfo id="9" depart="6.00" departLane="wc_0" departPos="5.10" departSpeed="10.00" departDelay="0.00" arrival="47.80" arrivalLane="ce_0" arrivalPos="192.80" arrivalSpeed="10.00" duration="41.80" routeLength="394.90" waitingTime="0.00" waitingCount="0" stopTime="0.00" timeLoss="2.32" rerouteNo="0" devices="tripinfo_9" vType="typeCar@9" speedFactor="1.00" vaporized=""/>
    <tripinfo id="11" depart="7.00" departLane="wc_0" departPos="5.10" departSpeed="10.00" departDelay="0.00" arrival="50.30" arrivalLane="ce_0" arrivalPos="192.80" arrivalSpeed="10.00" duration="43.30" routeLength="394.90" waitingTime="0.00" waitingCount="0" stopTime="0.00" timeLoss="3.77" rerouteNo="0" devices="tripinfo_11" vType="typeCar@11" speedFactor="1.00" vaporized=""/>
    <tripinfo id="12" depart="8.00" departLane="wc_0" departPos="5.10" departSpeed="10.00" departDelay="0.00" arrival="51.40" arrivalLane="ce_0" arrivalPos="192.80" arrivalSpeed="10.00" duration="43.40" routeLength="394.90" waitingTime="0.00" waitingCount="0" stopTime="0.00" timeLoss="3.88" rerouteNo="0" devices="tripinfo_12" vType="typeCar@12" speedFactor="1.00" vaporized=""/>
    <tripinfo id="14" depart="11.00" departLane="wc_0" departPos="5.10" departSpeed="10.00" departDelay="0.00" arrival="52.50" arrivalLane="ce_0" arrivalPos="192.80" arrivalSpeed="10.00" duration="41.50" routeLength="394.90" waitingTime="0.00" waitingCount="0" stopTime="0.00" timeLoss="1.93" rerouteNo="0" devices="tripinfo_14" vType="typeCar@14" speedFactor="1.00" vaporized=""/>
    <tripinfo id="16" depart="13.00" departLane="wc_0" departPos="5.10" departSpeed="10.00" departDelay="0.00" arrival="53.50" arrivalLane="ce_0" arrivalPos="192.80" arrivalSpeed="10.00" duration="40.50" routeLength="394.90" waitingTime="0.00" waitingCount="0" stopTime="0.00" timeLoss="0.98" rerouteNo="0" devices="tripinfo_16" vType="typeCar@16" speedFactor="1.00" vaporized=""/>
    <tripinfo id="18" depart="16.00" departLane="wc_0" departPos="5.10" departSpeed="10.00" departDelay="0.00" arrival="55.50" arrivalLane="ce_0" arrivalPos="192.80" arrivalSpeed="10.00" duration="39.50" routeLength="394.90" waitingTime="0.00" waitingCount="0" stopTime="0.00" timeLoss="0.00" rerouteNo="0" devices="tripinfo_18" vType="typeCar@18" speedFactor="1.00" vaporized=""/>
    <tripinfo id="19" depart="17.00" departLane="wc_0" departPos="5.10" departSpeed="10.00" departDelay="0.00" arrival="58.80" arrivalLane="ce_0" arrivalPos="192.80" arrivalSpeed="10.00" duration="41.80" routeLength="394.90" waitingTime="0.00" waitingCount="0" stopTime="0.00" timeLoss="2.32" rerouteNo="0" devices="tripinfo_19" vType="typeCar@19" speedFactor="1.00" vaporized=""/>
    <tripinfo id="20" depart="20.00" departLane="wc_0" departPos="5.10" departSpeed="10.00" departDelay="0.00" arrival="60.60" arrivalLane="ce_0" arrivalPos="192.80" arrivalSpeed="10.00" duration="40.60" routeLength="394.90" waitingTime="0.00" waitingCount="0" stopTime="0.00" timeLoss="1.06" rerouteNo="0" devices="tripinfo_20" vType="typeCar@20" speedFactor="1.00" vaporized=""/>
    <tripinfo id="22" depart="21.00" departLane="wc_0" departPos="5.10" departSpeed="10.00" departDelay="0.00" arrival="65.10" arrivalLane="ce_0" arrivalPos="192.80" arrivalSpeed="10.00" duration="44.10" routeLength="394.90" waitingTime="0.00" waitingCount="0" stopTime="0.00" timeLoss="4.55" rerouteNo="0" devices="tripinfo_22" vType="typeCar@22" speedFactor="1.00" vaporized=""/>
    <tripinfo id="24" depart="22.00" departLane="wc_0" departPos="5.10" departSpeed="10.00" departDelay="0.00" arrival="69.20" arrivalLane="ce_0" arrivalPos="192.80" arrivalSpeed="10.00" duration="47.20" routeLength="394.90" waitingTime="0.10" waitingCount="1" stopTime="0.00" timeLoss="7.71" rerouteNo="0" devices="tripinfo_24" vType="typeCar@24" speedFactor="1.00" vaporized=""/>
    <tripinfo id="26" depart="23.00" departLane="wc_0" departPos="5.10" departSpeed="10.00" departDelay="0.00" arrival="70.30" arrivalLane="ce_0" arrivalPos="192.80" arrivalSpeed="10.00" duration="47.30" routeLength="394.90" waitingTime="0.10" waitingCount="1" stopTime="0.00" timeLoss="7.73" rerouteNo="0" devices="tripinfo_26" vType="typeCar@26" speedFactor="1.00" vaporized=""/>
    <tripinfo id="28" depart="24.00" departLane="wc_0" departPos="5.10" departSpeed="10.00" departDelay="0.00" arrival="71.30" arrivalLane="ce_0" arrivalPos="192.80" arrivalSpeed="10.00" duration="47.30" routeLength="394.90" waitingTime="0.10" waitingCount="1" stopTime="0.00" timeLoss="7.77" rerouteNo="0" devices="tripinfo_28" vType="typeCar@28" speedFactor="1.00" vaporized=""/>
    <tripinfo id="29" depart="25.00" departLane="wc_0" departPos="5.10" departSpeed="10.00" departDelay="0.00" arrival="73.50" arrivalLane="ce_0" arrivalPos="192.80" arrivalSpeed="10.00" duration="48.50" routeLength="394.90" waitingTime="0.20" waitingCount="2" stopTime="0.00" timeLoss="9.00" rerouteNo="0" devices="tripinfo_29" vType="typeCar@29" speedFactor="1.00" vaporized=""/>
    <tripinfo id="31" depart="26.00" departLane="wc_0" departPos="5.10" departSpeed="10.00" departDelay="0.00" arrival="75.60" arrivalLane="ce_0" arrivalPos="192.80" arrivalSpeed="10.00" duration="49.60" routeLength="394.90" waitingTime="0.20" waitingCount="2" stopTime="0.00" timeLoss="10.03" rerouteNo="0" devices="tripinfo_31" vType="typeCar@31" speedFactor="1.00" vaporized=""/>
    <tripinfo id="32" depart="27.00" departLane="wc_0" departPos="5.10" departSpeed="10.00" departDelay="0.00" arrival="76.60" arrivalLane="ce_0" arrivalPos="192.80" arrivalSpeed="10.00" duration="49.60" routeLength="394.90" waitingTime="0.20" waitingCount="2" stopTime="0.00" timeLoss="10.09" rerouteNo="0" devices="tripinfo_32" vType="typeCar@32" speedFactor="1.00" vaporized=""/>
    <tripinfo id="33" depart="28.00" departLane="wc_0" departPos="5.10" departSpeed="10.00" departDelay="0.00" arrival="77.70" arrivalLane="ce_0" arrivalPos="192.80" arrivalSpeed="10.00" duration="49.70" routeLength="394.90" waitingTime="0.30" waitingCount="3" stopTime="0.00" timeLoss="10.16" rerouteNo="0" devices="tripinfo_33" vType="typeCar@33" speedFactor="1.00" vaporized=""/>
    <tripinfo id="34" depart="29.00" departLane="wc_0" departPos="5.10" departSpeed="10.00" departDelay="0.00" arrival="85.80" arrivalLane="ce_0" arrivalPos="192.80" arrivalSpeed="10.00" duration="56.80" routeLength="394.90" waitingTime="0.30" waitingCount="3" stopTime="0.00" timeLoss="17.30" rerouteNo="0" devices="tripinfo_34" vType="typeCar@34" speedFactor="1.00" vaporized=""/>
    <tripinfo id="1" depart="0.00" departLane="nc_0" departPos="5.10" departSpeed="10.00" departDelay="0.00" arrival="88.60" arrivalLane="cs_0" arrivalPos="192.80" arrivalSpeed="10.00" duration="88.60" routeLength="394.90" waitingTime="21.70" waitingCount="2" stopTime="0.00" timeLoss="49.05" rerouteNo="0" devices="tripinfo_1" vType="typeCar@1" speedFactor="1.00" vaporized=""/>
    <tripinfo id="35" depart="31.00" departLane="wc_0" departPos="5.10" departSpeed="10.00" departDelay="0.00" arrival="91.30" arrivalLane="ce_0" arrivalPos="192.80" arrivalSpeed="10.00" duration="60.30" routeLength="394.90" waitingTime="0.20" waitingCount="2" stopTime="0.00" timeLoss="20.78" rerouteNo="0" devices="tripinfo_35" vType="typeCar@35" speedFactor="1.00" vaporized=""/>
    <tripinfo id="3" depart="1.00" departLane="nc_0" departPos="5.10" departSpeed="10.00" departDelay="0.00" arrival="93.60" arrivalLane="cs_0" arrivalPos="192.80" arrivalSpeed="10.00" duration="92.60" routeLength="394.90" waitingTime="19.70" waitingCount="32" stopTime="0.00" timeLoss="53.06" rerouteNo="0" devices="tripinfo_3" vType="typeCar@3" speedFactor="1.00" vaporized=""/>
    <tripinfo id="36" depart="33.00" departLane="wc_0" departPos="5.10" departSpeed="10.00" departDelay="0.00" arrival="97.00" arrivalLane="ce_0" arrivalPos="192.80" arrivalSpeed="10.00" duration="64.00" routeLength="394.90" waitingTime="0.10" waitingCount="1" stopTime="0.00" timeLoss="24.42" rerouteNo="0" devices="tripinfo_36" vType="typeCar@36" speedFactor="1.00" vaporized=""/>
    <tripinfo id="5" depart="3.00" departLane="nc_0" departPos="5.10" departSpeed="10.00" departDelay="0.00" arrival="99.50" arrivalLane="cs_0" arrivalPos="192.80" arrivalSpeed="10.00" duration="96.50" routeLength="394.90" waitingTime="15.60" waitingCount="43" stopTime="0.00" timeLoss="56.98" rerouteNo="0" devices="tripinfo_5" vType="typeCar@5" speedFactor="1.00" vaporized=""/>
    <tripinfo id="7" depart="4.00" departLane="nc_0" departPos="5.10" departSpeed="10.00" departDelay="0.00" arrival="100.40" arrivalLane="cs_0" arrivalPos="192.80" arrivalSpeed="10.00" duration="96.40" routeLength="394.90" waitingTime="6.40" waitingCount="47" stopTime="0.00" timeLoss="56.87" rerouteNo="0" devices="tripinfo_7" vType="typeCar@7" speedFactor="1.00" vaporized=""/>
    <tripinfo id="10" depart="6.00" departLane="nc_0" departPos="5.10" departSpeed="10.00" departDelay="0.00" arrival="101.40" arrivalLane="cs_0" arrivalPos="192.80" arrivalSpeed="10.00" duration="95.40" routeLength="394.90" waitingTime="5.40" waitingCount="54" stopTime="0.00" timeLoss="55.85" rerouteNo="0" devices="tripinfo_10" vType="typeCar@10" speedFactor="1.00" vaporized=""/>
    <tripinfo id="38" depart="34.00" departLane="wc_0" departPos="5.10" departSpeed="10.00" departDelay="0.00" arrival="104.70" arrivalLane="ce_0" arrivalPos="192.80" arrivalSpeed="10.00" duration="70.70" routeLength="394.90" waitingTime="0.10" waitingCount="1" stopTime="0.00" timeLoss="31.20" rerouteNo="0" devices="tripinfo_38" vType="typeCar@38" speedFactor="1.00" vaporized=""/>
    <tripinfo id="40" depart="35.00" departLane="wc_0" departPos="5.10" departSpeed="10.00" departDelay="0.00" arrival="105.90" arrivalLane="ce_0" arrivalPos="192.80" arrivalSpeed="10.00" duration="70.90" routeLength="394.90" waitingTime="0.20" waitingCount="2" stopTime="0.00" timeLoss="31.35" rerouteNo="0" devices="tripinfo_40" vType="typeCar@40" speedFactor="1.00" vaporized=""/>
    <tripinfo id="13" depart="9.00" departLane="nc_0" departPos="5.10" departSpeed="10.00" departDelay="0.00" arrival="113.30" arrivalLane="cs_0" arrivalPos="192.80" arrivalSpeed="10.00" duration="104.30" routeLength="394.90" waitingTime="5.50" waitingCount="55" stopTime="0.00" timeLoss="64.81" rerouteNo="0" devices="tripinfo_13" vType="typeCar@13" speedFactor="1.00" vaporized=""/>
    <tripinfo id="15" depart="11.00" departLane="nc_0" departPos="5.10" departSpeed="10.00" departDelay="0.00" arrival="114.20" arrivalLane="cs_0" arrivalPos="192.80" arrivalSpeed="10.00" duration="103.20" routeLength="394.90" waitingTime="4.90" waitingCount="49" stopTime="0.00" timeLoss="63.70" rerouteNo="0" devices="tripinfo_15" vType="typeCar@15" speedFactor="1.00" vaporized=""/>
    <tripinfo id="41" depart="37.00" departLane="wc_0" departPos="5.10" departSpeed="10.00" departDelay="0.00" arrival="120.60" arrivalLane="ce_0" arrivalPos="192.80" arrivalSpeed="10.00" duration="83.60" routeLength="394.90" waitingTime="0.30" waitingCount="3" stopTime="0.00" timeLoss="44.08" rerouteNo="0" devices="tripinfo_41" vType="typeCar@41" speedFactor="1.00" vaporized=""/>
    <tripinfo id="17" depart="13.00" departLane="nc_0" departPos="5.10" departSpeed="10.00" departDelay="0.00" arrival="122.70" arrivalLane="cs_0" arrivalPos="192.80" arrivalSpeed="10.00" duration="109.70" routeLength="394.90" waitingTime="5.60" waitingCount="56" stopTime="0.00" timeLoss="70.18" rerouteNo="0" devices="tripinfo_17" vType="typeCar@17" speedFactor="1.00" vaporized=""/>
    <tripinfo id="42" depart="39.00" departLane="wc_0" departPos="5.10" departSpeed="10.00" departDelay="0.00" arrival="125.20" arrivalLane="ce_0" arrivalPos="192.80" arrivalSpeed="10.00" duration="86.20" routeLength="394.90" waitingTime="0.60" waitingCount="6" stopTime="0.00" timeLoss="46.66" rerouteNo="0" devices="tripinfo_42" vType="typeCar@42" speedFactor="1.00" vaporized=""/>
    <tripinfo id="21" depart="20.00" departLane="nc_0" departPos="5.10" departSpeed="10.00" departDelay="0.00" arrival="127.20" arrivalLane="cs_0" arrivalPos="192.80" arrivalSpeed="10.00" duration="107.20" routeLength="394.90" waitingTime="4.50" waitingCount="45" stopTime="0.00" timeLoss="67.69" rerouteNo="0" devices="tripinfo_21" vType="typeCar@21" speedFactor="1.00" vaporized=""/>
    <tripinfo id="23" depart="21.00" departLane="nc_0" departPos="5.10" departSpeed="10.00" departDelay="0.00" arrival="128.20" arrivalLane="cs_0" arrivalPos="192.80" arrivalSpeed="10.00" duration="107.20" routeLength="394.90" waitingTime="4.60" waitingCount="46" stopTime="0.00" timeLoss="67.65" rerouteNo="0" devices="tripinfo_23" vType="typeCar@23" speedFactor="1.00" vaporized=""/>
    <tripinfo id="44" depart="40.00" departLane="wc_0" departPos="5.10" departSpeed="10.00" departDelay="0.00" arrival="134.80" arrivalLane="ce_0" arrivalPos="192.80" arrivalSpeed="10.00" duration="94.80" routeLength="394.90" waitingTime="0.60" waitingCount="6" stopTime="0.00" timeLoss="55.30" rerouteNo="0" devices="tripinfo_44" vType="typeCar@44" speedFactor="1.00" vaporized=""/>
    <tripinfo id="46" depart="41.00" departLane="wc_0" departPos="5.10" departSpeed="10.00" departDelay="0.00" arrival="135.70" arrivalLane="ce_0" arrivalPos="192.80" arrivalSpeed="10.00" duration="94.70" routeLength="394.90" waitingTime="0.90" waitingCount="9" stopTime="0.00" timeLoss="55.18" rerouteNo="0" devices="tripinfo_46" vType="typeCar@46" speedFactor="1.00" vaporized=""/>
    <tripinfo id="47" depart="42.00" departLane="wc_0" departPos="5.10" departSpeed="10.00" departDelay="0.00" arrival="138.20" arrivalLane="ce_0" arrivalPos="192.80" arrivalSpeed="10.00" duration="96.20" routeLength="394.90" waitingTime="0.70" waitingCount="7" stopTime="0.00" timeLoss="56.66" rerouteNo="0" devices="tripinfo_47" vType="typeCar@47" speedFactor="1.00" vaporized=""/>
    <tripinfo id="25" depart="22.00" departLane="nc_0" departPos="5.10" departSpeed="10.00" departDelay="0.00" arrival="139.40" arrivalLane="cs_0" arrivalPos="192.80" arrivalSpeed="10.00" duration="117.40" routeLength="394.90" waitingTime="4.60" waitingCount="46" stopTime="0.00" timeLoss="77.89" rerouteNo="0" devices="tripinfo_25" vType="typeCar@25" speedFactor="1.00" vaporized=""/>
    <tripinfo id="27" depart="23.00" departLane="nc_0" departPos="5.10" departSpeed="10.00" departDelay="0.00" arrival="140.40" arrivalLane="cs_0" arrivalPos="192.80" arrivalSpeed="10.00" duration="117.40" routeLength="394.90" waitingTime="4.50" waitingCount="45" stopTime="0.00" timeLoss="77.86" rerouteNo="0" devices="tripinfo_27" vType="typeCar@27" speedFactor="1.00" vaporized=""/>
    <tripinfo id="49" depart="44.00" departLane="wc_0" departPos="5.10" departSpeed="10.00" departDelay="0.00" arrival="141.90" arrivalLane="ce_0" arrivalPos="192.80" arrivalSpeed="10.00" duration="97.90" routeLength="394.90" waitingTime="0.80" waitingCount="8" stopTime="0.00" timeLoss="58.37" rerouteNo="0" devices="tripinfo_49" vType="typeCar@49" speedFactor="1.00" vaporized=""/>
    <tripinfo id="51" depart="45.00" departLane="wc_0" departPos="5.10" departSpeed="10.00" departDelay="0.00" arrival="145.00" arrivalLane="ce_0" arrivalPos="192.80" arrivalSpeed="10.00" duration="100.00" routeLength="394.90" waitingTime="1.30" waitingCount="13" stopTime="0.00" timeLoss="60.45" rerouteNo="0" devices="tripinfo_51" vType="typeCar@51" speedFactor="1.00" vaporized=""/>
    <tripinfo id="52" depart="46.00" departLane="wc_0" departPos="5.10" departSpeed="10.00" departDelay="0.00" arrival="148.30" arrivalLane="ce_0" arrivalPos="192.80" arrivalSpeed="10.00" duration="102.30" routeLength="394.90" waitingTime="1.80" waitingCount="18" stopTime="0.00" timeLoss="62.78" rerouteNo="0" devices="tripinfo_52" vType="typeCar@52" speedFactor="1.00" vaporized=""/>
    <tripinfo id="53" depart="47.00" departLane="wc_0" departPos="5.10" departSpeed="8.50" departDelay="0.00" arrival="150.00" arrivalLane="ce_0" arrivalPos="192.80" arrivalSpeed="10.00" duration="103.00" routeLength="394.90" waitingTime="1.90" waitingCount="19" stopTime="0.00" timeLoss="63.43" rerouteNo="0" devices="tripinfo_53" vType="typeCar@53" speedFactor="1.00" vaporized=""/>
    <tripinfo id="30" depart="25.00" departLane="nc_0" departPos="5.10" departSpeed="10.00" departDelay="0.00" arrival="152.10" arrivalLane="cs_0" arrivalPos="192.80" arrivalSpeed="10.00" duration="127.10" routeLength="394.90" waitingTime="5.30" waitingCount="53" stopTime="0.00" timeLoss="87.54" rerouteNo="0" devices="tripinfo_30" vType="typeCar@30" speedFactor="1.00" vaporized=""/>
    <tripinfo id="54" depart="50.00" departLane="wc_0" departPos="5.10" departSpeed="4.70" departDelay="0.00" arrival="154.80" arrivalLane="ce_0" arrivalPos="192.80" arrivalSpeed="10.00" duration="104.80" routeLength="394.90" waitingTime="1.70" waitingCount="17" stopTime="0.00" timeLoss="65.23" rerouteNo="0" devices="tripinfo_54" vType="typeCar@54" speedFactor="1.00" vaporized=""/>
    <tripinfo id="55" depart="51.10" departLane="wc_0" departPos="5.10" departSpeed="8.00" departDelay="0.10" arrival="155.80" arrivalLane="ce_0" arrivalPos="192.80" arrivalSpeed="10.00" duration="104.70" routeLength="394.90" waitingTime="1.60" waitingCount="16" stopTime="0.00" timeLoss="65.26" rerouteNo="0" devices="tripinfo_55" vType="typeCar@55" speedFactor="1.00" vaporized=""/>
    <tripinfo id="56" depart="52.00" departLane="wc_0" departPos="5.10" departSpeed="9.10" departDelay="0.00" arrival="157.40" arrivalLane="ce_0" arrivalPos="192.80" arrivalSpeed="10.00" duration="105.40" routeLength="394.90" waitingTime="1.70" waitingCount="17" stopTime="0.00" timeLoss="65.90" rerouteNo="0" devices="tripinfo_56" vType="typeCar@56" speedFactor="1.00" vaporized=""/>
    <tripinfo id="37" depart="33.00" departLane="nc_0" departPos="5.10" departSpeed="10.00" departDelay="0.00" arrival="160.40" arrivalLane="cs_0" arrivalPos="192.80" arrivalSpeed="10.00" duration="127.40" routeLength="394.90" waitingTime="10.10" waitingCount="55" stopTime="0.00" timeLoss="87.89" rerouteNo="0" devices="tripinfo_37" vType="typeCar@37" speedFactor="1.00" vaporized=""/>
    <tripinfo id="57" depart="53.00" departLane="wc_0" departPos="5.10" departSpeed="10.00" departDelay="0.00" arrival="162.70" arrivalLane="ce_0" arrivalPos="192.80" arrivalSpeed="10.00" duration="109.70" routeLength="394.90" waitingTime="2.60" waitingCount="26" stopTime="0.00" timeLoss="70.18" rerouteNo="0" devices="tripinfo_57" vType="typeCar@57" speedFactor="1.00" vaporized=""/>
    <tripinfo id="58" depart="54.00" departLane="wc_0" departPos="5.10" departSpeed="6.00" departDelay="0.00" arrival="163.70" arrivalLane="ce_0" arrivalPos="192.80" arrivalSpeed="10.00" duration="109.70" routeLength="394.90" waitingTime="3.50" waitingCount="35" stopTime="0.00" timeLoss="70.20" rerouteNo="0" devices="tripinfo_58" vType="typeCar@58" speedFactor="1.00" vaporized=""/>
    <tripinfo id="60" depart="57.40" departLane="wc_0" departPos="5.10" departSpeed="0.20" departDelay="1.40" arrival="164.80" arrivalLane="ce_0" arrivalPos="192.80" arrivalSpeed="10.00" duration="107.40" routeLength="394.90" waitingTime="4.30" waitingCount="33" stopTime="0.00" timeLoss="67.88" rerouteNo="0" devices="tripinfo_60" vType="typeCar@60" speedFactor="1.00" vaporized=""/>
    <tripinfo id="62" depart="61.30" departLane="wc_0" departPos="5.10" departSpeed="6.00" departDelay="3.30" arrival="165.90" arrivalLane="ce_0" arrivalPos="192.80" arrivalSpeed="10.00" duration="104.60" routeLength="394.90" waitingTime="3.70" waitingCount="37" stopTime="0.00" timeLoss="65.08" rerouteNo="0" devices="tripinfo_62" vType="typeCar@62" speedFactor="1.00" vaporized=""/>
    <tripinfo id="39" depart="34.00" departLane="nc_0" departPos="5.10" departSpeed="10.00" departDelay="0.00" arrival="167.90" arrivalLane="cs_0" arrivalPos="192.80" arrivalSpeed="10.00" duration="133.90" routeLength="394.90" waitingTime="4.90" waitingCount="49" stopTime="0.00" timeLoss="94.32" rerouteNo="0" devices="tripinfo_39" vType="typeCar@39" speedFactor="1.00" vaporized=""/>
    <tripinfo id="63" depart="62.30" departLane="wc_0" departPos="5.10" departSpeed="7.40" departDelay="3.30" arrival="170.30" arrivalLane="ce_0" arrivalPos="192.80" arrivalSpeed="10.00" duration="108.00" routeLength="394.90" waitingTime="3.80" waitingCount="38" stopTime="0.00" timeLoss="68.49" rerouteNo="0" devices="tripinfo_63" vType="typeCar@63" speedFactor="1.00" vaporized=""/>
    <tripinfo id="65" depart="63.30" departLane="wc_0" departPos="5.10" departSpeed="4.80" departDelay="3.30" arrival="171.30" arrivalLane="ce_0" arrivalPos="192.80" arrivalSpeed="10.00" duration="108.00" routeLength="394.90" waitingTime="4.50" waitingCount="45" stopTime="0.00" timeLoss="68.54" rerouteNo="0" devices="tripinfo_65" vType="typeCar@65" speedFactor="1.00" vaporized=""/>
    <tripinfo id="66" depart="68.60" departLane="wc_0" departPos="5.10" departSpeed="3.10" departDelay="7.60" arrival="172.50" arrivalLane="ce_0" arrivalPos="192.80" arrivalSpeed="10.00" duration="103.90" routeLength="394.90" waitingTime="4.70" waitingCount="47" stopTime="0.00" timeLoss="64.42" rerouteNo="0" devices="tripinfo_66" vType="typeCar@66" speedFactor="1.00" vaporized=""/>
    <tripinfo id="67" depart="73.40" departLane="wc_0" departPos="5.10" departSpeed="3.10" departDelay="11.40" arrival="174.00" arrivalLane="ce_0" arrivalPos="192.80" arrivalSpeed="10.00" duration="100.60" routeLength="394.90" waitingTime="4.50" waitingCount="45" stopTime="0.00" timeLoss="61.05" rerouteNo="0" devices="tripinfo_67" vType="typeCar@67" speedFactor="1.00" vaporized=""/>
    <tripinfo id="68" depart="81.20" departLane="wc_0" departPos="5.10" departSpeed="0.10" departDelay="18.20" arrival="175.00" arrivalLane="ce_0" arrivalPos="192.80" arrivalSpeed="10.00" duration="93.80" routeLength="394.90" waitingTime="4.90" waitingCount="39" stopTime="0.00" timeLoss="54.25" rerouteNo="0" devices="tripinfo_68" vType="typeCar@68" speedFactor="1.00" vaporized=""/>
    <tripinfo id="69" depart="86.60" departLane="wc_0" departPos="5.10" departSpeed="5.43" departDelay="21.60" arrival="176.20" arrivalLane="ce_0" arrivalPos="192.80" arrivalSpeed="10.00" duration="89.60" routeLength="394.90" waitingTime="3.70" waitingCount="37" stopTime="0.00" timeLoss="50.05" rerouteNo="0" devices="tripinfo_69" vType="typeCar@69" speedFactor="1.00" vaporized=""/>
    <tripinfo id="43" depart="39.00" departLane="nc_0" departPos="5.10" departSpeed="10.00" departDelay="0.00" arrival="178.20" arrivalLane="cs_0" arrivalPos="192.80" arrivalSpeed="10.00" duration="139.20" routeLength="394.90" waitingTime="4.50" waitingCount="45" stopTime="0.00" timeLoss="99.62" rerouteNo="0" devices="tripinfo_43" vType="typeCar@43" speedFactor="1.00" vaporized=""/>
    <tripinfo id="71" depart="93.60" departLane="wc_0" departPos="5.10" departSpeed="0.83" departDelay="26.60" arrival="180.70" arrivalLane="ce_0" arrivalPos="192.80" arrivalSpeed="10.00" duration="87.10" routeLength="394.90" waitingTime="4.00" waitingCount="33" stopTime="0.00" timeLoss="47.54" rerouteNo="0" devices="tripinfo_71" vType="typeCar@71" speedFactor="1.00" vaporized=""/>
    <tripinfo id="72" depart="102.10" departLane="wc_0" departPos="5.10" departSpeed="0.27" departDelay="34.10" arrival="181.70" arrivalLane="ce_0" arrivalPos="192.80" arrivalSpeed="10.00" duration="79.60" routeLength="394.90" waitingTime="3.40" waitingCount="25" stopTime="0.00" timeLoss="40.04" rerouteNo="0" devices="tripinfo_72" vType="typeCar@72" speedFactor="1.00" vaporized=""/>
    <tripinfo id="73" depart="107.60" departLane="wc_0" departPos="5.10" departSpeed="4.70" departDelay="38.60" arrival="184.00" arrivalLane="ce_0" arrivalPos="192.80" arrivalSpeed="10.00" duration="76.40" routeLength="394.90" waitingTime="2.40" waitingCount="24" stopTime="0.00" timeLoss="36.89" rerouteNo="0" devices="tripinfo_73" vType="typeCar@73" speedFactor="1.00" vaporized=""/>
    <tripinfo id="75" depart="111.90" departLane="wc_0" departPos="5.10" departSpeed="4.00" departDelay="41.90" arrival="185.10" arrivalLane="ce_0" arrivalPos="192.80" arrivalSpeed="10.00" duration="73.20" routeLength="394.90" waitingTime="2.20" waitingCount="22" stopTime="0.00" timeLoss="33.69" rerouteNo="0" devices="tripinfo_75" vType="typeCar@75" speedFactor="1.00" vaporized=""/>
    <tripinfo id="76" depart="116.50" departLane="wc_0" departPos="5.10" departSpeed="0.20" departDelay="45.50" arrival="186.10" arrivalLane="ce_0" arrivalPos="192.80" arrivalSpeed="10.00" duration="69.60" routeLength="394.90" waitingTime="3.00" waitingCount="21" stopTime="0.00" timeLoss="30.11" rerouteNo="0" devices="tripinfo_76" vType="typeCar@76" speedFactor="1.00" vaporized=""/>
    <tripinfo id="77" depart="123.10" departLane="wc_0" departPos="5.10" departSpeed="5.15" departDelay="51.10" arrival="187.20" arrivalLane="ce_0" arrivalPos="192.80" arrivalSpeed="10.00" duration="64.10" routeLength="394.90" waitingTime="1.40" waitingCount="14" stopTime="0.00" timeLoss="24.56" rerouteNo="0" devices="tripinfo_77" vType="typeCar@77" speedFactor="1.00" vaporized=""/>
    <tripinfo id="79" depart="124.40" departLane="wc_0" departPos="5.10" departSpeed="6.65" departDelay="51.40" arrival="188.20" arrivalLane="ce_0" arrivalPos="192.80" arrivalSpeed="10.00" duration="63.80" routeLength="394.90" waitingTime="1.40" waitingCount="14" stopTime="0.00" timeLoss="24.31" rerouteNo="0" devices="tripinfo_79" vType="typeCar@79" speedFactor="1.00" vaporized=""/>
    <tripinfo id="80" depart="125.50" departLane="wc_0" departPos="5.10" departSpeed="2.75" departDelay="51.50" arrival="189.20" arrivalLane="ce_0" arrivalPos="192.80" arrivalSpeed="10.00" duration="63.70" routeLength="394.90" waitingTime="1.60" waitingCount="16" stopTime="0.00" timeLoss="24.24" rerouteNo="0" devices="tripinfo_80" vType="typeCar@80" speedFactor="1.00" vaporized=""/>
    <tripinfo id="81" depart="132.20" departLane="wc_0" departPos="5.10" departSpeed="4.35" departDelay="56.20" arrival="190.30" arrivalLane="ce_0" arrivalPos="192.80" arrivalSpeed="10.00" duration="58.10" routeLength="394.90" waitingTime="1.00" waitingCount="10" stopTime="0.00" timeLoss="18.55" rerouteNo="0" devices="tripinfo_81" vType="typeCar@81" speedFactor="1.00" vaporized=""/>
    <tripinfo id="45" depart="40.00" departLane="nc_0" departPos="5.10" departSpeed="10.00" departDelay="0.00" arrival="193.00" arrivalLane="cs_0" arrivalPos="192.80" arrivalSpeed="10.00" duration="153.00" routeLength="394.90" waitingTime="16.60" waitingCount="50" stopTime="0.00" timeLoss="113.45" rerouteNo="0" devices="tripinfo_45" vType="typeCar@45" speedFactor="1.00" vaporized=""/>
    <tripinfo id="48" depart="42.00" departLane="nc_0" departPos="5.10" departSpeed="10.00" departDelay="0.00" arrival="194.00" arrivalLane="cs_0" arrivalPos="192.80" arrivalSpeed="10.00" duration="152.00" routeLength="394.90" waitingTime="5.30" waitingCount="53" stopTime="0.00" timeLoss="112.50" rerouteNo="0" devices="tripinfo_48" vType="typeCar@48" speedFactor="1.00" vaporized=""/>
    <tripinfo id="82" depart="133.70" departLane="wc_0" departPos="5.10" departSpeed="2.45" departDelay="56.70" arrival="195.40" arrivalLane="ce_0" arrivalPos="192.80" arrivalSpeed="10.00" duration="61.70" routeLength="394.90" waitingTime="1.10" waitingCount="11" stopTime="0.00" timeLoss="22.21" rerouteNo="0" devices="tripinfo_82" vType="typeCar@82" speedFactor="1.00" vaporized=""/>
    <tripinfo id="84" depart="139.10" departLane="wc_0" departPos="5.10" departSpeed="4.67" departDelay="61.10" arrival="196.40" arrivalLane="ce_0" arrivalPos="192.80" arrivalSpeed="10.00" duration="57.30" routeLength="394.90" waitingTime="0.60" waitingCount="6" stopTime="0.00" timeLoss="17.82" rerouteNo="0" devices="tripinfo_84" vType="typeCar@84" speedFactor="1.00" vaporized=""/>
    <tripinfo id="50" depart="44.00" departLane="nc_0" departPos="5.10" departSpeed="10.00" departDelay="0.00" arrival="198.00" arrivalLane="cs_0" arrivalPos="192.80" arrivalSpeed="10.00" duration="154.00" routeLength="394.90" waitingTime="5.70" waitingCount="57" stopTime="0.00" timeLoss="114.47" rerouteNo="0" devices="tripinfo_50" vType="typeCar@50" speedFactor="1.00" vaporized=""/>
    <tripinfo id="59" depart="55.00" departLane="nc_0" departPos="5.10" departSpeed="0.40" departDelay="0.00" arrival="199.00" arrivalLane="cs_0" arrivalPos="192.80" arrivalSpeed="10.00" duration="144.00" routeLength="394.90" waitingTime="5.30" waitingCount="53" stopTime="0.00" timeLoss="104.51" rerouteNo="0" devices="tripinfo_59" vType="typeCar@59" speedFactor="1.00" vaporized=""/>
    <tripinfo id="85" depart="140.50" departLane="wc_0" departPos="5.10" departSpeed="6.47" departDelay="61.50" arrival="200.60" arrivalLane="ce_0" arrivalPos="192.80" arrivalSpeed="10.00" duration="60.10" routeLength="394.90" waitingTime="0.70" waitingCount="7" stopTime="0.00" timeLoss="20.55" rerouteNo="0" devices="tripinfo_85" vType="typeCar@85" speedFactor="1.00" vaporized=""/>
    <tripinfo id="87" depart="141.70" departLane="wc_0" departPos="5.10" departSpeed="2.07" departDelay="61.70" arrival="201.60" arrivalLane="ce_0" arrivalPos="192.80" arrivalSpeed="10.00" duration="59.90" routeLength="394.90" waitingTime="0.80" waitingCount="7" stopTime="0.00" timeLoss="20.36" rerouteNo="0" devices="tripinfo_87" vType="typeCar@87" speedFactor="1.00" vaporized=""/>
    <tripinfo id="61" depart="56.90" departLane="nc_0" departPos="5.10" departSpeed="6.10" departDelay="0.90" arrival="203.10" arrivalLane="cs_0" arrivalPos="192.80" arrivalSpeed="10.00" duration="146.20" routeLength="394.90" waitingTime="5.40" waitingCount="54" stopTime="0.00" timeLoss="106.69" rerouteNo="0" devices="tripinfo_61" vType="typeCar@61" speedFactor="1.00" vaporized=""/>
    <tripinfo id="64" depart="59.00" departLane="nc_0" departPos="5.10" departSpeed="10.00" departDelay="0.00" arrival="204.10" arrivalLane="cs_0" arrivalPos="192.80" arrivalSpeed="10.00" duration="145.10" routeLength="394.90" waitingTime="5.10" waitingCount="51" stopTime="0.00" timeLoss="105.59" rerouteNo="0" devices="tripinfo_64" vType="typeCar@64" speedFactor="1.00" vaporized=""/>
    <tripinfo id="88" depart="147.10" departLane="wc_0" departPos="5.10" departSpeed="5.10" departDelay="66.10" arrival="205.60" arrivalLane="ce_0" arrivalPos="192.80" arrivalSpeed="10.00" duration="58.50" routeLength="394.90" waitingTime="0.50" waitingCount="5" stopTime="0.00" timeLoss="19.03" rerouteNo="0" devices="tripinfo_88" vType="typeCar@88" speedFactor="1.00" vaporized=""/>
    <tripinfo id="90" depart="148.40" departLane="wc_0" departPos="5.10" departSpeed="6.60" departDelay="65.40" arrival="206.60" arrivalLane="ce_0" arrivalPos="192.80" arrivalSpeed="10.00" duration="58.20" routeLength="394.90" waitingTime="0.50" waitingCount="5" stopTime="0.00" timeLoss="18.76" rerouteNo="0" devices="tripinfo_90" vType="typeCar@90" speedFactor="1.00" vaporized=""/>
    <tripinfo id="70" depart="65.00" departLane="nc_0" departPos="5.10" departSpeed="0.40" departDelay="0.00" arrival="208.20" arrivalLane="cs_0" arrivalPos="192.80" arrivalSpeed="10.00" duration="143.20" routeLength="394.90" waitingTime="4.80" waitingCount="48" stopTime="0.00" timeLoss="103.68" rerouteNo="0" devices="tripinfo_70" vType="typeCar@70" speedFactor="1.00" vaporized=""/>
    <tripinfo id="74" depart="69.00" departLane="nc_0" departPos="5.10" departSpeed="5.20" departDelay="0.00" arrival="209.20" arrivalLane="cs_0" arrivalPos="192.80" arrivalSpeed="10.00" duration="140.20" routeLength="394.90" waitingTime="4.60" waitingCount="46" stopTime="0.00" timeLoss="100.71" rerouteNo="0" devices="tripinfo_74" vType="typeCar@74" speedFactor="1.00" vaporized=""/>
    <tripinfo id="91" depart="149.40" departLane="wc_0" departPos="5.10" departSpeed="8.00" departDelay="65.40" arrival="210.80" arrivalLane="ce_0" arrivalPos="192.80" arrivalSpeed="10.00" duration="61.40" routeLength="394.90" waitingTime="0.50" waitingCount="5" stopTime="0.00" timeLoss="21.97" rerouteNo="0" devices="tripinfo_91" vType="typeCar@91" speedFactor="1.00" vaporized=""/>
    <tripinfo id="93" depart="150.20" departLane="wc_0" departPos="5.10" departSpeed="8.80" departDelay="64.20" arrival="211.90" arrivalLane="ce_0" arrivalPos="192.80" arrivalSpeed="10.00" duration="61.70" routeLength="394.90" waitingTime="0.60" waitingCount="6" stopTime="0.00" timeLoss="22.16" rerouteNo="0" devices="tripinfo_93" vType="typeCar@93" speedFactor="1.00" vaporized=""/>
    <tripinfo id="78" depart="72.00" departLane="nc_0" departPos="5.10" departSpeed="1.40" departDelay="0.00" arrival="213.40" arrivalLane="cs_0" arrivalPos="192.80" arrivalSpeed="10.00" duration="141.40" routeLength="394.90" waitingTime="5.90" waitingCount="59" stopTime="0.00" timeLoss="101.90" rerouteNo="0" devices="tripinfo_78" vType="typeCar@78" speedFactor="1.00" vaporized=""/>
    <tripinfo id="83" depart="77.00" departLane="nc_0" departPos="5.10" departSpeed="0.40" departDelay="0.00" arrival="214.60" arrivalLane="cs_0" arrivalPos="192.80" arrivalSpeed="10.00" duration="137.60" routeLength="394.90" waitingTime="5.90" waitingCount="59" stopTime="0.00" timeLoss="98.06" rerouteNo="0" devices="tripinfo_83" vType="typeCar@83" speedFactor="1.00" vaporized=""/>
    <tripinfo id="95" depart="151.20" departLane="wc_0" departPos="5.10" departSpeed="3.80" departDelay="63.20" arrival="216.10" arrivalLane="ce_0" arrivalPos="192.80" arrivalSpeed="10.00" duration="64.90" routeLength="394.90" waitingTime="1.00" waitingCount="10" stopTime="0.00" timeLoss="25.45" rerouteNo="0" devices="tripinfo_95" vType="typeCar@95" speedFactor="1.00" vaporized=""/>
    <tripinfo id="96" depart="157.90" departLane="wc_0" departPos="5.10" departSpeed="3.90" departDelay="68.90" arrival="217.20" arrivalLane="ce_0" arrivalPos="192.80" arrivalSpeed="10.00" duration="59.30" routeLength="394.90" waitingTime="0.80" waitingCount="8" stopTime="0.00" timeLoss="19.79" rerouteNo="0" devices="tripinfo_96" vType="typeCar@96" speedFactor="1.00" vaporized=""/>
    <tripinfo id="86" depart="79.10" departLane="nc_0" departPos="5.10" departSpeed="1.10" departDelay="0.10" arrival="218.70" arrivalLane="cs_0" arrivalPos="192.80" arrivalSpeed="10.00" duration="139.60" routeLength="394.90" waitingTime="7.50" waitingCount="67" stopTime="0.00" timeLoss="100.12" rerouteNo="0" devices="tripinfo_86" vType="typeCar@86" speedFactor="1.00" vaporized=""/>
    <tripinfo id="89" depart="84.90" departLane="nc_0" departPos="5.10" departSpeed="4.39" departDelay="2.90" arrival="219.80" arrivalLane="cs_0" arrivalPos="192.80" arrivalSpeed="10.00" duration="134.90" routeLength="394.90" waitingTime="6.00" waitingCount="60" stopTime="0.00" timeLoss="95.45" rerouteNo="0" devices="tripinfo_89" vType="typeCar@89" speedFactor="1.00" vaporized=""/>
    <tripinfo id="97" depart="159.60" departLane="wc_0" departPos="5.10" departSpeed="5.80" departDelay="69.60" arrival="221.30" arrivalLane="ce_0" arrivalPos="192.80" arrivalSpeed="10.00" duration="61.70" routeLength="394.90" waitingTime="0.80" waitingCount="8" stopTime="0.00" timeLoss="22.25" rerouteNo="0" devices="tripinfo_97" vType="typeCar@97" speedFactor="1.00" vaporized=""/>
    <tripinfo id="99" depart="160.70" departLane="wc_0" departPos="5.10" departSpeed="7.50" departDelay="68.70" arrival="222.40" arrivalLane="ce_0" arrivalPos="192.80" arrivalSpeed="10.00" duration="61.70" routeLength="394.90" waitingTime="0.90" waitingCount="9" stopTime="0.00" timeLoss="22.27" rerouteNo="0" devices="tripinfo_99" vType="typeCar@99" speedFactor="1.00" vaporized=""/>
    <tripinfo id="92" depart="89.50" departLane="nc_0" departPos="5.10" departSpeed="3.79" departDelay="5.50" arrival="224.00" arrivalLane="cs_0" arrivalPos="192.80" arrivalSpeed="10.00" duration="134.50" routeLength="394.90" waitingTime="7.60" waitingCount="76" stopTime="0.00" timeLoss="94.95" rerouteNo="0" devices="tripinfo_92" vType="typeCar@92" speedFactor="1.00" vaporized=""/>
    <tripinfo id="94" depart="95.70" departLane="nc_0" departPos="5.10" departSpeed="2.39" departDelay="8.70" arrival="225.10" arrivalLane="cs_0" arrivalPos="192.80" arrivalSpeed="10.00" duration="129.40" routeLength="394.90" waitingTime="7.30" waitingCount="73" stopTime="0.00" timeLoss="89.92" rerouteNo="0" devices="tripinfo_94" vType="typeCar@94" speedFactor="1.00" vaporized=""/>
    <tripinfo id="101" depart="161.60" departLane="wc_0" departPos="5.10" departSpeed="8.60" departDelay="67.60" arrival="226.70" arrivalLane="ce_0" arrivalPos="192.80" arrivalSpeed="10.00" duration="65.10" routeLength="394.90" waitingTime="0.90" waitingCount="9" stopTime="0.00" timeLoss="25.61" rerouteNo="0" devices="tripinfo_101" vType="typeCar@101" speedFactor="1.00" vaporized=""/>
    <tripinfo id="102" depart="162.40" departLane="wc_0" departPos="5.10" departSpeed="9.40" departDelay="67.40" arrival="227.70" arrivalLane="ce_0" arrivalPos="192.80" arrivalSpeed="10.00" duration="65.30" routeLength="394.90" waitingTime="0.90" waitingCount="9" stopTime="0.00" timeLoss="25.90" rerouteNo="0" devices="tripinfo_102" vType="typeCar@102" speedFactor="1.00" vaporized=""/>
    <tripinfo id="98" depart="103.40" departLane="nc_0" departPos="5.10" departSpeed="2.42" departDelay="12.40" arrival="229.30" arrivalLane="cs_0" arrivalPos="192.80" arrivalSpeed="10.00" duration="125.90" routeLength="394.90" waitingTime="5.50" waitingCount="55" stopTime="0.00" timeLoss="86.35" rerouteNo="0" devices="tripinfo_98" vType="typeCar@98" speedFactor="1.00" vaporized=""/>
    <tripinfo id="100" depart="108.50" departLane="nc_0" departPos="5.10" departSpeed="3.32" departDelay="15.50" arrival="230.30" arrivalLane="cs_0" arrivalPos="192.80" arrivalSpeed="10.00" duration="121.80" routeLength="394.90" waitingTime="6.00" waitingCount="60" stopTime="0.00" timeLoss="82.26" rerouteNo="0" devices="tripinfo_100" vType="typeCar@100" speedFactor="1.00" vaporized=""/>
    <tripinfo id="104" depart="163.10" departLane="wc_0" departPos="5.10" departSpeed="9.10" departDelay="67.10" arrival="231.80" arrivalLane="ce_0" arrivalPos="192.80" arrivalSpeed="10.00" duration="68.70" routeLength="394.90" waitingTime="1.00" waitingCount="10" stopTime="0.00" timeLoss="29.20" rerouteNo="0" devices="tripinfo_104" vType="typeCar@104" speedFactor="1.00" vaporized=""/>
    <tripinfo id="105" depart="163.90" departLane="wc_0" departPos="5.10" departSpeed="9.10" departDelay="66.90" arrival="232.80" arrivalLane="ce_0" arrivalPos="192.80" arrivalSpeed="10.00" duration="68.90" routeLength="394.90" waitingTime="1.00" waitingCount="10" stopTime="0.00" timeLoss="29.44" rerouteNo="0" devices="tripinfo_105" vType="typeCar@105" speedFactor="1.00" vaporized=""/>
    <tripinfo id="103" depart="115.30" departLane="nc_0" departPos="5.10" departSpeed="2.02" departDelay="20.30" arrival="234.40" arrivalLane="cs_0" arrivalPos="192.80" arrivalSpeed="10.00" duration="119.10" routeLength="394.90" waitingTime="6.10" waitingCount="59" stopTime="0.00" timeLoss="79.53" rerouteNo="0" devices="tripinfo_103" vType="typeCar@103" speedFactor="1.00" vaporized=""/>
    <tripinfo id="107" depart="121.40" departLane="nc_0" departPos="5.10" departSpeed="5.02" departDelay="23.40" arrival="235.50" arrivalLane="cs_0" arrivalPos="192.80" arrivalSpeed="10.00" duration="114.10" routeLength="394.90" waitingTime="5.40" waitingCount="54" stopTime="0.00" timeLoss="74.64" rerouteNo="0" devices="tripinfo_107" vType="typeCar@107" speedFactor="1.00" vaporized=""/>
    <tripinfo id="106" depart="164.70" departLane="wc_0" departPos="5.10" departSpeed="8.30" departDelay="66.70" arrival="237.10" arrivalLane="ce_0" arrivalPos="192.80" arrivalSpeed="10.00" duration="72.40" routeLength="394.90" waitingTime="1.10" waitingCount="11" stopTime="0.00" timeLoss="32.89" rerouteNo="0" devices="tripinfo_106" vType="typeCar@106" speedFactor="1.00" vaporized=""/>
</tripinfos>
