<?xml version="1.0" encoding="UTF-8"?>

<!-- generated on 2022-11-30 12:07:34 by Eclipse SUMO sumo Version 1.14.1
<configuration xmlns:xsi="http://www.w3.org/2001/XMLSchema-instance" xsi:noNamespaceSchemaLocation="http://sumo.dlr.de/xsd/sumoConfiguration.xsd">

    <input>
        <net-file value="net.net.xml"/>
        <route-files value="routes.rou.xml"/>
    </input>

    <output>
        <tripinfo-output value="raw_data/(4,2,0)tripinfo.xml"/>
    </output>

    <time>
        <begin value="0"/>
        <step-length value="0.1"/>
    </time>

    <processing>
        <extrapolate-departpos value="true"/>
        <route-steps value="0"/>
        <ignore-route-errors value="true"/>
        <collision.action value="warn"/>
        <collision.stoptime value="1"/>
        <collision.mingap-factor value="0.1"/>
    </processing>

    <report>
        <verbose value="false"/>
        <log value="log.txt"/>
        <duration-log.statistics value="true"/>
        <no-step-log value="true"/>
    </report>

    <traci_server>
        <remote-port value="61786"/>
    </traci_server>

    <gui_only>
        <quit-on-end value="true"/>
        <start value="true"/>
    </gui_only>

</configuration>
-->

<tripinfos xmlns:xsi="http://www.w3.org/2001/XMLSchema-instance" xsi:noNamespaceSchemaLocation="http://sumo.dlr.de/xsd/tripinfo_file.xsd">
    <tripinfo id="0" depart="0.00" departLane="nc_0" departPos="5.10" departSpeed="10.00" departDelay="0.00" arrival="39.50" arrivalLane="cs_0" arrivalPos="192.80" arrivalSpeed="10.00" duration="39.50" routeLength="394.90" waitingTime="0.00" waitingCount="0" stopTime="0.00" timeLoss="0.00" rerouteNo="0" devices="tripinfo_0" vType="typeCar@0" speedFactor="1.00" vaporized=""/>
    <tripinfo id="1" depart="1.00" departLane="nc_0" departPos="5.10" departSpeed="10.00" departDelay="0.00" arrival="40.50" arrivalLane="cs_0" arrivalPos="192.80" arrivalSpeed="10.00" duration="39.50" routeLength="394.90" waitingTime="0.00" waitingCount="0" stopTime="0.00" timeLoss="0.00" rerouteNo="0" devices="tripinfo_1" vType="typeCar@1" speedFactor="1.00" vaporized=""/>
    <tripinfo id="2" depart="3.00" departLane="nc_0" departPos="5.10" departSpeed="10.00" departDelay="0.00" arrival="42.50" arrivalLane="cs_0" arrivalPos="192.80" arrivalSpeed="10.00" duration="39.50" routeLength="394.90" waitingTime="0.00" waitingCount="0" stopTime="0.00" timeLoss="0.00" rerouteNo="0" devices="tripinfo_2" vType="typeCar@2" speedFactor="1.00" vaporized=""/>
    <tripinfo id="3" depart="4.00" departLane="nc_0" departPos="5.10" departSpeed="10.00" departDelay="0.00" arrival="43.50" arrivalLane="cs_0" arrivalPos="192.80" arrivalSpeed="10.00" duration="39.50" routeLength="394.90" waitingTime="0.00" waitingCount="0" stopTime="0.00" timeLoss="0.00" rerouteNo="0" devices="tripinfo_3" vType="typeCar@3" speedFactor="1.00" vaporized=""/>
    <tripinfo id="5" depart="6.00" departLane="nc_0" departPos="5.10" departSpeed="10.00" departDelay="0.00" arrival="45.50" arrivalLane="cs_0" arrivalPos="192.80" arrivalSpeed="10.00" duration="39.50" routeLength="394.90" waitingTime="0.00" waitingCount="0" stopTime="0.00" timeLoss="0.00" rerouteNo="0" devices="tripinfo_5" vType="typeCar@5" speedFactor="1.00" vaporized=""/>
    <tripinfo id="6" depart="9.00" departLane="nc_0" departPos="5.10" departSpeed="10.00" departDelay="0.00" arrival="48.50" arrivalLane="cs_0" arrivalPos="192.80" arrivalSpeed="10.00" duration="39.50" routeLength="394.90" waitingTime="0.00" waitingCount="0" stopTime="0.00" timeLoss="0.00" rerouteNo="0" devices="tripinfo_6" vType="typeCar@6" speedFactor="1.00" vaporized=""/>
    <tripinfo id="7" depart="11.00" departLane="nc_0" departPos="5.10" departSpeed="10.00" departDelay="0.00" arrival="50.50" arrivalLane="cs_0" arrivalPos="192.80" arrivalSpeed="10.00" duration="39.50" routeLength="394.90" waitingTime="0.00" waitingCount="0" stopTime="0.00" timeLoss="0.00" rerouteNo="0" devices="tripinfo_7" vType="typeCar@7" speedFactor="1.00" vaporized=""/>
    <tripinfo id="8" depart="12.00" departLane="nc_0" departPos="5.10" departSpeed="10.00" departDelay="0.00" arrival="51.50" arrivalLane="cs_0" arrivalPos="192.80" arrivalSpeed="10.00" duration="39.50" routeLength="394.90" waitingTime="0.00" waitingCount="0" stopTime="0.00" timeLoss="0.00" rerouteNo="0" devices="tripinfo_8" vType="typeCar@8" speedFactor="1.00" vaporized=""/>
    <tripinfo id="10" depart="13.00" departLane="nc_0" departPos="5.10" departSpeed="10.00" departDelay="0.00" arrival="52.50" arrivalLane="cs_0" arrivalPos="192.80" arrivalSpeed="10.00" duration="39.50" routeLength="394.90" waitingTime="0.00" waitingCount="0" stopTime="0.00" timeLoss="0.01" rerouteNo="0" devices="tripinfo_10" vType="typeCar@10" speedFactor="1.00" vaporized=""/>
    <tripinfo id="11" depart="20.00" departLane="nc_0" departPos="5.10" departSpeed="10.00" departDelay="0.00" arrival="59.50" arrivalLane="cs_0" arrivalPos="192.80" arrivalSpeed="10.00" duration="39.50" routeLength="394.90" waitingTime="0.00" waitingCount="0" stopTime="0.00" timeLoss="0.00" rerouteNo="0" devices="tripinfo_11" vType="typeCar@11" speedFactor="1.00" vaporized=""/>
    <tripinfo id="12" depart="21.00" departLane="nc_0" departPos="5.10" departSpeed="10.00" departDelay="0.00" arrival="60.50" arrivalLane="cs_0" arrivalPos="192.80" arrivalSpeed="10.00" duration="39.50" routeLength="394.90" waitingTime="0.00" waitingCount="0" stopTime="0.00" timeLoss="0.00" rerouteNo="0" devices="tripinfo_12" vType="typeCar@12" speedFactor="1.00" vaporized=""/>
    <tripinfo id="14" depart="22.00" departLane="nc_0" departPos="5.10" departSpeed="10.00" departDelay="0.00" arrival="61.50" arrivalLane="cs_0" arrivalPos="192.80" arrivalSpeed="10.00" duration="39.50" routeLength="394.90" waitingTime="0.00" waitingCount="0" stopTime="0.00" timeLoss="0.00" rerouteNo="0" devices="tripinfo_14" vType="typeCar@14" speedFactor="1.00" vaporized=""/>
    <tripinfo id="16" depart="23.00" departLane="nc_0" departPos="5.10" departSpeed="10.00" departDelay="0.00" arrival="62.50" arrivalLane="cs_0" arrivalPos="192.80" arrivalSpeed="10.00" duration="39.50" routeLength="394.90" waitingTime="0.00" waitingCount="0" stopTime="0.00" timeLoss="0.00" rerouteNo="0" devices="tripinfo_16" vType="typeCar@16" speedFactor="1.00" vaporized=""/>
    <tripinfo id="17" depart="24.00" departLane="nc_0" departPos="5.10" departSpeed="10.00" departDelay="0.00" arrival="63.50" arrivalLane="cs_0" arrivalPos="192.80" arrivalSpeed="10.00" duration="39.50" routeLength="394.90" waitingTime="0.00" waitingCount="0" stopTime="0.00" timeLoss="0.00" rerouteNo="0" devices="tripinfo_17" vType="typeCar@17" speedFactor="1.00" vaporized=""/>
    <tripinfo id="18" depart="25.00" departLane="nc_0" departPos="5.10" departSpeed="10.00" departDelay="0.00" arrival="64.50" arrivalLane="cs_0" arrivalPos="192.80" arrivalSpeed="10.00" duration="39.50" routeLength="394.90" waitingTime="0.00" waitingCount="0" stopTime="0.00" timeLoss="0.00" rerouteNo="0" devices="tripinfo_18" vType="typeCar@18" speedFactor="1.00" vaporized=""/>
    <tripinfo id="21" depart="29.00" departLane="nc_0" departPos="5.10" departSpeed="10.00" departDelay="0.00" arrival="68.50" arrivalLane="cs_0" arrivalPos="192.80" arrivalSpeed="10.00" duration="39.50" routeLength="394.90" waitingTime="0.00" waitingCount="0" stopTime="0.00" timeLoss="0.00" rerouteNo="0" devices="tripinfo_21" vType="typeCar@21" speedFactor="1.00" vaporized=""/>
    <tripinfo id="4" depart="6.00" departLane="wc_0" departPos="5.10" departSpeed="10.00" departDelay="0.00" arrival="72.60" arrivalLane="ce_0" arrivalPos="192.80" arrivalSpeed="10.00" duration="66.60" routeLength="394.90" waitingTime="0.00" waitingCount="0" stopTime="0.00" timeLoss="27.04" rerouteNo="0" devices="tripinfo_4" vType="typeCar@4" speedFactor="1.00" vaporized=""/>
    <tripinfo id="9" depart="13.00" departLane="wc_0" departPos="5.10" departSpeed="10.00" departDelay="0.00" arrival="73.80" arrivalLane="ce_0" arrivalPos="192.80" arrivalSpeed="10.00" duration="60.80" routeLength="394.90" waitingTime="1.40" waitingCount="14" stopTime="0.00" timeLoss="21.25" rerouteNo="0" devices="tripinfo_9" vType="typeCar@9" speedFactor="1.00" vaporized=""/>
    <tripinfo id="22" depart="33.00" departLane="nc_0" departPos="5.10" departSpeed="10.00" departDelay="0.00" arrival="77.80" arrivalLane="cs_0" arrivalPos="192.80" arrivalSpeed="10.00" duration="44.80" routeLength="394.90" waitingTime="0.00" waitingCount="0" stopTime="0.00" timeLoss="5.27" rerouteNo="0" devices="tripinfo_22" vType="typeCar@22" speedFactor="1.00" vaporized=""/>
    <tripinfo id="23" depart="34.00" departLane="nc_0" departPos="5.10" departSpeed="10.00" departDelay="0.00" arrival="78.60" arrivalLane="cs_0" arrivalPos="192.80" arrivalSpeed="10.00" duration="44.60" routeLength="394.90" waitingTime="0.00" waitingCount="0" stopTime="0.00" timeLoss="5.11" rerouteNo="0" devices="tripinfo_23" vType="typeCar@23" speedFactor="1.00" vaporized=""/>
    <tripinfo id="24" depart="36.00" departLane="nc_0" departPos="5.10" departSpeed="10.00" departDelay="0.00" arrival="80.10" arrivalLane="cs_0" arrivalPos="192.80" arrivalSpeed="10.00" duration="44.10" routeLength="394.90" waitingTime="0.00" waitingCount="0" stopTime="0.00" timeLoss="4.61" rerouteNo="0" devices="tripinfo_24" vType="typeCar@24" speedFactor="1.00" vaporized=""/>
    <tripinfo id="25" depart="37.00" departLane="nc_0" departPos="5.10" departSpeed="10.00" departDelay="0.00" arrival="84.50" arrivalLane="cs_0" arrivalPos="192.80" arrivalSpeed="10.00" duration="47.50" routeLength="394.90" waitingTime="0.00" waitingCount="0" stopTime="0.00" timeLoss="7.97" rerouteNo="0" devices="tripinfo_25" vType="typeCar@25" speedFactor="1.00" vaporized=""/>
    <tripinfo id="13" depart="22.00" departLane="wc_0" departPos="5.10" departSpeed="10.00" departDelay="0.00" arrival="84.80" arrivalLane="ce_0" arrivalPos="192.80" arrivalSpeed="10.00" duration="62.80" routeLength="394.90" waitingTime="0.90" waitingCount="9" stopTime="0.00" timeLoss="23.26" rerouteNo="0" devices="tripinfo_13" vType="typeCar@13" speedFactor="1.00" vaporized=""/>
    <tripinfo id="15" depart="23.00" departLane="wc_0" departPos="5.10" departSpeed="10.00" departDelay="0.00" arrival="91.10" arrivalLane="ce_0" arrivalPos="192.80" arrivalSpeed="10.00" duration="68.10" routeLength="394.90" waitingTime="1.30" waitingCount="13" stopTime="0.00" timeLoss="28.54" rerouteNo="0" devices="tripinfo_15" vType="typeCar@15" speedFactor="1.00" vaporized=""/>
    <tripinfo id="19" depart="28.00" departLane="wc_0" departPos="5.10" departSpeed="10.00" departDelay="0.00" arrival="92.00" arrivalLane="ce_0" arrivalPos="192.80" arrivalSpeed="10.00" duration="64.00" routeLength="394.90" waitingTime="0.90" waitingCount="9" stopTime="0.00" timeLoss="24.50" rerouteNo="0" devices="tripinfo_19" vType="typeCar@19" speedFactor="1.00" vaporized=""/>
    <tripinfo id="26" depart="39.00" departLane="nc_0" departPos="5.10" departSpeed="10.00" departDelay="0.00" arrival="93.70" arrivalLane="cs_0" arrivalPos="192.80" arrivalSpeed="10.00" duration="54.70" routeLength="394.90" waitingTime="0.00" waitingCount="0" stopTime="0.00" timeLoss="15.19" rerouteNo="0" devices="tripinfo_26" vType="typeCar@26" speedFactor="1.00" vaporized=""/>
    <tripinfo id="27" depart="40.00" departLane="nc_0" departPos="5.10" departSpeed="10.00" departDelay="0.00" arrival="94.80" arrivalLane="cs_0" arrivalPos="192.80" arrivalSpeed="10.00" duration="54.80" routeLength="394.90" waitingTime="0.10" waitingCount="1" stopTime="0.00" timeLoss="15.25" rerouteNo="0" devices="tripinfo_27" vType="typeCar@27" speedFactor="1.00" vaporized=""/>
    <tripinfo id="28" depart="42.00" departLane="nc_0" departPos="5.10" departSpeed="10.00" departDelay="0.00" arrival="96.50" arrivalLane="cs_0" arrivalPos="192.80" arrivalSpeed="10.00" duration="54.50" routeLength="394.90" waitingTime="0.30" waitingCount="3" stopTime="0.00" timeLoss="15.00" rerouteNo="0" devices="tripinfo_28" vType="typeCar@28" speedFactor="1.00" vaporized=""/>
    <tripinfo id="30" depart="44.00" departLane="nc_0" departPos="5.10" departSpeed="10.00" departDelay="0.00" arrival="97.80" arrivalLane="cs_0" arrivalPos="192.80" arrivalSpeed="10.00" duration="53.80" routeLength="394.90" waitingTime="0.10" waitingCount="1" stopTime="0.00" timeLoss="14.29" rerouteNo="0" devices="tripinfo_30" vType="typeCar@30" speedFactor="1.00" vaporized=""/>
    <tripinfo id="20" depart="29.00" departLane="wc_0" departPos="5.10" departSpeed="10.00" departDelay="0.00" arrival="103.40" arrivalLane="ce_0" arrivalPos="192.80" arrivalSpeed="10.00" duration="74.40" routeLength="394.90" waitingTime="1.00" waitingCount="10" stopTime="0.00" timeLoss="34.90" rerouteNo="0" devices="tripinfo_20" vType="typeCar@20" speedFactor="1.00" vaporized=""/>
    <tripinfo id="33" depart="47.00" departLane="nc_0" departPos="5.10" departSpeed="10.00" departDelay="0.00" arrival="105.20" arrivalLane="cs_0" arrivalPos="192.80" arrivalSpeed="10.00" duration="58.20" routeLength="394.90" waitingTime="0.30" waitingCount="3" stopTime="0.00" timeLoss="18.68" rerouteNo="0" devices="tripinfo_33" vType="typeCar@33" speedFactor="1.00" vaporized=""/>
    <tripinfo id="36" depart="55.00" departLane="nc_0" departPos="5.10" departSpeed="10.00" departDelay="0.00" arrival="106.30" arrivalLane="cs_0" arrivalPos="192.80" arrivalSpeed="10.00" duration="51.30" routeLength="394.90" waitingTime="0.00" waitingCount="0" stopTime="0.00" timeLoss="11.72" rerouteNo="0" devices="tripinfo_36" vType="typeCar@36" speedFactor="1.00" vaporized=""/>
    <tripinfo id="37" depart="56.00" departLane="nc_0" departPos="5.10" departSpeed="10.00" departDelay="0.00" arrival="108.50" arrivalLane="cs_0" arrivalPos="192.80" arrivalSpeed="10.00" duration="52.50" routeLength="394.90" waitingTime="0.20" waitingCount="2" stopTime="0.00" timeLoss="12.96" rerouteNo="0" devices="tripinfo_37" vType="typeCar@37" speedFactor="1.00" vaporized=""/>
    <tripinfo id="29" depart="44.00" departLane="wc_0" departPos="5.10" departSpeed="2.30" departDelay="0.00" arrival="110.80" arrivalLane="ce_0" arrivalPos="192.80" arrivalSpeed="10.00" duration="66.80" routeLength="394.90" waitingTime="0.40" waitingCount="4" stopTime="0.00" timeLoss="27.31" rerouteNo="0" devices="tripinfo_29" vType="typeCar@29" speedFactor="1.00" vaporized=""/>
    <tripinfo id="31" depart="45.40" departLane="wc_0" departPos="5.10" departSpeed="6.50" departDelay="0.40" arrival="111.80" arrivalLane="ce_0" arrivalPos="192.80" arrivalSpeed="10.00" duration="66.40" routeLength="394.90" waitingTime="0.30" waitingCount="3" stopTime="0.00" timeLoss="26.88" rerouteNo="0" devices="tripinfo_31" vType="typeCar@31" speedFactor="1.00" vaporized=""/>
    <tripinfo id="38" depart="59.00" departLane="nc_0" departPos="5.10" departSpeed="10.00" departDelay="0.00" arrival="119.30" arrivalLane="cs_0" arrivalPos="192.80" arrivalSpeed="10.00" duration="60.30" routeLength="394.90" waitingTime="0.20" waitingCount="2" stopTime="0.00" timeLoss="20.72" rerouteNo="0" devices="tripinfo_38" vType="typeCar@38" speedFactor="1.00" vaporized=""/>
    <tripinfo id="40" depart="62.00" departLane="nc_0" departPos="5.10" departSpeed="10.00" departDelay="0.00" arrival="120.20" arrivalLane="cs_0" arrivalPos="192.80" arrivalSpeed="10.00" duration="58.20" routeLength="394.90" waitingTime="0.20" waitingCount="2" stopTime="0.00" timeLoss="18.64" rerouteNo="0" devices="tripinfo_40" vType="typeCar@40" speedFactor="1.00" vaporized=""/>
    <tripinfo id="42" depart="65.00" departLane="nc_0" departPos="5.10" departSpeed="10.00" departDelay="0.00" arrival="121.20" arrivalLane="cs_0" arrivalPos="192.80" arrivalSpeed="10.00" duration="56.20" routeLength="394.90" waitingTime="0.20" waitingCount="2" stopTime="0.00" timeLoss="16.71" rerouteNo="0" devices="tripinfo_42" vType="typeCar@42" speedFactor="1.00" vaporized=""/>
    <tripinfo id="45" depart="69.00" departLane="nc_0" departPos="5.10" departSpeed="10.00" departDelay="0.00" arrival="122.30" arrivalLane="cs_0" arrivalPos="192.80" arrivalSpeed="10.00" duration="53.30" routeLength="394.90" waitingTime="0.30" waitingCount="3" stopTime="0.00" timeLoss="13.75" rerouteNo="0" devices="tripinfo_45" vType="typeCar@45" speedFactor="1.00" vaporized=""/>
    <tripinfo id="46" depart="72.00" departLane="nc_0" departPos="5.10" departSpeed="10.00" departDelay="0.00" arrival="123.30" arrivalLane="cs_0" arrivalPos="192.80" arrivalSpeed="10.00" duration="51.30" routeLength="394.90" waitingTime="0.20" waitingCount="2" stopTime="0.00" timeLoss="11.80" rerouteNo="0" devices="tripinfo_46" vType="typeCar@46" speedFactor="1.00" vaporized=""/>
    <tripinfo id="47" depart="74.00" departLane="nc_0" departPos="5.10" departSpeed="10.00" departDelay="0.00" arrival="124.30" arrivalLane="cs_0" arrivalPos="192.80" arrivalSpeed="10.00" duration="50.30" routeLength="394.90" waitingTime="0.20" waitingCount="2" stopTime="0.00" timeLoss="10.80" rerouteNo="0" devices="tripinfo_47" vType="typeCar@47" speedFactor="1.00" vaporized=""/>
    <tripinfo id="32" depart="47.00" departLane="wc_0" departPos="5.10" departSpeed="9.70" departDelay="0.00" arrival="126.10" arrivalLane="ce_0" arrivalPos="192.80" arrivalSpeed="10.00" duration="79.10" routeLength="394.90" waitingTime="0.40" waitingCount="4" stopTime="0.00" timeLoss="39.52" rerouteNo="0" devices="tripinfo_32" vType="typeCar@32" speedFactor="1.00" vaporized=""/>
    <tripinfo id="34" depart="50.00" departLane="wc_0" departPos="5.10" departSpeed="10.00" departDelay="0.00" arrival="127.10" arrivalLane="ce_0" arrivalPos="192.80" arrivalSpeed="10.00" duration="77.10" routeLength="394.90" waitingTime="0.70" waitingCount="7" stopTime="0.00" timeLoss="37.58" rerouteNo="0" devices="tripinfo_34" vType="typeCar@34" speedFactor="1.00" vaporized=""/>
    <tripinfo id="49" depart="77.00" departLane="nc_0" departPos="5.10" departSpeed="10.00" departDelay="0.00" arrival="128.60" arrivalLane="cs_0" arrivalPos="192.80" arrivalSpeed="10.00" duration="51.60" routeLength="394.90" waitingTime="0.00" waitingCount="0" stopTime="0.00" timeLoss="12.09" rerouteNo="0" devices="tripinfo_49" vType="typeCar@49" speedFactor="1.00" vaporized=""/>
    <tripinfo id="50" depart="79.00" departLane="nc_0" departPos="5.10" departSpeed="10.00" departDelay="0.00" arrival="129.70" arrivalLane="cs_0" arrivalPos="192.80" arrivalSpeed="10.00" duration="50.70" routeLength="394.90" waitingTime="0.40" waitingCount="4" stopTime="0.00" timeLoss="11.13" rerouteNo="0" devices="tripinfo_50" vType="typeCar@50" speedFactor="1.00" vaporized=""/>
    <tripinfo id="35" depart="53.00" departLane="wc_0" departPos="5.10" departSpeed="10.00" departDelay="0.00" arrival="131.20" arrivalLane="ce_0" arrivalPos="192.80" arrivalSpeed="10.00" duration="78.20" routeLength="394.90" waitingTime="0.70" waitingCount="7" stopTime="0.00" timeLoss="38.68" rerouteNo="0" devices="tripinfo_35" vType="typeCar@35" speedFactor="1.00" vaporized=""/>
    <tripinfo id="39" depart="62.00" departLane="wc_0" departPos="5.10" departSpeed="10.00" departDelay="0.00" arrival="132.20" arrivalLane="ce_0" arrivalPos="192.80" arrivalSpeed="10.00" duration="70.20" routeLength="394.90" waitingTime="0.80" waitingCount="8" stopTime="0.00" timeLoss="30.71" rerouteNo="0" devices="tripinfo_39" vType="typeCar@39" speedFactor="1.00" vaporized=""/>
    <tripinfo id="52" depart="82.00" departLane="nc_0" departPos="5.10" departSpeed="10.00" departDelay="0.00" arrival="133.80" arrivalLane="cs_0" arrivalPos="192.80" arrivalSpeed="10.00" duration="51.80" routeLength="394.90" waitingTime="0.30" waitingCount="3" stopTime="0.00" timeLoss="12.26" rerouteNo="0" devices="tripinfo_52" vType="typeCar@52" speedFactor="1.00" vaporized=""/>
    <tripinfo id="53" depart="84.00" departLane="nc_0" departPos="5.10" departSpeed="10.00" departDelay="0.00" arrival="134.90" arrivalLane="cs_0" arrivalPos="192.80" arrivalSpeed="10.00" duration="50.90" routeLength="394.90" waitingTime="0.20" waitingCount="2" stopTime="0.00" timeLoss="11.38" rerouteNo="0" devices="tripinfo_53" vType="typeCar@53" speedFactor="1.00" vaporized=""/>
    <tripinfo id="41" depart="63.00" departLane="wc_0" departPos="5.10" departSpeed="10.00" departDelay="0.00" arrival="136.40" arrivalLane="ce_0" arrivalPos="192.80" arrivalSpeed="10.00" duration="73.40" routeLength="394.90" waitingTime="0.80" waitingCount="8" stopTime="0.00" timeLoss="33.92" rerouteNo="0" devices="tripinfo_41" vType="typeCar@41" speedFactor="1.00" vaporized=""/>
    <tripinfo id="43" depart="67.00" departLane="wc_0" departPos="5.10" departSpeed="10.00" departDelay="0.00" arrival="137.50" arrivalLane="ce_0" arrivalPos="192.80" arrivalSpeed="10.00" duration="70.50" routeLength="394.90" waitingTime="0.90" waitingCount="9" stopTime="0.00" timeLoss="30.93" rerouteNo="0" devices="tripinfo_43" vType="typeCar@43" speedFactor="1.00" vaporized=""/>
    <tripinfo id="54" depart="87.00" departLane="nc_0" departPos="5.10" departSpeed="10.00" departDelay="0.00" arrival="139.00" arrivalLane="cs_0" arrivalPos="192.80" arrivalSpeed="10.00" duration="52.00" routeLength="394.90" waitingTime="0.30" waitingCount="3" stopTime="0.00" timeLoss="12.43" rerouteNo="0" devices="tripinfo_54" vType="typeCar@54" speedFactor="1.00" vaporized=""/>
    <tripinfo id="56" depart="91.00" departLane="nc_0" departPos="5.10" departSpeed="10.00" departDelay="0.00" arrival="140.10" arrivalLane="cs_0" arrivalPos="192.80" arrivalSpeed="10.00" duration="49.10" routeLength="394.90" waitingTime="0.10" waitingCount="1" stopTime="0.00" timeLoss="9.56" rerouteNo="0" devices="tripinfo_56" vType="typeCar@56" speedFactor="1.00" vaporized=""/>
    <tripinfo id="44" depart="68.00" departLane="wc_0" departPos="5.10" departSpeed="10.00" departDelay="0.00" arrival="141.60" arrivalLane="ce_0" arrivalPos="192.80" arrivalSpeed="10.00" duration="73.60" routeLength="394.90" waitingTime="1.00" waitingCount="10" stopTime="0.00" timeLoss="34.11" rerouteNo="0" devices="tripinfo_44" vType="typeCar@44" speedFactor="1.00" vaporized=""/>
    <tripinfo id="48" depart="77.00" departLane="wc_0" departPos="5.10" departSpeed="10.00" departDelay="0.00" arrival="142.80" arrivalLane="ce_0" arrivalPos="192.80" arrivalSpeed="10.00" duration="65.80" routeLength="394.90" waitingTime="0.70" waitingCount="7" stopTime="0.00" timeLoss="26.24" rerouteNo="0" devices="tripinfo_48" vType="typeCar@48" speedFactor="1.00" vaporized=""/>
    <tripinfo id="57" depart="92.00" departLane="nc_0" departPos="5.10" departSpeed="10.00" departDelay="0.00" arrival="144.30" arrivalLane="cs_0" arrivalPos="192.80" arrivalSpeed="10.00" duration="52.30" routeLength="394.90" waitingTime="0.20" waitingCount="2" stopTime="0.00" timeLoss="12.80" rerouteNo="0" devices="tripinfo_57" vType="typeCar@57" speedFactor="1.00" vaporized=""/>
    <tripinfo id="58" depart="93.00" departLane="nc_0" departPos="5.10" departSpeed="10.00" departDelay="0.00" arrival="145.40" arrivalLane="cs_0" arrivalPos="192.80" arrivalSpeed="10.00" duration="52.40" routeLength="394.90" waitingTime="0.30" waitingCount="3" stopTime="0.00" timeLoss="12.85" rerouteNo="0" devices="tripinfo_58" vType="typeCar@58" speedFactor="1.00" vaporized=""/>
    <tripinfo id="51" depart="80.00" departLane="wc_0" departPos="5.10" departSpeed="10.00" departDelay="0.00" arrival="146.90" arrivalLane="ce_0" arrivalPos="192.80" arrivalSpeed="10.00" duration="66.90" routeLength="394.90" waitingTime="0.90" waitingCount="9" stopTime="0.00" timeLoss="27.40" rerouteNo="0" devices="tripinfo_51" vType="typeCar@51" speedFactor="1.00" vaporized=""/>
    <tripinfo id="55" depart="88.00" departLane="wc_0" departPos="5.10" departSpeed="10.00" departDelay="0.00" arrival="148.00" arrivalLane="ce_0" arrivalPos="192.80" arrivalSpeed="10.00" duration="60.00" routeLength="394.90" waitingTime="0.90" waitingCount="9" stopTime="0.00" timeLoss="20.42" rerouteNo="0" devices="tripinfo_55" vType="typeCar@55" speedFactor="1.00" vaporized=""/>
    <tripinfo id="60" depart="95.00" departLane="nc_0" departPos="5.10" departSpeed="10.00" departDelay="0.00" arrival="149.50" arrivalLane="cs_0" arrivalPos="192.80" arrivalSpeed="10.00" duration="54.50" routeLength="394.90" waitingTime="0.20" waitingCount="2" stopTime="0.00" timeLoss="14.93" rerouteNo="0" devices="tripinfo_60" vType="typeCar@60" speedFactor="1.00" vaporized=""/>
    <tripinfo id="61" depart="98.00" departLane="nc_0" departPos="5.10" departSpeed="10.00" departDelay="0.00" arrival="150.60" arrivalLane="cs_0" arrivalPos="192.80" arrivalSpeed="10.00" duration="52.60" routeLength="394.90" waitingTime="0.40" waitingCount="4" stopTime="0.00" timeLoss="13.06" rerouteNo="0" devices="tripinfo_61" vType="typeCar@61" speedFactor="1.00" vaporized=""/>
    <tripinfo id="59" depart="94.00" departLane="wc_0" departPos="5.10" departSpeed="10.00" departDelay="0.00" arrival="152.20" arrivalLane="ce_0" arrivalPos="192.80" arrivalSpeed="10.00" duration="58.20" routeLength="394.90" waitingTime="0.60" waitingCount="6" stopTime="0.00" timeLoss="18.63" rerouteNo="0" devices="tripinfo_59" vType="typeCar@59" speedFactor="1.00" vaporized=""/>
</tripinfos>
