<?xml version="1.0" encoding="UTF-8"?>

<!-- generated on 2022-11-30 12:08:22 by Eclipse SUMO sumo Version 1.14.1
<configuration xmlns:xsi="http://www.w3.org/2001/XMLSchema-instance" xsi:noNamespaceSchemaLocation="http://sumo.dlr.de/xsd/sumoConfiguration.xsd">

    <input>
        <net-file value="net.net.xml"/>
        <route-files value="routes.rou.xml"/>
    </input>

    <output>
        <tripinfo-output value="raw_data/(4,6,0)tripinfo.xml"/>
    </output>

    <time>
        <begin value="0"/>
        <step-length value="0.1"/>
    </time>

    <processing>
        <extrapolate-departpos value="true"/>
        <route-steps value="0"/>
        <ignore-route-errors value="true"/>
        <collision.action value="warn"/>
        <collision.stoptime value="1"/>
        <collision.mingap-factor value="0.1"/>
    </processing>

    <report>
        <verbose value="false"/>
        <log value="log.txt"/>
        <duration-log.statistics value="true"/>
        <no-step-log value="true"/>
    </report>

    <traci_server>
        <remote-port value="61847"/>
    </traci_server>

    <gui_only>
        <quit-on-end value="true"/>
        <start value="true"/>
    </gui_only>

</configuration>
-->

<tripinfos xmlns:xsi="http://www.w3.org/2001/XMLSchema-instance" xsi:noNamespaceSchemaLocation="http://sumo.dlr.de/xsd/tripinfo_file.xsd">
    <tripinfo id="1" depart="1.00" departLane="wc_0" departPos="5.10" departSpeed="10.00" departDelay="0.00" arrival="40.50" arrivalLane="ce_0" arrivalPos="192.80" arrivalSpeed="10.00" duration="39.50" routeLength="394.90" waitingTime="0.00" waitingCount="0" stopTime="0.00" timeLoss="0.00" rerouteNo="0" devices="tripinfo_1" vType="typeCar@1" speedFactor="1.00" vaporized=""/>
    <tripinfo id="0" depart="0.00" departLane="nc_0" departPos="5.10" departSpeed="10.00" departDelay="0.00" arrival="42.10" arrivalLane="cs_0" arrivalPos="192.80" arrivalSpeed="10.00" duration="42.10" routeLength="394.90" waitingTime="0.00" waitingCount="0" stopTime="0.00" timeLoss="2.58" rerouteNo="0" devices="tripinfo_0" vType="typeCar@0" speedFactor="1.00" vaporized=""/>
    <tripinfo id="2" depart="1.00" departLane="nc_0" departPos="5.10" departSpeed="10.00" departDelay="0.00" arrival="43.90" arrivalLane="cs_0" arrivalPos="192.80" arrivalSpeed="10.00" duration="42.90" routeLength="394.90" waitingTime="0.00" waitingCount="0" stopTime="0.00" timeLoss="3.33" rerouteNo="0" devices="tripinfo_2" vType="typeCar@2" speedFactor="1.00" vaporized=""/>
    <tripinfo id="3" depart="3.00" departLane="nc_0" departPos="5.10" departSpeed="10.00" departDelay="0.00" arrival="45.90" arrivalLane="cs_0" arrivalPos="192.80" arrivalSpeed="10.00" duration="42.90" routeLength="394.90" waitingTime="0.00" waitingCount="0" stopTime="0.00" timeLoss="3.42" rerouteNo="0" devices="tripinfo_3" vType="typeCar@3" speedFactor="1.00" vaporized=""/>
    <tripinfo id="4" depart="4.00" departLane="wc_0" departPos="5.10" departSpeed="10.00" departDelay="0.00" arrival="49.00" arrivalLane="ce_0" arrivalPos="192.80" arrivalSpeed="10.00" duration="45.00" routeLength="394.90" waitingTime="0.00" waitingCount="0" stopTime="0.00" timeLoss="5.49" rerouteNo="0" devices="tripinfo_4" vType="typeCar@4" speedFactor="1.00" vaporized=""/>
    <tripinfo id="6" depart="5.00" departLane="wc_0" departPos="5.10" departSpeed="10.00" departDelay="0.00" arrival="50.10" arrivalLane="ce_0" arrivalPos="192.80" arrivalSpeed="10.00" duration="45.10" routeLength="394.90" waitingTime="0.00" waitingCount="0" stopTime="0.00" timeLoss="5.52" rerouteNo="0" devices="tripinfo_6" vType="typeCar@6" speedFactor="1.00" vaporized=""/>
    <tripinfo id="7" depart="6.00" departLane="wc_0" departPos="5.10" departSpeed="10.00" departDelay="0.00" arrival="52.50" arrivalLane="ce_0" arrivalPos="192.80" arrivalSpeed="10.00" duration="46.50" routeLength="394.90" waitingTime="0.00" waitingCount="0" stopTime="0.00" timeLoss="6.92" rerouteNo="0" devices="tripinfo_7" vType="typeCar@7" speedFactor="1.00" vaporized=""/>
    <tripinfo id="9" depart="8.00" departLane="wc_0" departPos="5.10" departSpeed="10.00" departDelay="0.00" arrival="55.30" arrivalLane="ce_0" arrivalPos="192.80" arrivalSpeed="10.00" duration="47.30" routeLength="394.90" waitingTime="0.00" waitingCount="0" stopTime="0.00" timeLoss="7.77" rerouteNo="0" devices="tripinfo_9" vType="typeCar@9" speedFactor="1.00" vaporized=""/>
    <tripinfo id="5" depart="4.00" departLane="nc_0" departPos="5.10" departSpeed="10.00" departDelay="0.00" arrival="58.60" arrivalLane="cs_0" arrivalPos="192.80" arrivalSpeed="10.00" duration="54.60" routeLength="394.90" waitingTime="0.00" waitingCount="0" stopTime="0.00" timeLoss="15.05" rerouteNo="0" devices="tripinfo_5" vType="typeCar@5" speedFactor="1.00" vaporized=""/>
    <tripinfo id="8" depart="6.00" departLane="nc_0" departPos="5.10" departSpeed="10.00" departDelay="0.00" arrival="59.50" arrivalLane="cs_0" arrivalPos="192.80" arrivalSpeed="10.00" duration="53.50" routeLength="394.90" waitingTime="0.00" waitingCount="0" stopTime="0.00" timeLoss="13.94" rerouteNo="0" devices="tripinfo_8" vType="typeCar@8" speedFactor="1.00" vaporized=""/>
    <tripinfo id="11" depart="11.00" departLane="wc_0" departPos="5.10" departSpeed="10.00" departDelay="0.00" arrival="62.50" arrivalLane="ce_0" arrivalPos="192.80" arrivalSpeed="10.00" duration="51.50" routeLength="394.90" waitingTime="0.00" waitingCount="0" stopTime="0.00" timeLoss="12.01" rerouteNo="0" devices="tripinfo_11" vType="typeCar@11" speedFactor="1.00" vaporized=""/>
    <tripinfo id="14" depart="13.00" departLane="wc_0" departPos="5.10" departSpeed="10.00" departDelay="0.00" arrival="65.10" arrivalLane="ce_0" arrivalPos="192.80" arrivalSpeed="10.00" duration="52.10" routeLength="394.90" waitingTime="0.00" waitingCount="0" stopTime="0.00" timeLoss="12.56" rerouteNo="0" devices="tripinfo_14" vType="typeCar@14" speedFactor="1.00" vaporized=""/>
    <tripinfo id="16" depart="16.00" departLane="wc_0" departPos="5.10" departSpeed="10.00" departDelay="0.00" arrival="69.20" arrivalLane="ce_0" arrivalPos="192.80" arrivalSpeed="10.00" duration="53.20" routeLength="394.90" waitingTime="0.00" waitingCount="0" stopTime="0.00" timeLoss="13.63" rerouteNo="0" devices="tripinfo_16" vType="typeCar@16" speedFactor="1.00" vaporized=""/>
    <tripinfo id="10" depart="9.00" departLane="nc_0" departPos="5.10" departSpeed="10.00" departDelay="0.00" arrival="71.70" arrivalLane="cs_0" arrivalPos="192.80" arrivalSpeed="10.00" duration="62.70" routeLength="394.90" waitingTime="0.00" waitingCount="0" stopTime="0.00" timeLoss="23.16" rerouteNo="0" devices="tripinfo_10" vType="typeCar@10" speedFactor="1.00" vaporized=""/>
    <tripinfo id="17" depart="17.00" departLane="wc_0" departPos="5.10" departSpeed="10.00" departDelay="0.00" arrival="77.30" arrivalLane="ce_0" arrivalPos="192.80" arrivalSpeed="10.00" duration="60.30" routeLength="394.90" waitingTime="0.00" waitingCount="0" stopTime="0.00" timeLoss="20.77" rerouteNo="0" devices="tripinfo_17" vType="typeCar@17" speedFactor="1.00" vaporized=""/>
    <tripinfo id="19" depart="21.00" departLane="wc_0" departPos="5.10" departSpeed="10.00" departDelay="0.00" arrival="78.40" arrivalLane="ce_0" arrivalPos="192.80" arrivalSpeed="10.00" duration="57.40" routeLength="394.90" waitingTime="0.00" waitingCount="0" stopTime="0.00" timeLoss="17.82" rerouteNo="0" devices="tripinfo_19" vType="typeCar@19" speedFactor="1.00" vaporized=""/>
    <tripinfo id="21" depart="22.00" departLane="wc_0" departPos="5.10" departSpeed="10.00" departDelay="0.00" arrival="79.40" arrivalLane="ce_0" arrivalPos="192.80" arrivalSpeed="10.00" duration="57.40" routeLength="394.90" waitingTime="0.10" waitingCount="1" stopTime="0.00" timeLoss="17.84" rerouteNo="0" devices="tripinfo_21" vType="typeCar@21" speedFactor="1.00" vaporized=""/>
    <tripinfo id="12" depart="11.00" departLane="nc_0" departPos="5.10" departSpeed="10.00" departDelay="0.00" arrival="81.20" arrivalLane="cs_0" arrivalPos="192.80" arrivalSpeed="10.00" duration="70.20" routeLength="394.90" waitingTime="0.00" waitingCount="0" stopTime="0.00" timeLoss="30.71" rerouteNo="0" devices="tripinfo_12" vType="typeCar@12" speedFactor="1.00" vaporized=""/>
    <tripinfo id="13" depart="12.00" departLane="nc_0" departPos="5.10" departSpeed="10.00" departDelay="0.00" arrival="82.10" arrivalLane="cs_0" arrivalPos="192.80" arrivalSpeed="10.00" duration="70.10" routeLength="394.90" waitingTime="0.00" waitingCount="0" stopTime="0.00" timeLoss="30.61" rerouteNo="0" devices="tripinfo_13" vType="typeCar@13" speedFactor="1.00" vaporized=""/>
    <tripinfo id="23" depart="23.00" departLane="wc_0" departPos="5.10" departSpeed="10.00" departDelay="0.00" arrival="84.00" arrivalLane="ce_0" arrivalPos="192.80" arrivalSpeed="10.00" duration="61.00" routeLength="394.90" waitingTime="0.10" waitingCount="1" stopTime="0.00" timeLoss="21.43" rerouteNo="0" devices="tripinfo_23" vType="typeCar@23" speedFactor="1.00" vaporized=""/>
    <tripinfo id="26" depart="25.00" departLane="wc_0" departPos="5.10" departSpeed="10.00" departDelay="0.00" arrival="85.30" arrivalLane="ce_0" arrivalPos="192.80" arrivalSpeed="10.00" duration="60.30" routeLength="394.90" waitingTime="0.40" waitingCount="4" stopTime="0.00" timeLoss="20.82" rerouteNo="0" devices="tripinfo_26" vType="typeCar@26" speedFactor="1.00" vaporized=""/>
    <tripinfo id="15" depart="13.00" departLane="nc_0" departPos="5.10" departSpeed="10.00" departDelay="0.00" arrival="88.30" arrivalLane="cs_0" arrivalPos="192.80" arrivalSpeed="10.00" duration="75.30" routeLength="394.90" waitingTime="0.10" waitingCount="1" stopTime="0.00" timeLoss="35.77" rerouteNo="0" devices="tripinfo_15" vType="typeCar@15" speedFactor="1.00" vaporized=""/>
    <tripinfo id="18" depart="20.00" departLane="nc_0" departPos="5.10" departSpeed="10.00" departDelay="0.00" arrival="89.70" arrivalLane="cs_0" arrivalPos="192.80" arrivalSpeed="10.00" duration="69.70" routeLength="394.90" waitingTime="0.10" waitingCount="1" stopTime="0.00" timeLoss="30.17" rerouteNo="0" devices="tripinfo_18" vType="typeCar@18" speedFactor="1.00" vaporized=""/>
    <tripinfo id="28" depart="26.00" departLane="wc_0" departPos="5.10" departSpeed="10.00" departDelay="0.00" arrival="91.80" arrivalLane="ce_0" arrivalPos="192.80" arrivalSpeed="10.00" duration="65.80" routeLength="394.90" waitingTime="0.40" waitingCount="4" stopTime="0.00" timeLoss="26.25" rerouteNo="0" devices="tripinfo_28" vType="typeCar@28" speedFactor="1.00" vaporized=""/>
    <tripinfo id="29" depart="28.00" departLane="wc_0" departPos="5.10" departSpeed="10.00" departDelay="0.00" arrival="92.70" arrivalLane="ce_0" arrivalPos="192.80" arrivalSpeed="10.00" duration="64.70" routeLength="394.90" waitingTime="0.30" waitingCount="3" stopTime="0.00" timeLoss="25.19" rerouteNo="0" devices="tripinfo_29" vType="typeCar@29" speedFactor="1.00" vaporized=""/>
    <tripinfo id="30" depart="29.00" departLane="wc_0" departPos="5.10" departSpeed="10.00" departDelay="0.00" arrival="95.20" arrivalLane="ce_0" arrivalPos="192.80" arrivalSpeed="10.00" duration="66.20" routeLength="394.90" waitingTime="0.70" waitingCount="7" stopTime="0.00" timeLoss="26.70" rerouteNo="0" devices="tripinfo_30" vType="typeCar@30" speedFactor="1.00" vaporized=""/>
    <tripinfo id="20" depart="21.00" departLane="nc_0" departPos="5.10" departSpeed="10.00" departDelay="0.00" arrival="96.90" arrivalLane="cs_0" arrivalPos="192.80" arrivalSpeed="10.00" duration="75.90" routeLength="394.90" waitingTime="0.10" waitingCount="1" stopTime="0.00" timeLoss="36.33" rerouteNo="0" devices="tripinfo_20" vType="typeCar@20" speedFactor="1.00" vaporized=""/>
    <tripinfo id="22" depart="22.00" departLane="nc_0" departPos="5.10" departSpeed="10.00" departDelay="0.00" arrival="97.90" arrivalLane="cs_0" arrivalPos="192.80" arrivalSpeed="10.00" duration="75.90" routeLength="394.90" waitingTime="0.20" waitingCount="2" stopTime="0.00" timeLoss="36.39" rerouteNo="0" devices="tripinfo_22" vType="typeCar@22" speedFactor="1.00" vaporized=""/>
    <tripinfo id="32" depart="31.00" departLane="wc_0" departPos="5.10" departSpeed="10.00" departDelay="0.00" arrival="107.10" arrivalLane="ce_0" arrivalPos="192.80" arrivalSpeed="10.00" duration="76.10" routeLength="394.90" waitingTime="0.70" waitingCount="7" stopTime="0.00" timeLoss="36.57" rerouteNo="0" devices="tripinfo_32" vType="typeCar@32" speedFactor="1.00" vaporized=""/>
    <tripinfo id="24" depart="23.00" departLane="nc_0" departPos="5.10" departSpeed="10.00" departDelay="0.00" arrival="113.60" arrivalLane="cs_0" arrivalPos="192.80" arrivalSpeed="10.00" duration="90.60" routeLength="394.90" waitingTime="5.60" waitingCount="9" stopTime="0.00" timeLoss="51.10" rerouteNo="0" devices="tripinfo_24" vType="typeCar@24" speedFactor="1.00" vaporized=""/>
    <tripinfo id="25" depart="24.00" departLane="nc_0" departPos="5.10" departSpeed="10.00" departDelay="0.00" arrival="114.80" arrivalLane="cs_0" arrivalPos="192.80" arrivalSpeed="10.00" duration="90.80" routeLength="394.90" waitingTime="1.20" waitingCount="12" stopTime="0.00" timeLoss="51.32" rerouteNo="0" devices="tripinfo_25" vType="typeCar@25" speedFactor="1.00" vaporized=""/>
    <tripinfo id="33" depart="33.00" departLane="wc_0" departPos="5.10" departSpeed="10.00" departDelay="0.00" arrival="117.00" arrivalLane="ce_0" arrivalPos="192.80" arrivalSpeed="10.00" duration="84.00" routeLength="394.90" waitingTime="0.60" waitingCount="6" stopTime="0.00" timeLoss="44.50" rerouteNo="0" devices="tripinfo_33" vType="typeCar@33" speedFactor="1.00" vaporized=""/>
    <tripinfo id="35" depart="34.00" departLane="wc_0" departPos="5.10" departSpeed="10.00" departDelay="0.00" arrival="117.90" arrivalLane="ce_0" arrivalPos="192.80" arrivalSpeed="10.00" duration="83.90" routeLength="394.90" waitingTime="0.90" waitingCount="9" stopTime="0.00" timeLoss="44.34" rerouteNo="0" devices="tripinfo_35" vType="typeCar@35" speedFactor="1.00" vaporized=""/>
    <tripinfo id="27" depart="25.00" departLane="nc_0" departPos="5.10" departSpeed="10.00" departDelay="0.00" arrival="119.40" arrivalLane="cs_0" arrivalPos="192.80" arrivalSpeed="10.00" duration="94.40" routeLength="394.90" waitingTime="1.00" waitingCount="10" stopTime="0.00" timeLoss="54.83" rerouteNo="0" devices="tripinfo_27" vType="typeCar@27" speedFactor="1.00" vaporized=""/>
    <tripinfo id="31" depart="29.00" departLane="nc_0" departPos="5.10" departSpeed="10.00" departDelay="0.00" arrival="120.40" arrivalLane="cs_0" arrivalPos="192.80" arrivalSpeed="10.00" duration="91.40" routeLength="394.90" waitingTime="1.10" waitingCount="11" stopTime="0.00" timeLoss="51.87" rerouteNo="0" devices="tripinfo_31" vType="typeCar@31" speedFactor="1.00" vaporized=""/>
    <tripinfo id="37" depart="35.00" departLane="wc_0" departPos="5.10" departSpeed="10.00" departDelay="0.00" arrival="121.90" arrivalLane="ce_0" arrivalPos="192.80" arrivalSpeed="10.00" duration="86.90" routeLength="394.90" waitingTime="1.10" waitingCount="11" stopTime="0.00" timeLoss="47.42" rerouteNo="0" devices="tripinfo_37" vType="typeCar@37" speedFactor="1.00" vaporized=""/>
    <tripinfo id="40" depart="39.00" departLane="wc_0" departPos="5.10" departSpeed="10.00" departDelay="0.00" arrival="123.80" arrivalLane="ce_0" arrivalPos="192.80" arrivalSpeed="10.00" duration="84.80" routeLength="394.90" waitingTime="0.90" waitingCount="9" stopTime="0.00" timeLoss="45.26" rerouteNo="0" devices="tripinfo_40" vType="typeCar@40" speedFactor="1.00" vaporized=""/>
    <tripinfo id="34" depart="33.00" departLane="nc_0" departPos="5.10" departSpeed="10.00" departDelay="0.00" arrival="125.00" arrivalLane="cs_0" arrivalPos="192.80" arrivalSpeed="10.00" duration="92.00" routeLength="394.90" waitingTime="1.40" waitingCount="14" stopTime="0.00" timeLoss="52.47" rerouteNo="0" devices="tripinfo_34" vType="typeCar@34" speedFactor="1.00" vaporized=""/>
    <tripinfo id="36" depart="34.00" departLane="nc_0" departPos="5.10" departSpeed="10.00" departDelay="0.00" arrival="126.30" arrivalLane="cs_0" arrivalPos="192.80" arrivalSpeed="10.00" duration="92.30" routeLength="394.90" waitingTime="1.80" waitingCount="18" stopTime="0.00" timeLoss="52.72" rerouteNo="0" devices="tripinfo_36" vType="typeCar@36" speedFactor="1.00" vaporized=""/>
    <tripinfo id="42" depart="40.00" departLane="wc_0" departPos="5.10" departSpeed="10.00" departDelay="0.00" arrival="132.80" arrivalLane="ce_0" arrivalPos="192.80" arrivalSpeed="10.00" duration="92.80" routeLength="394.90" waitingTime="1.50" waitingCount="15" stopTime="0.00" timeLoss="53.31" rerouteNo="0" devices="tripinfo_42" vType="typeCar@42" speedFactor="1.00" vaporized=""/>
    <tripinfo id="38" depart="36.00" departLane="nc_0" departPos="5.10" departSpeed="10.00" departDelay="0.00" arrival="135.90" arrivalLane="cs_0" arrivalPos="192.80" arrivalSpeed="10.00" duration="99.90" routeLength="394.90" waitingTime="1.70" waitingCount="17" stopTime="0.00" timeLoss="60.38" rerouteNo="0" devices="tripinfo_38" vType="typeCar@38" speedFactor="1.00" vaporized=""/>
    <tripinfo id="39" depart="37.00" departLane="nc_0" departPos="5.10" departSpeed="10.00" departDelay="0.00" arrival="136.90" arrivalLane="cs_0" arrivalPos="192.80" arrivalSpeed="10.00" duration="99.90" routeLength="394.90" waitingTime="2.20" waitingCount="22" stopTime="0.00" timeLoss="60.39" rerouteNo="0" devices="tripinfo_39" vType="typeCar@39" speedFactor="1.00" vaporized=""/>
    <tripinfo id="44" depart="41.00" departLane="wc_0" departPos="5.10" departSpeed="10.00" departDelay="0.00" arrival="138.50" arrivalLane="ce_0" arrivalPos="192.80" arrivalSpeed="10.00" duration="97.50" routeLength="394.90" waitingTime="1.50" waitingCount="15" stopTime="0.00" timeLoss="57.98" rerouteNo="0" devices="tripinfo_44" vType="typeCar@44" speedFactor="1.00" vaporized=""/>
    <tripinfo id="45" depart="42.00" departLane="wc_0" departPos="5.10" departSpeed="10.00" departDelay="0.00" arrival="139.40" arrivalLane="ce_0" arrivalPos="192.80" arrivalSpeed="10.00" duration="97.40" routeLength="394.90" waitingTime="1.70" waitingCount="17" stopTime="0.00" timeLoss="57.88" rerouteNo="0" devices="tripinfo_45" vType="typeCar@45" speedFactor="1.00" vaporized=""/>
    <tripinfo id="47" depart="44.00" departLane="wc_0" departPos="5.10" departSpeed="10.00" departDelay="0.00" arrival="140.70" arrivalLane="ce_0" arrivalPos="192.80" arrivalSpeed="10.00" duration="96.70" routeLength="394.90" waitingTime="1.90" waitingCount="19" stopTime="0.00" timeLoss="57.18" rerouteNo="0" devices="tripinfo_47" vType="typeCar@47" speedFactor="1.00" vaporized=""/>
    <tripinfo id="41" depart="39.00" departLane="nc_0" departPos="5.10" departSpeed="10.00" departDelay="0.00" arrival="142.30" arrivalLane="cs_0" arrivalPos="192.80" arrivalSpeed="10.00" duration="103.30" routeLength="394.90" waitingTime="2.60" waitingCount="26" stopTime="0.00" timeLoss="63.78" rerouteNo="0" devices="tripinfo_41" vType="typeCar@41" speedFactor="1.00" vaporized=""/>
    <tripinfo id="43" depart="40.00" departLane="nc_0" departPos="5.10" departSpeed="10.00" departDelay="0.00" arrival="143.40" arrivalLane="cs_0" arrivalPos="192.80" arrivalSpeed="10.00" duration="103.40" routeLength="394.90" waitingTime="2.70" waitingCount="27" stopTime="0.00" timeLoss="63.89" rerouteNo="0" devices="tripinfo_43" vType="typeCar@43" speedFactor="1.00" vaporized=""/>
    <tripinfo id="49" depart="45.00" departLane="wc_0" departPos="5.10" departSpeed="10.00" departDelay="0.00" arrival="150.00" arrivalLane="ce_0" arrivalPos="192.80" arrivalSpeed="10.00" duration="105.00" routeLength="394.90" waitingTime="2.70" waitingCount="27" stopTime="0.00" timeLoss="65.51" rerouteNo="0" devices="tripinfo_49" vType="typeCar@49" speedFactor="1.00" vaporized=""/>
    <tripinfo id="50" depart="47.00" departLane="wc_0" departPos="5.10" departSpeed="7.00" departDelay="0.00" arrival="151.00" arrivalLane="ce_0" arrivalPos="192.80" arrivalSpeed="10.00" duration="104.00" routeLength="394.90" waitingTime="3.30" waitingCount="33" stopTime="0.00" timeLoss="64.42" rerouteNo="0" devices="tripinfo_50" vType="typeCar@50" speedFactor="1.00" vaporized=""/>
    <tripinfo id="52" depart="50.00" departLane="wc_0" departPos="5.10" departSpeed="4.00" departDelay="0.00" arrival="152.00" arrivalLane="ce_0" arrivalPos="192.80" arrivalSpeed="10.00" duration="102.00" routeLength="394.90" waitingTime="3.80" waitingCount="38" stopTime="0.00" timeLoss="62.46" rerouteNo="0" devices="tripinfo_52" vType="typeCar@52" speedFactor="1.00" vaporized=""/>
    <tripinfo id="53" depart="52.00" departLane="wc_0" departPos="5.10" departSpeed="6.00" departDelay="0.00" arrival="154.80" arrivalLane="ce_0" arrivalPos="192.80" arrivalSpeed="10.00" duration="102.80" routeLength="394.90" waitingTime="3.90" waitingCount="39" stopTime="0.00" timeLoss="63.28" rerouteNo="0" devices="tripinfo_53" vType="typeCar@53" speedFactor="1.00" vaporized=""/>
    <tripinfo id="54" depart="53.00" departLane="wc_0" departPos="5.10" departSpeed="6.60" departDelay="0.00" arrival="155.90" arrivalLane="ce_0" arrivalPos="192.80" arrivalSpeed="10.00" duration="102.90" routeLength="394.90" waitingTime="4.30" waitingCount="43" stopTime="0.00" timeLoss="63.40" rerouteNo="0" devices="tripinfo_54" vType="typeCar@54" speedFactor="1.00" vaporized=""/>
    <tripinfo id="46" depart="42.00" departLane="nc_0" departPos="5.10" departSpeed="10.00" departDelay="0.00" arrival="157.60" arrivalLane="cs_0" arrivalPos="192.80" arrivalSpeed="10.00" duration="115.60" routeLength="394.90" waitingTime="3.40" waitingCount="34" stopTime="0.00" timeLoss="76.05" rerouteNo="0" devices="tripinfo_46" vType="typeCar@46" speedFactor="1.00" vaporized=""/>
    <tripinfo id="48" depart="44.00" departLane="nc_0" departPos="5.10" departSpeed="10.00" departDelay="0.00" arrival="159.20" arrivalLane="cs_0" arrivalPos="192.80" arrivalSpeed="10.00" duration="115.20" routeLength="394.90" waitingTime="3.20" waitingCount="32" stopTime="0.00" timeLoss="75.67" rerouteNo="0" devices="tripinfo_48" vType="typeCar@48" speedFactor="1.00" vaporized=""/>
    <tripinfo id="55" depart="54.20" departLane="wc_0" departPos="5.10" departSpeed="4.60" departDelay="0.20" arrival="165.40" arrivalLane="ce_0" arrivalPos="192.80" arrivalSpeed="10.00" duration="111.20" routeLength="394.90" waitingTime="4.60" waitingCount="46" stopTime="0.00" timeLoss="71.74" rerouteNo="0" devices="tripinfo_55" vType="typeCar@55" speedFactor="1.00" vaporized=""/>
    <tripinfo id="57" depart="60.00" departLane="wc_0" departPos="5.10" departSpeed="2.80" departDelay="4.00" arrival="166.30" arrivalLane="ce_0" arrivalPos="192.80" arrivalSpeed="10.00" duration="106.30" routeLength="394.90" waitingTime="4.00" waitingCount="40" stopTime="0.00" timeLoss="66.78" rerouteNo="0" devices="tripinfo_57" vType="typeCar@57" speedFactor="1.00" vaporized=""/>
    <tripinfo id="59" depart="62.30" departLane="wc_0" departPos="5.10" departSpeed="5.70" departDelay="4.30" arrival="167.30" arrivalLane="ce_0" arrivalPos="192.80" arrivalSpeed="10.00" duration="105.00" routeLength="394.90" waitingTime="4.90" waitingCount="49" stopTime="0.00" timeLoss="65.50" rerouteNo="0" devices="tripinfo_59" vType="typeCar@59" speedFactor="1.00" vaporized=""/>
    <tripinfo id="61" depart="63.40" departLane="wc_0" departPos="5.10" departSpeed="5.80" departDelay="1.40" arrival="168.40" arrivalLane="ce_0" arrivalPos="192.80" arrivalSpeed="10.00" duration="105.00" routeLength="394.90" waitingTime="4.80" waitingCount="48" stopTime="0.00" timeLoss="65.47" rerouteNo="0" devices="tripinfo_61" vType="typeCar@61" speedFactor="1.00" vaporized=""/>
    <tripinfo id="63" depart="68.30" departLane="wc_0" departPos="5.10" departSpeed="1.30" departDelay="5.30" arrival="169.40" arrivalLane="ce_0" arrivalPos="192.80" arrivalSpeed="10.00" duration="101.10" routeLength="394.90" waitingTime="4.50" waitingCount="45" stopTime="0.00" timeLoss="61.58" rerouteNo="0" devices="tripinfo_63" vType="typeCar@63" speedFactor="1.00" vaporized=""/>
    <tripinfo id="64" depart="70.90" departLane="wc_0" departPos="5.10" departSpeed="6.10" departDelay="5.90" arrival="170.40" arrivalLane="ce_0" arrivalPos="192.80" arrivalSpeed="10.00" duration="99.50" routeLength="394.90" waitingTime="4.80" waitingCount="48" stopTime="0.00" timeLoss="60.04" rerouteNo="0" devices="tripinfo_64" vType="typeCar@64" speedFactor="1.00" vaporized=""/>
    <tripinfo id="66" depart="71.90" departLane="wc_0" departPos="5.10" departSpeed="5.10" departDelay="4.90" arrival="171.60" arrivalLane="ce_0" arrivalPos="192.80" arrivalSpeed="10.00" duration="99.70" routeLength="394.90" waitingTime="5.00" waitingCount="50" stopTime="0.00" timeLoss="60.20" rerouteNo="0" devices="tripinfo_66" vType="typeCar@66" speedFactor="1.00" vaporized=""/>
    <tripinfo id="67" depart="77.30" departLane="wc_0" departPos="5.10" departSpeed="2.90" departDelay="9.30" arrival="175.50" arrivalLane="ce_0" arrivalPos="192.80" arrivalSpeed="10.00" duration="98.20" routeLength="394.90" waitingTime="4.50" waitingCount="45" stopTime="0.00" timeLoss="58.65" rerouteNo="0" devices="tripinfo_67" vType="typeCar@67" speedFactor="1.00" vaporized=""/>
    <tripinfo id="69" depart="79.90" departLane="wc_0" departPos="5.10" departSpeed="0.30" departDelay="9.90" arrival="177.10" arrivalLane="ce_0" arrivalPos="192.80" arrivalSpeed="10.00" duration="97.20" routeLength="394.90" waitingTime="5.20" waitingCount="44" stopTime="0.00" timeLoss="57.69" rerouteNo="0" devices="tripinfo_69" vType="typeCar@69" speedFactor="1.00" vaporized=""/>
    <tripinfo id="70" depart="87.50" departLane="wc_0" departPos="5.10" departSpeed="4.85" departDelay="16.50" arrival="178.30" arrivalLane="ce_0" arrivalPos="192.80" arrivalSpeed="10.00" duration="90.80" routeLength="394.90" waitingTime="3.20" waitingCount="32" stopTime="0.00" timeLoss="51.25" rerouteNo="0" devices="tripinfo_70" vType="typeCar@70" speedFactor="1.00" vaporized=""/>
    <tripinfo id="71" depart="89.70" departLane="wc_0" departPos="5.10" departSpeed="0.25" departDelay="17.70" arrival="179.30" arrivalLane="ce_0" arrivalPos="192.80" arrivalSpeed="10.00" duration="89.60" routeLength="394.90" waitingTime="5.20" waitingCount="41" stopTime="0.00" timeLoss="50.08" rerouteNo="0" devices="tripinfo_71" vType="typeCar@71" speedFactor="1.00" vaporized=""/>
    <tripinfo id="73" depart="102.70" departLane="wc_0" departPos="5.10" departSpeed="2.82" departDelay="29.70" arrival="180.40" arrivalLane="ce_0" arrivalPos="192.80" arrivalSpeed="10.00" duration="77.70" routeLength="394.90" waitingTime="2.40" waitingCount="24" stopTime="0.00" timeLoss="38.14" rerouteNo="0" devices="tripinfo_73" vType="typeCar@73" speedFactor="1.00" vaporized=""/>
    <tripinfo id="51" depart="47.00" departLane="nc_0" departPos="5.10" departSpeed="9.00" departDelay="0.00" arrival="182.80" arrivalLane="cs_0" arrivalPos="192.80" arrivalSpeed="10.00" duration="135.80" routeLength="394.90" waitingTime="3.80" waitingCount="38" stopTime="0.00" timeLoss="96.23" rerouteNo="0" devices="tripinfo_51" vType="typeCar@51" speedFactor="1.00" vaporized=""/>
    <tripinfo id="56" depart="55.00" departLane="nc_0" departPos="5.10" departSpeed="2.10" departDelay="0.00" arrival="184.00" arrivalLane="cs_0" arrivalPos="192.80" arrivalSpeed="10.00" duration="129.00" routeLength="394.90" waitingTime="3.60" waitingCount="36" stopTime="0.00" timeLoss="89.43" rerouteNo="0" devices="tripinfo_56" vType="typeCar@56" speedFactor="1.00" vaporized=""/>
    <tripinfo id="74" depart="105.00" departLane="wc_0" departPos="5.10" departSpeed="5.72" departDelay="31.00" arrival="185.40" arrivalLane="ce_0" arrivalPos="192.80" arrivalSpeed="10.00" duration="80.40" routeLength="394.90" waitingTime="2.80" waitingCount="28" stopTime="0.00" timeLoss="40.90" rerouteNo="0" devices="tripinfo_74" vType="typeCar@74" speedFactor="1.00" vaporized=""/>
    <tripinfo id="76" depart="106.10" departLane="wc_0" departPos="5.10" departSpeed="5.82" departDelay="30.10" arrival="186.40" arrivalLane="ce_0" arrivalPos="192.80" arrivalSpeed="10.00" duration="80.30" routeLength="394.90" waitingTime="2.80" waitingCount="28" stopTime="0.00" timeLoss="40.82" rerouteNo="0" devices="tripinfo_76" vType="typeCar@76" speedFactor="1.00" vaporized=""/>
    <tripinfo id="58" depart="56.50" departLane="nc_0" departPos="5.10" departSpeed="6.60" departDelay="0.50" arrival="187.90" arrivalLane="cs_0" arrivalPos="192.80" arrivalSpeed="10.00" duration="131.40" routeLength="394.90" waitingTime="3.30" waitingCount="33" stopTime="0.00" timeLoss="91.93" rerouteNo="0" devices="tripinfo_58" vType="typeCar@58" speedFactor="1.00" vaporized=""/>
    <tripinfo id="60" depart="59.00" departLane="nc_0" departPos="5.10" departSpeed="7.80" departDelay="0.00" arrival="189.00" arrivalLane="cs_0" arrivalPos="192.80" arrivalSpeed="10.00" duration="130.00" routeLength="394.90" waitingTime="4.40" waitingCount="44" stopTime="0.00" timeLoss="90.43" rerouteNo="0" devices="tripinfo_60" vType="typeCar@60" speedFactor="1.00" vaporized=""/>
    <tripinfo id="77" depart="111.40" departLane="wc_0" departPos="5.10" departSpeed="0.12" departDelay="34.40" arrival="190.50" arrivalLane="ce_0" arrivalPos="192.80" arrivalSpeed="10.00" duration="79.10" routeLength="394.90" waitingTime="3.60" waitingCount="25" stopTime="0.00" timeLoss="39.56" rerouteNo="0" devices="tripinfo_77" vType="typeCar@77" speedFactor="1.00" vaporized=""/>
    <tripinfo id="79" depart="116.40" departLane="wc_0" departPos="5.10" departSpeed="0.19" departDelay="38.40" arrival="191.50" arrivalLane="ce_0" arrivalPos="192.80" arrivalSpeed="10.00" duration="75.10" routeLength="394.90" waitingTime="3.10" waitingCount="22" stopTime="0.00" timeLoss="35.57" rerouteNo="0" devices="tripinfo_79" vType="typeCar@79" speedFactor="1.00" vaporized=""/>
    <tripinfo id="62" depart="62.00" departLane="nc_0" departPos="5.10" departSpeed="0.80" departDelay="0.00" arrival="193.00" arrivalLane="cs_0" arrivalPos="192.80" arrivalSpeed="10.00" duration="131.00" routeLength="394.90" waitingTime="4.30" waitingCount="43" stopTime="0.00" timeLoss="91.49" rerouteNo="0" devices="tripinfo_62" vType="typeCar@62" speedFactor="1.00" vaporized=""/>
    <tripinfo id="65" depart="65.00" departLane="nc_0" departPos="5.10" departSpeed="5.00" departDelay="0.00" arrival="194.00" arrivalLane="cs_0" arrivalPos="192.80" arrivalSpeed="10.00" duration="129.00" routeLength="394.90" waitingTime="4.40" waitingCount="44" stopTime="0.00" timeLoss="89.50" rerouteNo="0" devices="tripinfo_65" vType="typeCar@65" speedFactor="1.00" vaporized=""/>
    <tripinfo id="80" depart="122.60" departLane="wc_0" departPos="5.10" departSpeed="5.35" departDelay="43.60" arrival="195.60" arrivalLane="ce_0" arrivalPos="192.80" arrivalSpeed="10.00" duration="73.00" routeLength="394.90" waitingTime="1.50" waitingCount="15" stopTime="0.00" timeLoss="33.46" rerouteNo="0" devices="tripinfo_80" vType="typeCar@80" speedFactor="1.00" vaporized=""/>
    <tripinfo id="82" depart="123.90" departLane="wc_0" departPos="5.10" departSpeed="2.85" departDelay="43.90" arrival="196.60" arrivalLane="ce_0" arrivalPos="192.80" arrivalSpeed="10.00" duration="72.70" routeLength="394.90" waitingTime="1.90" waitingCount="19" stopTime="0.00" timeLoss="33.20" rerouteNo="0" devices="tripinfo_82" vType="typeCar@82" speedFactor="1.00" vaporized=""/>
    <tripinfo id="68" depart="69.00" departLane="nc_0" departPos="5.10" departSpeed="1.00" departDelay="0.00" arrival="198.10" arrivalLane="cs_0" arrivalPos="192.80" arrivalSpeed="10.00" duration="129.10" routeLength="394.90" waitingTime="5.40" waitingCount="54" stopTime="0.00" timeLoss="89.62" rerouteNo="0" devices="tripinfo_68" vType="typeCar@68" speedFactor="1.00" vaporized=""/>
    <tripinfo id="72" depart="72.00" departLane="nc_0" departPos="5.10" departSpeed="0.40" departDelay="0.00" arrival="199.20" arrivalLane="cs_0" arrivalPos="192.80" arrivalSpeed="10.00" duration="127.20" routeLength="394.90" waitingTime="5.00" waitingCount="50" stopTime="0.00" timeLoss="87.66" rerouteNo="0" devices="tripinfo_72" vType="typeCar@72" speedFactor="1.00" vaporized=""/>
    <tripinfo id="83" depart="130.40" departLane="wc_0" departPos="5.10" departSpeed="4.37" departDelay="49.40" arrival="200.70" arrivalLane="ce_0" arrivalPos="192.80" arrivalSpeed="10.00" duration="70.30" routeLength="394.90" waitingTime="1.50" waitingCount="15" stopTime="0.00" timeLoss="30.79" rerouteNo="0" devices="tripinfo_83" vType="typeCar@83" speedFactor="1.00" vaporized=""/>
    <tripinfo id="85" depart="131.80" departLane="wc_0" departPos="5.10" departSpeed="3.77" departDelay="48.80" arrival="201.90" arrivalLane="ce_0" arrivalPos="192.80" arrivalSpeed="10.00" duration="70.10" routeLength="394.90" waitingTime="1.40" waitingCount="14" stopTime="0.00" timeLoss="30.57" rerouteNo="0" devices="tripinfo_85" vType="typeCar@85" speedFactor="1.00" vaporized=""/>
    <tripinfo id="75" depart="75.50" departLane="nc_0" departPos="5.10" departSpeed="4.50" departDelay="1.50" arrival="203.40" arrivalLane="cs_0" arrivalPos="192.80" arrivalSpeed="10.00" duration="127.90" routeLength="394.90" waitingTime="5.30" waitingCount="53" stopTime="0.00" timeLoss="88.41" rerouteNo="0" devices="tripinfo_75" vType="typeCar@75" speedFactor="1.00" vaporized=""/>
    <tripinfo id="78" depart="81.10" departLane="nc_0" departPos="5.10" departSpeed="3.70" departDelay="4.10" arrival="204.50" arrivalLane="cs_0" arrivalPos="192.80" arrivalSpeed="10.00" duration="123.40" routeLength="394.90" waitingTime="5.60" waitingCount="56" stopTime="0.00" timeLoss="83.92" rerouteNo="0" devices="tripinfo_78" vType="typeCar@78" speedFactor="1.00" vaporized=""/>
    <tripinfo id="86" depart="137.50" departLane="wc_0" departPos="5.10" departSpeed="4.07" departDelay="53.50" arrival="206.00" arrivalLane="ce_0" arrivalPos="192.80" arrivalSpeed="10.00" duration="68.50" routeLength="394.90" waitingTime="1.00" waitingCount="10" stopTime="0.00" timeLoss="29.03" rerouteNo="0" devices="tripinfo_86" vType="typeCar@86" speedFactor="1.00" vaporized=""/>
    <tripinfo id="88" depart="139.00" departLane="wc_0" departPos="5.10" departSpeed="6.17" departDelay="53.00" arrival="207.10" arrivalLane="ce_0" arrivalPos="192.80" arrivalSpeed="10.00" duration="68.10" routeLength="394.90" waitingTime="1.30" waitingCount="13" stopTime="0.00" timeLoss="28.55" rerouteNo="0" devices="tripinfo_88" vType="typeCar@88" speedFactor="1.00" vaporized=""/>
    <tripinfo id="81" depart="82.80" departLane="nc_0" departPos="5.10" departSpeed="5.60" departDelay="3.80" arrival="208.60" arrivalLane="cs_0" arrivalPos="192.80" arrivalSpeed="10.00" duration="125.80" routeLength="394.90" waitingTime="5.70" waitingCount="57" stopTime="0.00" timeLoss="86.28" rerouteNo="0" devices="tripinfo_81" vType="typeCar@81" speedFactor="1.00" vaporized=""/>
    <tripinfo id="84" depart="83.90" departLane="nc_0" departPos="5.10" departSpeed="4.90" departDelay="1.90" arrival="209.60" arrivalLane="cs_0" arrivalPos="192.80" arrivalSpeed="10.00" duration="125.70" routeLength="394.90" waitingTime="6.10" waitingCount="61" stopTime="0.00" timeLoss="86.21" rerouteNo="0" devices="tripinfo_84" vType="typeCar@84" speedFactor="1.00" vaporized=""/>
    <tripinfo id="90" depart="140.00" departLane="wc_0" departPos="5.10" departSpeed="7.57" departDelay="52.00" arrival="211.10" arrivalLane="ce_0" arrivalPos="192.80" arrivalSpeed="10.00" duration="71.10" routeLength="394.90" waitingTime="1.60" waitingCount="16" stopTime="0.00" timeLoss="31.62" rerouteNo="0" devices="tripinfo_90" vType="typeCar@90" speedFactor="1.00" vaporized=""/>
    <tripinfo id="91" depart="141.30" departLane="wc_0" departPos="5.10" departSpeed="1.07" departDelay="52.30" arrival="212.30" arrivalLane="ce_0" arrivalPos="192.80" arrivalSpeed="10.00" duration="71.00" routeLength="394.90" waitingTime="2.40" waitingCount="17" stopTime="0.00" timeLoss="31.43" rerouteNo="0" devices="tripinfo_91" vType="typeCar@91" speedFactor="1.00" vaporized=""/>
    <tripinfo id="87" depart="91.40" departLane="nc_0" departPos="5.10" departSpeed="0.20" departDelay="7.40" arrival="213.90" arrivalLane="cs_0" arrivalPos="192.80" arrivalSpeed="10.00" duration="122.50" routeLength="394.90" waitingTime="6.20" waitingCount="54" stopTime="0.00" timeLoss="82.93" rerouteNo="0" devices="tripinfo_87" vType="typeCar@87" speedFactor="1.00" vaporized=""/>
    <tripinfo id="89" depart="101.60" departLane="nc_0" departPos="5.10" departSpeed="4.03" departDelay="14.60" arrival="214.90" arrivalLane="cs_0" arrivalPos="192.80" arrivalSpeed="10.00" duration="113.30" routeLength="394.90" waitingTime="5.30" waitingCount="53" stopTime="0.00" timeLoss="73.77" rerouteNo="0" devices="tripinfo_89" vType="typeCar@89" speedFactor="1.00" vaporized=""/>
    <tripinfo id="93" depart="148.40" departLane="wc_0" departPos="5.10" departSpeed="2.53" departDelay="56.40" arrival="216.50" arrivalLane="ce_0" arrivalPos="192.80" arrivalSpeed="10.00" duration="68.10" routeLength="394.90" waitingTime="1.10" waitingCount="10" stopTime="0.00" timeLoss="28.53" rerouteNo="0" devices="tripinfo_93" vType="typeCar@93" speedFactor="1.00" vaporized=""/>
    <tripinfo id="96" depart="151.70" departLane="wc_0" departPos="5.10" departSpeed="5.48" departDelay="57.70" arrival="217.60" arrivalLane="ce_0" arrivalPos="192.80" arrivalSpeed="10.00" duration="65.90" routeLength="394.90" waitingTime="1.10" waitingCount="11" stopTime="0.00" timeLoss="26.43" rerouteNo="0" devices="tripinfo_96" vType="typeCar@96" speedFactor="1.00" vaporized=""/>
    <tripinfo id="92" depart="107.50" departLane="nc_0" departPos="5.10" departSpeed="4.13" departDelay="16.50" arrival="219.20" arrivalLane="cs_0" arrivalPos="192.80" arrivalSpeed="10.00" duration="111.70" routeLength="394.90" waitingTime="5.00" waitingCount="50" stopTime="0.00" timeLoss="72.18" rerouteNo="0" devices="tripinfo_92" vType="typeCar@92" speedFactor="1.00" vaporized=""/>
    <tripinfo id="94" depart="109.00" departLane="nc_0" departPos="5.10" departSpeed="6.23" departDelay="17.00" arrival="220.30" arrivalLane="cs_0" arrivalPos="192.80" arrivalSpeed="10.00" duration="111.30" routeLength="394.90" waitingTime="5.10" waitingCount="51" stopTime="0.00" timeLoss="71.77" rerouteNo="0" devices="tripinfo_94" vType="typeCar@94" speedFactor="1.00" vaporized=""/>
    <tripinfo id="97" depart="152.80" departLane="wc_0" departPos="5.10" departSpeed="7.18" departDelay="57.80" arrival="221.80" arrivalLane="ce_0" arrivalPos="192.80" arrivalSpeed="10.00" duration="69.00" routeLength="394.90" waitingTime="1.20" waitingCount="12" stopTime="0.00" timeLoss="29.48" rerouteNo="0" devices="tripinfo_97" vType="typeCar@97" speedFactor="1.00" vaporized=""/>
    <tripinfo id="99" depart="153.80" departLane="wc_0" departPos="5.10" departSpeed="8.58" departDelay="57.80" arrival="222.90" arrivalLane="ce_0" arrivalPos="192.80" arrivalSpeed="10.00" duration="69.10" routeLength="394.90" waitingTime="1.40" waitingCount="14" stopTime="0.00" timeLoss="29.61" rerouteNo="0" devices="tripinfo_99" vType="typeCar@99" speedFactor="1.00" vaporized=""/>
    <tripinfo id="95" depart="110.00" departLane="nc_0" departPos="5.10" departSpeed="6.83" departDelay="17.00" arrival="224.40" arrivalLane="cs_0" arrivalPos="192.80" arrivalSpeed="10.00" duration="114.40" routeLength="394.90" waitingTime="5.40" waitingCount="54" stopTime="0.00" timeLoss="74.90" rerouteNo="0" devices="tripinfo_95" vType="typeCar@95" speedFactor="1.00" vaporized=""/>
    <tripinfo id="98" depart="112.60" departLane="nc_0" departPos="5.10" departSpeed="0.23" departDelay="17.60" arrival="225.40" arrivalLane="cs_0" arrivalPos="192.80" arrivalSpeed="10.00" duration="112.80" routeLength="394.90" waitingTime="6.90" waitingCount="58" stopTime="0.00" timeLoss="73.28" rerouteNo="0" devices="tripinfo_98" vType="typeCar@98" speedFactor="1.00" vaporized=""/>
    <tripinfo id="100" depart="154.50" departLane="wc_0" departPos="5.10" departSpeed="9.08" departDelay="57.50" arrival="226.90" arrivalLane="ce_0" arrivalPos="192.80" arrivalSpeed="10.00" duration="72.40" routeLength="394.90" waitingTime="1.60" waitingCount="16" stopTime="0.00" timeLoss="32.90" rerouteNo="0" devices="tripinfo_100" vType="typeCar@100" speedFactor="1.00" vaporized=""/>
    <tripinfo id="101" depart="155.30" departLane="wc_0" departPos="5.10" departSpeed="7.48" departDelay="57.30" arrival="228.10" arrivalLane="ce_0" arrivalPos="192.80" arrivalSpeed="10.00" duration="72.80" routeLength="394.90" waitingTime="1.50" waitingCount="15" stopTime="0.00" timeLoss="33.29" rerouteNo="0" devices="tripinfo_101" vType="typeCar@101" speedFactor="1.00" vaporized=""/>
    <tripinfo id="102" depart="124.00" departLane="nc_0" departPos="5.10" departSpeed="3.65" departDelay="26.00" arrival="229.60" arrivalLane="cs_0" arrivalPos="192.80" arrivalSpeed="10.00" duration="105.60" routeLength="394.90" waitingTime="4.60" waitingCount="46" stopTime="0.00" timeLoss="66.11" rerouteNo="0" devices="tripinfo_102" vType="typeCar@102" speedFactor="1.00" vaporized=""/>
</tripinfos>
