<?xml version="1.0" encoding="UTF-8"?>

<!-- generated on 2022-11-30 12:09:01 by Eclipse SUMO sumo Version 1.14.1
<configuration xmlns:xsi="http://www.w3.org/2001/XMLSchema-instance" xsi:noNamespaceSchemaLocation="http://sumo.dlr.de/xsd/sumoConfiguration.xsd">

    <input>
        <net-file value="net.net.xml"/>
        <route-files value="routes.rou.xml"/>
    </input>

    <output>
        <tripinfo-output value="raw_data/(4,8,0)tripinfo.xml"/>
    </output>

    <time>
        <begin value="0"/>
        <step-length value="0.1"/>
    </time>

    <processing>
        <extrapolate-departpos value="true"/>
        <route-steps value="0"/>
        <ignore-route-errors value="true"/>
        <collision.action value="warn"/>
        <collision.stoptime value="1"/>
        <collision.mingap-factor value="0.1"/>
    </processing>

    <report>
        <verbose value="false"/>
        <log value="log.txt"/>
        <duration-log.statistics value="true"/>
        <no-step-log value="true"/>
    </report>

    <traci_server>
        <remote-port value="61991"/>
    </traci_server>

    <gui_only>
        <quit-on-end value="true"/>
        <start value="true"/>
    </gui_only>

</configuration>
-->

<tripinfos xmlns:xsi="http://www.w3.org/2001/XMLSchema-instance" xsi:noNamespaceSchemaLocation="http://sumo.dlr.de/xsd/tripinfo_file.xsd">
    <tripinfo id="0" depart="0.00" departLane="wc_0" departPos="5.10" departSpeed="10.00" departDelay="0.00" arrival="39.50" arrivalLane="ce_0" arrivalPos="192.80" arrivalSpeed="10.00" duration="39.50" routeLength="394.90" waitingTime="0.00" waitingCount="0" stopTime="0.00" timeLoss="0.00" rerouteNo="0" devices="tripinfo_0" vType="typeCar@0" speedFactor="1.00" vaporized=""/>
    <tripinfo id="2" depart="1.00" departLane="wc_0" departPos="5.10" departSpeed="10.00" departDelay="0.00" arrival="40.50" arrivalLane="ce_0" arrivalPos="192.80" arrivalSpeed="10.00" duration="39.50" routeLength="394.90" waitingTime="0.00" waitingCount="0" stopTime="0.00" timeLoss="0.00" rerouteNo="0" devices="tripinfo_2" vType="typeCar@2" speedFactor="1.00" vaporized=""/>
    <tripinfo id="4" depart="2.00" departLane="wc_0" departPos="5.10" departSpeed="10.00" departDelay="0.00" arrival="41.50" arrivalLane="ce_0" arrivalPos="192.80" arrivalSpeed="10.00" duration="39.50" routeLength="394.90" waitingTime="0.00" waitingCount="0" stopTime="0.00" timeLoss="0.00" rerouteNo="0" devices="tripinfo_4" vType="typeCar@4" speedFactor="1.00" vaporized=""/>
    <tripinfo id="6" depart="4.00" departLane="wc_0" departPos="5.10" departSpeed="10.00" departDelay="0.00" arrival="43.50" arrivalLane="ce_0" arrivalPos="192.80" arrivalSpeed="10.00" duration="39.50" routeLength="394.90" waitingTime="0.00" waitingCount="0" stopTime="0.00" timeLoss="0.00" rerouteNo="0" devices="tripinfo_6" vType="typeCar@6" speedFactor="1.00" vaporized=""/>
    <tripinfo id="1" depart="0.00" departLane="nc_0" departPos="5.10" departSpeed="10.00" departDelay="0.00" arrival="45.10" arrivalLane="cs_0" arrivalPos="192.80" arrivalSpeed="10.00" duration="45.10" routeLength="394.90" waitingTime="0.00" waitingCount="0" stopTime="0.00" timeLoss="5.53" rerouteNo="0" devices="tripinfo_1" vType="typeCar@1" speedFactor="1.00" vaporized=""/>
    <tripinfo id="3" depart="1.00" departLane="nc_0" departPos="5.10" departSpeed="10.00" departDelay="0.00" arrival="46.50" arrivalLane="cs_0" arrivalPos="192.80" arrivalSpeed="10.00" duration="45.50" routeLength="394.90" waitingTime="0.00" waitingCount="0" stopTime="0.00" timeLoss="5.99" rerouteNo="0" devices="tripinfo_3" vType="typeCar@3" speedFactor="1.00" vaporized=""/>
    <tripinfo id="8" depart="5.00" departLane="wc_0" departPos="5.10" departSpeed="10.00" departDelay="0.00" arrival="51.90" arrivalLane="ce_0" arrivalPos="192.80" arrivalSpeed="10.00" duration="46.90" routeLength="394.90" waitingTime="0.00" waitingCount="0" stopTime="0.00" timeLoss="7.36" rerouteNo="0" devices="tripinfo_8" vType="typeCar@8" speedFactor="1.00" vaporized=""/>
    <tripinfo id="9" depart="6.00" departLane="wc_0" departPos="5.10" departSpeed="10.00" departDelay="0.00" arrival="52.80" arrivalLane="ce_0" arrivalPos="192.80" arrivalSpeed="10.00" duration="46.80" routeLength="394.90" waitingTime="0.00" waitingCount="0" stopTime="0.00" timeLoss="7.28" rerouteNo="0" devices="tripinfo_9" vType="typeCar@9" speedFactor="1.00" vaporized=""/>
    <tripinfo id="11" depart="7.00" departLane="wc_0" departPos="5.10" departSpeed="10.00" departDelay="0.00" arrival="53.80" arrivalLane="ce_0" arrivalPos="192.80" arrivalSpeed="10.00" duration="46.80" routeLength="394.90" waitingTime="0.00" waitingCount="0" stopTime="0.00" timeLoss="7.30" rerouteNo="0" devices="tripinfo_11" vType="typeCar@11" speedFactor="1.00" vaporized=""/>
    <tripinfo id="12" depart="8.00" departLane="wc_0" departPos="5.10" departSpeed="10.00" departDelay="0.00" arrival="54.90" arrivalLane="ce_0" arrivalPos="192.80" arrivalSpeed="10.00" duration="46.90" routeLength="394.90" waitingTime="0.10" waitingCount="1" stopTime="0.00" timeLoss="7.33" rerouteNo="0" devices="tripinfo_12" vType="typeCar@12" speedFactor="1.00" vaporized=""/>
    <tripinfo id="14" depart="11.00" departLane="wc_0" departPos="5.10" departSpeed="10.00" departDelay="0.00" arrival="55.90" arrivalLane="ce_0" arrivalPos="192.80" arrivalSpeed="10.00" duration="44.90" routeLength="394.90" waitingTime="0.10" waitingCount="1" stopTime="0.00" timeLoss="5.38" rerouteNo="0" devices="tripinfo_14" vType="typeCar@14" speedFactor="1.00" vaporized=""/>
    <tripinfo id="17" depart="13.00" departLane="wc_0" departPos="5.10" departSpeed="10.00" departDelay="0.00" arrival="56.90" arrivalLane="ce_0" arrivalPos="192.80" arrivalSpeed="10.00" duration="43.90" routeLength="394.90" waitingTime="0.00" waitingCount="0" stopTime="0.00" timeLoss="4.41" rerouteNo="0" devices="tripinfo_17" vType="typeCar@17" speedFactor="1.00" vaporized=""/>
    <tripinfo id="5" depart="3.00" departLane="nc_0" departPos="5.10" departSpeed="10.00" departDelay="0.00" arrival="59.40" arrivalLane="cs_0" arrivalPos="192.80" arrivalSpeed="10.00" duration="56.40" routeLength="394.90" waitingTime="0.00" waitingCount="0" stopTime="0.00" timeLoss="16.84" rerouteNo="0" devices="tripinfo_5" vType="typeCar@5" speedFactor="1.00" vaporized=""/>
    <tripinfo id="19" depart="16.00" departLane="wc_0" departPos="5.10" departSpeed="10.00" departDelay="0.00" arrival="62.00" arrivalLane="ce_0" arrivalPos="192.80" arrivalSpeed="10.00" duration="46.00" routeLength="394.90" waitingTime="0.00" waitingCount="0" stopTime="0.00" timeLoss="6.49" rerouteNo="0" devices="tripinfo_19" vType="typeCar@19" speedFactor="1.00" vaporized=""/>
    <tripinfo id="20" depart="17.00" departLane="wc_0" departPos="5.10" departSpeed="10.00" departDelay="0.00" arrival="64.80" arrivalLane="ce_0" arrivalPos="192.80" arrivalSpeed="10.00" duration="47.80" routeLength="394.90" waitingTime="0.00" waitingCount="0" stopTime="0.00" timeLoss="8.31" rerouteNo="0" devices="tripinfo_20" vType="typeCar@20" speedFactor="1.00" vaporized=""/>
    <tripinfo id="21" depart="20.00" departLane="wc_0" departPos="5.10" departSpeed="10.00" departDelay="0.00" arrival="69.00" arrivalLane="ce_0" arrivalPos="192.80" arrivalSpeed="10.00" duration="49.00" routeLength="394.90" waitingTime="0.00" waitingCount="0" stopTime="0.00" timeLoss="9.45" rerouteNo="0" devices="tripinfo_21" vType="typeCar@21" speedFactor="1.00" vaporized=""/>
    <tripinfo id="7" depart="4.00" departLane="nc_0" departPos="5.10" departSpeed="10.00" departDelay="0.00" arrival="71.70" arrivalLane="cs_0" arrivalPos="192.80" arrivalSpeed="10.00" duration="67.70" routeLength="394.90" waitingTime="8.70" waitingCount="2" stopTime="0.00" timeLoss="28.17" rerouteNo="0" devices="tripinfo_7" vType="typeCar@7" speedFactor="1.00" vaporized=""/>
    <tripinfo id="23" depart="21.00" departLane="wc_0" departPos="5.10" departSpeed="10.00" departDelay="0.00" arrival="74.00" arrivalLane="ce_0" arrivalPos="192.80" arrivalSpeed="10.00" duration="53.00" routeLength="394.90" waitingTime="0.10" waitingCount="1" stopTime="0.00" timeLoss="13.46" rerouteNo="0" devices="tripinfo_23" vType="typeCar@23" speedFactor="1.00" vaporized=""/>
    <tripinfo id="25" depart="22.00" departLane="wc_0" departPos="5.10" departSpeed="10.00" departDelay="0.00" arrival="75.00" arrivalLane="ce_0" arrivalPos="192.80" arrivalSpeed="10.00" duration="53.00" routeLength="394.90" waitingTime="0.20" waitingCount="2" stopTime="0.00" timeLoss="13.50" rerouteNo="0" devices="tripinfo_25" vType="typeCar@25" speedFactor="1.00" vaporized=""/>
    <tripinfo id="27" depart="23.00" departLane="wc_0" departPos="5.10" departSpeed="10.00" departDelay="0.00" arrival="76.40" arrivalLane="ce_0" arrivalPos="192.80" arrivalSpeed="10.00" duration="53.40" routeLength="394.90" waitingTime="0.20" waitingCount="2" stopTime="0.00" timeLoss="13.86" rerouteNo="0" devices="tripinfo_27" vType="typeCar@27" speedFactor="1.00" vaporized=""/>
    <tripinfo id="10" depart="6.00" departLane="nc_0" departPos="5.10" departSpeed="10.00" departDelay="0.00" arrival="84.40" arrivalLane="cs_0" arrivalPos="192.80" arrivalSpeed="10.00" duration="78.40" routeLength="394.90" waitingTime="0.10" waitingCount="1" stopTime="0.00" timeLoss="38.92" rerouteNo="0" devices="tripinfo_10" vType="typeCar@10" speedFactor="1.00" vaporized=""/>
    <tripinfo id="13" depart="9.00" departLane="nc_0" departPos="5.10" departSpeed="10.00" departDelay="0.00" arrival="85.80" arrivalLane="cs_0" arrivalPos="192.80" arrivalSpeed="10.00" duration="76.80" routeLength="394.90" waitingTime="0.70" waitingCount="7" stopTime="0.00" timeLoss="37.30" rerouteNo="0" devices="tripinfo_13" vType="typeCar@13" speedFactor="1.00" vaporized=""/>
    <tripinfo id="29" depart="24.00" departLane="wc_0" departPos="5.10" departSpeed="10.00" departDelay="0.00" arrival="87.50" arrivalLane="ce_0" arrivalPos="192.80" arrivalSpeed="10.00" duration="63.50" routeLength="394.90" waitingTime="0.30" waitingCount="3" stopTime="0.00" timeLoss="23.99" rerouteNo="0" devices="tripinfo_29" vType="typeCar@29" speedFactor="1.00" vaporized=""/>
    <tripinfo id="31" depart="25.00" departLane="wc_0" departPos="5.10" departSpeed="10.00" departDelay="0.00" arrival="88.40" arrivalLane="ce_0" arrivalPos="192.80" arrivalSpeed="10.00" duration="63.40" routeLength="394.90" waitingTime="0.40" waitingCount="4" stopTime="0.00" timeLoss="23.88" rerouteNo="0" devices="tripinfo_31" vType="typeCar@31" speedFactor="1.00" vaporized=""/>
    <tripinfo id="15" depart="11.00" departLane="nc_0" departPos="5.10" departSpeed="10.00" departDelay="0.00" arrival="90.10" arrivalLane="cs_0" arrivalPos="192.80" arrivalSpeed="10.00" duration="79.10" routeLength="394.90" waitingTime="0.40" waitingCount="4" stopTime="0.00" timeLoss="39.55" rerouteNo="0" devices="tripinfo_15" vType="typeCar@15" speedFactor="1.00" vaporized=""/>
    <tripinfo id="16" depart="12.00" departLane="nc_0" departPos="5.10" departSpeed="10.00" departDelay="0.00" arrival="91.10" arrivalLane="cs_0" arrivalPos="192.80" arrivalSpeed="10.00" duration="79.10" routeLength="394.90" waitingTime="0.50" waitingCount="5" stopTime="0.00" timeLoss="39.54" rerouteNo="0" devices="tripinfo_16" vType="typeCar@16" speedFactor="1.00" vaporized=""/>
    <tripinfo id="33" depart="26.00" departLane="wc_0" departPos="5.10" departSpeed="10.00" departDelay="0.00" arrival="92.60" arrivalLane="ce_0" arrivalPos="192.80" arrivalSpeed="10.00" duration="66.60" routeLength="394.90" waitingTime="0.50" waitingCount="5" stopTime="0.00" timeLoss="27.11" rerouteNo="0" devices="tripinfo_33" vType="typeCar@33" speedFactor="1.00" vaporized=""/>
    <tripinfo id="34" depart="27.00" departLane="wc_0" departPos="5.10" departSpeed="10.00" departDelay="0.00" arrival="93.70" arrivalLane="ce_0" arrivalPos="192.80" arrivalSpeed="10.00" duration="66.70" routeLength="394.90" waitingTime="0.80" waitingCount="8" stopTime="0.00" timeLoss="27.13" rerouteNo="0" devices="tripinfo_34" vType="typeCar@34" speedFactor="1.00" vaporized=""/>
    <tripinfo id="18" depart="13.00" departLane="nc_0" departPos="5.10" departSpeed="10.00" departDelay="0.00" arrival="95.80" arrivalLane="cs_0" arrivalPos="192.80" arrivalSpeed="10.00" duration="82.80" routeLength="394.90" waitingTime="1.30" waitingCount="13" stopTime="0.00" timeLoss="43.27" rerouteNo="0" devices="tripinfo_18" vType="typeCar@18" speedFactor="1.00" vaporized=""/>
    <tripinfo id="22" depart="20.00" departLane="nc_0" departPos="5.10" departSpeed="10.00" departDelay="0.00" arrival="96.90" arrivalLane="cs_0" arrivalPos="192.80" arrivalSpeed="10.00" duration="76.90" routeLength="394.90" waitingTime="0.60" waitingCount="6" stopTime="0.00" timeLoss="37.34" rerouteNo="0" devices="tripinfo_22" vType="typeCar@22" speedFactor="1.00" vaporized=""/>
    <tripinfo id="35" depart="28.00" departLane="wc_0" departPos="5.10" departSpeed="10.00" departDelay="0.00" arrival="98.50" arrivalLane="ce_0" arrivalPos="192.80" arrivalSpeed="10.00" duration="70.50" routeLength="394.90" waitingTime="0.80" waitingCount="8" stopTime="0.00" timeLoss="30.94" rerouteNo="0" devices="tripinfo_35" vType="typeCar@35" speedFactor="1.00" vaporized=""/>
    <tripinfo id="36" depart="29.00" departLane="wc_0" departPos="5.10" departSpeed="10.00" departDelay="0.00" arrival="99.50" arrivalLane="ce_0" arrivalPos="192.80" arrivalSpeed="10.00" duration="70.50" routeLength="394.90" waitingTime="0.90" waitingCount="9" stopTime="0.00" timeLoss="30.99" rerouteNo="0" devices="tripinfo_36" vType="typeCar@36" speedFactor="1.00" vaporized=""/>
    <tripinfo id="38" depart="31.00" departLane="wc_0" departPos="5.10" departSpeed="10.00" departDelay="0.00" arrival="100.70" arrivalLane="ce_0" arrivalPos="192.80" arrivalSpeed="10.00" duration="69.70" routeLength="394.90" waitingTime="1.50" waitingCount="15" stopTime="0.00" timeLoss="30.22" rerouteNo="0" devices="tripinfo_38" vType="typeCar@38" speedFactor="1.00" vaporized=""/>
    <tripinfo id="39" depart="33.00" departLane="wc_0" departPos="5.10" departSpeed="10.00" departDelay="0.00" arrival="106.20" arrivalLane="ce_0" arrivalPos="192.80" arrivalSpeed="10.00" duration="73.20" routeLength="394.90" waitingTime="1.50" waitingCount="15" stopTime="0.00" timeLoss="33.66" rerouteNo="0" devices="tripinfo_39" vType="typeCar@39" speedFactor="1.00" vaporized=""/>
    <tripinfo id="24" depart="21.00" departLane="nc_0" departPos="5.10" departSpeed="10.00" departDelay="0.00" arrival="110.40" arrivalLane="cs_0" arrivalPos="192.80" arrivalSpeed="10.00" duration="89.40" routeLength="394.90" waitingTime="2.70" waitingCount="16" stopTime="0.00" timeLoss="49.91" rerouteNo="0" devices="tripinfo_24" vType="typeCar@24" speedFactor="1.00" vaporized=""/>
    <tripinfo id="26" depart="22.00" departLane="nc_0" departPos="5.10" departSpeed="10.00" departDelay="0.00" arrival="111.30" arrivalLane="cs_0" arrivalPos="192.80" arrivalSpeed="10.00" duration="89.30" routeLength="394.90" waitingTime="1.60" waitingCount="16" stopTime="0.00" timeLoss="49.75" rerouteNo="0" devices="tripinfo_26" vType="typeCar@26" speedFactor="1.00" vaporized=""/>
    <tripinfo id="28" depart="23.00" departLane="nc_0" departPos="5.10" departSpeed="10.00" departDelay="0.00" arrival="112.20" arrivalLane="cs_0" arrivalPos="192.80" arrivalSpeed="10.00" duration="89.20" routeLength="394.90" waitingTime="1.80" waitingCount="18" stopTime="0.00" timeLoss="49.65" rerouteNo="0" devices="tripinfo_28" vType="typeCar@28" speedFactor="1.00" vaporized=""/>
    <tripinfo id="30" depart="24.00" departLane="nc_0" departPos="5.10" departSpeed="10.00" departDelay="0.00" arrival="116.80" arrivalLane="cs_0" arrivalPos="192.80" arrivalSpeed="10.00" duration="92.80" routeLength="394.90" waitingTime="2.00" waitingCount="20" stopTime="0.00" timeLoss="53.23" rerouteNo="0" devices="tripinfo_30" vType="typeCar@30" speedFactor="1.00" vaporized=""/>
    <tripinfo id="41" depart="34.00" departLane="wc_0" departPos="5.10" departSpeed="10.00" departDelay="0.00" arrival="121.50" arrivalLane="ce_0" arrivalPos="192.80" arrivalSpeed="10.00" duration="87.50" routeLength="394.90" waitingTime="1.60" waitingCount="16" stopTime="0.00" timeLoss="47.99" rerouteNo="0" devices="tripinfo_41" vType="typeCar@41" speedFactor="1.00" vaporized=""/>
    <tripinfo id="43" depart="35.00" departLane="wc_0" departPos="5.10" departSpeed="10.00" departDelay="0.00" arrival="122.40" arrivalLane="ce_0" arrivalPos="192.80" arrivalSpeed="10.00" duration="87.40" routeLength="394.90" waitingTime="1.50" waitingCount="15" stopTime="0.00" timeLoss="47.88" rerouteNo="0" devices="tripinfo_43" vType="typeCar@43" speedFactor="1.00" vaporized=""/>
    <tripinfo id="32" depart="25.00" departLane="nc_0" departPos="5.10" departSpeed="10.00" departDelay="0.00" arrival="124.50" arrivalLane="cs_0" arrivalPos="192.80" arrivalSpeed="10.00" duration="99.50" routeLength="394.90" waitingTime="2.00" waitingCount="20" stopTime="0.00" timeLoss="59.94" rerouteNo="0" devices="tripinfo_32" vType="typeCar@32" speedFactor="1.00" vaporized=""/>
    <tripinfo id="37" depart="29.00" departLane="nc_0" departPos="5.10" departSpeed="10.00" departDelay="0.00" arrival="125.50" arrivalLane="cs_0" arrivalPos="192.80" arrivalSpeed="10.00" duration="96.50" routeLength="394.90" waitingTime="2.50" waitingCount="25" stopTime="0.00" timeLoss="56.98" rerouteNo="0" devices="tripinfo_37" vType="typeCar@37" speedFactor="1.00" vaporized=""/>
    <tripinfo id="45" depart="37.00" departLane="wc_0" departPos="5.10" departSpeed="10.00" departDelay="0.00" arrival="127.10" arrivalLane="ce_0" arrivalPos="192.80" arrivalSpeed="10.00" duration="90.10" routeLength="394.90" waitingTime="1.70" waitingCount="17" stopTime="0.00" timeLoss="50.58" rerouteNo="0" devices="tripinfo_45" vType="typeCar@45" speedFactor="1.00" vaporized=""/>
    <tripinfo id="47" depart="39.00" departLane="wc_0" departPos="5.10" departSpeed="10.00" departDelay="0.00" arrival="128.10" arrivalLane="ce_0" arrivalPos="192.80" arrivalSpeed="10.00" duration="89.10" routeLength="394.90" waitingTime="2.00" waitingCount="20" stopTime="0.00" timeLoss="49.54" rerouteNo="0" devices="tripinfo_47" vType="typeCar@47" speedFactor="1.00" vaporized=""/>
    <tripinfo id="49" depart="40.00" departLane="wc_0" departPos="5.10" departSpeed="10.00" departDelay="0.00" arrival="129.90" arrivalLane="ce_0" arrivalPos="192.80" arrivalSpeed="10.00" duration="89.90" routeLength="394.90" waitingTime="2.40" waitingCount="24" stopTime="0.00" timeLoss="50.39" rerouteNo="0" devices="tripinfo_49" vType="typeCar@49" speedFactor="1.00" vaporized=""/>
    <tripinfo id="40" depart="33.00" departLane="nc_0" departPos="5.10" departSpeed="10.00" departDelay="0.00" arrival="131.50" arrivalLane="cs_0" arrivalPos="192.80" arrivalSpeed="10.00" duration="98.50" routeLength="394.90" waitingTime="2.60" waitingCount="26" stopTime="0.00" timeLoss="58.94" rerouteNo="0" devices="tripinfo_40" vType="typeCar@40" speedFactor="1.00" vaporized=""/>
    <tripinfo id="42" depart="34.00" departLane="nc_0" departPos="5.10" departSpeed="10.00" departDelay="0.00" arrival="132.50" arrivalLane="cs_0" arrivalPos="192.80" arrivalSpeed="10.00" duration="98.50" routeLength="394.90" waitingTime="2.70" waitingCount="27" stopTime="0.00" timeLoss="58.97" rerouteNo="0" devices="tripinfo_42" vType="typeCar@42" speedFactor="1.00" vaporized=""/>
    <tripinfo id="51" depart="41.00" departLane="wc_0" departPos="5.10" departSpeed="10.00" departDelay="0.00" arrival="134.00" arrivalLane="ce_0" arrivalPos="192.80" arrivalSpeed="10.00" duration="93.00" routeLength="394.90" waitingTime="2.60" waitingCount="26" stopTime="0.00" timeLoss="53.51" rerouteNo="0" devices="tripinfo_51" vType="typeCar@51" speedFactor="1.00" vaporized=""/>
    <tripinfo id="52" depart="42.00" departLane="wc_0" departPos="5.10" departSpeed="10.00" departDelay="0.00" arrival="135.20" arrivalLane="ce_0" arrivalPos="192.80" arrivalSpeed="10.00" duration="93.20" routeLength="394.90" waitingTime="2.70" waitingCount="27" stopTime="0.00" timeLoss="53.63" rerouteNo="0" devices="tripinfo_52" vType="typeCar@52" speedFactor="1.00" vaporized=""/>
    <tripinfo id="44" depart="36.00" departLane="nc_0" departPos="5.10" departSpeed="10.00" departDelay="0.00" arrival="137.80" arrivalLane="cs_0" arrivalPos="192.80" arrivalSpeed="10.00" duration="101.80" routeLength="394.90" waitingTime="2.80" waitingCount="28" stopTime="0.00" timeLoss="62.23" rerouteNo="0" devices="tripinfo_44" vType="typeCar@44" speedFactor="1.00" vaporized=""/>
    <tripinfo id="46" depart="37.00" departLane="nc_0" departPos="5.10" departSpeed="10.00" departDelay="0.00" arrival="138.80" arrivalLane="cs_0" arrivalPos="192.80" arrivalSpeed="10.00" duration="101.80" routeLength="394.90" waitingTime="2.70" waitingCount="27" stopTime="0.00" timeLoss="62.27" rerouteNo="0" devices="tripinfo_46" vType="typeCar@46" speedFactor="1.00" vaporized=""/>
    <tripinfo id="48" depart="39.00" departLane="nc_0" departPos="5.10" departSpeed="10.00" departDelay="0.00" arrival="141.00" arrivalLane="cs_0" arrivalPos="192.80" arrivalSpeed="10.00" duration="102.00" routeLength="394.90" waitingTime="2.80" waitingCount="28" stopTime="0.00" timeLoss="62.47" rerouteNo="0" devices="tripinfo_48" vType="typeCar@48" speedFactor="1.00" vaporized=""/>
    <tripinfo id="54" depart="44.00" departLane="wc_0" departPos="5.10" departSpeed="5.50" departDelay="0.00" arrival="145.90" arrivalLane="ce_0" arrivalPos="192.80" arrivalSpeed="10.00" duration="101.90" routeLength="394.90" waitingTime="2.90" waitingCount="29" stopTime="0.00" timeLoss="62.33" rerouteNo="0" devices="tripinfo_54" vType="typeCar@54" speedFactor="1.00" vaporized=""/>
    <tripinfo id="56" depart="45.00" departLane="wc_0" departPos="5.10" departSpeed="7.70" departDelay="0.00" arrival="146.80" arrivalLane="ce_0" arrivalPos="192.80" arrivalSpeed="10.00" duration="101.80" routeLength="394.90" waitingTime="3.20" waitingCount="32" stopTime="0.00" timeLoss="62.22" rerouteNo="0" devices="tripinfo_56" vType="typeCar@56" speedFactor="1.00" vaporized=""/>
    <tripinfo id="57" depart="46.10" departLane="wc_0" departPos="5.10" departSpeed="3.00" departDelay="0.10" arrival="148.20" arrivalLane="ce_0" arrivalPos="192.80" arrivalSpeed="10.00" duration="102.10" routeLength="394.90" waitingTime="3.50" waitingCount="35" stopTime="0.00" timeLoss="62.60" rerouteNo="0" devices="tripinfo_57" vType="typeCar@57" speedFactor="1.00" vaporized=""/>
    <tripinfo id="50" depart="40.00" departLane="nc_0" departPos="5.10" departSpeed="10.00" departDelay="0.00" arrival="149.90" arrivalLane="cs_0" arrivalPos="192.80" arrivalSpeed="10.00" duration="109.90" routeLength="394.90" waitingTime="3.30" waitingCount="33" stopTime="0.00" timeLoss="70.41" rerouteNo="0" devices="tripinfo_50" vType="typeCar@50" speedFactor="1.00" vaporized=""/>
    <tripinfo id="53" depart="42.00" departLane="nc_0" departPos="5.10" departSpeed="10.00" departDelay="0.00" arrival="151.30" arrivalLane="cs_0" arrivalPos="192.80" arrivalSpeed="10.00" duration="109.30" routeLength="394.90" waitingTime="3.80" waitingCount="38" stopTime="0.00" timeLoss="69.79" rerouteNo="0" devices="tripinfo_53" vType="typeCar@53" speedFactor="1.00" vaporized=""/>
    <tripinfo id="58" depart="50.50" departLane="wc_0" departPos="5.10" departSpeed="4.20" departDelay="3.50" arrival="157.80" arrivalLane="ce_0" arrivalPos="192.80" arrivalSpeed="10.00" duration="107.30" routeLength="394.90" waitingTime="3.40" waitingCount="34" stopTime="0.00" timeLoss="67.78" rerouteNo="0" devices="tripinfo_58" vType="typeCar@58" speedFactor="1.00" vaporized=""/>
    <tripinfo id="60" depart="52.00" departLane="wc_0" departPos="5.10" departSpeed="3.10" departDelay="2.00" arrival="158.70" arrivalLane="ce_0" arrivalPos="192.80" arrivalSpeed="10.00" duration="106.70" routeLength="394.90" waitingTime="4.00" waitingCount="40" stopTime="0.00" timeLoss="67.17" rerouteNo="0" devices="tripinfo_60" vType="typeCar@60" speedFactor="1.00" vaporized=""/>
    <tripinfo id="61" depart="57.10" departLane="wc_0" departPos="5.10" departSpeed="4.69" departDelay="6.10" arrival="159.70" arrivalLane="ce_0" arrivalPos="192.80" arrivalSpeed="10.00" duration="102.60" routeLength="394.90" waitingTime="3.80" waitingCount="38" stopTime="0.00" timeLoss="63.14" rerouteNo="0" devices="tripinfo_61" vType="typeCar@61" speedFactor="1.00" vaporized=""/>
    <tripinfo id="62" depart="58.40" departLane="wc_0" departPos="5.10" departSpeed="6.19" departDelay="6.40" arrival="160.80" arrivalLane="ce_0" arrivalPos="192.80" arrivalSpeed="10.00" duration="102.40" routeLength="394.90" waitingTime="4.40" waitingCount="44" stopTime="0.00" timeLoss="62.88" rerouteNo="0" devices="tripinfo_62" vType="typeCar@62" speedFactor="1.00" vaporized=""/>
    <tripinfo id="63" depart="59.50" departLane="wc_0" departPos="5.10" departSpeed="7.89" departDelay="6.50" arrival="161.90" arrivalLane="ce_0" arrivalPos="192.80" arrivalSpeed="10.00" duration="102.40" routeLength="394.90" waitingTime="4.60" waitingCount="46" stopTime="0.00" timeLoss="62.91" rerouteNo="0" devices="tripinfo_63" vType="typeCar@63" speedFactor="1.00" vaporized=""/>
    <tripinfo id="64" depart="60.50" departLane="wc_0" departPos="5.10" departSpeed="2.89" departDelay="6.50" arrival="162.90" arrivalLane="ce_0" arrivalPos="192.80" arrivalSpeed="10.00" duration="102.40" routeLength="394.90" waitingTime="4.60" waitingCount="46" stopTime="0.00" timeLoss="62.92" rerouteNo="0" devices="tripinfo_64" vType="typeCar@64" speedFactor="1.00" vaporized=""/>
    <tripinfo id="66" depart="72.30" departLane="wc_0" departPos="5.10" departSpeed="0.02" departDelay="16.30" arrival="166.40" arrivalLane="ce_0" arrivalPos="192.80" arrivalSpeed="10.00" duration="94.10" routeLength="394.90" waitingTime="4.60" waitingCount="33" stopTime="0.00" timeLoss="54.57" rerouteNo="0" devices="tripinfo_66" vType="typeCar@66" speedFactor="1.00" vaporized=""/>
    <tripinfo id="55" depart="44.00" departLane="nc_0" departPos="5.10" departSpeed="10.00" departDelay="0.00" arrival="168.20" arrivalLane="cs_0" arrivalPos="192.80" arrivalSpeed="10.00" duration="124.20" routeLength="394.90" waitingTime="3.80" waitingCount="38" stopTime="0.00" timeLoss="84.72" rerouteNo="0" devices="tripinfo_55" vType="typeCar@55" speedFactor="1.00" vaporized=""/>
    <tripinfo id="68" depart="76.60" departLane="wc_0" departPos="5.10" departSpeed="6.01" departDelay="18.60" arrival="174.30" arrivalLane="ce_0" arrivalPos="192.80" arrivalSpeed="10.00" duration="97.70" routeLength="394.90" waitingTime="3.30" waitingCount="33" stopTime="0.00" timeLoss="58.26" rerouteNo="0" devices="tripinfo_68" vType="typeCar@68" speedFactor="1.00" vaporized=""/>
    <tripinfo id="69" depart="77.60" departLane="wc_0" departPos="5.10" departSpeed="7.41" departDelay="18.60" arrival="175.40" arrivalLane="ce_0" arrivalPos="192.80" arrivalSpeed="10.00" duration="97.80" routeLength="394.90" waitingTime="3.60" waitingCount="36" stopTime="0.00" timeLoss="58.30" rerouteNo="0" devices="tripinfo_69" vType="typeCar@69" speedFactor="1.00" vaporized=""/>
    <tripinfo id="71" depart="78.90" departLane="wc_0" departPos="5.10" departSpeed="0.91" departDelay="18.90" arrival="176.50" arrivalLane="ce_0" arrivalPos="192.80" arrivalSpeed="10.00" duration="97.60" routeLength="394.90" waitingTime="4.60" waitingCount="38" stopTime="0.00" timeLoss="58.03" rerouteNo="0" devices="tripinfo_71" vType="typeCar@71" speedFactor="1.00" vaporized=""/>
    <tripinfo id="72" depart="85.80" departLane="wc_0" departPos="5.10" departSpeed="5.24" departDelay="24.80" arrival="177.50" arrivalLane="ce_0" arrivalPos="192.80" arrivalSpeed="10.00" duration="91.70" routeLength="394.90" waitingTime="3.10" waitingCount="31" stopTime="0.00" timeLoss="52.22" rerouteNo="0" devices="tripinfo_72" vType="typeCar@72" speedFactor="1.00" vaporized=""/>
    <tripinfo id="73" depart="87.00" departLane="wc_0" departPos="5.10" departSpeed="4.84" departDelay="25.00" arrival="178.50" arrivalLane="ce_0" arrivalPos="192.80" arrivalSpeed="10.00" duration="91.50" routeLength="394.90" waitingTime="3.50" waitingCount="35" stopTime="0.00" timeLoss="52.00" rerouteNo="0" devices="tripinfo_73" vType="typeCar@73" speedFactor="1.00" vaporized=""/>
    <tripinfo id="75" depart="94.30" departLane="wc_0" departPos="5.10" departSpeed="2.74" departDelay="31.30" arrival="180.10" arrivalLane="ce_0" arrivalPos="192.80" arrivalSpeed="10.00" duration="85.80" routeLength="394.90" waitingTime="3.20" waitingCount="32" stopTime="0.00" timeLoss="46.27" rerouteNo="0" devices="tripinfo_75" vType="typeCar@75" speedFactor="1.00" vaporized=""/>
    <tripinfo id="76" depart="96.60" departLane="wc_0" departPos="5.10" departSpeed="5.64" departDelay="31.60" arrival="182.60" arrivalLane="ce_0" arrivalPos="192.80" arrivalSpeed="10.00" duration="86.00" routeLength="394.90" waitingTime="3.30" waitingCount="33" stopTime="0.00" timeLoss="46.47" rerouteNo="0" devices="tripinfo_76" vType="typeCar@76" speedFactor="1.00" vaporized=""/>
    <tripinfo id="78" depart="97.70" departLane="wc_0" departPos="5.10" departSpeed="4.94" departDelay="30.70" arrival="183.70" arrivalLane="ce_0" arrivalPos="192.80" arrivalSpeed="10.00" duration="86.00" routeLength="394.90" waitingTime="3.20" waitingCount="32" stopTime="0.00" timeLoss="46.54" rerouteNo="0" devices="tripinfo_78" vType="typeCar@78" speedFactor="1.00" vaporized=""/>
    <tripinfo id="79" depart="105.40" departLane="wc_0" departPos="5.10" departSpeed="0.04" departDelay="37.40" arrival="185.10" arrivalLane="ce_0" arrivalPos="192.80" arrivalSpeed="10.00" duration="79.70" routeLength="394.90" waitingTime="4.00" waitingCount="28" stopTime="0.00" timeLoss="40.14" rerouteNo="0" devices="tripinfo_79" vType="typeCar@79" speedFactor="1.00" vaporized=""/>
    <tripinfo id="80" depart="112.10" departLane="wc_0" departPos="5.10" departSpeed="5.36" departDelay="43.10" arrival="186.10" arrivalLane="ce_0" arrivalPos="192.80" arrivalSpeed="10.00" duration="74.00" routeLength="394.90" waitingTime="2.10" waitingCount="21" stopTime="0.00" timeLoss="34.56" rerouteNo="0" devices="tripinfo_80" vType="typeCar@80" speedFactor="1.00" vaporized=""/>
    <tripinfo id="82" depart="113.30" departLane="wc_0" departPos="5.10" departSpeed="5.76" departDelay="43.30" arrival="187.20" arrivalLane="ce_0" arrivalPos="192.80" arrivalSpeed="10.00" duration="73.90" routeLength="394.90" waitingTime="2.20" waitingCount="22" stopTime="0.00" timeLoss="34.37" rerouteNo="0" devices="tripinfo_82" vType="typeCar@82" speedFactor="1.00" vaporized=""/>
    <tripinfo id="59" depart="47.00" departLane="nc_0" departPos="5.10" departSpeed="3.30" departDelay="0.00" arrival="189.40" arrivalLane="cs_0" arrivalPos="192.80" arrivalSpeed="10.00" duration="142.40" routeLength="394.90" waitingTime="3.90" waitingCount="39" stopTime="0.00" timeLoss="102.88" rerouteNo="0" devices="tripinfo_59" vType="typeCar@59" speedFactor="1.00" vaporized=""/>
    <tripinfo id="83" depart="118.60" departLane="wc_0" departPos="5.10" departSpeed="0.06" departDelay="47.60" arrival="192.40" arrivalLane="ce_0" arrivalPos="192.80" arrivalSpeed="10.00" duration="73.80" routeLength="394.90" waitingTime="2.40" waitingCount="17" stopTime="0.00" timeLoss="34.22" rerouteNo="0" devices="tripinfo_83" vType="typeCar@83" speedFactor="1.00" vaporized=""/>
    <tripinfo id="84" depart="121.80" departLane="wc_0" departPos="5.10" departSpeed="5.90" departDelay="49.80" arrival="193.40" arrivalLane="ce_0" arrivalPos="192.80" arrivalSpeed="10.00" duration="71.60" routeLength="394.90" waitingTime="1.80" waitingCount="18" stopTime="0.00" timeLoss="32.07" rerouteNo="0" devices="tripinfo_84" vType="typeCar@84" speedFactor="1.00" vaporized=""/>
    <tripinfo id="86" depart="125.20" departLane="wc_0" departPos="5.10" departSpeed="0.10" departDelay="52.20" arrival="196.30" arrivalLane="ce_0" arrivalPos="192.80" arrivalSpeed="10.00" duration="71.10" routeLength="394.90" waitingTime="2.60" waitingCount="16" stopTime="0.00" timeLoss="31.53" rerouteNo="0" devices="tripinfo_86" vType="typeCar@86" speedFactor="1.00" vaporized=""/>
    <tripinfo id="87" depart="129.90" departLane="wc_0" departPos="5.10" departSpeed="5.50" departDelay="55.90" arrival="197.30" arrivalLane="ce_0" arrivalPos="192.80" arrivalSpeed="10.00" duration="67.40" routeLength="394.90" waitingTime="1.50" waitingCount="15" stopTime="0.00" timeLoss="27.93" rerouteNo="0" devices="tripinfo_87" vType="typeCar@87" speedFactor="1.00" vaporized=""/>
    <tripinfo id="89" depart="131.20" departLane="wc_0" departPos="5.10" departSpeed="1.40" departDelay="55.20" arrival="198.30" arrivalLane="ce_0" arrivalPos="192.80" arrivalSpeed="10.00" duration="67.10" routeLength="394.90" waitingTime="2.20" waitingCount="19" stopTime="0.00" timeLoss="27.62" rerouteNo="0" devices="tripinfo_89" vType="typeCar@89" speedFactor="1.00" vaporized=""/>
    <tripinfo id="65" depart="55.00" departLane="nc_0" departPos="5.10" departSpeed="0.10" departDelay="0.00" arrival="200.90" arrivalLane="cs_0" arrivalPos="192.80" arrivalSpeed="10.00" duration="145.90" routeLength="394.90" waitingTime="10.40" waitingCount="49" stopTime="0.00" timeLoss="106.35" rerouteNo="0" devices="tripinfo_65" vType="typeCar@65" speedFactor="1.00" vaporized=""/>
    <tripinfo id="67" depart="57.00" departLane="nc_0" departPos="5.10" departSpeed="6.10" departDelay="1.00" arrival="201.80" arrivalLane="cs_0" arrivalPos="192.80" arrivalSpeed="10.00" duration="144.80" routeLength="394.90" waitingTime="5.20" waitingCount="52" stopTime="0.00" timeLoss="105.26" rerouteNo="0" devices="tripinfo_67" vType="typeCar@67" speedFactor="1.00" vaporized=""/>
    <tripinfo id="90" depart="137.40" departLane="wc_0" departPos="5.10" departSpeed="4.96" departDelay="60.40" arrival="203.20" arrivalLane="ce_0" arrivalPos="192.80" arrivalSpeed="10.00" duration="65.80" routeLength="394.90" waitingTime="1.20" waitingCount="12" stopTime="0.00" timeLoss="26.30" rerouteNo="0" devices="tripinfo_90" vType="typeCar@90" speedFactor="1.00" vaporized=""/>
    <tripinfo id="92" depart="138.70" departLane="wc_0" departPos="5.10" departSpeed="6.46" departDelay="60.70" arrival="204.30" arrivalLane="ce_0" arrivalPos="192.80" arrivalSpeed="10.00" duration="65.60" routeLength="394.90" waitingTime="1.40" waitingCount="14" stopTime="0.00" timeLoss="26.04" rerouteNo="0" devices="tripinfo_92" vType="typeCar@92" speedFactor="1.00" vaporized=""/>
    <tripinfo id="70" depart="59.00" departLane="nc_0" departPos="5.10" departSpeed="1.70" departDelay="0.00" arrival="205.90" arrivalLane="cs_0" arrivalPos="192.80" arrivalSpeed="10.00" duration="146.90" routeLength="394.90" waitingTime="5.70" waitingCount="57" stopTime="0.00" timeLoss="107.39" rerouteNo="0" devices="tripinfo_70" vType="typeCar@70" speedFactor="1.00" vaporized=""/>
    <tripinfo id="74" depart="62.10" departLane="nc_0" departPos="5.10" departSpeed="1.40" departDelay="0.10" arrival="207.00" arrivalLane="cs_0" arrivalPos="192.80" arrivalSpeed="10.00" duration="144.90" routeLength="394.90" waitingTime="6.10" waitingCount="58" stopTime="0.00" timeLoss="105.36" rerouteNo="0" devices="tripinfo_74" vType="typeCar@74" speedFactor="1.00" vaporized=""/>
    <tripinfo id="93" depart="142.50" departLane="wc_0" departPos="5.10" departSpeed="0.26" departDelay="63.50" arrival="208.50" arrivalLane="ce_0" arrivalPos="192.80" arrivalSpeed="10.00" duration="66.00" routeLength="394.90" waitingTime="2.40" waitingCount="13" stopTime="0.00" timeLoss="26.48" rerouteNo="0" devices="tripinfo_93" vType="typeCar@93" speedFactor="1.00" vaporized=""/>
    <tripinfo id="95" depart="147.40" departLane="wc_0" departPos="5.10" departSpeed="5.77" departDelay="67.40" arrival="209.60" arrivalLane="ce_0" arrivalPos="192.80" arrivalSpeed="10.00" duration="62.20" routeLength="394.90" waitingTime="1.00" waitingCount="10" stopTime="0.00" timeLoss="22.70" rerouteNo="0" devices="tripinfo_95" vType="typeCar@95" speedFactor="1.00" vaporized=""/>
    <tripinfo id="77" depart="72.70" departLane="nc_0" departPos="5.10" departSpeed="4.00" departDelay="7.70" arrival="211.10" arrivalLane="cs_0" arrivalPos="192.80" arrivalSpeed="10.00" duration="138.40" routeLength="394.90" waitingTime="5.20" waitingCount="52" stopTime="0.00" timeLoss="98.93" rerouteNo="0" devices="tripinfo_77" vType="typeCar@77" speedFactor="1.00" vaporized=""/>
    <tripinfo id="81" depart="77.40" departLane="nc_0" departPos="5.10" departSpeed="3.70" departDelay="8.40" arrival="212.10" arrivalLane="cs_0" arrivalPos="192.80" arrivalSpeed="10.00" duration="134.70" routeLength="394.90" waitingTime="5.40" waitingCount="54" stopTime="0.00" timeLoss="95.22" rerouteNo="0" devices="tripinfo_81" vType="typeCar@81" speedFactor="1.00" vaporized=""/>
    <tripinfo id="96" depart="148.50" departLane="wc_0" departPos="5.10" departSpeed="7.47" departDelay="67.50" arrival="213.70" arrivalLane="ce_0" arrivalPos="192.80" arrivalSpeed="10.00" duration="65.20" routeLength="394.90" waitingTime="1.20" waitingCount="12" stopTime="0.00" timeLoss="25.68" rerouteNo="0" devices="tripinfo_96" vType="typeCar@96" speedFactor="1.00" vaporized=""/>
    <tripinfo id="98" depart="149.40" departLane="wc_0" departPos="5.10" departSpeed="7.77" departDelay="66.40" arrival="214.70" arrivalLane="ce_0" arrivalPos="192.80" arrivalSpeed="10.00" duration="65.30" routeLength="394.90" waitingTime="1.10" waitingCount="11" stopTime="0.00" timeLoss="25.83" rerouteNo="0" devices="tripinfo_98" vType="typeCar@98" speedFactor="1.00" vaporized=""/>
    <tripinfo id="85" depart="79.20" departLane="nc_0" departPos="5.10" departSpeed="5.90" departDelay="7.20" arrival="216.20" arrivalLane="cs_0" arrivalPos="192.80" arrivalSpeed="10.00" duration="137.00" routeLength="394.90" waitingTime="6.00" waitingCount="60" stopTime="0.00" timeLoss="97.56" rerouteNo="0" devices="tripinfo_85" vType="typeCar@85" speedFactor="1.00" vaporized=""/>
    <tripinfo id="88" depart="80.20" departLane="nc_0" departPos="5.10" departSpeed="5.70" departDelay="6.20" arrival="217.30" arrivalLane="cs_0" arrivalPos="192.80" arrivalSpeed="10.00" duration="137.10" routeLength="394.90" waitingTime="6.60" waitingCount="66" stopTime="0.00" timeLoss="97.63" rerouteNo="0" devices="tripinfo_88" vType="typeCar@88" speedFactor="1.00" vaporized=""/>
    <tripinfo id="99" depart="150.40" departLane="wc_0" departPos="5.10" departSpeed="2.77" departDelay="66.40" arrival="219.00" arrivalLane="ce_0" arrivalPos="192.80" arrivalSpeed="10.00" duration="68.60" routeLength="394.90" waitingTime="1.40" waitingCount="14" stopTime="0.00" timeLoss="29.03" rerouteNo="0" devices="tripinfo_99" vType="typeCar@99" speedFactor="1.00" vaporized=""/>
    <tripinfo id="101" depart="156.80" departLane="wc_0" departPos="5.10" departSpeed="4.37" departDelay="70.80" arrival="220.00" arrivalLane="ce_0" arrivalPos="192.80" arrivalSpeed="10.00" duration="63.20" routeLength="394.90" waitingTime="1.00" waitingCount="10" stopTime="0.00" timeLoss="23.66" rerouteNo="0" devices="tripinfo_101" vType="typeCar@101" speedFactor="1.00" vaporized=""/>
    <tripinfo id="91" depart="86.90" departLane="nc_0" departPos="5.10" departSpeed="0.20" departDelay="9.90" arrival="221.60" arrivalLane="cs_0" arrivalPos="192.80" arrivalSpeed="10.00" duration="134.70" routeLength="394.90" waitingTime="7.40" waitingCount="63" stopTime="0.00" timeLoss="95.13" rerouteNo="0" devices="tripinfo_91" vType="typeCar@91" speedFactor="1.00" vaporized=""/>
    <tripinfo id="94" depart="91.60" departLane="nc_0" departPos="5.10" departSpeed="5.91" departDelay="12.60" arrival="222.70" arrivalLane="cs_0" arrivalPos="192.80" arrivalSpeed="10.00" duration="131.10" routeLength="394.90" waitingTime="6.40" waitingCount="64" stopTime="0.00" timeLoss="91.58" rerouteNo="0" devices="tripinfo_94" vType="typeCar@94" speedFactor="1.00" vaporized=""/>
    <tripinfo id="103" depart="158.20" departLane="wc_0" departPos="5.10" departSpeed="6.17" departDelay="70.20" arrival="224.30" arrivalLane="ce_0" arrivalPos="192.80" arrivalSpeed="10.00" duration="66.10" routeLength="394.90" waitingTime="1.10" waitingCount="11" stopTime="0.00" timeLoss="26.56" rerouteNo="0" devices="tripinfo_103" vType="typeCar@103" speedFactor="1.00" vaporized=""/>
    <tripinfo id="104" depart="159.30" departLane="wc_0" departPos="5.10" departSpeed="7.87" departDelay="70.30" arrival="225.30" arrivalLane="ce_0" arrivalPos="192.80" arrivalSpeed="10.00" duration="66.00" routeLength="394.90" waitingTime="1.20" waitingCount="12" stopTime="0.00" timeLoss="26.53" rerouteNo="0" devices="tripinfo_104" vType="typeCar@104" speedFactor="1.00" vaporized=""/>
    <tripinfo id="97" depart="92.90" departLane="nc_0" departPos="5.10" departSpeed="1.01" departDelay="10.90" arrival="226.80" arrivalLane="cs_0" arrivalPos="192.80" arrivalSpeed="10.00" duration="133.90" routeLength="394.90" waitingTime="7.60" waitingCount="67" stopTime="0.00" timeLoss="94.39" rerouteNo="0" devices="tripinfo_97" vType="typeCar@97" speedFactor="1.00" vaporized=""/>
    <tripinfo id="100" depart="99.80" departLane="nc_0" departPos="5.10" departSpeed="5.34" departDelay="15.80" arrival="228.00" arrivalLane="cs_0" arrivalPos="192.80" arrivalSpeed="10.00" duration="128.20" routeLength="394.90" waitingTime="6.40" waitingCount="64" stopTime="0.00" timeLoss="88.72" rerouteNo="0" devices="tripinfo_100" vType="typeCar@100" speedFactor="1.00" vaporized=""/>
    <tripinfo id="105" depart="160.20" departLane="wc_0" departPos="5.10" departSpeed="8.97" departDelay="70.20" arrival="229.50" arrivalLane="ce_0" arrivalPos="192.80" arrivalSpeed="10.00" duration="69.30" routeLength="394.90" waitingTime="1.40" waitingCount="14" stopTime="0.00" timeLoss="29.87" rerouteNo="0" devices="tripinfo_105" vType="typeCar@105" speedFactor="1.00" vaporized=""/>
    <tripinfo id="107" depart="160.90" departLane="wc_0" departPos="5.10" departSpeed="8.67" departDelay="68.90" arrival="230.60" arrivalLane="ce_0" arrivalPos="192.80" arrivalSpeed="10.00" duration="69.70" routeLength="394.90" waitingTime="1.60" waitingCount="16" stopTime="0.00" timeLoss="30.19" rerouteNo="0" devices="tripinfo_107" vType="typeCar@107" speedFactor="1.00" vaporized=""/>
    <tripinfo id="102" depart="101.30" departLane="nc_0" departPos="5.10" departSpeed="0.24" departDelay="14.30" arrival="232.10" arrivalLane="cs_0" arrivalPos="192.80" arrivalSpeed="10.00" duration="130.80" routeLength="394.90" waitingTime="8.50" waitingCount="74" stopTime="0.00" timeLoss="91.27" rerouteNo="0" devices="tripinfo_102" vType="typeCar@102" speedFactor="1.00" vaporized=""/>
    <tripinfo id="106" depart="112.20" departLane="nc_0" departPos="5.10" departSpeed="3.76" departDelay="21.20" arrival="233.20" arrivalLane="cs_0" arrivalPos="192.80" arrivalSpeed="10.00" duration="121.00" routeLength="394.90" waitingTime="5.90" waitingCount="59" stopTime="0.00" timeLoss="81.51" rerouteNo="0" devices="tripinfo_106" vType="typeCar@106" speedFactor="1.00" vaporized=""/>
    <tripinfo id="110" depart="161.80" departLane="wc_0" departPos="5.10" departSpeed="4.17" departDelay="67.80" arrival="234.70" arrivalLane="ce_0" arrivalPos="192.80" arrivalSpeed="10.00" duration="72.90" routeLength="394.90" waitingTime="1.70" waitingCount="17" stopTime="0.00" timeLoss="33.41" rerouteNo="0" devices="tripinfo_110" vType="typeCar@110" speedFactor="1.00" vaporized=""/>
    <tripinfo id="111" depart="169.60" departLane="wc_0" departPos="5.10" departSpeed="2.77" departDelay="74.60" arrival="235.80" arrivalLane="ce_0" arrivalPos="192.80" arrivalSpeed="10.00" duration="66.20" routeLength="394.90" waitingTime="0.90" waitingCount="9" stopTime="0.00" timeLoss="26.63" rerouteNo="0" devices="tripinfo_111" vType="typeCar@111" speedFactor="1.00" vaporized=""/>
    <tripinfo id="108" depart="113.90" departLane="nc_0" departPos="5.10" departSpeed="5.66" departDelay="21.90" arrival="237.30" arrivalLane="cs_0" arrivalPos="192.80" arrivalSpeed="10.00" duration="123.40" routeLength="394.90" waitingTime="5.90" waitingCount="59" stopTime="0.00" timeLoss="83.87" rerouteNo="0" devices="tripinfo_108" vType="typeCar@108" speedFactor="1.00" vaporized=""/>
    <tripinfo id="109" depart="115.00" departLane="nc_0" departPos="5.10" departSpeed="6.56" departDelay="22.00" arrival="238.30" arrivalLane="cs_0" arrivalPos="192.80" arrivalSpeed="10.00" duration="123.30" routeLength="394.90" waitingTime="6.40" waitingCount="64" stopTime="0.00" timeLoss="83.80" rerouteNo="0" devices="tripinfo_109" vType="typeCar@109" speedFactor="1.00" vaporized=""/>
    <tripinfo id="113" depart="171.90" departLane="wc_0" departPos="5.10" departSpeed="5.67" departDelay="75.90" arrival="239.80" arrivalLane="ce_0" arrivalPos="192.80" arrivalSpeed="10.00" duration="67.90" routeLength="394.90" waitingTime="1.00" waitingCount="10" stopTime="0.00" timeLoss="28.41" rerouteNo="0" devices="tripinfo_113" vType="typeCar@113" speedFactor="1.00" vaporized=""/>
    <tripinfo id="114" depart="173.00" departLane="wc_0" departPos="5.10" departSpeed="7.37" departDelay="76.00" arrival="240.80" arrivalLane="ce_0" arrivalPos="192.80" arrivalSpeed="10.00" duration="67.80" routeLength="394.90" waitingTime="1.00" waitingCount="10" stopTime="0.00" timeLoss="28.34" rerouteNo="0" devices="tripinfo_114" vType="typeCar@114" speedFactor="1.00" vaporized=""/>
    <tripinfo id="112" depart="118.50" departLane="nc_0" departPos="5.10" departSpeed="0.26" departDelay="23.50" arrival="242.30" arrivalLane="cs_0" arrivalPos="192.80" arrivalSpeed="10.00" duration="123.80" routeLength="394.90" waitingTime="7.60" waitingCount="68" stopTime="0.00" timeLoss="84.32" rerouteNo="0" devices="tripinfo_112" vType="typeCar@112" speedFactor="1.00" vaporized=""/>
    <tripinfo id="116" depart="124.80" departLane="nc_0" departPos="5.10" departSpeed="5.19" departDelay="26.80" arrival="243.40" arrivalLane="cs_0" arrivalPos="192.80" arrivalSpeed="10.00" duration="118.60" routeLength="394.90" waitingTime="5.70" waitingCount="57" stopTime="0.00" timeLoss="79.03" rerouteNo="0" devices="tripinfo_116" vType="typeCar@116" speedFactor="1.00" vaporized=""/>
    <tripinfo id="115" depart="173.90" departLane="wc_0" departPos="5.10" departSpeed="8.47" departDelay="75.90" arrival="244.90" arrivalLane="ce_0" arrivalPos="192.80" arrivalSpeed="10.00" duration="71.00" routeLength="394.90" waitingTime="1.40" waitingCount="14" stopTime="0.00" timeLoss="31.50" rerouteNo="0" devices="tripinfo_115" vType="typeCar@115" speedFactor="1.00" vaporized=""/>
</tripinfos>
