<?xml version="1.0" encoding="UTF-8"?>

<!-- generated on 2022-11-30 12:12:54 by Eclipse SUMO sumo Version 1.14.1
<configuration xmlns:xsi="http://www.w3.org/2001/XMLSchema-instance" xsi:noNamespaceSchemaLocation="http://sumo.dlr.de/xsd/sumoConfiguration.xsd">

    <input>
        <net-file value="net.net.xml"/>
        <route-files value="routes.rou.xml"/>
    </input>

    <output>
        <tripinfo-output value="raw_data/(5,10,0)tripinfo.xml"/>
    </output>

    <time>
        <begin value="0"/>
        <step-length value="0.1"/>
    </time>

    <processing>
        <extrapolate-departpos value="true"/>
        <route-steps value="0"/>
        <ignore-route-errors value="true"/>
        <collision.action value="warn"/>
        <collision.stoptime value="1"/>
        <collision.mingap-factor value="0.1"/>
    </processing>

    <report>
        <verbose value="false"/>
        <log value="log.txt"/>
        <duration-log.statistics value="true"/>
        <no-step-log value="true"/>
    </report>

    <traci_server>
        <remote-port value="62200"/>
    </traci_server>

    <gui_only>
        <quit-on-end value="true"/>
        <start value="true"/>
    </gui_only>

</configuration>
-->

<tripinfos xmlns:xsi="http://www.w3.org/2001/XMLSchema-instance" xsi:noNamespaceSchemaLocation="http://sumo.dlr.de/xsd/tripinfo_file.xsd">
    <tripinfo id="0" depart="0.00" departLane="wc_0" departPos="5.10" departSpeed="10.00" departDelay="0.00" arrival="39.50" arrivalLane="ce_0" arrivalPos="192.80" arrivalSpeed="10.00" duration="39.50" routeLength="394.90" waitingTime="0.00" waitingCount="0" stopTime="0.00" timeLoss="0.00" rerouteNo="0" devices="tripinfo_0" vType="typeCar@0" speedFactor="1.00" vaporized=""/>
    <tripinfo id="2" depart="1.00" departLane="wc_0" departPos="5.10" departSpeed="10.00" departDelay="0.00" arrival="40.50" arrivalLane="ce_0" arrivalPos="192.80" arrivalSpeed="10.00" duration="39.50" routeLength="394.90" waitingTime="0.00" waitingCount="0" stopTime="0.00" timeLoss="0.00" rerouteNo="0" devices="tripinfo_2" vType="typeCar@2" speedFactor="1.00" vaporized=""/>
    <tripinfo id="4" depart="2.00" departLane="wc_0" departPos="5.10" departSpeed="10.00" departDelay="0.00" arrival="41.50" arrivalLane="ce_0" arrivalPos="192.80" arrivalSpeed="10.00" duration="39.50" routeLength="394.90" waitingTime="0.00" waitingCount="0" stopTime="0.00" timeLoss="0.00" rerouteNo="0" devices="tripinfo_4" vType="typeCar@4" speedFactor="1.00" vaporized=""/>
    <tripinfo id="5" depart="3.00" departLane="wc_0" departPos="5.10" departSpeed="10.00" departDelay="0.00" arrival="42.50" arrivalLane="ce_0" arrivalPos="192.80" arrivalSpeed="10.00" duration="39.50" routeLength="394.90" waitingTime="0.00" waitingCount="0" stopTime="0.00" timeLoss="0.00" rerouteNo="0" devices="tripinfo_5" vType="typeCar@5" speedFactor="1.00" vaporized=""/>
    <tripinfo id="7" depart="4.00" departLane="wc_0" departPos="5.10" departSpeed="10.00" departDelay="0.00" arrival="43.50" arrivalLane="ce_0" arrivalPos="192.80" arrivalSpeed="10.00" duration="39.50" routeLength="394.90" waitingTime="0.00" waitingCount="0" stopTime="0.00" timeLoss="0.00" rerouteNo="0" devices="tripinfo_7" vType="typeCar@7" speedFactor="1.00" vaporized=""/>
    <tripinfo id="9" depart="5.00" departLane="wc_0" departPos="5.10" departSpeed="10.00" departDelay="0.00" arrival="44.50" arrivalLane="ce_0" arrivalPos="192.80" arrivalSpeed="10.00" duration="39.50" routeLength="394.90" waitingTime="0.00" waitingCount="0" stopTime="0.00" timeLoss="0.00" rerouteNo="0" devices="tripinfo_9" vType="typeCar@9" speedFactor="1.00" vaporized=""/>
    <tripinfo id="10" depart="6.00" departLane="wc_0" departPos="5.10" departSpeed="10.00" departDelay="0.00" arrival="45.50" arrivalLane="ce_0" arrivalPos="192.80" arrivalSpeed="10.00" duration="39.50" routeLength="394.90" waitingTime="0.00" waitingCount="0" stopTime="0.00" timeLoss="0.00" rerouteNo="0" devices="tripinfo_10" vType="typeCar@10" speedFactor="1.00" vaporized=""/>
    <tripinfo id="12" depart="7.00" departLane="wc_0" departPos="5.10" departSpeed="10.00" departDelay="0.00" arrival="46.50" arrivalLane="ce_0" arrivalPos="192.80" arrivalSpeed="10.00" duration="39.50" routeLength="394.90" waitingTime="0.00" waitingCount="0" stopTime="0.00" timeLoss="0.00" rerouteNo="0" devices="tripinfo_12" vType="typeCar@12" speedFactor="1.00" vaporized=""/>
    <tripinfo id="13" depart="8.00" departLane="wc_0" departPos="5.10" departSpeed="10.00" departDelay="0.00" arrival="47.50" arrivalLane="ce_0" arrivalPos="192.80" arrivalSpeed="10.00" duration="39.50" routeLength="394.90" waitingTime="0.00" waitingCount="0" stopTime="0.00" timeLoss="0.00" rerouteNo="0" devices="tripinfo_13" vType="typeCar@13" speedFactor="1.00" vaporized=""/>
    <tripinfo id="14" depart="9.00" departLane="wc_0" departPos="5.10" departSpeed="10.00" departDelay="0.00" arrival="48.50" arrivalLane="ce_0" arrivalPos="192.80" arrivalSpeed="10.00" duration="39.50" routeLength="394.90" waitingTime="0.00" waitingCount="0" stopTime="0.00" timeLoss="0.00" rerouteNo="0" devices="tripinfo_14" vType="typeCar@14" speedFactor="1.00" vaporized=""/>
    <tripinfo id="16" depart="10.00" departLane="wc_0" departPos="5.10" departSpeed="10.00" departDelay="0.00" arrival="49.50" arrivalLane="ce_0" arrivalPos="192.80" arrivalSpeed="10.00" duration="39.50" routeLength="394.90" waitingTime="0.00" waitingCount="0" stopTime="0.00" timeLoss="0.00" rerouteNo="0" devices="tripinfo_16" vType="typeCar@16" speedFactor="1.00" vaporized=""/>
    <tripinfo id="17" depart="11.00" departLane="wc_0" departPos="5.10" departSpeed="10.00" departDelay="0.00" arrival="50.50" arrivalLane="ce_0" arrivalPos="192.80" arrivalSpeed="10.00" duration="39.50" routeLength="394.90" waitingTime="0.00" waitingCount="0" stopTime="0.00" timeLoss="0.00" rerouteNo="0" devices="tripinfo_17" vType="typeCar@17" speedFactor="1.00" vaporized=""/>
    <tripinfo id="19" depart="12.00" departLane="wc_0" departPos="5.10" departSpeed="10.00" departDelay="0.00" arrival="51.50" arrivalLane="ce_0" arrivalPos="192.80" arrivalSpeed="10.00" duration="39.50" routeLength="394.90" waitingTime="0.00" waitingCount="0" stopTime="0.00" timeLoss="0.00" rerouteNo="0" devices="tripinfo_19" vType="typeCar@19" speedFactor="1.00" vaporized=""/>
    <tripinfo id="21" depart="13.00" departLane="wc_0" departPos="5.10" departSpeed="10.00" departDelay="0.00" arrival="52.50" arrivalLane="ce_0" arrivalPos="192.80" arrivalSpeed="10.00" duration="39.50" routeLength="394.90" waitingTime="0.00" waitingCount="0" stopTime="0.00" timeLoss="0.01" rerouteNo="0" devices="tripinfo_21" vType="typeCar@21" speedFactor="1.00" vaporized=""/>
    <tripinfo id="23" depart="14.00" departLane="wc_0" departPos="5.10" departSpeed="10.00" departDelay="0.00" arrival="53.50" arrivalLane="ce_0" arrivalPos="192.80" arrivalSpeed="10.00" duration="39.50" routeLength="394.90" waitingTime="0.00" waitingCount="0" stopTime="0.00" timeLoss="0.01" rerouteNo="0" devices="tripinfo_23" vType="typeCar@23" speedFactor="1.00" vaporized=""/>
    <tripinfo id="24" depart="15.00" departLane="wc_0" departPos="5.10" departSpeed="10.00" departDelay="0.00" arrival="54.50" arrivalLane="ce_0" arrivalPos="192.80" arrivalSpeed="10.00" duration="39.50" routeLength="394.90" waitingTime="0.00" waitingCount="0" stopTime="0.00" timeLoss="0.01" rerouteNo="0" devices="tripinfo_24" vType="typeCar@24" speedFactor="1.00" vaporized=""/>
    <tripinfo id="25" depart="16.00" departLane="wc_0" departPos="5.10" departSpeed="10.00" departDelay="0.00" arrival="55.50" arrivalLane="ce_0" arrivalPos="192.80" arrivalSpeed="10.00" duration="39.50" routeLength="394.90" waitingTime="0.00" waitingCount="0" stopTime="0.00" timeLoss="0.01" rerouteNo="0" devices="tripinfo_25" vType="typeCar@25" speedFactor="1.00" vaporized=""/>
    <tripinfo id="26" depart="17.00" departLane="wc_0" departPos="5.10" departSpeed="10.00" departDelay="0.00" arrival="56.50" arrivalLane="ce_0" arrivalPos="192.80" arrivalSpeed="10.00" duration="39.50" routeLength="394.90" waitingTime="0.00" waitingCount="0" stopTime="0.00" timeLoss="0.01" rerouteNo="0" devices="tripinfo_26" vType="typeCar@26" speedFactor="1.00" vaporized=""/>
    <tripinfo id="27" depart="18.00" departLane="wc_0" departPos="5.10" departSpeed="10.00" departDelay="0.00" arrival="58.20" arrivalLane="ce_0" arrivalPos="192.80" arrivalSpeed="10.00" duration="40.20" routeLength="394.90" waitingTime="0.00" waitingCount="0" stopTime="0.00" timeLoss="0.67" rerouteNo="0" devices="tripinfo_27" vType="typeCar@27" speedFactor="1.00" vaporized=""/>
    <tripinfo id="1" depart="0.00" departLane="nc_0" departPos="5.10" departSpeed="10.00" departDelay="0.00" arrival="60.00" arrivalLane="cs_0" arrivalPos="192.80" arrivalSpeed="10.00" duration="60.00" routeLength="394.90" waitingTime="0.00" waitingCount="0" stopTime="0.00" timeLoss="20.48" rerouteNo="0" devices="tripinfo_1" vType="typeCar@1" speedFactor="1.00" vaporized=""/>
    <tripinfo id="3" depart="1.00" departLane="nc_0" departPos="5.10" departSpeed="10.00" departDelay="0.00" arrival="61.50" arrivalLane="cs_0" arrivalPos="192.80" arrivalSpeed="10.00" duration="60.50" routeLength="394.90" waitingTime="0.40" waitingCount="4" stopTime="0.00" timeLoss="20.95" rerouteNo="0" devices="tripinfo_3" vType="typeCar@3" speedFactor="1.00" vaporized=""/>
    <tripinfo id="28" depart="19.00" departLane="wc_0" departPos="5.10" departSpeed="10.00" departDelay="0.00" arrival="66.70" arrivalLane="ce_0" arrivalPos="192.80" arrivalSpeed="10.00" duration="47.70" routeLength="394.90" waitingTime="0.00" waitingCount="0" stopTime="0.00" timeLoss="8.21" rerouteNo="0" devices="tripinfo_28" vType="typeCar@28" speedFactor="1.00" vaporized=""/>
    <tripinfo id="6" depart="3.00" departLane="nc_0" departPos="5.10" departSpeed="10.00" departDelay="0.00" arrival="68.00" arrivalLane="cs_0" arrivalPos="192.80" arrivalSpeed="10.00" duration="65.00" routeLength="394.90" waitingTime="0.90" waitingCount="9" stopTime="0.00" timeLoss="25.46" rerouteNo="0" devices="tripinfo_6" vType="typeCar@6" speedFactor="1.00" vaporized=""/>
    <tripinfo id="8" depart="4.00" departLane="nc_0" departPos="5.10" departSpeed="10.00" departDelay="0.00" arrival="69.10" arrivalLane="cs_0" arrivalPos="192.80" arrivalSpeed="10.00" duration="65.10" routeLength="394.90" waitingTime="0.90" waitingCount="9" stopTime="0.00" timeLoss="25.58" rerouteNo="0" devices="tripinfo_8" vType="typeCar@8" speedFactor="1.00" vaporized=""/>
    <tripinfo id="29" depart="20.00" departLane="wc_0" departPos="5.10" departSpeed="10.00" departDelay="0.00" arrival="75.80" arrivalLane="ce_0" arrivalPos="192.80" arrivalSpeed="10.00" duration="55.80" routeLength="394.90" waitingTime="0.00" waitingCount="0" stopTime="0.00" timeLoss="16.27" rerouteNo="0" devices="tripinfo_29" vType="typeCar@29" speedFactor="1.00" vaporized=""/>
    <tripinfo id="31" depart="21.00" departLane="wc_0" departPos="5.10" departSpeed="10.00" departDelay="0.00" arrival="76.70" arrivalLane="ce_0" arrivalPos="192.80" arrivalSpeed="10.00" duration="55.70" routeLength="394.90" waitingTime="0.00" waitingCount="0" stopTime="0.00" timeLoss="16.17" rerouteNo="0" devices="tripinfo_31" vType="typeCar@31" speedFactor="1.00" vaporized=""/>
    <tripinfo id="33" depart="22.00" departLane="wc_0" departPos="5.10" departSpeed="10.00" departDelay="0.00" arrival="77.70" arrivalLane="ce_0" arrivalPos="192.80" arrivalSpeed="10.00" duration="55.70" routeLength="394.90" waitingTime="0.10" waitingCount="1" stopTime="0.00" timeLoss="16.18" rerouteNo="0" devices="tripinfo_33" vType="typeCar@33" speedFactor="1.00" vaporized=""/>
    <tripinfo id="11" depart="6.00" departLane="nc_0" departPos="5.10" departSpeed="10.00" departDelay="0.00" arrival="85.10" arrivalLane="cs_0" arrivalPos="192.80" arrivalSpeed="10.00" duration="79.10" routeLength="394.90" waitingTime="1.00" waitingCount="10" stopTime="0.00" timeLoss="39.60" rerouteNo="0" devices="tripinfo_11" vType="typeCar@11" speedFactor="1.00" vaporized=""/>
    <tripinfo id="35" depart="23.00" departLane="wc_0" departPos="5.10" departSpeed="10.00" departDelay="0.00" arrival="88.10" arrivalLane="ce_0" arrivalPos="192.80" arrivalSpeed="10.00" duration="65.10" routeLength="394.90" waitingTime="0.20" waitingCount="2" stopTime="0.00" timeLoss="25.52" rerouteNo="0" devices="tripinfo_35" vType="typeCar@35" speedFactor="1.00" vaporized=""/>
    <tripinfo id="15" depart="9.00" departLane="nc_0" departPos="5.10" departSpeed="10.00" departDelay="0.00" arrival="90.20" arrivalLane="cs_0" arrivalPos="192.80" arrivalSpeed="10.00" duration="81.20" routeLength="394.90" waitingTime="1.40" waitingCount="14" stopTime="0.00" timeLoss="41.66" rerouteNo="0" devices="tripinfo_15" vType="typeCar@15" speedFactor="1.00" vaporized=""/>
    <tripinfo id="18" depart="11.00" departLane="nc_0" departPos="5.10" departSpeed="10.00" departDelay="0.00" arrival="91.00" arrivalLane="cs_0" arrivalPos="192.80" arrivalSpeed="10.00" duration="80.00" routeLength="394.90" waitingTime="1.30" waitingCount="13" stopTime="0.00" timeLoss="40.50" rerouteNo="0" devices="tripinfo_18" vType="typeCar@18" speedFactor="1.00" vaporized=""/>
    <tripinfo id="20" depart="12.00" departLane="nc_0" departPos="5.10" departSpeed="10.00" departDelay="0.00" arrival="92.50" arrivalLane="cs_0" arrivalPos="192.80" arrivalSpeed="10.00" duration="80.50" routeLength="394.90" waitingTime="1.30" waitingCount="13" stopTime="0.00" timeLoss="41.00" rerouteNo="0" devices="tripinfo_20" vType="typeCar@20" speedFactor="1.00" vaporized=""/>
    <tripinfo id="37" depart="24.00" departLane="wc_0" departPos="5.10" departSpeed="10.00" departDelay="0.00" arrival="94.10" arrivalLane="ce_0" arrivalPos="192.80" arrivalSpeed="10.00" duration="70.10" routeLength="394.90" waitingTime="0.20" waitingCount="2" stopTime="0.00" timeLoss="30.54" rerouteNo="0" devices="tripinfo_37" vType="typeCar@37" speedFactor="1.00" vaporized=""/>
    <tripinfo id="39" depart="25.00" departLane="wc_0" departPos="5.10" departSpeed="10.00" departDelay="0.00" arrival="95.10" arrivalLane="ce_0" arrivalPos="192.80" arrivalSpeed="10.00" duration="70.10" routeLength="394.90" waitingTime="0.40" waitingCount="4" stopTime="0.00" timeLoss="30.57" rerouteNo="0" devices="tripinfo_39" vType="typeCar@39" speedFactor="1.00" vaporized=""/>
    <tripinfo id="22" depart="13.00" departLane="nc_0" departPos="5.10" departSpeed="10.00" departDelay="0.00" arrival="97.90" arrivalLane="cs_0" arrivalPos="192.80" arrivalSpeed="10.00" duration="84.90" routeLength="394.90" waitingTime="1.40" waitingCount="14" stopTime="0.00" timeLoss="45.38" rerouteNo="0" devices="tripinfo_22" vType="typeCar@22" speedFactor="1.00" vaporized=""/>
    <tripinfo id="41" depart="26.00" departLane="wc_0" departPos="5.10" departSpeed="10.00" departDelay="0.00" arrival="104.20" arrivalLane="ce_0" arrivalPos="192.80" arrivalSpeed="10.00" duration="78.20" routeLength="394.90" waitingTime="0.40" waitingCount="4" stopTime="0.00" timeLoss="38.66" rerouteNo="0" devices="tripinfo_41" vType="typeCar@41" speedFactor="1.00" vaporized=""/>
    <tripinfo id="30" depart="20.00" departLane="nc_0" departPos="5.10" departSpeed="10.00" departDelay="0.00" arrival="106.50" arrivalLane="cs_0" arrivalPos="192.80" arrivalSpeed="10.00" duration="86.50" routeLength="394.90" waitingTime="0.90" waitingCount="9" stopTime="0.00" timeLoss="47.00" rerouteNo="0" devices="tripinfo_30" vType="typeCar@30" speedFactor="1.00" vaporized=""/>
    <tripinfo id="32" depart="21.00" departLane="nc_0" departPos="5.10" departSpeed="10.00" departDelay="0.00" arrival="107.40" arrivalLane="cs_0" arrivalPos="192.80" arrivalSpeed="10.00" duration="86.40" routeLength="394.90" waitingTime="1.10" waitingCount="11" stopTime="0.00" timeLoss="46.90" rerouteNo="0" devices="tripinfo_32" vType="typeCar@32" speedFactor="1.00" vaporized=""/>
    <tripinfo id="42" depart="27.00" departLane="wc_0" departPos="5.10" departSpeed="10.00" departDelay="0.00" arrival="109.00" arrivalLane="ce_0" arrivalPos="192.80" arrivalSpeed="10.00" duration="82.00" routeLength="394.90" waitingTime="0.40" waitingCount="4" stopTime="0.00" timeLoss="42.45" rerouteNo="0" devices="tripinfo_42" vType="typeCar@42" speedFactor="1.00" vaporized=""/>
    <tripinfo id="43" depart="28.00" departLane="wc_0" departPos="5.10" departSpeed="10.00" departDelay="0.00" arrival="110.00" arrivalLane="ce_0" arrivalPos="192.80" arrivalSpeed="10.00" duration="82.00" routeLength="394.90" waitingTime="0.60" waitingCount="6" stopTime="0.00" timeLoss="42.50" rerouteNo="0" devices="tripinfo_43" vType="typeCar@43" speedFactor="1.00" vaporized=""/>
    <tripinfo id="34" depart="22.00" departLane="nc_0" departPos="5.10" departSpeed="10.00" departDelay="0.00" arrival="111.60" arrivalLane="cs_0" arrivalPos="192.80" arrivalSpeed="10.00" duration="89.60" routeLength="394.90" waitingTime="1.20" waitingCount="12" stopTime="0.00" timeLoss="50.06" rerouteNo="0" devices="tripinfo_34" vType="typeCar@34" speedFactor="1.00" vaporized=""/>
    <tripinfo id="36" depart="23.00" departLane="nc_0" departPos="5.10" departSpeed="10.00" departDelay="0.00" arrival="112.90" arrivalLane="cs_0" arrivalPos="192.80" arrivalSpeed="10.00" duration="89.90" routeLength="394.90" waitingTime="2.00" waitingCount="20" stopTime="0.00" timeLoss="50.33" rerouteNo="0" devices="tripinfo_36" vType="typeCar@36" speedFactor="1.00" vaporized=""/>
    <tripinfo id="38" depart="24.00" departLane="nc_0" departPos="5.10" departSpeed="10.00" departDelay="0.00" arrival="120.20" arrivalLane="cs_0" arrivalPos="192.80" arrivalSpeed="10.00" duration="96.20" routeLength="394.90" waitingTime="2.00" waitingCount="20" stopTime="0.00" timeLoss="56.71" rerouteNo="0" devices="tripinfo_38" vType="typeCar@38" speedFactor="1.00" vaporized=""/>
    <tripinfo id="40" depart="25.00" departLane="nc_0" departPos="5.10" departSpeed="10.00" departDelay="0.00" arrival="121.20" arrivalLane="cs_0" arrivalPos="192.80" arrivalSpeed="10.00" duration="96.20" routeLength="394.90" waitingTime="2.20" waitingCount="22" stopTime="0.00" timeLoss="56.68" rerouteNo="0" devices="tripinfo_40" vType="typeCar@40" speedFactor="1.00" vaporized=""/>
    <tripinfo id="45" depart="29.00" departLane="nc_0" departPos="5.10" departSpeed="10.00" departDelay="0.00" arrival="122.50" arrivalLane="cs_0" arrivalPos="192.80" arrivalSpeed="10.00" duration="93.50" routeLength="394.90" waitingTime="2.00" waitingCount="20" stopTime="0.00" timeLoss="54.02" rerouteNo="0" devices="tripinfo_45" vType="typeCar@45" speedFactor="1.00" vaporized=""/>
    <tripinfo id="44" depart="29.00" departLane="wc_0" departPos="5.10" departSpeed="10.00" departDelay="0.00" arrival="124.20" arrivalLane="ce_0" arrivalPos="192.80" arrivalSpeed="10.00" duration="95.20" routeLength="394.90" waitingTime="1.20" waitingCount="12" stopTime="0.00" timeLoss="55.64" rerouteNo="0" devices="tripinfo_44" vType="typeCar@44" speedFactor="1.00" vaporized=""/>
    <tripinfo id="46" depart="30.00" departLane="wc_0" departPos="5.10" departSpeed="10.00" departDelay="0.00" arrival="125.10" arrivalLane="ce_0" arrivalPos="192.80" arrivalSpeed="10.00" duration="95.10" routeLength="394.90" waitingTime="1.40" waitingCount="14" stopTime="0.00" timeLoss="55.61" rerouteNo="0" devices="tripinfo_46" vType="typeCar@46" speedFactor="1.00" vaporized=""/>
    <tripinfo id="47" depart="31.00" departLane="wc_0" departPos="5.10" departSpeed="10.00" departDelay="0.00" arrival="127.10" arrivalLane="ce_0" arrivalPos="192.80" arrivalSpeed="10.00" duration="96.10" routeLength="394.90" waitingTime="1.50" waitingCount="15" stopTime="0.00" timeLoss="56.53" rerouteNo="0" devices="tripinfo_47" vType="typeCar@47" speedFactor="1.00" vaporized=""/>
    <tripinfo id="50" depart="33.00" departLane="nc_0" departPos="5.10" departSpeed="10.00" departDelay="0.00" arrival="128.60" arrivalLane="cs_0" arrivalPos="192.80" arrivalSpeed="10.00" duration="95.60" routeLength="394.90" waitingTime="2.00" waitingCount="20" stopTime="0.00" timeLoss="56.04" rerouteNo="0" devices="tripinfo_50" vType="typeCar@50" speedFactor="1.00" vaporized=""/>
    <tripinfo id="52" depart="34.00" departLane="nc_0" departPos="5.10" departSpeed="10.00" departDelay="0.00" arrival="129.80" arrivalLane="cs_0" arrivalPos="192.80" arrivalSpeed="10.00" duration="95.80" routeLength="394.90" waitingTime="2.40" waitingCount="24" stopTime="0.00" timeLoss="56.31" rerouteNo="0" devices="tripinfo_52" vType="typeCar@52" speedFactor="1.00" vaporized=""/>
    <tripinfo id="55" depart="36.00" departLane="nc_0" departPos="5.10" departSpeed="10.00" departDelay="0.00" arrival="133.60" arrivalLane="cs_0" arrivalPos="192.80" arrivalSpeed="10.00" duration="97.60" routeLength="394.90" waitingTime="2.40" waitingCount="24" stopTime="0.00" timeLoss="58.10" rerouteNo="0" devices="tripinfo_55" vType="typeCar@55" speedFactor="1.00" vaporized=""/>
    <tripinfo id="48" depart="32.00" departLane="wc_0" departPos="5.10" departSpeed="10.00" departDelay="0.00" arrival="139.20" arrivalLane="ce_0" arrivalPos="192.80" arrivalSpeed="10.00" duration="107.20" routeLength="394.90" waitingTime="1.80" waitingCount="18" stopTime="0.00" timeLoss="67.70" rerouteNo="0" devices="tripinfo_48" vType="typeCar@48" speedFactor="1.00" vaporized=""/>
    <tripinfo id="49" depart="33.00" departLane="wc_0" departPos="5.10" departSpeed="10.00" departDelay="0.00" arrival="140.10" arrivalLane="ce_0" arrivalPos="192.80" arrivalSpeed="10.00" duration="107.10" routeLength="394.90" waitingTime="1.80" waitingCount="18" stopTime="0.00" timeLoss="67.53" rerouteNo="0" devices="tripinfo_49" vType="typeCar@49" speedFactor="1.00" vaporized=""/>
    <tripinfo id="51" depart="34.00" departLane="wc_0" departPos="5.10" departSpeed="10.00" departDelay="0.00" arrival="143.40" arrivalLane="ce_0" arrivalPos="192.80" arrivalSpeed="10.00" duration="109.40" routeLength="394.90" waitingTime="2.10" waitingCount="21" stopTime="0.00" timeLoss="69.84" rerouteNo="0" devices="tripinfo_51" vType="typeCar@51" speedFactor="1.00" vaporized=""/>
    <tripinfo id="57" depart="37.00" departLane="nc_0" departPos="5.10" departSpeed="10.00" departDelay="0.00" arrival="145.10" arrivalLane="cs_0" arrivalPos="192.80" arrivalSpeed="10.00" duration="108.10" routeLength="394.90" waitingTime="2.00" waitingCount="20" stopTime="0.00" timeLoss="68.54" rerouteNo="0" devices="tripinfo_57" vType="typeCar@57" speedFactor="1.00" vaporized=""/>
    <tripinfo id="59" depart="38.00" departLane="nc_0" departPos="5.10" departSpeed="10.00" departDelay="0.00" arrival="146.00" arrivalLane="cs_0" arrivalPos="192.80" arrivalSpeed="10.00" duration="108.00" routeLength="394.90" waitingTime="1.90" waitingCount="19" stopTime="0.00" timeLoss="68.43" rerouteNo="0" devices="tripinfo_59" vType="typeCar@59" speedFactor="1.00" vaporized=""/>
    <tripinfo id="53" depart="35.00" departLane="wc_0" departPos="5.10" departSpeed="10.00" departDelay="0.00" arrival="150.90" arrivalLane="ce_0" arrivalPos="192.80" arrivalSpeed="10.00" duration="115.90" routeLength="394.90" waitingTime="2.30" waitingCount="23" stopTime="0.00" timeLoss="76.35" rerouteNo="0" devices="tripinfo_53" vType="typeCar@53" speedFactor="1.00" vaporized=""/>
    <tripinfo id="54" depart="36.00" departLane="wc_0" departPos="5.10" departSpeed="10.00" departDelay="0.00" arrival="153.00" arrivalLane="ce_0" arrivalPos="192.80" arrivalSpeed="10.00" duration="117.00" routeLength="394.90" waitingTime="2.40" waitingCount="24" stopTime="0.00" timeLoss="77.49" rerouteNo="0" devices="tripinfo_54" vType="typeCar@54" speedFactor="1.00" vaporized=""/>
    <tripinfo id="56" depart="37.00" departLane="wc_0" departPos="5.10" departSpeed="10.00" departDelay="0.00" arrival="155.60" arrivalLane="ce_0" arrivalPos="192.80" arrivalSpeed="10.00" duration="118.60" routeLength="394.90" waitingTime="2.60" waitingCount="26" stopTime="0.00" timeLoss="79.03" rerouteNo="0" devices="tripinfo_56" vType="typeCar@56" speedFactor="1.00" vaporized=""/>
    <tripinfo id="61" depart="39.00" departLane="nc_0" departPos="5.10" departSpeed="10.00" departDelay="0.00" arrival="158.30" arrivalLane="cs_0" arrivalPos="192.80" arrivalSpeed="10.00" duration="119.30" routeLength="394.90" waitingTime="9.70" waitingCount="34" stopTime="0.00" timeLoss="79.75" rerouteNo="0" devices="tripinfo_61" vType="typeCar@61" speedFactor="1.00" vaporized=""/>
    <tripinfo id="63" depart="40.00" departLane="nc_0" departPos="5.10" departSpeed="9.00" departDelay="0.00" arrival="159.10" arrivalLane="cs_0" arrivalPos="192.80" arrivalSpeed="10.00" duration="119.10" routeLength="394.90" waitingTime="3.30" waitingCount="33" stopTime="0.00" timeLoss="79.59" rerouteNo="0" devices="tripinfo_63" vType="typeCar@63" speedFactor="1.00" vaporized=""/>
    <tripinfo id="66" depart="42.00" departLane="nc_0" departPos="5.10" departSpeed="2.20" departDelay="0.00" arrival="160.20" arrivalLane="cs_0" arrivalPos="192.80" arrivalSpeed="10.00" duration="118.20" routeLength="394.90" waitingTime="3.60" waitingCount="36" stopTime="0.00" timeLoss="78.63" rerouteNo="0" devices="tripinfo_66" vType="typeCar@66" speedFactor="1.00" vaporized=""/>
    <tripinfo id="58" depart="38.00" departLane="wc_0" departPos="5.10" departSpeed="10.00" departDelay="0.00" arrival="161.70" arrivalLane="ce_0" arrivalPos="192.80" arrivalSpeed="10.00" duration="123.70" routeLength="394.90" waitingTime="2.90" waitingCount="29" stopTime="0.00" timeLoss="84.13" rerouteNo="0" devices="tripinfo_58" vType="typeCar@58" speedFactor="1.00" vaporized=""/>
    <tripinfo id="60" depart="39.00" departLane="wc_0" departPos="5.10" departSpeed="7.50" departDelay="0.00" arrival="163.00" arrivalLane="ce_0" arrivalPos="192.80" arrivalSpeed="10.00" duration="124.00" routeLength="394.90" waitingTime="3.20" waitingCount="32" stopTime="0.00" timeLoss="84.49" rerouteNo="0" devices="tripinfo_60" vType="typeCar@60" speedFactor="1.00" vaporized=""/>
    <tripinfo id="69" depart="44.40" departLane="nc_0" departPos="5.10" departSpeed="2.20" departDelay="0.40" arrival="170.30" arrivalLane="cs_0" arrivalPos="192.80" arrivalSpeed="10.00" duration="125.90" routeLength="394.90" waitingTime="4.40" waitingCount="44" stopTime="0.00" timeLoss="86.35" rerouteNo="0" devices="tripinfo_69" vType="typeCar@69" speedFactor="1.00" vaporized=""/>
    <tripinfo id="72" depart="49.30" departLane="nc_0" departPos="5.10" departSpeed="2.85" departDelay="3.30" arrival="171.20" arrivalLane="cs_0" arrivalPos="192.80" arrivalSpeed="10.00" duration="121.90" routeLength="394.90" waitingTime="4.30" waitingCount="43" stopTime="0.00" timeLoss="82.36" rerouteNo="0" devices="tripinfo_72" vType="typeCar@72" speedFactor="1.00" vaporized=""/>
    <tripinfo id="74" depart="57.00" departLane="nc_0" departPos="5.10" departSpeed="1.62" departDelay="10.00" arrival="172.60" arrivalLane="cs_0" arrivalPos="192.80" arrivalSpeed="10.00" duration="115.60" routeLength="394.90" waitingTime="4.60" waitingCount="41" stopTime="0.00" timeLoss="76.12" rerouteNo="0" devices="tripinfo_74" vType="typeCar@74" speedFactor="1.00" vaporized=""/>
    <tripinfo id="62" depart="40.00" departLane="wc_0" departPos="5.10" departSpeed="4.90" departDelay="0.00" arrival="174.30" arrivalLane="ce_0" arrivalPos="192.80" arrivalSpeed="10.00" duration="134.30" routeLength="394.90" waitingTime="3.40" waitingCount="34" stopTime="0.00" timeLoss="94.76" rerouteNo="0" devices="tripinfo_62" vType="typeCar@62" speedFactor="1.00" vaporized=""/>
    <tripinfo id="64" depart="44.00" departLane="wc_0" departPos="5.10" departSpeed="4.10" departDelay="3.00" arrival="176.20" arrivalLane="ce_0" arrivalPos="192.80" arrivalSpeed="10.00" duration="132.20" routeLength="394.90" waitingTime="4.10" waitingCount="41" stopTime="0.00" timeLoss="92.67" rerouteNo="0" devices="tripinfo_64" vType="typeCar@64" speedFactor="1.00" vaporized=""/>
    <tripinfo id="65" depart="48.20" departLane="wc_0" departPos="5.10" departSpeed="2.30" departDelay="6.20" arrival="183.70" arrivalLane="ce_0" arrivalPos="192.80" arrivalSpeed="10.00" duration="135.50" routeLength="394.90" waitingTime="4.90" waitingCount="49" stopTime="0.00" timeLoss="95.97" rerouteNo="0" devices="tripinfo_65" vType="typeCar@65" speedFactor="1.00" vaporized=""/>
    <tripinfo id="81" depart="61.60" departLane="nc_0" departPos="5.10" departSpeed="5.43" departDelay="8.60" arrival="186.00" arrivalLane="cs_0" arrivalPos="192.80" arrivalSpeed="10.00" duration="124.40" routeLength="394.90" waitingTime="4.40" waitingCount="44" stopTime="0.00" timeLoss="84.88" rerouteNo="0" devices="tripinfo_81" vType="typeCar@81" speedFactor="1.00" vaporized=""/>
    <tripinfo id="84" depart="68.50" departLane="nc_0" departPos="5.10" departSpeed="2.13" departDelay="13.50" arrival="186.90" arrivalLane="cs_0" arrivalPos="192.80" arrivalSpeed="10.00" duration="118.40" routeLength="394.90" waitingTime="4.40" waitingCount="44" stopTime="0.00" timeLoss="78.84" rerouteNo="0" devices="tripinfo_84" vType="typeCar@84" speedFactor="1.00" vaporized=""/>
    <tripinfo id="67" depart="53.10" departLane="wc_0" departPos="5.10" departSpeed="5.00" departDelay="10.10" arrival="188.30" arrivalLane="ce_0" arrivalPos="192.80" arrivalSpeed="10.00" duration="135.20" routeLength="394.90" waitingTime="5.00" waitingCount="50" stopTime="0.00" timeLoss="95.70" rerouteNo="0" devices="tripinfo_67" vType="typeCar@67" speedFactor="1.00" vaporized=""/>
    <tripinfo id="68" depart="58.70" departLane="wc_0" departPos="5.10" departSpeed="1.80" departDelay="14.70" arrival="189.30" arrivalLane="ce_0" arrivalPos="192.80" arrivalSpeed="10.00" duration="130.60" routeLength="394.90" waitingTime="4.60" waitingCount="46" stopTime="0.00" timeLoss="91.11" rerouteNo="0" devices="tripinfo_68" vType="typeCar@68" speedFactor="1.00" vaporized=""/>
    <tripinfo id="70" depart="64.50" departLane="wc_0" departPos="5.10" departSpeed="0.00" departDelay="19.50" arrival="193.50" arrivalLane="ce_0" arrivalPos="192.80" arrivalSpeed="10.00" duration="129.00" routeLength="394.90" waitingTime="5.20" waitingCount="43" stopTime="0.00" timeLoss="89.47" rerouteNo="0" devices="tripinfo_70" vType="typeCar@70" speedFactor="1.00" vaporized=""/>
    <tripinfo id="71" depart="72.80" departLane="wc_0" departPos="5.10" departSpeed="1.40" departDelay="26.80" arrival="195.70" arrivalLane="ce_0" arrivalPos="192.80" arrivalSpeed="10.00" duration="122.90" routeLength="394.90" waitingTime="4.60" waitingCount="42" stopTime="0.00" timeLoss="83.36" rerouteNo="0" devices="tripinfo_71" vType="typeCar@71" speedFactor="1.00" vaporized=""/>
    <tripinfo id="73" depart="76.50" departLane="wc_0" departPos="5.10" departSpeed="5.64" departDelay="29.50" arrival="196.80" arrivalLane="ce_0" arrivalPos="192.80" arrivalSpeed="10.00" duration="120.30" routeLength="394.90" waitingTime="4.10" waitingCount="41" stopTime="0.00" timeLoss="80.73" rerouteNo="0" devices="tripinfo_73" vType="typeCar@73" speedFactor="1.00" vaporized=""/>
    <tripinfo id="75" depart="77.60" departLane="wc_0" departPos="5.10" departSpeed="5.74" departDelay="29.60" arrival="199.50" arrivalLane="ce_0" arrivalPos="192.80" arrivalSpeed="10.00" duration="121.90" routeLength="394.90" waitingTime="5.00" waitingCount="50" stopTime="0.00" timeLoss="82.41" rerouteNo="0" devices="tripinfo_75" vType="typeCar@75" speedFactor="1.00" vaporized=""/>
    <tripinfo id="86" depart="73.50" departLane="nc_0" departPos="5.10" departSpeed="2.73" departDelay="17.50" arrival="202.20" arrivalLane="cs_0" arrivalPos="192.80" arrivalSpeed="10.00" duration="128.70" routeLength="394.90" waitingTime="13.20" waitingCount="45" stopTime="0.00" timeLoss="89.23" rerouteNo="0" devices="tripinfo_86" vType="typeCar@86" speedFactor="1.00" vaporized=""/>
    <tripinfo id="76" depart="83.50" departLane="wc_0" departPos="5.10" departSpeed="0.24" departDelay="34.50" arrival="204.90" arrivalLane="ce_0" arrivalPos="192.80" arrivalSpeed="10.00" duration="121.40" routeLength="394.90" waitingTime="5.50" waitingCount="44" stopTime="0.00" timeLoss="81.84" rerouteNo="0" devices="tripinfo_76" vType="typeCar@76" speedFactor="1.00" vaporized=""/>
    <tripinfo id="77" depart="91.60" departLane="wc_0" departPos="5.10" departSpeed="4.15" departDelay="41.60" arrival="205.90" arrivalLane="ce_0" arrivalPos="192.80" arrivalSpeed="10.00" duration="114.30" routeLength="394.90" waitingTime="4.40" waitingCount="44" stopTime="0.00" timeLoss="74.77" rerouteNo="0" devices="tripinfo_77" vType="typeCar@77" speedFactor="1.00" vaporized=""/>
    <tripinfo id="78" depart="96.00" departLane="wc_0" departPos="5.10" departSpeed="3.75" departDelay="45.00" arrival="207.10" arrivalLane="ce_0" arrivalPos="192.80" arrivalSpeed="10.00" duration="111.10" routeLength="394.90" waitingTime="4.70" waitingCount="47" stopTime="0.00" timeLoss="71.62" rerouteNo="0" devices="tripinfo_78" vType="typeCar@78" speedFactor="1.00" vaporized=""/>
    <tripinfo id="79" depart="102.90" departLane="wc_0" departPos="5.10" departSpeed="2.05" departDelay="50.90" arrival="208.60" arrivalLane="ce_0" arrivalPos="192.80" arrivalSpeed="10.00" duration="105.70" routeLength="394.90" waitingTime="4.90" waitingCount="47" stopTime="0.00" timeLoss="66.16" rerouteNo="0" devices="tripinfo_79" vType="typeCar@79" speedFactor="1.00" vaporized=""/>
    <tripinfo id="80" depart="108.60" departLane="wc_0" departPos="5.10" departSpeed="5.17" departDelay="55.60" arrival="212.80" arrivalLane="ce_0" arrivalPos="192.80" arrivalSpeed="10.00" duration="104.20" routeLength="394.90" waitingTime="3.80" waitingCount="38" stopTime="0.00" timeLoss="64.67" rerouteNo="0" devices="tripinfo_80" vType="typeCar@80" speedFactor="1.00" vaporized=""/>
    <tripinfo id="82" depart="113.50" departLane="wc_0" departPos="5.10" departSpeed="3.07" departDelay="59.50" arrival="214.70" arrivalLane="ce_0" arrivalPos="192.80" arrivalSpeed="10.00" duration="101.20" routeLength="394.90" waitingTime="3.40" waitingCount="34" stopTime="0.00" timeLoss="61.69" rerouteNo="0" devices="tripinfo_82" vType="typeCar@82" speedFactor="1.00" vaporized=""/>
    <tripinfo id="83" depart="115.40" departLane="wc_0" departPos="5.10" departSpeed="5.57" departDelay="60.40" arrival="215.70" arrivalLane="ce_0" arrivalPos="192.80" arrivalSpeed="10.00" duration="100.30" routeLength="394.90" waitingTime="4.00" waitingCount="40" stopTime="0.00" timeLoss="60.77" rerouteNo="0" devices="tripinfo_83" vType="typeCar@83" speedFactor="1.00" vaporized=""/>
    <tripinfo id="85" depart="120.00" departLane="wc_0" departPos="5.10" departSpeed="3.37" departDelay="64.00" arrival="216.70" arrivalLane="ce_0" arrivalPos="192.80" arrivalSpeed="10.00" duration="96.70" routeLength="394.90" waitingTime="4.30" waitingCount="43" stopTime="0.00" timeLoss="57.20" rerouteNo="0" devices="tripinfo_85" vType="typeCar@85" speedFactor="1.00" vaporized=""/>
    <tripinfo id="87" depart="128.00" departLane="wc_0" departPos="5.10" departSpeed="1.77" departDelay="71.00" arrival="221.20" arrivalLane="ce_0" arrivalPos="192.80" arrivalSpeed="10.00" duration="93.20" routeLength="394.90" waitingTime="3.40" waitingCount="34" stopTime="0.00" timeLoss="53.68" rerouteNo="0" devices="tripinfo_87" vType="typeCar@87" speedFactor="1.00" vaporized=""/>
    <tripinfo id="88" depart="130.40" departLane="wc_0" departPos="5.10" departSpeed="5.77" departDelay="72.40" arrival="223.70" arrivalLane="ce_0" arrivalPos="192.80" arrivalSpeed="10.00" duration="93.30" routeLength="394.90" waitingTime="3.60" waitingCount="36" stopTime="0.00" timeLoss="53.74" rerouteNo="0" devices="tripinfo_88" vType="typeCar@88" speedFactor="1.00" vaporized=""/>
    <tripinfo id="89" depart="131.60" departLane="wc_0" departPos="5.10" departSpeed="2.97" departDelay="72.60" arrival="225.00" arrivalLane="ce_0" arrivalPos="192.80" arrivalSpeed="10.00" duration="93.40" routeLength="394.90" waitingTime="3.90" waitingCount="39" stopTime="0.00" timeLoss="53.92" rerouteNo="0" devices="tripinfo_89" vType="typeCar@89" speedFactor="1.00" vaporized=""/>
    <tripinfo id="91" depart="143.10" departLane="wc_0" departPos="5.10" departSpeed="1.90" departDelay="83.10" arrival="226.00" arrivalLane="ce_0" arrivalPos="192.80" arrivalSpeed="10.00" duration="82.90" routeLength="394.90" waitingTime="2.50" waitingCount="25" stopTime="0.00" timeLoss="43.41" rerouteNo="0" devices="tripinfo_91" vType="typeCar@91" speedFactor="1.00" vaporized=""/>
    <tripinfo id="92" depart="145.50" departLane="wc_0" departPos="5.10" departSpeed="5.90" departDelay="84.50" arrival="227.10" arrivalLane="ce_0" arrivalPos="192.80" arrivalSpeed="10.00" duration="81.60" routeLength="394.90" waitingTime="3.20" waitingCount="32" stopTime="0.00" timeLoss="42.06" rerouteNo="0" devices="tripinfo_92" vType="typeCar@92" speedFactor="1.00" vaporized=""/>
    <tripinfo id="90" depart="78.00" departLane="nc_0" departPos="5.10" departSpeed="1.98" departDelay="19.00" arrival="230.20" arrivalLane="cs_0" arrivalPos="192.80" arrivalSpeed="10.00" duration="152.20" routeLength="394.90" waitingTime="29.80" waitingCount="53" stopTime="0.00" timeLoss="112.70" rerouteNo="0" devices="tripinfo_90" vType="typeCar@90" speedFactor="1.00" vaporized=""/>
    <tripinfo id="93" depart="146.60" departLane="wc_0" departPos="5.10" departSpeed="4.40" departDelay="84.60" arrival="232.10" arrivalLane="ce_0" arrivalPos="192.80" arrivalSpeed="10.00" duration="85.50" routeLength="394.90" waitingTime="3.50" waitingCount="35" stopTime="0.00" timeLoss="46.03" rerouteNo="0" devices="tripinfo_93" vType="typeCar@93" speedFactor="1.00" vaporized=""/>
    <tripinfo id="95" depart="155.60" departLane="wc_0" departPos="5.10" departSpeed="0.20" departDelay="92.60" arrival="233.20" arrivalLane="ce_0" arrivalPos="192.80" arrivalSpeed="10.00" duration="77.60" routeLength="394.90" waitingTime="3.40" waitingCount="26" stopTime="0.00" timeLoss="38.03" rerouteNo="0" devices="tripinfo_95" vType="typeCar@95" speedFactor="1.00" vaporized=""/>
    <tripinfo id="96" depart="160.00" departLane="wc_0" departPos="5.10" departSpeed="0.10" departDelay="96.00" arrival="234.20" arrivalLane="ce_0" arrivalPos="192.80" arrivalSpeed="10.00" duration="74.20" routeLength="394.90" waitingTime="3.60" waitingCount="24" stopTime="0.00" timeLoss="34.67" rerouteNo="0" devices="tripinfo_96" vType="typeCar@96" speedFactor="1.00" vaporized=""/>
    <tripinfo id="97" depart="169.70" departLane="wc_0" departPos="5.10" departSpeed="4.01" departDelay="104.70" arrival="235.20" arrivalLane="ce_0" arrivalPos="192.80" arrivalSpeed="10.00" duration="65.50" routeLength="394.90" waitingTime="1.60" waitingCount="16" stopTime="0.00" timeLoss="26.03" rerouteNo="0" devices="tripinfo_97" vType="typeCar@97" speedFactor="1.00" vaporized=""/>
    <tripinfo id="99" depart="171.20" departLane="wc_0" departPos="5.10" departSpeed="6.11" departDelay="105.20" arrival="236.30" arrivalLane="ce_0" arrivalPos="192.80" arrivalSpeed="10.00" duration="65.10" routeLength="394.90" waitingTime="1.60" waitingCount="16" stopTime="0.00" timeLoss="25.58" rerouteNo="0" devices="tripinfo_99" vType="typeCar@99" speedFactor="1.00" vaporized=""/>
    <tripinfo id="100" depart="172.20" departLane="wc_0" departPos="5.10" departSpeed="6.71" departDelay="105.20" arrival="237.30" arrivalLane="ce_0" arrivalPos="192.80" arrivalSpeed="10.00" duration="65.10" routeLength="394.90" waitingTime="1.80" waitingCount="18" stopTime="0.00" timeLoss="25.58" rerouteNo="0" devices="tripinfo_100" vType="typeCar@100" speedFactor="1.00" vaporized=""/>
    <tripinfo id="94" depart="82.50" departLane="nc_0" departPos="5.10" departSpeed="5.26" departDelay="20.50" arrival="239.30" arrivalLane="cs_0" arrivalPos="192.80" arrivalSpeed="10.00" duration="156.80" routeLength="394.90" waitingTime="17.40" waitingCount="56" stopTime="0.00" timeLoss="117.31" rerouteNo="0" devices="tripinfo_94" vType="typeCar@94" speedFactor="1.00" vaporized=""/>
    <tripinfo id="102" depart="175.60" departLane="wc_0" departPos="5.10" departSpeed="0.11" departDelay="107.60" arrival="242.20" arrivalLane="ce_0" arrivalPos="192.80" arrivalSpeed="10.00" duration="66.60" routeLength="394.90" waitingTime="2.80" waitingCount="15" stopTime="0.00" timeLoss="27.08" rerouteNo="0" devices="tripinfo_102" vType="typeCar@102" speedFactor="1.00" vaporized=""/>
    <tripinfo id="103" depart="182.30" departLane="wc_0" departPos="5.10" departSpeed="5.44" departDelay="113.30" arrival="243.20" arrivalLane="ce_0" arrivalPos="192.80" arrivalSpeed="10.00" duration="60.90" routeLength="394.90" waitingTime="1.00" waitingCount="10" stopTime="0.00" timeLoss="21.45" rerouteNo="0" devices="tripinfo_103" vType="typeCar@103" speedFactor="1.00" vaporized=""/>
    <tripinfo id="105" depart="183.40" departLane="wc_0" departPos="5.10" departSpeed="7.14" departDelay="113.40" arrival="244.30" arrivalLane="ce_0" arrivalPos="192.80" arrivalSpeed="10.00" duration="60.90" routeLength="394.90" waitingTime="1.10" waitingCount="11" stopTime="0.00" timeLoss="21.39" rerouteNo="0" devices="tripinfo_105" vType="typeCar@105" speedFactor="1.00" vaporized=""/>
    <tripinfo id="106" depart="185.10" departLane="wc_0" departPos="5.10" departSpeed="0.24" departDelay="114.10" arrival="245.30" arrivalLane="ce_0" arrivalPos="192.80" arrivalSpeed="10.00" duration="60.20" routeLength="394.90" waitingTime="2.20" waitingCount="11" stopTime="0.00" timeLoss="20.70" rerouteNo="0" devices="tripinfo_106" vType="typeCar@106" speedFactor="1.00" vaporized=""/>
    <tripinfo id="107" depart="189.10" departLane="wc_0" departPos="5.10" departSpeed="5.82" departDelay="117.10" arrival="246.30" arrivalLane="ce_0" arrivalPos="192.80" arrivalSpeed="10.00" duration="57.20" routeLength="394.90" waitingTime="1.00" waitingCount="10" stopTime="0.00" timeLoss="17.71" rerouteNo="0" devices="tripinfo_107" vType="typeCar@107" speedFactor="1.00" vaporized=""/>
    <tripinfo id="109" depart="190.20" departLane="wc_0" departPos="5.10" departSpeed="7.52" departDelay="117.20" arrival="247.40" arrivalLane="ce_0" arrivalPos="192.80" arrivalSpeed="10.00" duration="57.20" routeLength="394.90" waitingTime="1.10" waitingCount="11" stopTime="0.00" timeLoss="17.65" rerouteNo="0" devices="tripinfo_109" vType="typeCar@109" speedFactor="1.00" vaporized=""/>
    <tripinfo id="110" depart="191.10" departLane="wc_0" departPos="5.10" departSpeed="8.62" departDelay="117.10" arrival="248.50" arrivalLane="ce_0" arrivalPos="192.80" arrivalSpeed="10.00" duration="57.40" routeLength="394.90" waitingTime="1.20" waitingCount="12" stopTime="0.00" timeLoss="17.91" rerouteNo="0" devices="tripinfo_110" vType="typeCar@110" speedFactor="1.00" vaporized=""/>
    <tripinfo id="98" depart="83.80" departLane="nc_0" departPos="5.10" departSpeed="5.16" departDelay="18.80" arrival="250.90" arrivalLane="cs_0" arrivalPos="192.80" arrivalSpeed="10.00" duration="167.10" routeLength="394.90" waitingTime="11.70" waitingCount="62" stopTime="0.00" timeLoss="127.64" rerouteNo="0" devices="tripinfo_98" vType="typeCar@98" speedFactor="1.00" vaporized=""/>
    <tripinfo id="112" depart="192.00" departLane="wc_0" departPos="5.10" departSpeed="4.92" departDelay="117.00" arrival="257.00" arrivalLane="ce_0" arrivalPos="192.80" arrivalSpeed="10.00" duration="65.00" routeLength="394.90" waitingTime="1.30" waitingCount="13" stopTime="0.00" timeLoss="25.51" rerouteNo="0" devices="tripinfo_112" vType="typeCar@112" speedFactor="1.00" vaporized=""/>
    <tripinfo id="113" depart="197.50" departLane="wc_0" departPos="5.10" departSpeed="3.02" departDelay="121.50" arrival="258.00" arrivalLane="ce_0" arrivalPos="192.80" arrivalSpeed="10.00" duration="60.50" routeLength="394.90" waitingTime="0.80" waitingCount="8" stopTime="0.00" timeLoss="20.97" rerouteNo="0" devices="tripinfo_113" vType="typeCar@113" speedFactor="1.00" vaporized=""/>
    <tripinfo id="114" depart="199.50" departLane="wc_0" departPos="5.10" departSpeed="5.82" departDelay="122.50" arrival="259.10" arrivalLane="ce_0" arrivalPos="192.80" arrivalSpeed="10.00" duration="59.60" routeLength="394.90" waitingTime="0.80" waitingCount="8" stopTime="0.00" timeLoss="20.14" rerouteNo="0" devices="tripinfo_114" vType="typeCar@114" speedFactor="1.00" vaporized=""/>
    <tripinfo id="116" depart="200.60" departLane="wc_0" departPos="5.10" departSpeed="7.52" departDelay="122.60" arrival="260.20" arrivalLane="ce_0" arrivalPos="192.80" arrivalSpeed="10.00" duration="59.60" routeLength="394.90" waitingTime="0.80" waitingCount="8" stopTime="0.00" timeLoss="20.09" rerouteNo="0" devices="tripinfo_116" vType="typeCar@116" speedFactor="1.00" vaporized=""/>
    <tripinfo id="117" depart="201.50" departLane="wc_0" departPos="5.10" departSpeed="7.82" departDelay="122.50" arrival="261.20" arrivalLane="ce_0" arrivalPos="192.80" arrivalSpeed="10.00" duration="59.70" routeLength="394.90" waitingTime="1.00" waitingCount="10" stopTime="0.00" timeLoss="20.23" rerouteNo="0" devices="tripinfo_117" vType="typeCar@117" speedFactor="1.00" vaporized=""/>
    <tripinfo id="119" depart="202.50" departLane="wc_0" departPos="5.10" departSpeed="2.82" departDelay="122.50" arrival="262.20" arrivalLane="ce_0" arrivalPos="192.80" arrivalSpeed="10.00" duration="59.70" routeLength="394.90" waitingTime="1.20" waitingCount="12" stopTime="0.00" timeLoss="20.21" rerouteNo="0" devices="tripinfo_119" vType="typeCar@119" speedFactor="1.00" vaporized=""/>
    <tripinfo id="120" depart="208.40" departLane="wc_0" departPos="5.10" departSpeed="4.94" departDelay="127.40" arrival="263.30" arrivalLane="ce_0" arrivalPos="192.80" arrivalSpeed="10.00" duration="54.90" routeLength="394.90" waitingTime="0.80" waitingCount="8" stopTime="0.00" timeLoss="15.38" rerouteNo="0" devices="tripinfo_120" vType="typeCar@120" speedFactor="1.00" vaporized=""/>
    <tripinfo id="121" depart="209.70" departLane="wc_0" departPos="5.10" departSpeed="6.44" departDelay="127.70" arrival="264.30" arrivalLane="ce_0" arrivalPos="192.80" arrivalSpeed="10.00" duration="54.60" routeLength="394.90" waitingTime="0.60" waitingCount="6" stopTime="0.00" timeLoss="15.10" rerouteNo="0" devices="tripinfo_121" vType="typeCar@121" speedFactor="1.00" vaporized=""/>
    <tripinfo id="123" depart="210.70" departLane="wc_0" departPos="5.10" departSpeed="7.84" departDelay="127.70" arrival="266.30" arrivalLane="ce_0" arrivalPos="192.80" arrivalSpeed="10.00" duration="55.60" routeLength="394.90" waitingTime="0.80" waitingCount="8" stopTime="0.00" timeLoss="16.15" rerouteNo="0" devices="tripinfo_123" vType="typeCar@123" speedFactor="1.00" vaporized=""/>
    <tripinfo id="101" depart="90.10" departLane="nc_0" departPos="5.10" departSpeed="0.06" departDelay="23.10" arrival="268.50" arrivalLane="cs_0" arrivalPos="192.80" arrivalSpeed="10.00" duration="178.40" routeLength="394.90" waitingTime="9.00" waitingCount="78" stopTime="0.00" timeLoss="138.83" rerouteNo="0" devices="tripinfo_101" vType="typeCar@101" speedFactor="1.00" vaporized=""/>
    <tripinfo id="104" depart="94.80" departLane="nc_0" departPos="5.10" departSpeed="5.77" departDelay="25.80" arrival="269.80" arrivalLane="cs_0" arrivalPos="192.80" arrivalSpeed="10.00" duration="175.00" routeLength="394.90" waitingTime="11.90" waitingCount="119" stopTime="0.00" timeLoss="135.54" rerouteNo="0" devices="tripinfo_104" vType="typeCar@104" speedFactor="1.00" vaporized=""/>
    <tripinfo id="124" depart="211.60" departLane="wc_0" departPos="5.10" departSpeed="7.34" departDelay="127.60" arrival="271.30" arrivalLane="ce_0" arrivalPos="192.80" arrivalSpeed="10.00" duration="59.70" routeLength="394.90" waitingTime="0.90" waitingCount="9" stopTime="0.00" timeLoss="20.20" rerouteNo="0" devices="tripinfo_124" vType="typeCar@124" speedFactor="1.00" vaporized=""/>
    <tripinfo id="126" depart="212.70" departLane="wc_0" departPos="5.10" departSpeed="1.84" departDelay="127.70" arrival="272.30" arrivalLane="ce_0" arrivalPos="192.80" arrivalSpeed="10.00" duration="59.60" routeLength="394.90" waitingTime="1.50" waitingCount="12" stopTime="0.00" timeLoss="20.08" rerouteNo="0" devices="tripinfo_126" vType="typeCar@126" speedFactor="1.00" vaporized=""/>
    <tripinfo id="108" depart="95.90" departLane="nc_0" departPos="5.10" departSpeed="7.47" departDelay="23.90" arrival="273.90" arrivalLane="cs_0" arrivalPos="192.80" arrivalSpeed="10.00" duration="178.00" routeLength="394.90" waitingTime="11.90" waitingCount="119" stopTime="0.00" timeLoss="138.55" rerouteNo="0" devices="tripinfo_108" vType="typeCar@108" speedFactor="1.00" vaporized=""/>
    <tripinfo id="111" depart="96.80" departLane="nc_0" departPos="5.10" departSpeed="6.97" departDelay="22.80" arrival="275.00" arrivalLane="cs_0" arrivalPos="192.80" arrivalSpeed="10.00" duration="178.20" routeLength="394.90" waitingTime="12.70" waitingCount="127" stopTime="0.00" timeLoss="138.70" rerouteNo="0" devices="tripinfo_111" vType="typeCar@111" speedFactor="1.00" vaporized=""/>
    <tripinfo id="127" depart="218.60" departLane="wc_0" departPos="5.10" departSpeed="5.30" departDelay="132.60" arrival="276.50" arrivalLane="ce_0" arrivalPos="192.80" arrivalSpeed="10.00" duration="57.90" routeLength="394.90" waitingTime="0.60" waitingCount="6" stopTime="0.00" timeLoss="18.41" rerouteNo="0" devices="tripinfo_127" vType="typeCar@127" speedFactor="1.00" vaporized=""/>
    <tripinfo id="128" depart="219.80" departLane="wc_0" departPos="5.10" departSpeed="6.50" departDelay="132.80" arrival="277.60" arrivalLane="ce_0" arrivalPos="192.80" arrivalSpeed="10.00" duration="57.80" routeLength="394.90" waitingTime="0.80" waitingCount="8" stopTime="0.00" timeLoss="18.29" rerouteNo="0" devices="tripinfo_128" vType="typeCar@128" speedFactor="1.00" vaporized=""/>
    <tripinfo id="115" depart="98.30" departLane="nc_0" departPos="5.10" departSpeed="0.27" departDelay="21.30" arrival="279.10" arrivalLane="cs_0" arrivalPos="192.80" arrivalSpeed="10.00" duration="180.80" routeLength="394.90" waitingTime="14.90" waitingCount="139" stopTime="0.00" timeLoss="141.30" rerouteNo="0" devices="tripinfo_115" vType="typeCar@115" speedFactor="1.00" vaporized=""/>
    <tripinfo id="118" depart="108.80" departLane="nc_0" departPos="5.10" departSpeed="0.19" departDelay="29.80" arrival="280.20" arrivalLane="cs_0" arrivalPos="192.80" arrivalSpeed="10.00" duration="171.40" routeLength="394.90" waitingTime="11.70" waitingCount="110" stopTime="0.00" timeLoss="131.85" rerouteNo="0" devices="tripinfo_118" vType="typeCar@118" speedFactor="1.00" vaporized=""/>
    <tripinfo id="130" depart="220.80" departLane="wc_0" departPos="5.10" departSpeed="7.90" departDelay="132.80" arrival="281.70" arrivalLane="ce_0" arrivalPos="192.80" arrivalSpeed="10.00" duration="60.90" routeLength="394.90" waitingTime="0.80" waitingCount="8" stopTime="0.00" timeLoss="21.42" rerouteNo="0" devices="tripinfo_130" vType="typeCar@130" speedFactor="1.00" vaporized=""/>
    <tripinfo id="132" depart="221.70" departLane="wc_0" departPos="5.10" departSpeed="9.00" departDelay="132.70" arrival="282.80" arrivalLane="ce_0" arrivalPos="192.80" arrivalSpeed="10.00" duration="61.10" routeLength="394.90" waitingTime="1.10" waitingCount="11" stopTime="0.00" timeLoss="21.67" rerouteNo="0" devices="tripinfo_132" vType="typeCar@132" speedFactor="1.00" vaporized=""/>
    <tripinfo id="122" depart="112.40" departLane="nc_0" departPos="5.10" departSpeed="6.00" departDelay="30.40" arrival="284.40" arrivalLane="cs_0" arrivalPos="192.80" arrivalSpeed="10.00" duration="172.00" routeLength="394.90" waitingTime="12.80" waitingCount="128" stopTime="0.00" timeLoss="132.49" rerouteNo="0" devices="tripinfo_122" vType="typeCar@122" speedFactor="1.00" vaporized=""/>
    <tripinfo id="125" depart="113.50" departLane="nc_0" departPos="5.10" departSpeed="2.90" departDelay="29.50" arrival="285.40" arrivalLane="cs_0" arrivalPos="192.80" arrivalSpeed="10.00" duration="171.90" routeLength="394.90" waitingTime="7.60" waitingCount="76" stopTime="0.00" timeLoss="132.39" rerouteNo="0" devices="tripinfo_125" vType="typeCar@125" speedFactor="1.00" vaporized=""/>
    <tripinfo id="134" depart="222.40" departLane="wc_0" departPos="5.10" departSpeed="7.90" departDelay="132.40" arrival="287.00" arrivalLane="ce_0" arrivalPos="192.80" arrivalSpeed="10.00" duration="64.60" routeLength="394.90" waitingTime="1.50" waitingCount="15" stopTime="0.00" timeLoss="25.05" rerouteNo="0" devices="tripinfo_134" vType="typeCar@134" speedFactor="1.00" vaporized=""/>
    <tripinfo id="135" depart="223.60" departLane="wc_0" departPos="5.10" departSpeed="1.90" departDelay="132.60" arrival="288.00" arrivalLane="ce_0" arrivalPos="192.80" arrivalSpeed="10.00" duration="64.40" routeLength="394.90" waitingTime="1.40" waitingCount="14" stopTime="0.00" timeLoss="24.92" rerouteNo="0" devices="tripinfo_135" vType="typeCar@135" speedFactor="1.00" vaporized=""/>
    <tripinfo id="129" depart="118.20" departLane="nc_0" departPos="5.10" departSpeed="3.40" departDelay="31.20" arrival="289.60" arrivalLane="cs_0" arrivalPos="192.80" arrivalSpeed="10.00" duration="171.40" routeLength="394.90" waitingTime="11.80" waitingCount="118" stopTime="0.00" timeLoss="131.94" rerouteNo="0" devices="tripinfo_129" vType="typeCar@129" speedFactor="1.00" vaporized=""/>
    <tripinfo id="131" depart="125.40" departLane="nc_0" departPos="5.10" departSpeed="3.40" departDelay="37.40" arrival="290.60" arrivalLane="cs_0" arrivalPos="192.80" arrivalSpeed="10.00" duration="165.20" routeLength="394.90" waitingTime="12.70" waitingCount="127" stopTime="0.00" timeLoss="125.74" rerouteNo="0" devices="tripinfo_131" vType="typeCar@131" speedFactor="1.00" vaporized=""/>
    <tripinfo id="137" depart="229.30" departLane="wc_0" departPos="5.10" departSpeed="5.03" departDelay="137.30" arrival="292.30" arrivalLane="ce_0" arrivalPos="192.80" arrivalSpeed="10.00" duration="63.00" routeLength="394.90" waitingTime="0.80" waitingCount="8" stopTime="0.00" timeLoss="23.48" rerouteNo="0" devices="tripinfo_137" vType="typeCar@137" speedFactor="1.00" vaporized=""/>
    <tripinfo id="139" depart="230.60" departLane="wc_0" departPos="5.10" departSpeed="6.53" departDelay="137.60" arrival="293.30" arrivalLane="ce_0" arrivalPos="192.80" arrivalSpeed="10.00" duration="62.70" routeLength="394.90" waitingTime="0.90" waitingCount="9" stopTime="0.00" timeLoss="23.20" rerouteNo="0" devices="tripinfo_139" vType="typeCar@139" speedFactor="1.00" vaporized=""/>
    <tripinfo id="133" depart="129.70" departLane="nc_0" departPos="5.10" departSpeed="0.30" departDelay="40.70" arrival="294.80" arrivalLane="cs_0" arrivalPos="192.80" arrivalSpeed="10.00" duration="165.10" routeLength="394.90" waitingTime="7.90" waitingCount="71" stopTime="0.00" timeLoss="125.59" rerouteNo="0" devices="tripinfo_133" vType="typeCar@133" speedFactor="1.00" vaporized=""/>
    <tripinfo id="136" depart="135.20" departLane="nc_0" departPos="5.10" departSpeed="5.12" departDelay="44.20" arrival="295.80" arrivalLane="cs_0" arrivalPos="192.80" arrivalSpeed="10.00" duration="160.60" routeLength="394.90" waitingTime="12.10" waitingCount="121" stopTime="0.00" timeLoss="121.15" rerouteNo="0" devices="tripinfo_136" vType="typeCar@136" speedFactor="1.00" vaporized=""/>
    <tripinfo id="141" depart="231.60" departLane="wc_0" departPos="5.10" departSpeed="7.93" departDelay="137.60" arrival="297.40" arrivalLane="ce_0" arrivalPos="192.80" arrivalSpeed="10.00" duration="65.80" routeLength="394.90" waitingTime="1.20" waitingCount="12" stopTime="0.00" timeLoss="26.28" rerouteNo="0" devices="tripinfo_141" vType="typeCar@141" speedFactor="1.00" vaporized=""/>
    <tripinfo id="143" depart="232.50" departLane="wc_0" departPos="5.10" departSpeed="9.03" departDelay="137.50" arrival="298.50" arrivalLane="ce_0" arrivalPos="192.80" arrivalSpeed="10.00" duration="66.00" routeLength="394.90" waitingTime="1.30" waitingCount="13" stopTime="0.00" timeLoss="26.53" rerouteNo="0" devices="tripinfo_143" vType="typeCar@143" speedFactor="1.00" vaporized=""/>
    <tripinfo id="138" depart="141.60" departLane="nc_0" departPos="5.10" departSpeed="2.72" departDelay="49.60" arrival="300.00" arrivalLane="cs_0" arrivalPos="192.80" arrivalSpeed="10.00" duration="158.40" routeLength="394.90" waitingTime="11.80" waitingCount="118" stopTime="0.00" timeLoss="118.91" rerouteNo="0" devices="tripinfo_138" vType="typeCar@138" speedFactor="1.00" vaporized=""/>
    <tripinfo id="140" depart="146.20" departLane="nc_0" departPos="5.10" departSpeed="4.52" departDelay="53.20" arrival="301.10" arrivalLane="cs_0" arrivalPos="192.80" arrivalSpeed="10.00" duration="154.90" routeLength="394.90" waitingTime="7.10" waitingCount="71" stopTime="0.00" timeLoss="115.40" rerouteNo="0" devices="tripinfo_140" vType="typeCar@140" speedFactor="1.00" vaporized=""/>
    <tripinfo id="145" depart="233.20" departLane="wc_0" departPos="5.10" departSpeed="9.53" departDelay="137.20" arrival="302.70" arrivalLane="ce_0" arrivalPos="192.80" arrivalSpeed="10.00" duration="69.50" routeLength="394.90" waitingTime="1.40" waitingCount="14" stopTime="0.00" timeLoss="29.98" rerouteNo="0" devices="tripinfo_145" vType="typeCar@145" speedFactor="1.00" vaporized=""/>
    <tripinfo id="146" depart="234.00" departLane="wc_0" departPos="5.10" departSpeed="7.93" departDelay="137.00" arrival="303.70" arrivalLane="ce_0" arrivalPos="192.80" arrivalSpeed="10.00" duration="69.70" routeLength="394.90" waitingTime="1.60" waitingCount="16" stopTime="0.00" timeLoss="30.27" rerouteNo="0" devices="tripinfo_146" vType="typeCar@146" speedFactor="1.00" vaporized=""/>
    <tripinfo id="142" depart="147.60" departLane="nc_0" departPos="5.10" departSpeed="6.32" departDelay="53.60" arrival="305.30" arrivalLane="cs_0" arrivalPos="192.80" arrivalSpeed="10.00" duration="157.70" routeLength="394.90" waitingTime="11.80" waitingCount="118" stopTime="0.00" timeLoss="118.16" rerouteNo="0" devices="tripinfo_142" vType="typeCar@142" speedFactor="1.00" vaporized=""/>
    <tripinfo id="144" depart="148.60" departLane="nc_0" departPos="5.10" departSpeed="6.12" departDelay="53.60" arrival="306.40" arrivalLane="cs_0" arrivalPos="192.80" arrivalSpeed="10.00" duration="157.80" routeLength="394.90" waitingTime="12.30" waitingCount="123" stopTime="0.00" timeLoss="118.31" rerouteNo="0" devices="tripinfo_144" vType="typeCar@144" speedFactor="1.00" vaporized=""/>
    <tripinfo id="147" depart="235.00" departLane="wc_0" departPos="5.10" departSpeed="2.93" departDelay="137.00" arrival="308.00" arrivalLane="ce_0" arrivalPos="192.80" arrivalSpeed="10.00" duration="73.00" routeLength="394.90" waitingTime="1.50" waitingCount="15" stopTime="0.00" timeLoss="33.53" rerouteNo="0" devices="tripinfo_147" vType="typeCar@147" speedFactor="1.00" vaporized=""/>
    <tripinfo id="149" depart="242.90" departLane="wc_0" departPos="5.10" departSpeed="3.85" departDelay="143.90" arrival="309.20" arrivalLane="ce_0" arrivalPos="192.80" arrivalSpeed="10.00" duration="66.30" routeLength="394.90" waitingTime="0.60" waitingCount="6" stopTime="0.00" timeLoss="26.77" rerouteNo="0" devices="tripinfo_149" vType="typeCar@149" speedFactor="1.00" vaporized=""/>
    <tripinfo id="148" depart="154.10" departLane="nc_0" departPos="5.10" departSpeed="0.22" departDelay="56.10" arrival="310.70" arrivalLane="cs_0" arrivalPos="192.80" arrivalSpeed="10.00" duration="156.60" routeLength="394.90" waitingTime="13.00" waitingCount="119" stopTime="0.00" timeLoss="117.11" rerouteNo="0" devices="tripinfo_148" vType="typeCar@148" speedFactor="1.00" vaporized=""/>
</tripinfos>
