<?xml version="1.0" encoding="UTF-8"?>

<!-- generated on 2022-11-30 12:10:45 by Eclipse SUMO sumo Version 1.14.1
<configuration xmlns:xsi="http://www.w3.org/2001/XMLSchema-instance" xsi:noNamespaceSchemaLocation="http://sumo.dlr.de/xsd/sumoConfiguration.xsd">

    <input>
        <net-file value="net.net.xml"/>
        <route-files value="routes.rou.xml"/>
    </input>

    <output>
        <tripinfo-output value="raw_data/(5,4,0)tripinfo.xml"/>
    </output>

    <time>
        <begin value="0"/>
        <step-length value="0.1"/>
    </time>

    <processing>
        <extrapolate-departpos value="true"/>
        <route-steps value="0"/>
        <ignore-route-errors value="true"/>
        <collision.action value="warn"/>
        <collision.stoptime value="1"/>
        <collision.mingap-factor value="0.1"/>
    </processing>

    <report>
        <verbose value="false"/>
        <log value="log.txt"/>
        <duration-log.statistics value="true"/>
        <no-step-log value="true"/>
    </report>

    <traci_server>
        <remote-port value="62136"/>
    </traci_server>

    <gui_only>
        <quit-on-end value="true"/>
        <start value="true"/>
    </gui_only>

</configuration>
-->

<tripinfos xmlns:xsi="http://www.w3.org/2001/XMLSchema-instance" xsi:noNamespaceSchemaLocation="http://sumo.dlr.de/xsd/tripinfo_file.xsd">
    <tripinfo id="0" depart="0.00" departLane="nc_0" departPos="5.10" departSpeed="10.00" departDelay="0.00" arrival="39.50" arrivalLane="cs_0" arrivalPos="192.80" arrivalSpeed="10.00" duration="39.50" routeLength="394.90" waitingTime="0.00" waitingCount="0" stopTime="0.00" timeLoss="0.00" rerouteNo="0" devices="tripinfo_0" vType="typeCar@0" speedFactor="1.00" vaporized=""/>
    <tripinfo id="2" depart="1.00" departLane="nc_0" departPos="5.10" departSpeed="10.00" departDelay="0.00" arrival="40.50" arrivalLane="cs_0" arrivalPos="192.80" arrivalSpeed="10.00" duration="39.50" routeLength="394.90" waitingTime="0.00" waitingCount="0" stopTime="0.00" timeLoss="0.00" rerouteNo="0" devices="tripinfo_2" vType="typeCar@2" speedFactor="1.00" vaporized=""/>
    <tripinfo id="3" depart="3.00" departLane="nc_0" departPos="5.10" departSpeed="10.00" departDelay="0.00" arrival="42.50" arrivalLane="cs_0" arrivalPos="192.80" arrivalSpeed="10.00" duration="39.50" routeLength="394.90" waitingTime="0.00" waitingCount="0" stopTime="0.00" timeLoss="0.00" rerouteNo="0" devices="tripinfo_3" vType="typeCar@3" speedFactor="1.00" vaporized=""/>
    <tripinfo id="1" depart="1.00" departLane="wc_0" departPos="5.10" departSpeed="10.00" departDelay="0.00" arrival="45.70" arrivalLane="ce_0" arrivalPos="192.80" arrivalSpeed="10.00" duration="44.70" routeLength="394.90" waitingTime="0.00" waitingCount="0" stopTime="0.00" timeLoss="5.21" rerouteNo="0" devices="tripinfo_1" vType="typeCar@1" speedFactor="1.00" vaporized=""/>
    <tripinfo id="4" depart="4.00" departLane="nc_0" departPos="5.10" departSpeed="10.00" departDelay="0.00" arrival="46.20" arrivalLane="cs_0" arrivalPos="192.80" arrivalSpeed="10.00" duration="42.20" routeLength="394.90" waitingTime="0.10" waitingCount="1" stopTime="0.00" timeLoss="2.66" rerouteNo="0" devices="tripinfo_4" vType="typeCar@4" speedFactor="1.00" vaporized=""/>
    <tripinfo id="5" depart="5.00" departLane="wc_0" departPos="5.10" departSpeed="10.00" departDelay="0.00" arrival="51.50" arrivalLane="ce_0" arrivalPos="192.80" arrivalSpeed="10.00" duration="46.50" routeLength="394.90" waitingTime="0.00" waitingCount="0" stopTime="0.00" timeLoss="6.92" rerouteNo="0" devices="tripinfo_5" vType="typeCar@5" speedFactor="1.00" vaporized=""/>
    <tripinfo id="6" depart="6.00" departLane="wc_0" departPos="5.10" departSpeed="10.00" departDelay="0.00" arrival="52.50" arrivalLane="ce_0" arrivalPos="192.80" arrivalSpeed="10.00" duration="46.50" routeLength="394.90" waitingTime="0.00" waitingCount="0" stopTime="0.00" timeLoss="6.95" rerouteNo="0" devices="tripinfo_6" vType="typeCar@6" speedFactor="1.00" vaporized=""/>
    <tripinfo id="7" depart="6.00" departLane="nc_0" departPos="5.10" departSpeed="10.00" departDelay="0.00" arrival="54.00" arrivalLane="cs_0" arrivalPos="192.80" arrivalSpeed="10.00" duration="48.00" routeLength="394.90" waitingTime="0.00" waitingCount="0" stopTime="0.00" timeLoss="8.50" rerouteNo="0" devices="tripinfo_7" vType="typeCar@7" speedFactor="1.00" vaporized=""/>
    <tripinfo id="9" depart="9.00" departLane="nc_0" departPos="5.10" departSpeed="10.00" departDelay="0.00" arrival="55.70" arrivalLane="cs_0" arrivalPos="192.80" arrivalSpeed="10.00" duration="46.70" routeLength="394.90" waitingTime="0.00" waitingCount="0" stopTime="0.00" timeLoss="7.16" rerouteNo="0" devices="tripinfo_9" vType="typeCar@9" speedFactor="1.00" vaporized=""/>
    <tripinfo id="11" depart="11.00" departLane="nc_0" departPos="5.10" departSpeed="10.00" departDelay="0.00" arrival="61.80" arrivalLane="cs_0" arrivalPos="192.80" arrivalSpeed="10.00" duration="50.80" routeLength="394.90" waitingTime="0.20" waitingCount="2" stopTime="0.00" timeLoss="11.23" rerouteNo="0" devices="tripinfo_11" vType="typeCar@11" speedFactor="1.00" vaporized=""/>
    <tripinfo id="12" depart="12.00" departLane="nc_0" departPos="5.10" departSpeed="10.00" departDelay="0.00" arrival="62.90" arrivalLane="cs_0" arrivalPos="192.80" arrivalSpeed="10.00" duration="50.90" routeLength="394.90" waitingTime="0.30" waitingCount="3" stopTime="0.00" timeLoss="11.32" rerouteNo="0" devices="tripinfo_12" vType="typeCar@12" speedFactor="1.00" vaporized=""/>
    <tripinfo id="14" depart="13.00" departLane="nc_0" departPos="5.10" departSpeed="10.00" departDelay="0.00" arrival="64.00" arrivalLane="cs_0" arrivalPos="192.80" arrivalSpeed="10.00" duration="51.00" routeLength="394.90" waitingTime="0.30" waitingCount="3" stopTime="0.00" timeLoss="11.51" rerouteNo="0" devices="tripinfo_14" vType="typeCar@14" speedFactor="1.00" vaporized=""/>
    <tripinfo id="8" depart="8.00" departLane="wc_0" departPos="5.10" departSpeed="10.00" departDelay="0.00" arrival="66.20" arrivalLane="ce_0" arrivalPos="192.80" arrivalSpeed="10.00" duration="58.20" routeLength="394.90" waitingTime="0.00" waitingCount="0" stopTime="0.00" timeLoss="18.64" rerouteNo="0" devices="tripinfo_8" vType="typeCar@8" speedFactor="1.00" vaporized=""/>
    <tripinfo id="10" depart="11.00" departLane="wc_0" departPos="5.10" departSpeed="10.00" departDelay="0.00" arrival="67.00" arrivalLane="ce_0" arrivalPos="192.80" arrivalSpeed="10.00" duration="56.00" routeLength="394.90" waitingTime="0.00" waitingCount="0" stopTime="0.00" timeLoss="16.48" rerouteNo="0" devices="tripinfo_10" vType="typeCar@10" speedFactor="1.00" vaporized=""/>
    <tripinfo id="16" depart="20.00" departLane="nc_0" departPos="5.10" departSpeed="10.00" departDelay="0.00" arrival="69.70" arrivalLane="cs_0" arrivalPos="192.80" arrivalSpeed="10.00" duration="49.70" routeLength="394.90" waitingTime="0.00" waitingCount="0" stopTime="0.00" timeLoss="10.15" rerouteNo="0" devices="tripinfo_16" vType="typeCar@16" speedFactor="1.00" vaporized=""/>
    <tripinfo id="18" depart="21.00" departLane="nc_0" departPos="5.10" departSpeed="10.00" departDelay="0.00" arrival="70.80" arrivalLane="cs_0" arrivalPos="192.80" arrivalSpeed="10.00" duration="49.80" routeLength="394.90" waitingTime="0.20" waitingCount="2" stopTime="0.00" timeLoss="10.25" rerouteNo="0" devices="tripinfo_18" vType="typeCar@18" speedFactor="1.00" vaporized=""/>
    <tripinfo id="13" depart="13.00" departLane="wc_0" departPos="5.10" departSpeed="10.00" departDelay="0.00" arrival="77.50" arrivalLane="ce_0" arrivalPos="192.80" arrivalSpeed="10.00" duration="64.50" routeLength="394.90" waitingTime="0.10" waitingCount="1" stopTime="0.00" timeLoss="24.94" rerouteNo="0" devices="tripinfo_13" vType="typeCar@13" speedFactor="1.00" vaporized=""/>
    <tripinfo id="15" depart="17.00" departLane="wc_0" departPos="5.10" departSpeed="10.00" departDelay="0.00" arrival="78.40" arrivalLane="ce_0" arrivalPos="192.80" arrivalSpeed="10.00" duration="61.40" routeLength="394.90" waitingTime="0.40" waitingCount="4" stopTime="0.00" timeLoss="21.91" rerouteNo="0" devices="tripinfo_15" vType="typeCar@15" speedFactor="1.00" vaporized=""/>
    <tripinfo id="20" depart="22.00" departLane="nc_0" departPos="5.10" departSpeed="10.00" departDelay="0.00" arrival="81.60" arrivalLane="cs_0" arrivalPos="192.80" arrivalSpeed="10.00" duration="59.60" routeLength="394.90" waitingTime="0.20" waitingCount="2" stopTime="0.00" timeLoss="20.10" rerouteNo="0" devices="tripinfo_20" vType="typeCar@20" speedFactor="1.00" vaporized=""/>
    <tripinfo id="22" depart="23.00" departLane="nc_0" departPos="5.10" departSpeed="10.00" departDelay="0.00" arrival="82.70" arrivalLane="cs_0" arrivalPos="192.80" arrivalSpeed="10.00" duration="59.70" routeLength="394.90" waitingTime="0.20" waitingCount="2" stopTime="0.00" timeLoss="20.15" rerouteNo="0" devices="tripinfo_22" vType="typeCar@22" speedFactor="1.00" vaporized=""/>
    <tripinfo id="17" depart="21.00" departLane="wc_0" departPos="5.10" departSpeed="10.00" departDelay="0.00" arrival="88.20" arrivalLane="ce_0" arrivalPos="192.80" arrivalSpeed="10.00" duration="67.20" routeLength="394.90" waitingTime="0.20" waitingCount="2" stopTime="0.00" timeLoss="27.63" rerouteNo="0" devices="tripinfo_17" vType="typeCar@17" speedFactor="1.00" vaporized=""/>
    <tripinfo id="19" depart="22.00" departLane="wc_0" departPos="5.10" departSpeed="10.00" departDelay="0.00" arrival="89.00" arrivalLane="ce_0" arrivalPos="192.80" arrivalSpeed="10.00" duration="67.00" routeLength="394.90" waitingTime="0.10" waitingCount="1" stopTime="0.00" timeLoss="27.51" rerouteNo="0" devices="tripinfo_19" vType="typeCar@19" speedFactor="1.00" vaporized=""/>
    <tripinfo id="21" depart="23.00" departLane="wc_0" departPos="5.10" departSpeed="10.00" departDelay="0.00" arrival="90.10" arrivalLane="ce_0" arrivalPos="192.80" arrivalSpeed="10.00" duration="67.10" routeLength="394.90" waitingTime="0.10" waitingCount="1" stopTime="0.00" timeLoss="27.56" rerouteNo="0" devices="tripinfo_21" vType="typeCar@21" speedFactor="1.00" vaporized=""/>
    <tripinfo id="23" depart="24.00" departLane="nc_0" departPos="5.10" departSpeed="10.00" departDelay="0.00" arrival="92.50" arrivalLane="cs_0" arrivalPos="192.80" arrivalSpeed="10.00" duration="68.50" routeLength="394.90" waitingTime="0.40" waitingCount="4" stopTime="0.00" timeLoss="28.97" rerouteNo="0" devices="tripinfo_23" vType="typeCar@23" speedFactor="1.00" vaporized=""/>
    <tripinfo id="24" depart="25.00" departLane="wc_0" departPos="5.10" departSpeed="10.00" departDelay="0.00" arrival="95.90" arrivalLane="ce_0" arrivalPos="192.80" arrivalSpeed="10.00" duration="70.90" routeLength="394.90" waitingTime="0.50" waitingCount="5" stopTime="0.00" timeLoss="31.37" rerouteNo="0" devices="tripinfo_24" vType="typeCar@24" speedFactor="1.00" vaporized=""/>
    <tripinfo id="25" depart="25.00" departLane="nc_0" departPos="5.10" departSpeed="10.00" departDelay="0.00" arrival="97.90" arrivalLane="cs_0" arrivalPos="192.80" arrivalSpeed="10.00" duration="72.90" routeLength="394.90" waitingTime="0.60" waitingCount="6" stopTime="0.00" timeLoss="33.34" rerouteNo="0" devices="tripinfo_25" vType="typeCar@25" speedFactor="1.00" vaporized=""/>
    <tripinfo id="29" depart="29.00" departLane="nc_0" departPos="5.10" departSpeed="10.00" departDelay="0.00" arrival="99.20" arrivalLane="cs_0" arrivalPos="192.80" arrivalSpeed="10.00" duration="70.20" routeLength="394.90" waitingTime="0.60" waitingCount="6" stopTime="0.00" timeLoss="30.63" rerouteNo="0" devices="tripinfo_29" vType="typeCar@29" speedFactor="1.00" vaporized=""/>
    <tripinfo id="26" depart="26.00" departLane="wc_0" departPos="5.10" departSpeed="10.00" departDelay="0.00" arrival="100.70" arrivalLane="ce_0" arrivalPos="192.80" arrivalSpeed="10.00" duration="74.70" routeLength="394.90" waitingTime="0.50" waitingCount="5" stopTime="0.00" timeLoss="35.16" rerouteNo="0" devices="tripinfo_26" vType="typeCar@26" speedFactor="1.00" vaporized=""/>
    <tripinfo id="27" depart="28.00" departLane="wc_0" departPos="5.10" departSpeed="10.00" departDelay="0.00" arrival="102.30" arrivalLane="ce_0" arrivalPos="192.80" arrivalSpeed="10.00" duration="74.30" routeLength="394.90" waitingTime="0.70" waitingCount="7" stopTime="0.00" timeLoss="34.79" rerouteNo="0" devices="tripinfo_27" vType="typeCar@27" speedFactor="1.00" vaporized=""/>
    <tripinfo id="31" depart="33.00" departLane="nc_0" departPos="5.10" departSpeed="10.00" departDelay="0.00" arrival="103.90" arrivalLane="cs_0" arrivalPos="192.80" arrivalSpeed="10.00" duration="70.90" routeLength="394.90" waitingTime="0.80" waitingCount="8" stopTime="0.00" timeLoss="31.33" rerouteNo="0" devices="tripinfo_31" vType="typeCar@31" speedFactor="1.00" vaporized=""/>
    <tripinfo id="33" depart="34.00" departLane="nc_0" departPos="5.10" departSpeed="10.00" departDelay="0.00" arrival="104.90" arrivalLane="cs_0" arrivalPos="192.80" arrivalSpeed="10.00" duration="70.90" routeLength="394.90" waitingTime="0.80" waitingCount="8" stopTime="0.00" timeLoss="31.41" rerouteNo="0" devices="tripinfo_33" vType="typeCar@33" speedFactor="1.00" vaporized=""/>
    <tripinfo id="28" depart="29.00" departLane="wc_0" departPos="5.10" departSpeed="10.00" departDelay="0.00" arrival="106.50" arrivalLane="ce_0" arrivalPos="192.80" arrivalSpeed="10.00" duration="77.50" routeLength="394.90" waitingTime="0.60" waitingCount="6" stopTime="0.00" timeLoss="37.99" rerouteNo="0" devices="tripinfo_28" vType="typeCar@28" speedFactor="1.00" vaporized=""/>
    <tripinfo id="30" depart="33.00" departLane="wc_0" departPos="5.10" departSpeed="10.00" departDelay="0.00" arrival="107.80" arrivalLane="ce_0" arrivalPos="192.80" arrivalSpeed="10.00" duration="74.80" routeLength="394.90" waitingTime="0.70" waitingCount="7" stopTime="0.00" timeLoss="35.24" rerouteNo="0" devices="tripinfo_30" vType="typeCar@30" speedFactor="1.00" vaporized=""/>
    <tripinfo id="32" depart="34.00" departLane="wc_0" departPos="5.10" departSpeed="10.00" departDelay="0.00" arrival="115.20" arrivalLane="ce_0" arrivalPos="192.80" arrivalSpeed="10.00" duration="81.20" routeLength="394.90" waitingTime="0.90" waitingCount="9" stopTime="0.00" timeLoss="41.71" rerouteNo="0" devices="tripinfo_32" vType="typeCar@32" speedFactor="1.00" vaporized=""/>
    <tripinfo id="35" depart="36.00" departLane="nc_0" departPos="5.10" departSpeed="10.00" departDelay="0.00" arrival="117.00" arrivalLane="cs_0" arrivalPos="192.80" arrivalSpeed="10.00" duration="81.00" routeLength="394.90" waitingTime="0.50" waitingCount="5" stopTime="0.00" timeLoss="41.44" rerouteNo="0" devices="tripinfo_35" vType="typeCar@35" speedFactor="1.00" vaporized=""/>
    <tripinfo id="36" depart="37.00" departLane="nc_0" departPos="5.10" departSpeed="10.00" departDelay="0.00" arrival="118.00" arrivalLane="cs_0" arrivalPos="192.80" arrivalSpeed="10.00" duration="81.00" routeLength="394.90" waitingTime="0.60" waitingCount="6" stopTime="0.00" timeLoss="41.50" rerouteNo="0" devices="tripinfo_36" vType="typeCar@36" speedFactor="1.00" vaporized=""/>
    <tripinfo id="37" depart="38.00" departLane="nc_0" departPos="5.10" departSpeed="10.00" departDelay="0.00" arrival="121.40" arrivalLane="cs_0" arrivalPos="192.80" arrivalSpeed="10.00" duration="83.40" routeLength="394.90" waitingTime="1.20" waitingCount="12" stopTime="0.00" timeLoss="43.89" rerouteNo="0" devices="tripinfo_37" vType="typeCar@37" speedFactor="1.00" vaporized=""/>
    <tripinfo id="39" depart="39.00" departLane="nc_0" departPos="5.10" departSpeed="10.00" departDelay="0.00" arrival="125.90" arrivalLane="cs_0" arrivalPos="192.80" arrivalSpeed="10.00" duration="86.90" routeLength="394.90" waitingTime="1.50" waitingCount="15" stopTime="0.00" timeLoss="47.39" rerouteNo="0" devices="tripinfo_39" vType="typeCar@39" speedFactor="1.00" vaporized=""/>
    <tripinfo id="34" depart="35.00" departLane="wc_0" departPos="5.10" departSpeed="10.00" departDelay="0.00" arrival="129.80" arrivalLane="ce_0" arrivalPos="192.80" arrivalSpeed="10.00" duration="94.80" routeLength="394.90" waitingTime="1.30" waitingCount="13" stopTime="0.00" timeLoss="55.31" rerouteNo="0" devices="tripinfo_34" vType="typeCar@34" speedFactor="1.00" vaporized=""/>
    <tripinfo id="38" depart="39.00" departLane="wc_0" departPos="5.10" departSpeed="10.00" departDelay="0.00" arrival="130.90" arrivalLane="ce_0" arrivalPos="192.80" arrivalSpeed="10.00" duration="91.90" routeLength="394.90" waitingTime="1.40" waitingCount="14" stopTime="0.00" timeLoss="52.37" rerouteNo="0" devices="tripinfo_38" vType="typeCar@38" speedFactor="1.00" vaporized=""/>
    <tripinfo id="41" depart="42.00" departLane="wc_0" departPos="5.10" departSpeed="10.00" departDelay="0.00" arrival="131.90" arrivalLane="ce_0" arrivalPos="192.80" arrivalSpeed="10.00" duration="89.90" routeLength="394.90" waitingTime="1.80" waitingCount="18" stopTime="0.00" timeLoss="50.41" rerouteNo="0" devices="tripinfo_41" vType="typeCar@41" speedFactor="1.00" vaporized=""/>
    <tripinfo id="43" depart="44.00" departLane="wc_0" departPos="5.10" departSpeed="10.00" departDelay="0.00" arrival="134.30" arrivalLane="ce_0" arrivalPos="192.80" arrivalSpeed="10.00" duration="90.30" routeLength="394.90" waitingTime="2.20" waitingCount="22" stopTime="0.00" timeLoss="50.77" rerouteNo="0" devices="tripinfo_43" vType="typeCar@43" speedFactor="1.00" vaporized=""/>
    <tripinfo id="40" depart="40.00" departLane="nc_0" departPos="5.10" departSpeed="10.00" departDelay="0.00" arrival="135.80" arrivalLane="cs_0" arrivalPos="192.80" arrivalSpeed="10.00" duration="95.80" routeLength="394.90" waitingTime="1.80" waitingCount="18" stopTime="0.00" timeLoss="56.31" rerouteNo="0" devices="tripinfo_40" vType="typeCar@40" speedFactor="1.00" vaporized=""/>
    <tripinfo id="42" depart="42.00" departLane="nc_0" departPos="5.10" departSpeed="10.00" departDelay="0.00" arrival="136.90" arrivalLane="cs_0" arrivalPos="192.80" arrivalSpeed="10.00" duration="94.90" routeLength="394.90" waitingTime="1.70" waitingCount="17" stopTime="0.00" timeLoss="55.35" rerouteNo="0" devices="tripinfo_42" vType="typeCar@42" speedFactor="1.00" vaporized=""/>
    <tripinfo id="45" depart="45.00" departLane="wc_0" departPos="5.10" departSpeed="10.00" departDelay="0.00" arrival="139.00" arrivalLane="ce_0" arrivalPos="192.80" arrivalSpeed="10.00" duration="94.00" routeLength="394.90" waitingTime="2.50" waitingCount="25" stopTime="0.00" timeLoss="54.44" rerouteNo="0" devices="tripinfo_45" vType="typeCar@45" speedFactor="1.00" vaporized=""/>
    <tripinfo id="44" depart="44.00" departLane="nc_0" departPos="5.10" departSpeed="10.00" departDelay="0.00" arrival="142.30" arrivalLane="cs_0" arrivalPos="192.80" arrivalSpeed="10.00" duration="98.30" routeLength="394.90" waitingTime="1.90" waitingCount="19" stopTime="0.00" timeLoss="58.77" rerouteNo="0" devices="tripinfo_44" vType="typeCar@44" speedFactor="1.00" vaporized=""/>
    <tripinfo id="46" depart="46.00" departLane="nc_0" departPos="5.10" departSpeed="10.00" departDelay="0.00" arrival="147.70" arrivalLane="cs_0" arrivalPos="192.80" arrivalSpeed="10.00" duration="101.70" routeLength="394.90" waitingTime="3.00" waitingCount="23" stopTime="0.00" timeLoss="62.15" rerouteNo="0" devices="tripinfo_46" vType="typeCar@46" speedFactor="1.00" vaporized=""/>
    <tripinfo id="48" depart="47.00" departLane="nc_0" departPos="5.10" departSpeed="10.00" departDelay="0.00" arrival="148.80" arrivalLane="cs_0" arrivalPos="192.80" arrivalSpeed="10.00" duration="101.80" routeLength="394.90" waitingTime="2.20" waitingCount="22" stopTime="0.00" timeLoss="62.27" rerouteNo="0" devices="tripinfo_48" vType="typeCar@48" speedFactor="1.00" vaporized=""/>
    <tripinfo id="52" depart="53.00" departLane="nc_0" departPos="5.10" departSpeed="1.70" departDelay="0.00" arrival="150.70" arrivalLane="cs_0" arrivalPos="192.80" arrivalSpeed="10.00" duration="97.70" routeLength="394.90" waitingTime="2.30" waitingCount="23" stopTime="0.00" timeLoss="58.14" rerouteNo="0" devices="tripinfo_52" vType="typeCar@52" speedFactor="1.00" vaporized=""/>
    <tripinfo id="53" depart="55.00" departLane="nc_0" departPos="5.10" departSpeed="7.70" departDelay="0.00" arrival="152.60" arrivalLane="cs_0" arrivalPos="192.80" arrivalSpeed="10.00" duration="97.60" routeLength="394.90" waitingTime="2.70" waitingCount="27" stopTime="0.00" timeLoss="58.11" rerouteNo="0" devices="tripinfo_53" vType="typeCar@53" speedFactor="1.00" vaporized=""/>
    <tripinfo id="47" depart="47.00" departLane="wc_0" departPos="5.10" departSpeed="10.00" departDelay="0.00" arrival="155.70" arrivalLane="ce_0" arrivalPos="192.80" arrivalSpeed="10.00" duration="108.70" routeLength="394.90" waitingTime="13.80" waitingCount="27" stopTime="0.00" timeLoss="69.19" rerouteNo="0" devices="tripinfo_47" vType="typeCar@47" speedFactor="1.00" vaporized=""/>
    <tripinfo id="49" depart="50.00" departLane="wc_0" departPos="5.10" departSpeed="10.00" departDelay="0.00" arrival="156.80" arrivalLane="ce_0" arrivalPos="192.80" arrivalSpeed="10.00" duration="106.80" routeLength="394.90" waitingTime="2.50" waitingCount="25" stopTime="0.00" timeLoss="67.29" rerouteNo="0" devices="tripinfo_49" vType="typeCar@49" speedFactor="1.00" vaporized=""/>
    <tripinfo id="54" depart="56.00" departLane="nc_0" departPos="5.10" departSpeed="10.00" departDelay="0.00" arrival="158.20" arrivalLane="cs_0" arrivalPos="192.80" arrivalSpeed="10.00" duration="102.20" routeLength="394.90" waitingTime="2.60" waitingCount="26" stopTime="0.00" timeLoss="62.71" rerouteNo="0" devices="tripinfo_54" vType="typeCar@54" speedFactor="1.00" vaporized=""/>
    <tripinfo id="56" depart="59.00" departLane="nc_0" departPos="5.10" departSpeed="6.30" departDelay="0.00" arrival="159.30" arrivalLane="cs_0" arrivalPos="192.80" arrivalSpeed="10.00" duration="100.30" routeLength="394.90" waitingTime="2.10" waitingCount="21" stopTime="0.00" timeLoss="60.74" rerouteNo="0" devices="tripinfo_56" vType="typeCar@56" speedFactor="1.00" vaporized=""/>
    <tripinfo id="50" depart="52.00" departLane="wc_0" departPos="5.10" departSpeed="10.00" departDelay="0.00" arrival="160.80" arrivalLane="ce_0" arrivalPos="192.80" arrivalSpeed="10.00" duration="108.80" routeLength="394.90" waitingTime="2.80" waitingCount="28" stopTime="0.00" timeLoss="69.27" rerouteNo="0" devices="tripinfo_50" vType="typeCar@50" speedFactor="1.00" vaporized=""/>
    <tripinfo id="51" depart="53.00" departLane="wc_0" departPos="5.10" departSpeed="10.00" departDelay="0.00" arrival="161.80" arrivalLane="ce_0" arrivalPos="192.80" arrivalSpeed="10.00" duration="108.80" routeLength="394.90" waitingTime="3.00" waitingCount="30" stopTime="0.00" timeLoss="69.27" rerouteNo="0" devices="tripinfo_51" vType="typeCar@51" speedFactor="1.00" vaporized=""/>
    <tripinfo id="58" depart="62.00" departLane="nc_0" departPos="5.10" departSpeed="7.50" departDelay="0.00" arrival="163.30" arrivalLane="cs_0" arrivalPos="192.80" arrivalSpeed="10.00" duration="101.30" routeLength="394.90" waitingTime="3.10" waitingCount="31" stopTime="0.00" timeLoss="61.79" rerouteNo="0" devices="tripinfo_58" vType="typeCar@58" speedFactor="1.00" vaporized=""/>
    <tripinfo id="61" depart="65.00" departLane="nc_0" departPos="5.10" departSpeed="3.80" departDelay="0.00" arrival="164.40" arrivalLane="cs_0" arrivalPos="192.80" arrivalSpeed="10.00" duration="99.40" routeLength="394.90" waitingTime="2.90" waitingCount="29" stopTime="0.00" timeLoss="59.90" rerouteNo="0" devices="tripinfo_61" vType="typeCar@61" speedFactor="1.00" vaporized=""/>
    <tripinfo id="55" depart="58.00" departLane="wc_0" departPos="5.10" departSpeed="0.80" departDelay="0.00" arrival="166.00" arrivalLane="ce_0" arrivalPos="192.80" arrivalSpeed="10.00" duration="108.00" routeLength="394.90" waitingTime="3.30" waitingCount="33" stopTime="0.00" timeLoss="68.45" rerouteNo="0" devices="tripinfo_55" vType="typeCar@55" speedFactor="1.00" vaporized=""/>
    <tripinfo id="57" depart="62.00" departLane="wc_0" departPos="5.10" departSpeed="8.80" departDelay="0.00" arrival="167.00" arrivalLane="ce_0" arrivalPos="192.80" arrivalSpeed="10.00" duration="105.00" routeLength="394.90" waitingTime="3.00" waitingCount="30" stopTime="0.00" timeLoss="65.47" rerouteNo="0" devices="tripinfo_57" vType="typeCar@57" speedFactor="1.00" vaporized=""/>
    <tripinfo id="63" depart="67.00" departLane="nc_0" departPos="5.10" departSpeed="9.80" departDelay="0.00" arrival="168.60" arrivalLane="cs_0" arrivalPos="192.80" arrivalSpeed="10.00" duration="101.60" routeLength="394.90" waitingTime="3.80" waitingCount="38" stopTime="0.00" timeLoss="62.11" rerouteNo="0" devices="tripinfo_63" vType="typeCar@63" speedFactor="1.00" vaporized=""/>
    <tripinfo id="65" depart="69.00" departLane="nc_0" departPos="5.10" departSpeed="3.00" departDelay="0.00" arrival="169.70" arrivalLane="cs_0" arrivalPos="192.80" arrivalSpeed="10.00" duration="100.70" routeLength="394.90" waitingTime="3.40" waitingCount="34" stopTime="0.00" timeLoss="61.12" rerouteNo="0" devices="tripinfo_65" vType="typeCar@65" speedFactor="1.00" vaporized=""/>
    <tripinfo id="59" depart="63.00" departLane="wc_0" departPos="5.10" departSpeed="10.00" departDelay="0.00" arrival="171.20" arrivalLane="ce_0" arrivalPos="192.80" arrivalSpeed="10.00" duration="108.20" routeLength="394.90" waitingTime="3.50" waitingCount="35" stopTime="0.00" timeLoss="68.63" rerouteNo="0" devices="tripinfo_59" vType="typeCar@59" speedFactor="1.00" vaporized=""/>
    <tripinfo id="60" depart="65.00" departLane="wc_0" departPos="5.10" departSpeed="5.30" departDelay="0.00" arrival="172.20" arrivalLane="ce_0" arrivalPos="192.80" arrivalSpeed="10.00" duration="107.20" routeLength="394.90" waitingTime="4.10" waitingCount="41" stopTime="0.00" timeLoss="67.64" rerouteNo="0" devices="tripinfo_60" vType="typeCar@60" speedFactor="1.00" vaporized=""/>
    <tripinfo id="67" depart="72.00" departLane="nc_0" departPos="5.10" departSpeed="0.80" departDelay="0.00" arrival="173.70" arrivalLane="cs_0" arrivalPos="192.80" arrivalSpeed="10.00" duration="101.70" routeLength="394.90" waitingTime="4.00" waitingCount="40" stopTime="0.00" timeLoss="62.19" rerouteNo="0" devices="tripinfo_67" vType="typeCar@67" speedFactor="1.00" vaporized=""/>
    <tripinfo id="69" depart="75.10" departLane="nc_0" departPos="5.10" departSpeed="3.70" departDelay="1.10" arrival="174.80" arrivalLane="cs_0" arrivalPos="192.80" arrivalSpeed="10.00" duration="99.70" routeLength="394.90" waitingTime="4.10" waitingCount="41" stopTime="0.00" timeLoss="60.23" rerouteNo="0" devices="tripinfo_69" vType="typeCar@69" speedFactor="1.00" vaporized=""/>
    <tripinfo id="62" depart="67.00" departLane="wc_0" departPos="5.10" departSpeed="4.10" departDelay="0.00" arrival="176.40" arrivalLane="ce_0" arrivalPos="192.80" arrivalSpeed="10.00" duration="109.40" routeLength="394.90" waitingTime="4.40" waitingCount="44" stopTime="0.00" timeLoss="69.83" rerouteNo="0" devices="tripinfo_62" vType="typeCar@62" speedFactor="1.00" vaporized=""/>
    <tripinfo id="64" depart="68.10" departLane="wc_0" departPos="5.10" departSpeed="5.00" departDelay="0.10" arrival="177.50" arrivalLane="ce_0" arrivalPos="192.80" arrivalSpeed="10.00" duration="109.40" routeLength="394.90" waitingTime="4.50" waitingCount="45" stopTime="0.00" timeLoss="69.86" rerouteNo="0" devices="tripinfo_64" vType="typeCar@64" speedFactor="1.00" vaporized=""/>
    <tripinfo id="71" depart="79.80" departLane="nc_0" departPos="5.10" departSpeed="2.60" departDelay="2.80" arrival="179.00" arrivalLane="cs_0" arrivalPos="192.80" arrivalSpeed="10.00" duration="99.20" routeLength="394.90" waitingTime="4.00" waitingCount="40" stopTime="0.00" timeLoss="59.67" rerouteNo="0" devices="tripinfo_71" vType="typeCar@71" speedFactor="1.00" vaporized=""/>
    <tripinfo id="74" depart="85.30" departLane="nc_0" departPos="5.10" departSpeed="4.82" departDelay="6.30" arrival="180.00" arrivalLane="cs_0" arrivalPos="192.80" arrivalSpeed="10.00" duration="94.70" routeLength="394.90" waitingTime="3.80" waitingCount="38" stopTime="0.00" timeLoss="55.20" rerouteNo="0" devices="tripinfo_74" vType="typeCar@74" speedFactor="1.00" vaporized=""/>
    <tripinfo id="66" depart="71.80" departLane="wc_0" departPos="5.10" departSpeed="4.10" departDelay="0.80" arrival="181.60" arrivalLane="ce_0" arrivalPos="192.80" arrivalSpeed="10.00" duration="109.80" routeLength="394.90" waitingTime="4.30" waitingCount="43" stopTime="0.00" timeLoss="70.24" rerouteNo="0" devices="tripinfo_66" vType="typeCar@66" speedFactor="1.00" vaporized=""/>
    <tripinfo id="68" depart="74.00" departLane="wc_0" departPos="5.10" departSpeed="1.90" departDelay="0.00" arrival="182.60" arrivalLane="ce_0" arrivalPos="192.80" arrivalSpeed="10.00" duration="108.60" routeLength="394.90" waitingTime="4.70" waitingCount="47" stopTime="0.00" timeLoss="69.04" rerouteNo="0" devices="tripinfo_68" vType="typeCar@68" speedFactor="1.00" vaporized=""/>
    <tripinfo id="77" depart="86.70" departLane="nc_0" departPos="5.10" departSpeed="6.62" departDelay="4.70" arrival="184.10" arrivalLane="cs_0" arrivalPos="192.80" arrivalSpeed="10.00" duration="97.40" routeLength="394.90" waitingTime="3.70" waitingCount="37" stopTime="0.00" timeLoss="57.94" rerouteNo="0" devices="tripinfo_77" vType="typeCar@77" speedFactor="1.00" vaporized=""/>
    <tripinfo id="80" depart="87.70" departLane="nc_0" departPos="5.10" departSpeed="5.62" departDelay="3.70" arrival="185.20" arrivalLane="cs_0" arrivalPos="192.80" arrivalSpeed="10.00" duration="97.50" routeLength="394.90" waitingTime="3.90" waitingCount="39" stopTime="0.00" timeLoss="58.04" rerouteNo="0" devices="tripinfo_80" vType="typeCar@80" speedFactor="1.00" vaporized=""/>
    <tripinfo id="70" depart="80.50" departLane="wc_0" departPos="5.10" departSpeed="3.80" departDelay="3.50" arrival="186.70" arrivalLane="ce_0" arrivalPos="192.80" arrivalSpeed="10.00" duration="106.20" routeLength="394.90" waitingTime="4.40" waitingCount="44" stopTime="0.00" timeLoss="66.73" rerouteNo="0" devices="tripinfo_70" vType="typeCar@70" speedFactor="1.00" vaporized=""/>
    <tripinfo id="72" depart="84.50" departLane="wc_0" departPos="5.10" departSpeed="4.60" departDelay="6.50" arrival="187.80" arrivalLane="ce_0" arrivalPos="192.80" arrivalSpeed="10.00" duration="103.30" routeLength="394.90" waitingTime="4.70" waitingCount="47" stopTime="0.00" timeLoss="63.75" rerouteNo="0" devices="tripinfo_72" vType="typeCar@72" speedFactor="1.00" vaporized=""/>
    <tripinfo id="81" depart="93.30" departLane="nc_0" departPos="5.10" departSpeed="0.02" departDelay="6.30" arrival="189.40" arrivalLane="cs_0" arrivalPos="192.80" arrivalSpeed="10.00" duration="96.10" routeLength="394.90" waitingTime="4.80" waitingCount="37" stopTime="0.00" timeLoss="56.53" rerouteNo="0" devices="tripinfo_81" vType="typeCar@81" speedFactor="1.00" vaporized=""/>
    <tripinfo id="83" depart="97.30" departLane="nc_0" departPos="5.10" departSpeed="1.50" departDelay="9.30" arrival="190.40" arrivalLane="cs_0" arrivalPos="192.80" arrivalSpeed="10.00" duration="93.10" routeLength="394.90" waitingTime="3.90" waitingCount="37" stopTime="0.00" timeLoss="53.56" rerouteNo="0" devices="tripinfo_83" vType="typeCar@83" speedFactor="1.00" vaporized=""/>
    <tripinfo id="73" depart="87.60" departLane="wc_0" departPos="5.10" departSpeed="0.30" departDelay="8.60" arrival="191.90" arrivalLane="ce_0" arrivalPos="192.80" arrivalSpeed="10.00" duration="104.30" routeLength="394.90" waitingTime="4.50" waitingCount="41" stopTime="0.00" timeLoss="64.80" rerouteNo="0" devices="tripinfo_73" vType="typeCar@73" speedFactor="1.00" vaporized=""/>
    <tripinfo id="75" depart="90.60" departLane="wc_0" departPos="5.10" departSpeed="5.90" departDelay="10.60" arrival="193.00" arrivalLane="ce_0" arrivalPos="192.80" arrivalSpeed="10.00" duration="102.40" routeLength="394.90" waitingTime="4.70" waitingCount="47" stopTime="0.00" timeLoss="62.84" rerouteNo="0" devices="tripinfo_75" vType="typeCar@75" speedFactor="1.00" vaporized=""/>
    <tripinfo id="84" depart="105.60" departLane="nc_0" departPos="5.10" departSpeed="1.25" departDelay="16.60" arrival="194.50" arrivalLane="cs_0" arrivalPos="192.80" arrivalSpeed="10.00" duration="88.90" routeLength="394.90" waitingTime="3.40" waitingCount="29" stopTime="0.00" timeLoss="49.37" rerouteNo="0" devices="tripinfo_84" vType="typeCar@84" speedFactor="1.00" vaporized=""/>
    <tripinfo id="85" depart="114.70" departLane="nc_0" departPos="5.10" departSpeed="3.12" departDelay="23.70" arrival="195.70" arrivalLane="cs_0" arrivalPos="192.80" arrivalSpeed="10.00" duration="81.00" routeLength="394.90" waitingTime="2.60" waitingCount="26" stopTime="0.00" timeLoss="41.46" rerouteNo="0" devices="tripinfo_85" vType="typeCar@85" speedFactor="1.00" vaporized=""/>
    <tripinfo id="76" depart="91.70" departLane="wc_0" departPos="5.10" departSpeed="7.60" departDelay="10.70" arrival="197.20" arrivalLane="ce_0" arrivalPos="192.80" arrivalSpeed="10.00" duration="105.50" routeLength="394.90" waitingTime="4.30" waitingCount="43" stopTime="0.00" timeLoss="66.06" rerouteNo="0" devices="tripinfo_76" vType="typeCar@76" speedFactor="1.00" vaporized=""/>
    <tripinfo id="78" depart="92.60" departLane="wc_0" departPos="5.10" departSpeed="4.70" departDelay="9.60" arrival="198.30" arrivalLane="ce_0" arrivalPos="192.80" arrivalSpeed="10.00" duration="105.70" routeLength="394.90" waitingTime="5.20" waitingCount="52" stopTime="0.00" timeLoss="66.22" rerouteNo="0" devices="tripinfo_78" vType="typeCar@78" speedFactor="1.00" vaporized=""/>
    <tripinfo id="86" depart="118.30" departLane="nc_0" departPos="5.10" departSpeed="5.12" departDelay="26.30" arrival="200.00" arrivalLane="cs_0" arrivalPos="192.80" arrivalSpeed="10.00" duration="81.70" routeLength="394.90" waitingTime="2.20" waitingCount="22" stopTime="0.00" timeLoss="42.13" rerouteNo="0" devices="tripinfo_86" vType="typeCar@86" speedFactor="1.00" vaporized=""/>
    <tripinfo id="87" depart="123.40" departLane="nc_0" departPos="5.10" departSpeed="3.62" departDelay="30.40" arrival="201.00" arrivalLane="cs_0" arrivalPos="192.80" arrivalSpeed="10.00" duration="77.60" routeLength="394.90" waitingTime="2.00" waitingCount="20" stopTime="0.00" timeLoss="38.09" rerouteNo="0" devices="tripinfo_87" vType="typeCar@87" speedFactor="1.00" vaporized=""/>
    <tripinfo id="79" depart="100.20" departLane="wc_0" departPos="5.10" departSpeed="0.30" departDelay="16.20" arrival="202.50" arrivalLane="ce_0" arrivalPos="192.80" arrivalSpeed="10.00" duration="102.30" routeLength="394.90" waitingTime="5.10" waitingCount="43" stopTime="0.00" timeLoss="62.80" rerouteNo="0" devices="tripinfo_79" vType="typeCar@79" speedFactor="1.00" vaporized=""/>
    <tripinfo id="82" depart="110.20" departLane="wc_0" departPos="5.10" departSpeed="0.85" departDelay="22.20" arrival="203.60" arrivalLane="ce_0" arrivalPos="192.80" arrivalSpeed="10.00" duration="93.40" routeLength="394.90" waitingTime="3.90" waitingCount="38" stopTime="0.00" timeLoss="53.83" rerouteNo="0" devices="tripinfo_82" vType="typeCar@82" speedFactor="1.00" vaporized=""/>
    <tripinfo id="89" depart="125.20" departLane="nc_0" departPos="5.10" departSpeed="5.82" departDelay="31.20" arrival="205.10" arrivalLane="cs_0" arrivalPos="192.80" arrivalSpeed="10.00" duration="79.90" routeLength="394.90" waitingTime="2.20" waitingCount="22" stopTime="0.00" timeLoss="40.41" rerouteNo="0" devices="tripinfo_89" vType="typeCar@89" speedFactor="1.00" vaporized=""/>
    <tripinfo id="90" depart="126.30" departLane="nc_0" departPos="5.10" departSpeed="6.72" departDelay="31.30" arrival="206.10" arrivalLane="cs_0" arrivalPos="192.80" arrivalSpeed="10.00" duration="79.80" routeLength="394.90" waitingTime="2.40" waitingCount="24" stopTime="0.00" timeLoss="40.36" rerouteNo="0" devices="tripinfo_90" vType="typeCar@90" speedFactor="1.00" vaporized=""/>
    <tripinfo id="88" depart="115.00" departLane="wc_0" departPos="5.10" departSpeed="5.50" departDelay="21.00" arrival="207.70" arrivalLane="ce_0" arrivalPos="192.80" arrivalSpeed="10.00" duration="92.70" routeLength="394.90" waitingTime="3.60" waitingCount="36" stopTime="0.00" timeLoss="53.16" rerouteNo="0" devices="tripinfo_88" vType="typeCar@88" speedFactor="1.00" vaporized=""/>
    <tripinfo id="91" depart="120.40" departLane="wc_0" departPos="5.10" departSpeed="2.50" departDelay="24.40" arrival="208.80" arrivalLane="ce_0" arrivalPos="192.80" arrivalSpeed="10.00" duration="88.40" routeLength="394.90" waitingTime="3.50" waitingCount="35" stopTime="0.00" timeLoss="48.84" rerouteNo="0" devices="tripinfo_91" vType="typeCar@91" speedFactor="1.00" vaporized=""/>
    <tripinfo id="92" depart="128.40" departLane="nc_0" departPos="5.10" departSpeed="0.22" departDelay="30.40" arrival="210.30" arrivalLane="cs_0" arrivalPos="192.80" arrivalSpeed="10.00" duration="81.90" routeLength="394.90" waitingTime="3.70" waitingCount="26" stopTime="0.00" timeLoss="42.35" rerouteNo="0" devices="tripinfo_92" vType="typeCar@92" speedFactor="1.00" vaporized=""/>
</tripinfos>
