<?xml version="1.0" encoding="UTF-8"?>

<!-- generated on 2022-11-30 12:11:42 by Eclipse SUMO sumo Version 1.14.1
<configuration xmlns:xsi="http://www.w3.org/2001/XMLSchema-instance" xsi:noNamespaceSchemaLocation="http://sumo.dlr.de/xsd/sumoConfiguration.xsd">

    <input>
        <net-file value="net.net.xml"/>
        <route-files value="routes.rou.xml"/>
    </input>

    <output>
        <tripinfo-output value="raw_data/(5,7,0)tripinfo.xml"/>
    </output>

    <time>
        <begin value="0"/>
        <step-length value="0.1"/>
    </time>

    <processing>
        <extrapolate-departpos value="true"/>
        <route-steps value="0"/>
        <ignore-route-errors value="true"/>
        <collision.action value="warn"/>
        <collision.stoptime value="1"/>
        <collision.mingap-factor value="0.1"/>
    </processing>

    <report>
        <verbose value="false"/>
        <log value="log.txt"/>
        <duration-log.statistics value="true"/>
        <no-step-log value="true"/>
    </report>

    <traci_server>
        <remote-port value="62164"/>
    </traci_server>

    <gui_only>
        <quit-on-end value="true"/>
        <start value="true"/>
    </gui_only>

</configuration>
-->

<tripinfos xmlns:xsi="http://www.w3.org/2001/XMLSchema-instance" xsi:noNamespaceSchemaLocation="http://sumo.dlr.de/xsd/tripinfo_file.xsd">
    <tripinfo id="0" depart="0.00" departLane="wc_0" departPos="5.10" departSpeed="10.00" departDelay="0.00" arrival="39.50" arrivalLane="ce_0" arrivalPos="192.80" arrivalSpeed="10.00" duration="39.50" routeLength="394.90" waitingTime="0.00" waitingCount="0" stopTime="0.00" timeLoss="0.00" rerouteNo="0" devices="tripinfo_0" vType="typeCar@0" speedFactor="1.00" vaporized=""/>
    <tripinfo id="2" depart="1.00" departLane="wc_0" departPos="5.10" departSpeed="10.00" departDelay="0.00" arrival="40.50" arrivalLane="ce_0" arrivalPos="192.80" arrivalSpeed="10.00" duration="39.50" routeLength="394.90" waitingTime="0.00" waitingCount="0" stopTime="0.00" timeLoss="0.00" rerouteNo="0" devices="tripinfo_2" vType="typeCar@2" speedFactor="1.00" vaporized=""/>
    <tripinfo id="1" depart="0.00" departLane="nc_0" departPos="5.10" departSpeed="10.00" departDelay="0.00" arrival="43.70" arrivalLane="cs_0" arrivalPos="192.80" arrivalSpeed="10.00" duration="43.70" routeLength="394.90" waitingTime="0.00" waitingCount="0" stopTime="0.00" timeLoss="4.14" rerouteNo="0" devices="tripinfo_1" vType="typeCar@1" speedFactor="1.00" vaporized=""/>
    <tripinfo id="3" depart="1.00" departLane="nc_0" departPos="5.10" departSpeed="10.00" departDelay="0.00" arrival="44.70" arrivalLane="cs_0" arrivalPos="192.80" arrivalSpeed="10.00" duration="43.70" routeLength="394.90" waitingTime="0.00" waitingCount="0" stopTime="0.00" timeLoss="4.21" rerouteNo="0" devices="tripinfo_3" vType="typeCar@3" speedFactor="1.00" vaporized=""/>
    <tripinfo id="5" depart="4.00" departLane="wc_0" departPos="5.10" departSpeed="10.00" departDelay="0.00" arrival="50.30" arrivalLane="ce_0" arrivalPos="192.80" arrivalSpeed="10.00" duration="46.30" routeLength="394.90" waitingTime="0.00" waitingCount="0" stopTime="0.00" timeLoss="6.79" rerouteNo="0" devices="tripinfo_5" vType="typeCar@5" speedFactor="1.00" vaporized=""/>
    <tripinfo id="7" depart="5.00" departLane="wc_0" departPos="5.10" departSpeed="10.00" departDelay="0.00" arrival="51.20" arrivalLane="ce_0" arrivalPos="192.80" arrivalSpeed="10.00" duration="46.20" routeLength="394.90" waitingTime="0.00" waitingCount="0" stopTime="0.00" timeLoss="6.69" rerouteNo="0" devices="tripinfo_7" vType="typeCar@7" speedFactor="1.00" vaporized=""/>
    <tripinfo id="8" depart="6.00" departLane="wc_0" departPos="5.10" departSpeed="10.00" departDelay="0.00" arrival="52.30" arrivalLane="ce_0" arrivalPos="192.80" arrivalSpeed="10.00" duration="46.30" routeLength="394.90" waitingTime="0.00" waitingCount="0" stopTime="0.00" timeLoss="6.72" rerouteNo="0" devices="tripinfo_8" vType="typeCar@8" speedFactor="1.00" vaporized=""/>
    <tripinfo id="10" depart="7.00" departLane="wc_0" departPos="5.10" departSpeed="10.00" departDelay="0.00" arrival="53.30" arrivalLane="ce_0" arrivalPos="192.80" arrivalSpeed="10.00" duration="46.30" routeLength="394.90" waitingTime="0.00" waitingCount="0" stopTime="0.00" timeLoss="6.74" rerouteNo="0" devices="tripinfo_10" vType="typeCar@10" speedFactor="1.00" vaporized=""/>
    <tripinfo id="11" depart="8.00" departLane="wc_0" departPos="5.10" departSpeed="10.00" departDelay="0.00" arrival="54.30" arrivalLane="ce_0" arrivalPos="192.80" arrivalSpeed="10.00" duration="46.30" routeLength="394.90" waitingTime="0.10" waitingCount="1" stopTime="0.00" timeLoss="6.78" rerouteNo="0" devices="tripinfo_11" vType="typeCar@11" speedFactor="1.00" vaporized=""/>
    <tripinfo id="13" depart="11.00" departLane="wc_0" departPos="5.10" departSpeed="10.00" departDelay="0.00" arrival="55.40" arrivalLane="ce_0" arrivalPos="192.80" arrivalSpeed="10.00" duration="44.40" routeLength="394.90" waitingTime="0.00" waitingCount="0" stopTime="0.00" timeLoss="4.83" rerouteNo="0" devices="tripinfo_13" vType="typeCar@13" speedFactor="1.00" vaporized=""/>
    <tripinfo id="4" depart="3.00" departLane="nc_0" departPos="5.10" departSpeed="10.00" departDelay="0.00" arrival="58.70" arrivalLane="cs_0" arrivalPos="192.80" arrivalSpeed="10.00" duration="55.70" routeLength="394.90" waitingTime="0.00" waitingCount="0" stopTime="0.00" timeLoss="16.21" rerouteNo="0" devices="tripinfo_4" vType="typeCar@4" speedFactor="1.00" vaporized=""/>
    <tripinfo id="6" depart="4.00" departLane="nc_0" departPos="5.10" departSpeed="10.00" departDelay="0.00" arrival="59.70" arrivalLane="cs_0" arrivalPos="192.80" arrivalSpeed="10.00" duration="55.70" routeLength="394.90" waitingTime="0.00" waitingCount="0" stopTime="0.00" timeLoss="16.18" rerouteNo="0" devices="tripinfo_6" vType="typeCar@6" speedFactor="1.00" vaporized=""/>
    <tripinfo id="16" depart="13.00" departLane="wc_0" departPos="5.10" departSpeed="10.00" departDelay="0.00" arrival="63.30" arrivalLane="ce_0" arrivalPos="192.80" arrivalSpeed="10.00" duration="50.30" routeLength="394.90" waitingTime="0.00" waitingCount="0" stopTime="0.00" timeLoss="10.79" rerouteNo="0" devices="tripinfo_16" vType="typeCar@16" speedFactor="1.00" vaporized=""/>
    <tripinfo id="18" depart="16.00" departLane="wc_0" departPos="5.10" departSpeed="10.00" departDelay="0.00" arrival="65.00" arrivalLane="ce_0" arrivalPos="192.80" arrivalSpeed="10.00" duration="49.00" routeLength="394.90" waitingTime="0.10" waitingCount="1" stopTime="0.00" timeLoss="9.43" rerouteNo="0" devices="tripinfo_18" vType="typeCar@18" speedFactor="1.00" vaporized=""/>
    <tripinfo id="9" depart="6.00" departLane="nc_0" departPos="5.10" departSpeed="10.00" departDelay="0.00" arrival="68.70" arrivalLane="cs_0" arrivalPos="192.80" arrivalSpeed="10.00" duration="62.70" routeLength="394.90" waitingTime="0.10" waitingCount="1" stopTime="0.00" timeLoss="23.12" rerouteNo="0" devices="tripinfo_9" vType="typeCar@9" speedFactor="1.00" vaporized=""/>
    <tripinfo id="12" depart="9.00" departLane="nc_0" departPos="5.10" departSpeed="10.00" departDelay="0.00" arrival="69.50" arrivalLane="cs_0" arrivalPos="192.80" arrivalSpeed="10.00" duration="60.50" routeLength="394.90" waitingTime="0.00" waitingCount="0" stopTime="0.00" timeLoss="20.99" rerouteNo="0" devices="tripinfo_12" vType="typeCar@12" speedFactor="1.00" vaporized=""/>
    <tripinfo id="19" depart="17.00" departLane="wc_0" departPos="5.10" departSpeed="10.00" departDelay="0.00" arrival="71.10" arrivalLane="ce_0" arrivalPos="192.80" arrivalSpeed="10.00" duration="54.10" routeLength="394.90" waitingTime="0.20" waitingCount="2" stopTime="0.00" timeLoss="14.61" rerouteNo="0" devices="tripinfo_19" vType="typeCar@19" speedFactor="1.00" vaporized=""/>
    <tripinfo id="21" depart="21.00" departLane="wc_0" departPos="5.10" departSpeed="10.00" departDelay="0.00" arrival="72.20" arrivalLane="ce_0" arrivalPos="192.80" arrivalSpeed="10.00" duration="51.20" routeLength="394.90" waitingTime="0.00" waitingCount="0" stopTime="0.00" timeLoss="11.62" rerouteNo="0" devices="tripinfo_21" vType="typeCar@21" speedFactor="1.00" vaporized=""/>
    <tripinfo id="23" depart="22.00" departLane="wc_0" departPos="5.10" departSpeed="10.00" departDelay="0.00" arrival="75.90" arrivalLane="ce_0" arrivalPos="192.80" arrivalSpeed="10.00" duration="53.90" routeLength="394.90" waitingTime="0.00" waitingCount="0" stopTime="0.00" timeLoss="14.38" rerouteNo="0" devices="tripinfo_23" vType="typeCar@23" speedFactor="1.00" vaporized=""/>
    <tripinfo id="14" depart="11.00" departLane="nc_0" departPos="5.10" departSpeed="10.00" departDelay="0.00" arrival="83.30" arrivalLane="cs_0" arrivalPos="192.80" arrivalSpeed="10.00" duration="72.30" routeLength="394.90" waitingTime="0.10" waitingCount="1" stopTime="0.00" timeLoss="32.79" rerouteNo="0" devices="tripinfo_14" vType="typeCar@14" speedFactor="1.00" vaporized=""/>
    <tripinfo id="15" depart="12.00" departLane="nc_0" departPos="5.10" departSpeed="10.00" departDelay="0.00" arrival="84.60" arrivalLane="cs_0" arrivalPos="192.80" arrivalSpeed="10.00" duration="72.60" routeLength="394.90" waitingTime="0.70" waitingCount="7" stopTime="0.00" timeLoss="33.03" rerouteNo="0" devices="tripinfo_15" vType="typeCar@15" speedFactor="1.00" vaporized=""/>
    <tripinfo id="17" depart="13.00" departLane="nc_0" departPos="5.10" departSpeed="10.00" departDelay="0.00" arrival="85.50" arrivalLane="cs_0" arrivalPos="192.80" arrivalSpeed="10.00" duration="72.50" routeLength="394.90" waitingTime="0.90" waitingCount="9" stopTime="0.00" timeLoss="32.96" rerouteNo="0" devices="tripinfo_17" vType="typeCar@17" speedFactor="1.00" vaporized=""/>
    <tripinfo id="25" depart="23.00" departLane="wc_0" departPos="5.10" departSpeed="10.00" departDelay="0.00" arrival="87.00" arrivalLane="ce_0" arrivalPos="192.80" arrivalSpeed="10.00" duration="64.00" routeLength="394.90" waitingTime="0.00" waitingCount="0" stopTime="0.00" timeLoss="24.49" rerouteNo="0" devices="tripinfo_25" vType="typeCar@25" speedFactor="1.00" vaporized=""/>
    <tripinfo id="27" depart="24.00" departLane="wc_0" departPos="5.10" departSpeed="10.00" departDelay="0.00" arrival="88.00" arrivalLane="ce_0" arrivalPos="192.80" arrivalSpeed="10.00" duration="64.00" routeLength="394.90" waitingTime="0.00" waitingCount="0" stopTime="0.00" timeLoss="24.50" rerouteNo="0" devices="tripinfo_27" vType="typeCar@27" speedFactor="1.00" vaporized=""/>
    <tripinfo id="20" depart="20.00" departLane="nc_0" departPos="5.10" departSpeed="10.00" departDelay="0.00" arrival="89.50" arrivalLane="cs_0" arrivalPos="192.80" arrivalSpeed="10.00" duration="69.50" routeLength="394.90" waitingTime="0.50" waitingCount="5" stopTime="0.00" timeLoss="30.01" rerouteNo="0" devices="tripinfo_20" vType="typeCar@20" speedFactor="1.00" vaporized=""/>
    <tripinfo id="22" depart="21.00" departLane="nc_0" departPos="5.10" departSpeed="10.00" departDelay="0.00" arrival="90.60" arrivalLane="cs_0" arrivalPos="192.80" arrivalSpeed="10.00" duration="69.60" routeLength="394.90" waitingTime="0.60" waitingCount="6" stopTime="0.00" timeLoss="30.09" rerouteNo="0" devices="tripinfo_22" vType="typeCar@22" speedFactor="1.00" vaporized=""/>
    <tripinfo id="29" depart="25.00" departLane="wc_0" departPos="5.10" departSpeed="10.00" departDelay="0.00" arrival="97.40" arrivalLane="ce_0" arrivalPos="192.80" arrivalSpeed="10.00" duration="72.40" routeLength="394.90" waitingTime="0.20" waitingCount="2" stopTime="0.00" timeLoss="32.89" rerouteNo="0" devices="tripinfo_29" vType="typeCar@29" speedFactor="1.00" vaporized=""/>
    <tripinfo id="31" depart="26.00" departLane="wc_0" departPos="5.10" departSpeed="10.00" departDelay="0.00" arrival="99.30" arrivalLane="ce_0" arrivalPos="192.80" arrivalSpeed="10.00" duration="73.30" routeLength="394.90" waitingTime="0.70" waitingCount="7" stopTime="0.00" timeLoss="33.75" rerouteNo="0" devices="tripinfo_31" vType="typeCar@31" speedFactor="1.00" vaporized=""/>
    <tripinfo id="32" depart="27.00" departLane="wc_0" departPos="5.10" departSpeed="10.00" departDelay="0.00" arrival="101.00" arrivalLane="ce_0" arrivalPos="192.80" arrivalSpeed="10.00" duration="74.00" routeLength="394.90" waitingTime="1.00" waitingCount="10" stopTime="0.00" timeLoss="34.43" rerouteNo="0" devices="tripinfo_32" vType="typeCar@32" speedFactor="1.00" vaporized=""/>
    <tripinfo id="24" depart="22.00" departLane="nc_0" departPos="5.10" departSpeed="10.00" departDelay="0.00" arrival="102.60" arrivalLane="cs_0" arrivalPos="192.80" arrivalSpeed="10.00" duration="80.60" routeLength="394.90" waitingTime="1.00" waitingCount="10" stopTime="0.00" timeLoss="41.12" rerouteNo="0" devices="tripinfo_24" vType="typeCar@24" speedFactor="1.00" vaporized=""/>
    <tripinfo id="26" depart="23.00" departLane="nc_0" departPos="5.10" departSpeed="10.00" departDelay="0.00" arrival="103.70" arrivalLane="cs_0" arrivalPos="192.80" arrivalSpeed="10.00" duration="80.70" routeLength="394.90" waitingTime="1.10" waitingCount="11" stopTime="0.00" timeLoss="41.18" rerouteNo="0" devices="tripinfo_26" vType="typeCar@26" speedFactor="1.00" vaporized=""/>
    <tripinfo id="28" depart="24.00" departLane="nc_0" departPos="5.10" departSpeed="10.00" departDelay="0.00" arrival="106.70" arrivalLane="cs_0" arrivalPos="192.80" arrivalSpeed="10.00" duration="82.70" routeLength="394.90" waitingTime="1.20" waitingCount="12" stopTime="0.00" timeLoss="43.18" rerouteNo="0" devices="tripinfo_28" vType="typeCar@28" speedFactor="1.00" vaporized=""/>
    <tripinfo id="33" depart="28.00" departLane="wc_0" departPos="5.10" departSpeed="10.00" departDelay="0.00" arrival="112.90" arrivalLane="ce_0" arrivalPos="192.80" arrivalSpeed="10.00" duration="84.90" routeLength="394.90" waitingTime="1.10" waitingCount="11" stopTime="0.00" timeLoss="45.40" rerouteNo="0" devices="tripinfo_33" vType="typeCar@33" speedFactor="1.00" vaporized=""/>
    <tripinfo id="34" depart="29.00" departLane="wc_0" departPos="5.10" departSpeed="10.00" departDelay="0.00" arrival="113.80" arrivalLane="ce_0" arrivalPos="192.80" arrivalSpeed="10.00" duration="84.80" routeLength="394.90" waitingTime="1.30" waitingCount="13" stopTime="0.00" timeLoss="45.24" rerouteNo="0" devices="tripinfo_34" vType="typeCar@34" speedFactor="1.00" vaporized=""/>
    <tripinfo id="30" depart="25.00" departLane="nc_0" departPos="5.10" departSpeed="10.00" departDelay="0.00" arrival="115.90" arrivalLane="cs_0" arrivalPos="192.80" arrivalSpeed="10.00" duration="90.90" routeLength="394.90" waitingTime="1.40" waitingCount="14" stopTime="0.00" timeLoss="51.34" rerouteNo="0" devices="tripinfo_30" vType="typeCar@30" speedFactor="1.00" vaporized=""/>
    <tripinfo id="35" depart="29.00" departLane="nc_0" departPos="5.10" departSpeed="10.00" departDelay="0.00" arrival="117.50" arrivalLane="cs_0" arrivalPos="192.80" arrivalSpeed="10.00" duration="88.50" routeLength="394.90" waitingTime="1.40" waitingCount="14" stopTime="0.00" timeLoss="48.94" rerouteNo="0" devices="tripinfo_35" vType="typeCar@35" speedFactor="1.00" vaporized=""/>
    <tripinfo id="36" depart="31.00" departLane="wc_0" departPos="5.10" departSpeed="10.00" departDelay="0.00" arrival="123.90" arrivalLane="ce_0" arrivalPos="192.80" arrivalSpeed="10.00" duration="92.90" routeLength="394.90" waitingTime="0.80" waitingCount="8" stopTime="0.00" timeLoss="53.40" rerouteNo="0" devices="tripinfo_36" vType="typeCar@36" speedFactor="1.00" vaporized=""/>
    <tripinfo id="37" depart="33.00" departLane="wc_0" departPos="5.10" departSpeed="10.00" departDelay="0.00" arrival="124.80" arrivalLane="ce_0" arrivalPos="192.80" arrivalSpeed="10.00" duration="91.80" routeLength="394.90" waitingTime="1.10" waitingCount="11" stopTime="0.00" timeLoss="52.27" rerouteNo="0" devices="tripinfo_37" vType="typeCar@37" speedFactor="1.00" vaporized=""/>
    <tripinfo id="39" depart="34.00" departLane="wc_0" departPos="5.10" departSpeed="10.00" departDelay="0.00" arrival="125.80" arrivalLane="ce_0" arrivalPos="192.80" arrivalSpeed="10.00" duration="91.80" routeLength="394.90" waitingTime="1.50" waitingCount="15" stopTime="0.00" timeLoss="52.27" rerouteNo="0" devices="tripinfo_39" vType="typeCar@39" speedFactor="1.00" vaporized=""/>
    <tripinfo id="38" depart="33.00" departLane="nc_0" departPos="5.10" departSpeed="10.00" departDelay="0.00" arrival="133.20" arrivalLane="cs_0" arrivalPos="192.80" arrivalSpeed="10.00" duration="100.20" routeLength="394.90" waitingTime="1.90" waitingCount="19" stopTime="0.00" timeLoss="60.71" rerouteNo="0" devices="tripinfo_38" vType="typeCar@38" speedFactor="1.00" vaporized=""/>
    <tripinfo id="40" depart="34.00" departLane="nc_0" departPos="5.10" departSpeed="10.00" departDelay="0.00" arrival="134.10" arrivalLane="cs_0" arrivalPos="192.80" arrivalSpeed="10.00" duration="100.10" routeLength="394.90" waitingTime="2.10" waitingCount="21" stopTime="0.00" timeLoss="60.61" rerouteNo="0" devices="tripinfo_40" vType="typeCar@40" speedFactor="1.00" vaporized=""/>
    <tripinfo id="41" depart="35.00" departLane="wc_0" departPos="5.10" departSpeed="10.00" departDelay="0.00" arrival="135.70" arrivalLane="ce_0" arrivalPos="192.80" arrivalSpeed="10.00" duration="100.70" routeLength="394.90" waitingTime="2.10" waitingCount="21" stopTime="0.00" timeLoss="61.22" rerouteNo="0" devices="tripinfo_41" vType="typeCar@41" speedFactor="1.00" vaporized=""/>
    <tripinfo id="43" depart="37.00" departLane="wc_0" departPos="5.10" departSpeed="10.00" departDelay="0.00" arrival="136.80" arrivalLane="ce_0" arrivalPos="192.80" arrivalSpeed="10.00" duration="99.80" routeLength="394.90" waitingTime="2.10" waitingCount="21" stopTime="0.00" timeLoss="60.26" rerouteNo="0" devices="tripinfo_43" vType="typeCar@43" speedFactor="1.00" vaporized=""/>
    <tripinfo id="42" depart="36.00" departLane="nc_0" departPos="5.10" departSpeed="10.00" departDelay="0.00" arrival="138.30" arrivalLane="cs_0" arrivalPos="192.80" arrivalSpeed="10.00" duration="102.30" routeLength="394.90" waitingTime="2.20" waitingCount="22" stopTime="0.00" timeLoss="62.79" rerouteNo="0" devices="tripinfo_42" vType="typeCar@42" speedFactor="1.00" vaporized=""/>
    <tripinfo id="44" depart="37.00" departLane="nc_0" departPos="5.10" departSpeed="10.00" departDelay="0.00" arrival="139.40" arrivalLane="cs_0" arrivalPos="192.80" arrivalSpeed="10.00" duration="102.40" routeLength="394.90" waitingTime="2.60" waitingCount="26" stopTime="0.00" timeLoss="62.86" rerouteNo="0" devices="tripinfo_44" vType="typeCar@44" speedFactor="1.00" vaporized=""/>
    <tripinfo id="45" depart="38.00" departLane="nc_0" departPos="5.10" departSpeed="10.00" departDelay="0.00" arrival="144.50" arrivalLane="cs_0" arrivalPos="192.80" arrivalSpeed="10.00" duration="106.50" routeLength="394.90" waitingTime="2.90" waitingCount="29" stopTime="0.00" timeLoss="67.00" rerouteNo="0" devices="tripinfo_45" vType="typeCar@45" speedFactor="1.00" vaporized=""/>
    <tripinfo id="47" depart="39.00" departLane="nc_0" departPos="5.10" departSpeed="10.00" departDelay="0.00" arrival="145.60" arrivalLane="cs_0" arrivalPos="192.80" arrivalSpeed="10.00" duration="106.60" routeLength="394.90" waitingTime="3.20" waitingCount="32" stopTime="0.00" timeLoss="67.05" rerouteNo="0" devices="tripinfo_47" vType="typeCar@47" speedFactor="1.00" vaporized=""/>
    <tripinfo id="46" depart="39.00" departLane="wc_0" departPos="5.10" departSpeed="10.00" departDelay="0.00" arrival="153.30" arrivalLane="ce_0" arrivalPos="192.80" arrivalSpeed="10.00" duration="114.30" routeLength="394.90" waitingTime="9.40" waitingCount="25" stopTime="0.00" timeLoss="74.74" rerouteNo="0" devices="tripinfo_46" vType="typeCar@46" speedFactor="1.00" vaporized=""/>
    <tripinfo id="48" depart="40.00" departLane="wc_0" departPos="5.10" departSpeed="10.00" departDelay="0.00" arrival="154.20" arrivalLane="ce_0" arrivalPos="192.80" arrivalSpeed="10.00" duration="114.20" routeLength="394.90" waitingTime="2.20" waitingCount="22" stopTime="0.00" timeLoss="74.66" rerouteNo="0" devices="tripinfo_48" vType="typeCar@48" speedFactor="1.00" vaporized=""/>
    <tripinfo id="50" depart="41.00" departLane="wc_0" departPos="5.10" departSpeed="10.00" departDelay="0.00" arrival="156.90" arrivalLane="ce_0" arrivalPos="192.80" arrivalSpeed="10.00" duration="115.90" routeLength="394.90" waitingTime="2.60" waitingCount="26" stopTime="0.00" timeLoss="76.36" rerouteNo="0" devices="tripinfo_50" vType="typeCar@50" speedFactor="1.00" vaporized=""/>
    <tripinfo id="49" depart="40.00" departLane="nc_0" departPos="5.10" departSpeed="10.00" departDelay="0.00" arrival="158.60" arrivalLane="cs_0" arrivalPos="192.80" arrivalSpeed="10.00" duration="118.60" routeLength="394.90" waitingTime="3.40" waitingCount="34" stopTime="0.00" timeLoss="79.07" rerouteNo="0" devices="tripinfo_49" vType="typeCar@49" speedFactor="1.00" vaporized=""/>
    <tripinfo id="52" depart="42.00" departLane="nc_0" departPos="5.10" departSpeed="10.00" departDelay="0.00" arrival="159.50" arrivalLane="cs_0" arrivalPos="192.80" arrivalSpeed="10.00" duration="117.50" routeLength="394.90" waitingTime="2.90" waitingCount="29" stopTime="0.00" timeLoss="78.01" rerouteNo="0" devices="tripinfo_52" vType="typeCar@52" speedFactor="1.00" vaporized=""/>
    <tripinfo id="51" depart="42.00" departLane="wc_0" departPos="5.10" departSpeed="10.00" departDelay="0.00" arrival="161.10" arrivalLane="ce_0" arrivalPos="192.80" arrivalSpeed="10.00" duration="119.10" routeLength="394.90" waitingTime="3.00" waitingCount="30" stopTime="0.00" timeLoss="79.53" rerouteNo="0" devices="tripinfo_51" vType="typeCar@51" speedFactor="1.00" vaporized=""/>
    <tripinfo id="53" depart="44.00" departLane="wc_0" departPos="5.10" departSpeed="4.80" departDelay="0.00" arrival="167.30" arrivalLane="ce_0" arrivalPos="192.80" arrivalSpeed="10.00" duration="123.30" routeLength="394.90" waitingTime="3.40" waitingCount="34" stopTime="0.00" timeLoss="83.72" rerouteNo="0" devices="tripinfo_53" vType="typeCar@53" speedFactor="1.00" vaporized=""/>
    <tripinfo id="54" depart="44.00" departLane="nc_0" departPos="5.10" departSpeed="6.50" departDelay="0.00" arrival="169.30" arrivalLane="cs_0" arrivalPos="192.80" arrivalSpeed="10.00" duration="125.30" routeLength="394.90" waitingTime="4.70" waitingCount="36" stopTime="0.00" timeLoss="85.75" rerouteNo="0" devices="tripinfo_54" vType="typeCar@54" speedFactor="1.00" vaporized=""/>
    <tripinfo id="56" depart="46.00" departLane="nc_0" departPos="5.10" departSpeed="4.50" departDelay="0.00" arrival="170.20" arrivalLane="cs_0" arrivalPos="192.80" arrivalSpeed="10.00" duration="124.20" routeLength="394.90" waitingTime="3.80" waitingCount="38" stopTime="0.00" timeLoss="84.67" rerouteNo="0" devices="tripinfo_56" vType="typeCar@56" speedFactor="1.00" vaporized=""/>
    <tripinfo id="55" depart="45.10" departLane="wc_0" departPos="5.10" departSpeed="8.10" departDelay="0.10" arrival="173.70" arrivalLane="ce_0" arrivalPos="192.80" arrivalSpeed="10.00" duration="128.60" routeLength="394.90" waitingTime="3.50" waitingCount="35" stopTime="0.00" timeLoss="89.17" rerouteNo="0" devices="tripinfo_55" vType="typeCar@55" speedFactor="1.00" vaporized=""/>
    <tripinfo id="58" depart="47.10" departLane="nc_0" departPos="5.10" departSpeed="7.00" departDelay="0.10" arrival="176.30" arrivalLane="cs_0" arrivalPos="192.80" arrivalSpeed="10.00" duration="129.20" routeLength="394.90" waitingTime="6.40" waitingCount="44" stopTime="0.00" timeLoss="89.72" rerouteNo="0" devices="tripinfo_58" vType="typeCar@58" speedFactor="1.00" vaporized=""/>
    <tripinfo id="63" depart="53.00" departLane="nc_0" departPos="5.10" departSpeed="0.70" departDelay="0.00" arrival="177.20" arrivalLane="cs_0" arrivalPos="192.80" arrivalSpeed="10.00" duration="124.20" routeLength="394.90" waitingTime="4.50" waitingCount="45" stopTime="0.00" timeLoss="84.66" rerouteNo="0" devices="tripinfo_63" vType="typeCar@63" speedFactor="1.00" vaporized=""/>
    <tripinfo id="57" depart="47.00" departLane="wc_0" departPos="5.10" departSpeed="0.20" departDelay="0.00" arrival="178.60" arrivalLane="ce_0" arrivalPos="192.80" arrivalSpeed="10.00" duration="131.60" routeLength="394.90" waitingTime="3.60" waitingCount="36" stopTime="0.00" timeLoss="92.08" rerouteNo="0" devices="tripinfo_57" vType="typeCar@57" speedFactor="1.00" vaporized=""/>
    <tripinfo id="59" depart="51.60" departLane="wc_0" departPos="5.10" departSpeed="4.40" departDelay="1.60" arrival="179.70" arrivalLane="ce_0" arrivalPos="192.80" arrivalSpeed="10.00" duration="128.10" routeLength="394.90" waitingTime="4.20" waitingCount="42" stopTime="0.00" timeLoss="88.55" rerouteNo="0" devices="tripinfo_59" vType="typeCar@59" speedFactor="1.00" vaporized=""/>
    <tripinfo id="65" depart="55.00" departLane="nc_0" departPos="5.10" departSpeed="6.70" departDelay="0.00" arrival="181.20" arrivalLane="cs_0" arrivalPos="192.80" arrivalSpeed="10.00" duration="126.20" routeLength="394.90" waitingTime="4.40" waitingCount="44" stopTime="0.00" timeLoss="86.67" rerouteNo="0" devices="tripinfo_65" vType="typeCar@65" speedFactor="1.00" vaporized=""/>
    <tripinfo id="67" depart="56.00" departLane="nc_0" departPos="5.10" departSpeed="8.10" departDelay="0.00" arrival="183.40" arrivalLane="cs_0" arrivalPos="192.80" arrivalSpeed="10.00" duration="127.40" routeLength="394.90" waitingTime="4.90" waitingCount="49" stopTime="0.00" timeLoss="87.86" rerouteNo="0" devices="tripinfo_67" vType="typeCar@67" speedFactor="1.00" vaporized=""/>
    <tripinfo id="60" depart="53.00" departLane="wc_0" departPos="5.10" departSpeed="6.20" departDelay="2.00" arrival="189.80" arrivalLane="ce_0" arrivalPos="192.80" arrivalSpeed="10.00" duration="136.80" routeLength="394.90" waitingTime="8.00" waitingCount="49" stopTime="0.00" timeLoss="97.25" rerouteNo="0" devices="tripinfo_60" vType="typeCar@60" speedFactor="1.00" vaporized=""/>
    <tripinfo id="61" depart="55.80" departLane="wc_0" departPos="5.10" departSpeed="0.20" departDelay="3.80" arrival="190.70" arrivalLane="ce_0" arrivalPos="192.80" arrivalSpeed="10.00" duration="134.90" routeLength="394.90" waitingTime="5.40" waitingCount="45" stopTime="0.00" timeLoss="95.33" rerouteNo="0" devices="tripinfo_61" vType="typeCar@61" speedFactor="1.00" vaporized=""/>
    <tripinfo id="62" depart="62.90" departLane="wc_0" departPos="5.10" departSpeed="1.91" departDelay="9.90" arrival="191.70" arrivalLane="ce_0" arrivalPos="192.80" arrivalSpeed="10.00" duration="128.80" routeLength="394.90" waitingTime="5.00" waitingCount="50" stopTime="0.00" timeLoss="89.27" rerouteNo="0" devices="tripinfo_62" vType="typeCar@62" speedFactor="1.00" vaporized=""/>
    <tripinfo id="64" depart="69.80" departLane="wc_0" departPos="5.10" departSpeed="4.63" departDelay="15.80" arrival="192.80" arrivalLane="ce_0" arrivalPos="192.80" arrivalSpeed="10.00" duration="123.00" routeLength="394.90" waitingTime="4.20" waitingCount="42" stopTime="0.00" timeLoss="83.47" rerouteNo="0" devices="tripinfo_64" vType="typeCar@64" speedFactor="1.00" vaporized=""/>
    <tripinfo id="66" depart="74.50" departLane="wc_0" departPos="5.10" departSpeed="4.33" departDelay="18.50" arrival="193.90" arrivalLane="ce_0" arrivalPos="192.80" arrivalSpeed="10.00" duration="119.40" routeLength="394.90" waitingTime="4.20" waitingCount="42" stopTime="0.00" timeLoss="79.91" rerouteNo="0" devices="tripinfo_66" vType="typeCar@66" speedFactor="1.00" vaporized=""/>
    <tripinfo id="68" depart="75.90" departLane="wc_0" departPos="5.10" departSpeed="6.13" departDelay="17.90" arrival="194.90" arrivalLane="ce_0" arrivalPos="192.80" arrivalSpeed="10.00" duration="119.00" routeLength="394.90" waitingTime="4.70" waitingCount="47" stopTime="0.00" timeLoss="79.50" rerouteNo="0" devices="tripinfo_68" vType="typeCar@68" speedFactor="1.00" vaporized=""/>
    <tripinfo id="69" depart="77.00" departLane="wc_0" departPos="5.10" departSpeed="4.63" departDelay="18.00" arrival="198.80" arrivalLane="ce_0" arrivalPos="192.80" arrivalSpeed="10.00" duration="121.80" routeLength="394.90" waitingTime="5.00" waitingCount="50" stopTime="0.00" timeLoss="82.35" rerouteNo="0" devices="tripinfo_69" vType="typeCar@69" speedFactor="1.00" vaporized=""/>
    <tripinfo id="71" depart="84.80" departLane="wc_0" departPos="5.10" departSpeed="0.03" departDelay="22.80" arrival="201.60" arrivalLane="ce_0" arrivalPos="192.80" arrivalSpeed="10.00" duration="116.80" routeLength="394.90" waitingTime="6.10" waitingCount="48" stopTime="0.00" timeLoss="77.30" rerouteNo="0" devices="tripinfo_71" vType="typeCar@71" speedFactor="1.00" vaporized=""/>
    <tripinfo id="73" depart="91.20" departLane="wc_0" departPos="5.10" departSpeed="5.15" departDelay="28.20" arrival="202.70" arrivalLane="ce_0" arrivalPos="192.80" arrivalSpeed="10.00" duration="111.50" routeLength="394.90" waitingTime="4.60" waitingCount="46" stopTime="0.00" timeLoss="71.95" rerouteNo="0" devices="tripinfo_73" vType="typeCar@73" speedFactor="1.00" vaporized=""/>
    <tripinfo id="74" depart="95.90" departLane="wc_0" departPos="5.10" departSpeed="1.65" departDelay="30.90" arrival="203.70" arrivalLane="ce_0" arrivalPos="192.80" arrivalSpeed="10.00" duration="107.80" routeLength="394.90" waitingTime="4.30" waitingCount="43" stopTime="0.00" timeLoss="68.28" rerouteNo="0" devices="tripinfo_74" vType="typeCar@74" speedFactor="1.00" vaporized=""/>
    <tripinfo id="76" depart="100.50" departLane="wc_0" departPos="5.10" departSpeed="4.25" departDelay="33.50" arrival="204.70" arrivalLane="ce_0" arrivalPos="192.80" arrivalSpeed="10.00" duration="104.20" routeLength="394.90" waitingTime="4.90" waitingCount="49" stopTime="0.00" timeLoss="64.71" rerouteNo="0" devices="tripinfo_76" vType="typeCar@76" speedFactor="1.00" vaporized=""/>
    <tripinfo id="70" depart="59.00" departLane="nc_0" departPos="5.10" departSpeed="0.30" departDelay="0.00" arrival="206.90" arrivalLane="cs_0" arrivalPos="192.80" arrivalSpeed="10.00" duration="147.90" routeLength="394.90" waitingTime="5.50" waitingCount="55" stopTime="0.00" timeLoss="108.34" rerouteNo="0" devices="tripinfo_70" vType="typeCar@70" speedFactor="1.00" vaporized=""/>
    <tripinfo id="72" depart="70.70" departLane="nc_0" departPos="5.10" departSpeed="2.60" departDelay="8.70" arrival="208.10" arrivalLane="cs_0" arrivalPos="192.80" arrivalSpeed="10.00" duration="137.40" routeLength="394.90" waitingTime="4.90" waitingCount="49" stopTime="0.00" timeLoss="97.92" rerouteNo="0" devices="tripinfo_72" vType="typeCar@72" speedFactor="1.00" vaporized=""/>
    <tripinfo id="78" depart="107.10" departLane="wc_0" departPos="5.10" departSpeed="2.45" departDelay="39.10" arrival="209.60" arrivalLane="ce_0" arrivalPos="192.80" arrivalSpeed="10.00" duration="102.50" routeLength="394.90" waitingTime="4.70" waitingCount="47" stopTime="0.00" timeLoss="62.97" rerouteNo="0" devices="tripinfo_78" vType="typeCar@78" speedFactor="1.00" vaporized=""/>
    <tripinfo id="80" depart="112.20" departLane="wc_0" departPos="5.10" departSpeed="4.95" departDelay="42.20" arrival="210.60" arrivalLane="ce_0" arrivalPos="192.80" arrivalSpeed="10.00" duration="98.40" routeLength="394.90" waitingTime="4.30" waitingCount="43" stopTime="0.00" timeLoss="58.92" rerouteNo="0" devices="tripinfo_80" vType="typeCar@80" speedFactor="1.00" vaporized=""/>
    <tripinfo id="81" depart="119.40" departLane="wc_0" departPos="5.10" departSpeed="1.75" departDelay="48.40" arrival="212.30" arrivalLane="ce_0" arrivalPos="192.80" arrivalSpeed="10.00" duration="92.90" routeLength="394.90" waitingTime="3.90" waitingCount="39" stopTime="0.00" timeLoss="53.41" rerouteNo="0" devices="tripinfo_81" vType="typeCar@81" speedFactor="1.00" vaporized=""/>
    <tripinfo id="82" depart="124.90" departLane="wc_0" departPos="5.10" departSpeed="3.85" departDelay="52.90" arrival="213.70" arrivalLane="ce_0" arrivalPos="192.80" arrivalSpeed="10.00" duration="88.80" routeLength="394.90" waitingTime="3.70" waitingCount="37" stopTime="0.00" timeLoss="49.26" rerouteNo="0" devices="tripinfo_82" vType="typeCar@82" speedFactor="1.00" vaporized=""/>
    <tripinfo id="84" depart="126.70" departLane="wc_0" departPos="5.10" departSpeed="1.25" departDelay="53.70" arrival="214.70" arrivalLane="ce_0" arrivalPos="192.80" arrivalSpeed="10.00" duration="88.00" routeLength="394.90" waitingTime="4.40" waitingCount="38" stopTime="0.00" timeLoss="48.49" rerouteNo="0" devices="tripinfo_84" vType="typeCar@84" speedFactor="1.00" vaporized=""/>
    <tripinfo id="85" depart="133.50" departLane="wc_0" departPos="5.10" departSpeed="2.61" departDelay="59.50" arrival="215.70" arrivalLane="ce_0" arrivalPos="192.80" arrivalSpeed="10.00" duration="82.20" routeLength="394.90" waitingTime="3.70" waitingCount="37" stopTime="0.00" timeLoss="42.72" rerouteNo="0" devices="tripinfo_85" vType="typeCar@85" speedFactor="1.00" vaporized=""/>
    <tripinfo id="75" depart="73.10" departLane="nc_0" departPos="5.10" departSpeed="5.80" departDelay="8.10" arrival="217.50" arrivalLane="cs_0" arrivalPos="192.80" arrivalSpeed="10.00" duration="144.40" routeLength="394.90" waitingTime="5.20" waitingCount="52" stopTime="0.00" timeLoss="104.90" rerouteNo="0" devices="tripinfo_75" vType="typeCar@75" speedFactor="1.00" vaporized=""/>
    <tripinfo id="77" depart="74.50" departLane="nc_0" departPos="5.10" departSpeed="0.40" departDelay="7.50" arrival="218.40" arrivalLane="cs_0" arrivalPos="192.80" arrivalSpeed="10.00" duration="143.90" routeLength="394.90" waitingTime="6.20" waitingCount="54" stopTime="0.00" timeLoss="104.42" rerouteNo="0" devices="tripinfo_77" vType="typeCar@77" speedFactor="1.00" vaporized=""/>
    <tripinfo id="87" depart="141.40" departLane="wc_0" departPos="5.10" departSpeed="3.53" departDelay="65.40" arrival="220.00" arrivalLane="ce_0" arrivalPos="192.80" arrivalSpeed="10.00" duration="78.60" routeLength="394.90" waitingTime="2.70" waitingCount="27" stopTime="0.00" timeLoss="39.10" rerouteNo="0" devices="tripinfo_87" vType="typeCar@87" speedFactor="1.00" vaporized=""/>
    <tripinfo id="88" depart="144.80" departLane="wc_0" departPos="5.10" departSpeed="4.93" departDelay="67.80" arrival="221.20" arrivalLane="ce_0" arrivalPos="192.80" arrivalSpeed="10.00" duration="76.40" routeLength="394.90" waitingTime="2.90" waitingCount="29" stopTime="0.00" timeLoss="36.93" rerouteNo="0" devices="tripinfo_88" vType="typeCar@88" speedFactor="1.00" vaporized=""/>
    <tripinfo id="79" depart="81.80" departLane="nc_0" departPos="5.10" departSpeed="3.53" departDelay="12.80" arrival="222.80" arrivalLane="cs_0" arrivalPos="192.80" arrivalSpeed="10.00" duration="141.00" routeLength="394.90" waitingTime="5.70" waitingCount="57" stopTime="0.00" timeLoss="101.48" rerouteNo="0" devices="tripinfo_79" vType="typeCar@79" speedFactor="1.00" vaporized=""/>
    <tripinfo id="83" depart="88.80" departLane="nc_0" departPos="5.10" departSpeed="3.73" departDelay="16.80" arrival="223.80" arrivalLane="cs_0" arrivalPos="192.80" arrivalSpeed="10.00" duration="135.00" routeLength="394.90" waitingTime="5.40" waitingCount="54" stopTime="0.00" timeLoss="95.45" rerouteNo="0" devices="tripinfo_83" vType="typeCar@83" speedFactor="1.00" vaporized=""/>
    <tripinfo id="90" depart="146.10" departLane="wc_0" departPos="5.10" departSpeed="6.43" departDelay="68.10" arrival="225.30" arrivalLane="ce_0" arrivalPos="192.80" arrivalSpeed="10.00" duration="79.20" routeLength="394.90" waitingTime="2.90" waitingCount="29" stopTime="0.00" timeLoss="39.71" rerouteNo="0" devices="tripinfo_90" vType="typeCar@90" speedFactor="1.00" vaporized=""/>
    <tripinfo id="91" depart="150.40" departLane="wc_0" departPos="5.10" departSpeed="0.13" departDelay="71.40" arrival="226.40" arrivalLane="ce_0" arrivalPos="192.80" arrivalSpeed="10.00" duration="76.00" routeLength="394.90" waitingTime="3.80" waitingCount="29" stopTime="0.00" timeLoss="36.45" rerouteNo="0" devices="tripinfo_91" vType="typeCar@91" speedFactor="1.00" vaporized=""/>
    <tripinfo id="86" depart="93.00" departLane="nc_0" departPos="5.10" departSpeed="1.93" departDelay="19.00" arrival="227.90" arrivalLane="cs_0" arrivalPos="192.80" arrivalSpeed="10.00" duration="134.90" routeLength="394.90" waitingTime="6.00" waitingCount="60" stopTime="0.00" timeLoss="95.38" rerouteNo="0" devices="tripinfo_86" vType="typeCar@86" speedFactor="1.00" vaporized=""/>
    <tripinfo id="89" depart="97.90" departLane="nc_0" departPos="5.10" departSpeed="3.32" departDelay="20.90" arrival="229.00" arrivalLane="cs_0" arrivalPos="192.80" arrivalSpeed="10.00" duration="131.10" routeLength="394.90" waitingTime="6.70" waitingCount="67" stopTime="0.00" timeLoss="91.59" rerouteNo="0" devices="tripinfo_89" vType="typeCar@89" speedFactor="1.00" vaporized=""/>
    <tripinfo id="93" depart="160.90" departLane="wc_0" departPos="5.10" departSpeed="4.06" departDelay="80.90" arrival="230.60" arrivalLane="ce_0" arrivalPos="192.80" arrivalSpeed="10.00" duration="69.70" routeLength="394.90" waitingTime="1.70" waitingCount="17" stopTime="0.00" timeLoss="30.14" rerouteNo="0" devices="tripinfo_93" vType="typeCar@93" speedFactor="1.00" vaporized=""/>
    <tripinfo id="94" depart="162.40" departLane="wc_0" departPos="5.10" departSpeed="2.96" departDelay="81.40" arrival="231.60" arrivalLane="ce_0" arrivalPos="192.80" arrivalSpeed="10.00" duration="69.20" routeLength="394.90" waitingTime="1.80" waitingCount="18" stopTime="0.00" timeLoss="29.68" rerouteNo="0" devices="tripinfo_94" vType="typeCar@94" speedFactor="1.00" vaporized=""/>
    <tripinfo id="92" depart="105.20" departLane="nc_0" departPos="5.10" departSpeed="3.62" departDelay="26.20" arrival="233.20" arrivalLane="cs_0" arrivalPos="192.80" arrivalSpeed="10.00" duration="128.00" routeLength="394.90" waitingTime="5.60" waitingCount="56" stopTime="0.00" timeLoss="88.52" rerouteNo="0" devices="tripinfo_92" vType="typeCar@92" speedFactor="1.00" vaporized=""/>
    <tripinfo id="95" depart="111.10" departLane="nc_0" departPos="5.10" departSpeed="4.52" departDelay="29.10" arrival="234.20" arrivalLane="cs_0" arrivalPos="192.80" arrivalSpeed="10.00" duration="123.10" routeLength="394.90" waitingTime="6.20" waitingCount="62" stopTime="0.00" timeLoss="83.65" rerouteNo="0" devices="tripinfo_95" vType="typeCar@95" speedFactor="1.00" vaporized=""/>
    <tripinfo id="96" depart="169.30" departLane="wc_0" departPos="5.10" departSpeed="4.08" departDelay="86.30" arrival="235.80" arrivalLane="ce_0" arrivalPos="192.80" arrivalSpeed="10.00" duration="66.50" routeLength="394.90" waitingTime="1.20" waitingCount="12" stopTime="0.00" timeLoss="26.93" rerouteNo="0" devices="tripinfo_96" vType="typeCar@96" speedFactor="1.00" vaporized=""/>
    <tripinfo id="97" depart="170.80" departLane="wc_0" departPos="5.10" departSpeed="6.18" departDelay="86.80" arrival="236.90" arrivalLane="ce_0" arrivalPos="192.80" arrivalSpeed="10.00" duration="66.10" routeLength="394.90" waitingTime="1.20" waitingCount="12" stopTime="0.00" timeLoss="26.60" rerouteNo="0" devices="tripinfo_97" vType="typeCar@97" speedFactor="1.00" vaporized=""/>
    <tripinfo id="98" depart="117.00" departLane="nc_0" departPos="5.10" departSpeed="3.02" departDelay="33.00" arrival="238.50" arrivalLane="cs_0" arrivalPos="192.80" arrivalSpeed="10.00" duration="121.50" routeLength="394.90" waitingTime="5.70" waitingCount="57" stopTime="0.00" timeLoss="81.94" rerouteNo="0" devices="tripinfo_98" vType="typeCar@98" speedFactor="1.00" vaporized=""/>
    <tripinfo id="100" depart="120.20" departLane="nc_0" departPos="5.10" departSpeed="5.42" departDelay="33.20" arrival="239.50" arrivalLane="cs_0" arrivalPos="192.80" arrivalSpeed="10.00" duration="119.30" routeLength="394.90" waitingTime="6.10" waitingCount="61" stopTime="0.00" timeLoss="79.77" rerouteNo="0" devices="tripinfo_100" vType="typeCar@100" speedFactor="1.00" vaporized=""/>
    <tripinfo id="99" depart="175.00" departLane="wc_0" departPos="5.10" departSpeed="1.98" departDelay="89.00" arrival="241.10" arrivalLane="ce_0" arrivalPos="192.80" arrivalSpeed="10.00" duration="66.10" routeLength="394.90" waitingTime="1.00" waitingCount="10" stopTime="0.00" timeLoss="26.54" rerouteNo="0" devices="tripinfo_99" vType="typeCar@99" speedFactor="1.00" vaporized=""/>
    <tripinfo id="101" depart="177.40" departLane="wc_0" departPos="5.10" departSpeed="5.98" departDelay="89.40" arrival="242.20" arrivalLane="ce_0" arrivalPos="192.80" arrivalSpeed="10.00" duration="64.80" routeLength="394.90" waitingTime="1.00" waitingCount="10" stopTime="0.00" timeLoss="25.31" rerouteNo="0" devices="tripinfo_101" vType="typeCar@101" speedFactor="1.00" vaporized=""/>
    <tripinfo id="102" depart="121.70" departLane="nc_0" departPos="5.10" departSpeed="0.32" departDelay="33.70" arrival="243.80" arrivalLane="cs_0" arrivalPos="192.80" arrivalSpeed="10.00" duration="122.10" routeLength="394.90" waitingTime="7.30" waitingCount="62" stopTime="0.00" timeLoss="82.60" rerouteNo="0" devices="tripinfo_102" vType="typeCar@102" speedFactor="1.00" vaporized=""/>
    <tripinfo id="104" depart="127.10" departLane="nc_0" departPos="5.10" departSpeed="4.93" departDelay="38.10" arrival="245.00" arrivalLane="cs_0" arrivalPos="192.80" arrivalSpeed="10.00" duration="117.90" routeLength="394.90" waitingTime="6.10" waitingCount="61" stopTime="0.00" timeLoss="78.39" rerouteNo="0" devices="tripinfo_104" vType="typeCar@104" speedFactor="1.00" vaporized=""/>
    <tripinfo id="103" depart="178.40" departLane="wc_0" departPos="5.10" departSpeed="7.38" departDelay="89.40" arrival="246.50" arrivalLane="ce_0" arrivalPos="192.80" arrivalSpeed="10.00" duration="68.10" routeLength="394.90" waitingTime="1.10" waitingCount="11" stopTime="0.00" timeLoss="28.61" rerouteNo="0" devices="tripinfo_103" vType="typeCar@103" speedFactor="1.00" vaporized=""/>
    <tripinfo id="106" depart="179.30" departLane="wc_0" departPos="5.10" departSpeed="8.48" departDelay="87.30" arrival="247.60" arrivalLane="ce_0" arrivalPos="192.80" arrivalSpeed="10.00" duration="68.30" routeLength="394.90" waitingTime="1.50" waitingCount="15" stopTime="0.00" timeLoss="28.82" rerouteNo="0" devices="tripinfo_106" vType="typeCar@106" speedFactor="1.00" vaporized=""/>
    <tripinfo id="105" depart="131.90" departLane="nc_0" departPos="5.10" departSpeed="3.33" departDelay="40.90" arrival="249.20" arrivalLane="cs_0" arrivalPos="192.80" arrivalSpeed="10.00" duration="117.30" routeLength="394.90" waitingTime="6.00" waitingCount="60" stopTime="0.00" timeLoss="77.75" rerouteNo="0" devices="tripinfo_105" vType="typeCar@105" speedFactor="1.00" vaporized=""/>
    <tripinfo id="107" depart="139.30" departLane="nc_0" departPos="5.10" departSpeed="3.93" departDelay="47.30" arrival="250.30" arrivalLane="cs_0" arrivalPos="192.80" arrivalSpeed="10.00" duration="111.00" routeLength="394.90" waitingTime="5.70" waitingCount="57" stopTime="0.00" timeLoss="71.53" rerouteNo="0" devices="tripinfo_107" vType="typeCar@107" speedFactor="1.00" vaporized=""/>
    <tripinfo id="109" depart="180.30" departLane="wc_0" departPos="5.10" departSpeed="3.48" departDelay="86.30" arrival="251.90" arrivalLane="ce_0" arrivalPos="192.80" arrivalSpeed="10.00" duration="71.60" routeLength="394.90" waitingTime="1.90" waitingCount="19" stopTime="0.00" timeLoss="32.12" rerouteNo="0" devices="tripinfo_109" vType="typeCar@109" speedFactor="1.00" vaporized=""/>
    <tripinfo id="111" depart="188.10" departLane="wc_0" departPos="5.10" departSpeed="3.64" departDelay="93.10" arrival="253.00" arrivalLane="ce_0" arrivalPos="192.80" arrivalSpeed="10.00" duration="64.90" routeLength="394.90" waitingTime="1.10" waitingCount="11" stopTime="0.00" timeLoss="25.38" rerouteNo="0" devices="tripinfo_111" vType="typeCar@111" speedFactor="1.00" vaporized=""/>
    <tripinfo id="108" depart="143.40" departLane="nc_0" departPos="5.10" departSpeed="0.23" departDelay="50.40" arrival="254.50" arrivalLane="cs_0" arrivalPos="192.80" arrivalSpeed="10.00" duration="111.10" routeLength="394.90" waitingTime="5.80" waitingCount="50" stopTime="0.00" timeLoss="71.60" rerouteNo="0" devices="tripinfo_108" vType="typeCar@108" speedFactor="1.00" vaporized=""/>
    <tripinfo id="110" depart="146.80" departLane="nc_0" departPos="5.10" departSpeed="5.90" departDelay="52.80" arrival="255.70" arrivalLane="cs_0" arrivalPos="192.80" arrivalSpeed="10.00" duration="108.90" routeLength="394.90" waitingTime="5.40" waitingCount="54" stopTime="0.00" timeLoss="69.36" rerouteNo="0" devices="tripinfo_110" vType="typeCar@110" speedFactor="1.00" vaporized=""/>
    <tripinfo id="113" depart="189.90" departLane="wc_0" departPos="5.10" departSpeed="5.84" departDelay="93.90" arrival="257.30" arrivalLane="ce_0" arrivalPos="192.80" arrivalSpeed="10.00" duration="67.40" routeLength="394.90" waitingTime="1.10" waitingCount="11" stopTime="0.00" timeLoss="27.91" rerouteNo="0" devices="tripinfo_113" vType="typeCar@113" speedFactor="1.00" vaporized=""/>
    <tripinfo id="114" depart="191.00" departLane="wc_0" departPos="5.10" departSpeed="7.54" departDelay="94.00" arrival="258.40" arrivalLane="ce_0" arrivalPos="192.80" arrivalSpeed="10.00" duration="67.40" routeLength="394.90" waitingTime="1.30" waitingCount="13" stopTime="0.00" timeLoss="27.91" rerouteNo="0" devices="tripinfo_114" vType="typeCar@114" speedFactor="1.00" vaporized=""/>
    <tripinfo id="112" depart="147.90" departLane="nc_0" departPos="5.10" departSpeed="6.80" departDelay="52.90" arrival="260.00" arrivalLane="cs_0" arrivalPos="192.80" arrivalSpeed="10.00" duration="112.10" routeLength="394.90" waitingTime="5.90" waitingCount="59" stopTime="0.00" timeLoss="72.63" rerouteNo="0" devices="tripinfo_112" vType="typeCar@112" speedFactor="1.00" vaporized=""/>
    <tripinfo id="116" depart="150.00" departLane="nc_0" departPos="5.10" departSpeed="0.30" departDelay="52.00" arrival="261.10" arrivalLane="cs_0" arrivalPos="192.80" arrivalSpeed="10.00" duration="111.10" routeLength="394.90" waitingTime="6.70" waitingCount="59" stopTime="0.00" timeLoss="71.56" rerouteNo="0" devices="tripinfo_116" vType="typeCar@116" speedFactor="1.00" vaporized=""/>
    <tripinfo id="115" depart="191.90" departLane="wc_0" departPos="5.10" departSpeed="8.64" departDelay="93.90" arrival="262.60" arrivalLane="ce_0" arrivalPos="192.80" arrivalSpeed="10.00" duration="70.70" routeLength="394.90" waitingTime="1.40" waitingCount="14" stopTime="0.00" timeLoss="31.24" rerouteNo="0" devices="tripinfo_115" vType="typeCar@115" speedFactor="1.00" vaporized=""/>
</tripinfos>
