<?xml version="1.0" encoding="UTF-8"?>

<!-- generated on 2022-11-30 12:16:42 by Eclipse SUMO sumo Version 1.14.1
<configuration xmlns:xsi="http://www.w3.org/2001/XMLSchema-instance" xsi:noNamespaceSchemaLocation="http://sumo.dlr.de/xsd/sumoConfiguration.xsd">

    <input>
        <net-file value="net.net.xml"/>
        <route-files value="routes.rou.xml"/>
    </input>

    <output>
        <tripinfo-output value="raw_data/(6,10,0)tripinfo.xml"/>
    </output>

    <time>
        <begin value="0"/>
        <step-length value="0.1"/>
    </time>

    <processing>
        <extrapolate-departpos value="true"/>
        <route-steps value="0"/>
        <ignore-route-errors value="true"/>
        <collision.action value="warn"/>
        <collision.stoptime value="1"/>
        <collision.mingap-factor value="0.1"/>
    </processing>

    <report>
        <verbose value="false"/>
        <log value="log.txt"/>
        <duration-log.statistics value="true"/>
        <no-step-log value="true"/>
    </report>

    <traci_server>
        <remote-port value="62375"/>
    </traci_server>

    <gui_only>
        <quit-on-end value="true"/>
        <start value="true"/>
    </gui_only>

</configuration>
-->

<tripinfos xmlns:xsi="http://www.w3.org/2001/XMLSchema-instance" xsi:noNamespaceSchemaLocation="http://sumo.dlr.de/xsd/tripinfo_file.xsd">
    <tripinfo id="0" depart="0.00" departLane="wc_0" departPos="5.10" departSpeed="10.00" departDelay="0.00" arrival="39.50" arrivalLane="ce_0" arrivalPos="192.80" arrivalSpeed="10.00" duration="39.50" routeLength="394.90" waitingTime="0.00" waitingCount="0" stopTime="0.00" timeLoss="0.00" rerouteNo="0" devices="tripinfo_0" vType="typeCar@0" speedFactor="1.00" vaporized=""/>
    <tripinfo id="2" depart="1.00" departLane="wc_0" departPos="5.10" departSpeed="10.00" departDelay="0.00" arrival="40.50" arrivalLane="ce_0" arrivalPos="192.80" arrivalSpeed="10.00" duration="39.50" routeLength="394.90" waitingTime="0.00" waitingCount="0" stopTime="0.00" timeLoss="0.00" rerouteNo="0" devices="tripinfo_2" vType="typeCar@2" speedFactor="1.00" vaporized=""/>
    <tripinfo id="4" depart="2.00" departLane="wc_0" departPos="5.10" departSpeed="10.00" departDelay="0.00" arrival="41.50" arrivalLane="ce_0" arrivalPos="192.80" arrivalSpeed="10.00" duration="39.50" routeLength="394.90" waitingTime="0.00" waitingCount="0" stopTime="0.00" timeLoss="0.00" rerouteNo="0" devices="tripinfo_4" vType="typeCar@4" speedFactor="1.00" vaporized=""/>
    <tripinfo id="5" depart="3.00" departLane="wc_0" departPos="5.10" departSpeed="10.00" departDelay="0.00" arrival="42.50" arrivalLane="ce_0" arrivalPos="192.80" arrivalSpeed="10.00" duration="39.50" routeLength="394.90" waitingTime="0.00" waitingCount="0" stopTime="0.00" timeLoss="0.00" rerouteNo="0" devices="tripinfo_5" vType="typeCar@5" speedFactor="1.00" vaporized=""/>
    <tripinfo id="7" depart="4.00" departLane="wc_0" departPos="5.10" departSpeed="10.00" departDelay="0.00" arrival="43.50" arrivalLane="ce_0" arrivalPos="192.80" arrivalSpeed="10.00" duration="39.50" routeLength="394.90" waitingTime="0.00" waitingCount="0" stopTime="0.00" timeLoss="0.00" rerouteNo="0" devices="tripinfo_7" vType="typeCar@7" speedFactor="1.00" vaporized=""/>
    <tripinfo id="9" depart="5.00" departLane="wc_0" departPos="5.10" departSpeed="10.00" departDelay="0.00" arrival="44.50" arrivalLane="ce_0" arrivalPos="192.80" arrivalSpeed="10.00" duration="39.50" routeLength="394.90" waitingTime="0.00" waitingCount="0" stopTime="0.00" timeLoss="0.00" rerouteNo="0" devices="tripinfo_9" vType="typeCar@9" speedFactor="1.00" vaporized=""/>
    <tripinfo id="11" depart="6.00" departLane="wc_0" departPos="5.10" departSpeed="10.00" departDelay="0.00" arrival="45.50" arrivalLane="ce_0" arrivalPos="192.80" arrivalSpeed="10.00" duration="39.50" routeLength="394.90" waitingTime="0.00" waitingCount="0" stopTime="0.00" timeLoss="0.00" rerouteNo="0" devices="tripinfo_11" vType="typeCar@11" speedFactor="1.00" vaporized=""/>
    <tripinfo id="13" depart="7.00" departLane="wc_0" departPos="5.10" departSpeed="10.00" departDelay="0.00" arrival="49.80" arrivalLane="ce_0" arrivalPos="192.80" arrivalSpeed="10.00" duration="42.80" routeLength="394.90" waitingTime="0.00" waitingCount="0" stopTime="0.00" timeLoss="3.23" rerouteNo="0" devices="tripinfo_13" vType="typeCar@13" speedFactor="1.00" vaporized=""/>
    <tripinfo id="15" depart="8.00" departLane="wc_0" departPos="5.10" departSpeed="10.00" departDelay="0.00" arrival="51.30" arrivalLane="ce_0" arrivalPos="192.80" arrivalSpeed="10.00" duration="43.30" routeLength="394.90" waitingTime="0.00" waitingCount="0" stopTime="0.00" timeLoss="3.79" rerouteNo="0" devices="tripinfo_15" vType="typeCar@15" speedFactor="1.00" vaporized=""/>
    <tripinfo id="17" depart="9.00" departLane="wc_0" departPos="5.10" departSpeed="10.00" departDelay="0.00" arrival="52.40" arrivalLane="ce_0" arrivalPos="192.80" arrivalSpeed="10.00" duration="43.40" routeLength="394.90" waitingTime="0.00" waitingCount="0" stopTime="0.00" timeLoss="3.90" rerouteNo="0" devices="tripinfo_17" vType="typeCar@17" speedFactor="1.00" vaporized=""/>
    <tripinfo id="1" depart="0.00" departLane="nc_0" departPos="5.10" departSpeed="10.00" departDelay="0.00" arrival="55.30" arrivalLane="cs_0" arrivalPos="192.80" arrivalSpeed="10.00" duration="55.30" routeLength="394.90" waitingTime="5.70" waitingCount="1" stopTime="0.00" timeLoss="15.73" rerouteNo="0" devices="tripinfo_1" vType="typeCar@1" speedFactor="1.00" vaporized=""/>
    <tripinfo id="3" depart="1.00" departLane="nc_0" departPos="5.10" departSpeed="10.00" departDelay="0.00" arrival="59.90" arrivalLane="cs_0" arrivalPos="192.80" arrivalSpeed="10.00" duration="58.90" routeLength="394.90" waitingTime="0.20" waitingCount="2" stopTime="0.00" timeLoss="19.33" rerouteNo="0" devices="tripinfo_3" vType="typeCar@3" speedFactor="1.00" vaporized=""/>
    <tripinfo id="6" depart="3.00" departLane="nc_0" departPos="5.10" departSpeed="10.00" departDelay="0.00" arrival="60.80" arrivalLane="cs_0" arrivalPos="192.80" arrivalSpeed="10.00" duration="57.80" routeLength="394.90" waitingTime="0.10" waitingCount="1" stopTime="0.00" timeLoss="18.24" rerouteNo="0" devices="tripinfo_6" vType="typeCar@6" speedFactor="1.00" vaporized=""/>
    <tripinfo id="19" depart="10.00" departLane="wc_0" departPos="5.10" departSpeed="10.00" departDelay="0.00" arrival="63.10" arrivalLane="ce_0" arrivalPos="192.80" arrivalSpeed="10.00" duration="53.10" routeLength="394.90" waitingTime="0.00" waitingCount="0" stopTime="0.00" timeLoss="13.58" rerouteNo="0" devices="tripinfo_19" vType="typeCar@19" speedFactor="1.00" vaporized=""/>
    <tripinfo id="20" depart="11.00" departLane="wc_0" departPos="5.10" departSpeed="10.00" departDelay="0.00" arrival="64.00" arrivalLane="ce_0" arrivalPos="192.80" arrivalSpeed="10.00" duration="53.00" routeLength="394.90" waitingTime="0.00" waitingCount="0" stopTime="0.00" timeLoss="13.49" rerouteNo="0" devices="tripinfo_20" vType="typeCar@20" speedFactor="1.00" vaporized=""/>
    <tripinfo id="8" depart="4.00" departLane="nc_0" departPos="5.10" departSpeed="10.00" departDelay="0.00" arrival="65.50" arrivalLane="cs_0" arrivalPos="192.80" arrivalSpeed="10.00" duration="61.50" routeLength="394.90" waitingTime="0.10" waitingCount="1" stopTime="0.00" timeLoss="21.97" rerouteNo="0" devices="tripinfo_8" vType="typeCar@8" speedFactor="1.00" vaporized=""/>
    <tripinfo id="10" depart="5.00" departLane="nc_0" departPos="5.10" departSpeed="10.00" departDelay="0.00" arrival="66.60" arrivalLane="cs_0" arrivalPos="192.80" arrivalSpeed="10.00" duration="61.60" routeLength="394.90" waitingTime="0.20" waitingCount="2" stopTime="0.00" timeLoss="22.07" rerouteNo="0" devices="tripinfo_10" vType="typeCar@10" speedFactor="1.00" vaporized=""/>
    <tripinfo id="22" depart="12.00" departLane="wc_0" departPos="5.10" departSpeed="10.00" departDelay="0.00" arrival="68.20" arrivalLane="ce_0" arrivalPos="192.80" arrivalSpeed="10.00" duration="56.20" routeLength="394.90" waitingTime="0.00" waitingCount="0" stopTime="0.00" timeLoss="16.67" rerouteNo="0" devices="tripinfo_22" vType="typeCar@22" speedFactor="1.00" vaporized=""/>
    <tripinfo id="24" depart="13.00" departLane="wc_0" departPos="5.10" departSpeed="10.00" departDelay="0.00" arrival="69.70" arrivalLane="ce_0" arrivalPos="192.80" arrivalSpeed="10.00" duration="56.70" routeLength="394.90" waitingTime="0.00" waitingCount="0" stopTime="0.00" timeLoss="17.13" rerouteNo="0" devices="tripinfo_24" vType="typeCar@24" speedFactor="1.00" vaporized=""/>
    <tripinfo id="26" depart="14.00" departLane="wc_0" departPos="5.10" departSpeed="10.00" departDelay="0.00" arrival="75.10" arrivalLane="ce_0" arrivalPos="192.80" arrivalSpeed="10.00" duration="61.10" routeLength="394.90" waitingTime="0.20" waitingCount="2" stopTime="0.00" timeLoss="21.56" rerouteNo="0" devices="tripinfo_26" vType="typeCar@26" speedFactor="1.00" vaporized=""/>
    <tripinfo id="12" depart="6.00" departLane="nc_0" departPos="5.10" departSpeed="10.00" departDelay="0.00" arrival="77.00" arrivalLane="cs_0" arrivalPos="192.80" arrivalSpeed="10.00" duration="71.00" routeLength="394.90" waitingTime="0.20" waitingCount="2" stopTime="0.00" timeLoss="31.48" rerouteNo="0" devices="tripinfo_12" vType="typeCar@12" speedFactor="1.00" vaporized=""/>
    <tripinfo id="14" depart="7.00" departLane="nc_0" departPos="5.10" departSpeed="10.00" departDelay="0.00" arrival="78.40" arrivalLane="cs_0" arrivalPos="192.80" arrivalSpeed="10.00" duration="71.40" routeLength="394.90" waitingTime="0.20" waitingCount="2" stopTime="0.00" timeLoss="31.88" rerouteNo="0" devices="tripinfo_14" vType="typeCar@14" speedFactor="1.00" vaporized=""/>
    <tripinfo id="16" depart="8.00" departLane="nc_0" departPos="5.10" departSpeed="10.00" departDelay="0.00" arrival="79.40" arrivalLane="cs_0" arrivalPos="192.80" arrivalSpeed="10.00" duration="71.40" routeLength="394.90" waitingTime="0.30" waitingCount="3" stopTime="0.00" timeLoss="31.87" rerouteNo="0" devices="tripinfo_16" vType="typeCar@16" speedFactor="1.00" vaporized=""/>
    <tripinfo id="27" depart="15.00" departLane="wc_0" departPos="5.10" departSpeed="10.00" departDelay="0.00" arrival="85.90" arrivalLane="ce_0" arrivalPos="192.80" arrivalSpeed="10.00" duration="70.90" routeLength="394.90" waitingTime="0.20" waitingCount="2" stopTime="0.00" timeLoss="31.34" rerouteNo="0" devices="tripinfo_27" vType="typeCar@27" speedFactor="1.00" vaporized=""/>
    <tripinfo id="28" depart="16.00" departLane="wc_0" departPos="5.10" departSpeed="10.00" departDelay="0.00" arrival="86.80" arrivalLane="ce_0" arrivalPos="192.80" arrivalSpeed="10.00" duration="70.80" routeLength="394.90" waitingTime="0.50" waitingCount="5" stopTime="0.00" timeLoss="31.30" rerouteNo="0" devices="tripinfo_28" vType="typeCar@28" speedFactor="1.00" vaporized=""/>
    <tripinfo id="18" depart="9.00" departLane="nc_0" departPos="5.10" departSpeed="10.00" departDelay="0.00" arrival="88.50" arrivalLane="cs_0" arrivalPos="192.80" arrivalSpeed="10.00" duration="79.50" routeLength="394.90" waitingTime="0.30" waitingCount="3" stopTime="0.00" timeLoss="39.95" rerouteNo="0" devices="tripinfo_18" vType="typeCar@18" speedFactor="1.00" vaporized=""/>
    <tripinfo id="21" depart="11.00" departLane="nc_0" departPos="5.10" departSpeed="10.00" departDelay="0.00" arrival="89.40" arrivalLane="cs_0" arrivalPos="192.80" arrivalSpeed="10.00" duration="78.40" routeLength="394.90" waitingTime="0.60" waitingCount="6" stopTime="0.00" timeLoss="38.88" rerouteNo="0" devices="tripinfo_21" vType="typeCar@21" speedFactor="1.00" vaporized=""/>
    <tripinfo id="23" depart="12.00" departLane="nc_0" departPos="5.10" departSpeed="10.00" departDelay="0.00" arrival="90.80" arrivalLane="cs_0" arrivalPos="192.80" arrivalSpeed="10.00" duration="78.80" routeLength="394.90" waitingTime="0.60" waitingCount="6" stopTime="0.00" timeLoss="39.28" rerouteNo="0" devices="tripinfo_23" vType="typeCar@23" speedFactor="1.00" vaporized=""/>
    <tripinfo id="29" depart="17.00" departLane="wc_0" departPos="5.10" departSpeed="10.00" departDelay="0.00" arrival="92.50" arrivalLane="ce_0" arrivalPos="192.80" arrivalSpeed="10.00" duration="75.50" routeLength="394.90" waitingTime="0.60" waitingCount="6" stopTime="0.00" timeLoss="35.92" rerouteNo="0" devices="tripinfo_29" vType="typeCar@29" speedFactor="1.00" vaporized=""/>
    <tripinfo id="31" depart="18.00" departLane="wc_0" departPos="5.10" departSpeed="10.00" departDelay="0.00" arrival="93.50" arrivalLane="ce_0" arrivalPos="192.80" arrivalSpeed="10.00" duration="75.50" routeLength="394.90" waitingTime="0.80" waitingCount="8" stopTime="0.00" timeLoss="35.97" rerouteNo="0" devices="tripinfo_31" vType="typeCar@31" speedFactor="1.00" vaporized=""/>
    <tripinfo id="25" depart="13.00" departLane="nc_0" departPos="5.10" departSpeed="10.00" departDelay="0.00" arrival="96.00" arrivalLane="cs_0" arrivalPos="192.80" arrivalSpeed="10.00" duration="83.00" routeLength="394.90" waitingTime="0.80" waitingCount="8" stopTime="0.00" timeLoss="43.46" rerouteNo="0" devices="tripinfo_25" vType="typeCar@25" speedFactor="1.00" vaporized=""/>
    <tripinfo id="32" depart="19.00" departLane="wc_0" departPos="5.10" departSpeed="10.00" departDelay="0.00" arrival="99.20" arrivalLane="ce_0" arrivalPos="192.80" arrivalSpeed="10.00" duration="80.20" routeLength="394.90" waitingTime="0.90" waitingCount="9" stopTime="0.00" timeLoss="40.63" rerouteNo="0" devices="tripinfo_32" vType="typeCar@32" speedFactor="1.00" vaporized=""/>
    <tripinfo id="34" depart="20.00" departLane="wc_0" departPos="5.10" departSpeed="10.00" departDelay="0.00" arrival="100.80" arrivalLane="ce_0" arrivalPos="192.80" arrivalSpeed="10.00" duration="80.80" routeLength="394.90" waitingTime="1.40" waitingCount="14" stopTime="0.00" timeLoss="41.29" rerouteNo="0" devices="tripinfo_34" vType="typeCar@34" speedFactor="1.00" vaporized=""/>
    <tripinfo id="36" depart="21.00" departLane="wc_0" departPos="5.10" departSpeed="10.00" departDelay="0.00" arrival="101.80" arrivalLane="ce_0" arrivalPos="192.80" arrivalSpeed="10.00" duration="80.80" routeLength="394.90" waitingTime="1.50" waitingCount="15" stopTime="0.00" timeLoss="41.32" rerouteNo="0" devices="tripinfo_36" vType="typeCar@36" speedFactor="1.00" vaporized=""/>
    <tripinfo id="30" depart="17.00" departLane="nc_0" departPos="5.10" departSpeed="10.00" departDelay="0.00" arrival="104.90" arrivalLane="cs_0" arrivalPos="192.80" arrivalSpeed="10.00" duration="87.90" routeLength="394.90" waitingTime="6.20" waitingCount="10" stopTime="0.00" timeLoss="48.42" rerouteNo="0" devices="tripinfo_30" vType="typeCar@30" speedFactor="1.00" vaporized=""/>
    <tripinfo id="33" depart="19.00" departLane="nc_0" departPos="5.10" departSpeed="10.00" departDelay="0.00" arrival="106.00" arrivalLane="cs_0" arrivalPos="192.80" arrivalSpeed="10.00" duration="87.00" routeLength="394.90" waitingTime="1.30" waitingCount="13" stopTime="0.00" timeLoss="47.44" rerouteNo="0" devices="tripinfo_33" vType="typeCar@33" speedFactor="1.00" vaporized=""/>
    <tripinfo id="35" depart="20.00" departLane="nc_0" departPos="5.10" departSpeed="10.00" departDelay="0.00" arrival="106.80" arrivalLane="cs_0" arrivalPos="192.80" arrivalSpeed="10.00" duration="86.80" routeLength="394.90" waitingTime="1.30" waitingCount="13" stopTime="0.00" timeLoss="47.28" rerouteNo="0" devices="tripinfo_35" vType="typeCar@35" speedFactor="1.00" vaporized=""/>
    <tripinfo id="37" depart="21.00" departLane="nc_0" departPos="5.10" departSpeed="10.00" departDelay="0.00" arrival="107.80" arrivalLane="cs_0" arrivalPos="192.80" arrivalSpeed="10.00" duration="86.80" routeLength="394.90" waitingTime="1.80" waitingCount="18" stopTime="0.00" timeLoss="47.32" rerouteNo="0" devices="tripinfo_37" vType="typeCar@37" speedFactor="1.00" vaporized=""/>
    <tripinfo id="39" depart="22.00" departLane="nc_0" departPos="5.10" departSpeed="10.00" departDelay="0.00" arrival="108.90" arrivalLane="cs_0" arrivalPos="192.80" arrivalSpeed="10.00" duration="86.90" routeLength="394.90" waitingTime="2.20" waitingCount="22" stopTime="0.00" timeLoss="47.33" rerouteNo="0" devices="tripinfo_39" vType="typeCar@39" speedFactor="1.00" vaporized=""/>
    <tripinfo id="38" depart="22.00" departLane="wc_0" departPos="5.10" departSpeed="10.00" departDelay="0.00" arrival="110.60" arrivalLane="ce_0" arrivalPos="192.80" arrivalSpeed="10.00" duration="88.60" routeLength="394.90" waitingTime="1.80" waitingCount="18" stopTime="0.00" timeLoss="49.04" rerouteNo="0" devices="tripinfo_38" vType="typeCar@38" speedFactor="1.00" vaporized=""/>
    <tripinfo id="40" depart="23.00" departLane="wc_0" departPos="5.10" departSpeed="10.00" departDelay="0.00" arrival="111.50" arrivalLane="ce_0" arrivalPos="192.80" arrivalSpeed="10.00" duration="88.50" routeLength="394.90" waitingTime="2.10" waitingCount="21" stopTime="0.00" timeLoss="49.01" rerouteNo="0" devices="tripinfo_40" vType="typeCar@40" speedFactor="1.00" vaporized=""/>
    <tripinfo id="42" depart="24.00" departLane="wc_0" departPos="5.10" departSpeed="10.00" departDelay="0.00" arrival="113.30" arrivalLane="ce_0" arrivalPos="192.80" arrivalSpeed="10.00" duration="89.30" routeLength="394.90" waitingTime="2.20" waitingCount="22" stopTime="0.00" timeLoss="49.75" rerouteNo="0" devices="tripinfo_42" vType="typeCar@42" speedFactor="1.00" vaporized=""/>
    <tripinfo id="41" depart="23.00" departLane="nc_0" departPos="5.10" departSpeed="10.00" departDelay="0.00" arrival="116.50" arrivalLane="cs_0" arrivalPos="192.80" arrivalSpeed="10.00" duration="93.50" routeLength="394.90" waitingTime="2.30" waitingCount="23" stopTime="0.00" timeLoss="53.94" rerouteNo="0" devices="tripinfo_41" vType="typeCar@41" speedFactor="1.00" vaporized=""/>
    <tripinfo id="43" depart="24.00" departLane="nc_0" departPos="5.10" departSpeed="10.00" departDelay="0.00" arrival="117.50" arrivalLane="cs_0" arrivalPos="192.80" arrivalSpeed="10.00" duration="93.50" routeLength="394.90" waitingTime="2.40" waitingCount="24" stopTime="0.00" timeLoss="53.97" rerouteNo="0" devices="tripinfo_43" vType="typeCar@43" speedFactor="1.00" vaporized=""/>
    <tripinfo id="44" depart="25.00" departLane="wc_0" departPos="5.10" departSpeed="10.00" departDelay="0.00" arrival="119.10" arrivalLane="ce_0" arrivalPos="192.80" arrivalSpeed="10.00" duration="94.10" routeLength="394.90" waitingTime="2.10" waitingCount="21" stopTime="0.00" timeLoss="54.61" rerouteNo="0" devices="tripinfo_44" vType="typeCar@44" speedFactor="1.00" vaporized=""/>
    <tripinfo id="46" depart="26.00" departLane="wc_0" departPos="5.10" departSpeed="10.00" departDelay="0.00" arrival="120.20" arrivalLane="ce_0" arrivalPos="192.80" arrivalSpeed="10.00" duration="94.20" routeLength="394.90" waitingTime="2.80" waitingCount="28" stopTime="0.00" timeLoss="54.67" rerouteNo="0" devices="tripinfo_46" vType="typeCar@46" speedFactor="1.00" vaporized=""/>
    <tripinfo id="47" depart="27.00" departLane="wc_0" departPos="5.10" departSpeed="10.00" departDelay="0.00" arrival="121.90" arrivalLane="ce_0" arrivalPos="192.80" arrivalSpeed="10.00" duration="94.90" routeLength="394.90" waitingTime="2.80" waitingCount="28" stopTime="0.00" timeLoss="55.42" rerouteNo="0" devices="tripinfo_47" vType="typeCar@47" speedFactor="1.00" vaporized=""/>
    <tripinfo id="45" depart="25.00" departLane="nc_0" departPos="5.10" departSpeed="10.00" departDelay="0.00" arrival="123.50" arrivalLane="cs_0" arrivalPos="192.80" arrivalSpeed="10.00" duration="98.50" routeLength="394.90" waitingTime="2.90" waitingCount="29" stopTime="0.00" timeLoss="58.96" rerouteNo="0" devices="tripinfo_45" vType="typeCar@45" speedFactor="1.00" vaporized=""/>
    <tripinfo id="50" depart="29.00" departLane="nc_0" departPos="5.10" departSpeed="0.90" departDelay="0.00" arrival="124.50" arrivalLane="cs_0" arrivalPos="192.80" arrivalSpeed="10.00" duration="95.50" routeLength="394.90" waitingTime="2.50" waitingCount="25" stopTime="0.00" timeLoss="56.01" rerouteNo="0" devices="tripinfo_50" vType="typeCar@50" speedFactor="1.00" vaporized=""/>
    <tripinfo id="55" depart="33.00" departLane="nc_0" departPos="5.10" departSpeed="4.90" departDelay="0.00" arrival="126.00" arrivalLane="cs_0" arrivalPos="192.80" arrivalSpeed="10.00" duration="93.00" routeLength="394.90" waitingTime="3.10" waitingCount="31" stopTime="0.00" timeLoss="53.48" rerouteNo="0" devices="tripinfo_55" vType="typeCar@55" speedFactor="1.00" vaporized=""/>
    <tripinfo id="48" depart="28.00" departLane="wc_0" departPos="5.10" departSpeed="8.00" departDelay="0.00" arrival="132.30" arrivalLane="ce_0" arrivalPos="192.80" arrivalSpeed="10.00" duration="104.30" routeLength="394.90" waitingTime="3.40" waitingCount="34" stopTime="0.00" timeLoss="64.80" rerouteNo="0" devices="tripinfo_48" vType="typeCar@48" speedFactor="1.00" vaporized=""/>
    <tripinfo id="57" depart="34.10" departLane="nc_0" departPos="5.10" departSpeed="8.20" departDelay="0.10" arrival="134.50" arrivalLane="cs_0" arrivalPos="192.80" arrivalSpeed="10.00" duration="100.40" routeLength="394.90" waitingTime="3.30" waitingCount="33" stopTime="0.00" timeLoss="60.95" rerouteNo="0" devices="tripinfo_57" vType="typeCar@57" speedFactor="1.00" vaporized=""/>
    <tripinfo id="60" depart="36.00" departLane="nc_0" departPos="5.10" departSpeed="3.50" departDelay="0.00" arrival="139.00" arrivalLane="cs_0" arrivalPos="192.80" arrivalSpeed="10.00" duration="103.00" routeLength="394.90" waitingTime="3.00" waitingCount="30" stopTime="0.00" timeLoss="63.50" rerouteNo="0" devices="tripinfo_60" vType="typeCar@60" speedFactor="1.00" vaporized=""/>
    <tripinfo id="49" depart="29.00" departLane="wc_0" departPos="5.10" departSpeed="4.60" departDelay="0.00" arrival="141.10" arrivalLane="ce_0" arrivalPos="192.80" arrivalSpeed="10.00" duration="112.10" routeLength="394.90" waitingTime="3.40" waitingCount="34" stopTime="0.00" timeLoss="72.61" rerouteNo="0" devices="tripinfo_49" vType="typeCar@49" speedFactor="1.00" vaporized=""/>
    <tripinfo id="51" depart="33.50" departLane="wc_0" departPos="5.10" departSpeed="4.50" departDelay="3.50" arrival="142.20" arrivalLane="ce_0" arrivalPos="192.80" arrivalSpeed="10.00" duration="108.70" routeLength="394.90" waitingTime="3.50" waitingCount="35" stopTime="0.00" timeLoss="69.23" rerouteNo="0" devices="tripinfo_51" vType="typeCar@51" speedFactor="1.00" vaporized=""/>
    <tripinfo id="52" depart="34.90" departLane="wc_0" departPos="5.10" departSpeed="6.30" departDelay="3.90" arrival="143.20" arrivalLane="ce_0" arrivalPos="192.80" arrivalSpeed="10.00" duration="108.30" routeLength="394.90" waitingTime="4.10" waitingCount="41" stopTime="0.00" timeLoss="68.80" rerouteNo="0" devices="tripinfo_52" vType="typeCar@52" speedFactor="1.00" vaporized=""/>
    <tripinfo id="62" depart="37.30" departLane="nc_0" departPos="5.10" departSpeed="3.40" departDelay="0.30" arrival="146.60" arrivalLane="cs_0" arrivalPos="192.80" arrivalSpeed="10.00" duration="109.30" routeLength="394.90" waitingTime="3.80" waitingCount="38" stopTime="0.00" timeLoss="69.82" rerouteNo="0" devices="tripinfo_62" vType="typeCar@62" speedFactor="1.00" vaporized=""/>
    <tripinfo id="64" depart="43.80" departLane="nc_0" departPos="5.10" departSpeed="2.10" departDelay="5.80" arrival="147.70" arrivalLane="cs_0" arrivalPos="192.80" arrivalSpeed="10.00" duration="103.90" routeLength="394.90" waitingTime="3.60" waitingCount="36" stopTime="0.00" timeLoss="64.33" rerouteNo="0" devices="tripinfo_64" vType="typeCar@64" speedFactor="1.00" vaporized=""/>
    <tripinfo id="53" depart="36.10" departLane="wc_0" departPos="5.10" departSpeed="1.90" departDelay="4.10" arrival="149.20" arrivalLane="ce_0" arrivalPos="192.80" arrivalSpeed="10.00" duration="113.10" routeLength="394.90" waitingTime="4.20" waitingCount="40" stopTime="0.00" timeLoss="73.60" rerouteNo="0" devices="tripinfo_53" vType="typeCar@53" speedFactor="1.00" vaporized=""/>
    <tripinfo id="54" depart="44.20" departLane="wc_0" departPos="5.10" departSpeed="2.62" departDelay="11.20" arrival="150.20" arrivalLane="ce_0" arrivalPos="192.80" arrivalSpeed="10.00" duration="106.00" routeLength="394.90" waitingTime="4.20" waitingCount="42" stopTime="0.00" timeLoss="66.48" rerouteNo="0" devices="tripinfo_54" vType="typeCar@54" speedFactor="1.00" vaporized=""/>
    <tripinfo id="56" depart="49.00" departLane="wc_0" departPos="5.10" departSpeed="4.22" departDelay="15.00" arrival="152.40" arrivalLane="ce_0" arrivalPos="192.80" arrivalSpeed="10.00" duration="103.40" routeLength="394.90" waitingTime="3.90" waitingCount="39" stopTime="0.00" timeLoss="63.94" rerouteNo="0" devices="tripinfo_56" vType="typeCar@56" speedFactor="1.00" vaporized=""/>
    <tripinfo id="66" depart="48.10" departLane="nc_0" departPos="5.10" departSpeed="5.40" departDelay="9.10" arrival="153.90" arrivalLane="cs_0" arrivalPos="192.80" arrivalSpeed="10.00" duration="105.80" routeLength="394.90" waitingTime="3.50" waitingCount="35" stopTime="0.00" timeLoss="66.27" rerouteNo="0" devices="tripinfo_66" vType="typeCar@66" speedFactor="1.00" vaporized=""/>
    <tripinfo id="68" depart="53.50" departLane="nc_0" departPos="5.10" departSpeed="3.20" departDelay="13.50" arrival="155.00" arrivalLane="cs_0" arrivalPos="192.80" arrivalSpeed="10.00" duration="101.50" routeLength="394.90" waitingTime="3.50" waitingCount="35" stopTime="0.00" timeLoss="62.03" rerouteNo="0" devices="tripinfo_68" vType="typeCar@68" speedFactor="1.00" vaporized=""/>
    <tripinfo id="58" depart="50.50" departLane="wc_0" departPos="5.10" departSpeed="6.32" departDelay="15.50" arrival="158.60" arrivalLane="ce_0" arrivalPos="192.80" arrivalSpeed="10.00" duration="108.10" routeLength="394.90" waitingTime="4.00" waitingCount="40" stopTime="0.00" timeLoss="68.66" rerouteNo="0" devices="tripinfo_58" vType="typeCar@58" speedFactor="1.00" vaporized=""/>
    <tripinfo id="71" depart="55.40" departLane="nc_0" departPos="5.10" departSpeed="5.70" departDelay="13.40" arrival="160.50" arrivalLane="cs_0" arrivalPos="192.80" arrivalSpeed="10.00" duration="105.10" routeLength="394.90" waitingTime="3.70" waitingCount="37" stopTime="0.00" timeLoss="65.57" rerouteNo="0" devices="tripinfo_71" vType="typeCar@71" speedFactor="1.00" vaporized=""/>
    <tripinfo id="73" depart="56.70" departLane="nc_0" departPos="5.10" departSpeed="1.60" departDelay="13.70" arrival="161.60" arrivalLane="cs_0" arrivalPos="192.80" arrivalSpeed="10.00" duration="104.90" routeLength="394.90" waitingTime="4.30" waitingCount="40" stopTime="0.00" timeLoss="65.34" rerouteNo="0" devices="tripinfo_73" vType="typeCar@73" speedFactor="1.00" vaporized=""/>
    <tripinfo id="59" depart="51.50" departLane="wc_0" departPos="5.10" departSpeed="3.72" departDelay="15.50" arrival="163.10" arrivalLane="ce_0" arrivalPos="192.80" arrivalSpeed="10.00" duration="111.60" routeLength="394.90" waitingTime="4.50" waitingCount="45" stopTime="0.00" timeLoss="72.07" rerouteNo="0" devices="tripinfo_59" vType="typeCar@59" speedFactor="1.00" vaporized=""/>
    <tripinfo id="61" depart="58.80" departLane="wc_0" departPos="5.10" departSpeed="4.02" departDelay="21.80" arrival="164.10" arrivalLane="ce_0" arrivalPos="192.80" arrivalSpeed="10.00" duration="105.30" routeLength="394.90" waitingTime="3.90" waitingCount="39" stopTime="0.00" timeLoss="65.83" rerouteNo="0" devices="tripinfo_61" vType="typeCar@61" speedFactor="1.00" vaporized=""/>
    <tripinfo id="63" depart="60.30" departLane="wc_0" departPos="5.10" departSpeed="2.92" departDelay="22.30" arrival="165.70" arrivalLane="ce_0" arrivalPos="192.80" arrivalSpeed="10.00" duration="105.40" routeLength="394.90" waitingTime="4.30" waitingCount="43" stopTime="0.00" timeLoss="65.93" rerouteNo="0" devices="tripinfo_63" vType="typeCar@63" speedFactor="1.00" vaporized=""/>
    <tripinfo id="65" depart="70.90" departLane="wc_0" departPos="5.10" departSpeed="0.75" departDelay="31.90" arrival="173.00" arrivalLane="ce_0" arrivalPos="192.80" arrivalSpeed="10.00" duration="102.10" routeLength="394.90" waitingTime="4.30" waitingCount="35" stopTime="0.00" timeLoss="62.53" rerouteNo="0" devices="tripinfo_65" vType="typeCar@65" speedFactor="1.00" vaporized=""/>
    <tripinfo id="75" depart="63.30" departLane="nc_0" departPos="5.10" departSpeed="5.03" departDelay="19.30" arrival="175.00" arrivalLane="cs_0" arrivalPos="192.80" arrivalSpeed="10.00" duration="111.70" routeLength="394.90" waitingTime="3.80" waitingCount="38" stopTime="0.00" timeLoss="72.22" rerouteNo="0" devices="tripinfo_75" vType="typeCar@75" speedFactor="1.00" vaporized=""/>
    <tripinfo id="78" depart="66.50" departLane="nc_0" departPos="5.10" departSpeed="0.23" departDelay="20.50" arrival="175.80" arrivalLane="cs_0" arrivalPos="192.80" arrivalSpeed="10.00" duration="109.30" routeLength="394.90" waitingTime="5.20" waitingCount="39" stopTime="0.00" timeLoss="69.82" rerouteNo="0" devices="tripinfo_78" vType="typeCar@78" speedFactor="1.00" vaporized=""/>
    <tripinfo id="80" depart="71.90" departLane="nc_0" departPos="5.10" departSpeed="5.65" departDelay="24.90" arrival="177.40" arrivalLane="cs_0" arrivalPos="192.80" arrivalSpeed="10.00" duration="105.50" routeLength="394.90" waitingTime="3.40" waitingCount="34" stopTime="0.00" timeLoss="66.01" rerouteNo="0" devices="tripinfo_80" vType="typeCar@80" speedFactor="1.00" vaporized=""/>
    <tripinfo id="82" depart="73.20" departLane="nc_0" departPos="5.10" departSpeed="1.55" departDelay="25.20" arrival="179.50" arrivalLane="cs_0" arrivalPos="192.80" arrivalSpeed="10.00" duration="106.30" routeLength="394.90" waitingTime="4.70" waitingCount="42" stopTime="0.00" timeLoss="66.80" rerouteNo="0" devices="tripinfo_82" vType="typeCar@82" speedFactor="1.00" vaporized=""/>
    <tripinfo id="67" depart="75.60" departLane="wc_0" departPos="5.10" departSpeed="5.66" departDelay="35.60" arrival="181.00" arrivalLane="ce_0" arrivalPos="192.80" arrivalSpeed="10.00" duration="105.40" routeLength="394.90" waitingTime="3.20" waitingCount="32" stopTime="0.00" timeLoss="65.91" rerouteNo="0" devices="tripinfo_67" vType="typeCar@67" speedFactor="1.00" vaporized=""/>
    <tripinfo id="69" depart="76.70" departLane="wc_0" departPos="5.10" departSpeed="7.36" departDelay="35.70" arrival="182.00" arrivalLane="ce_0" arrivalPos="192.80" arrivalSpeed="10.00" duration="105.30" routeLength="394.90" waitingTime="3.50" waitingCount="35" stopTime="0.00" timeLoss="65.81" rerouteNo="0" devices="tripinfo_69" vType="typeCar@69" speedFactor="1.00" vaporized=""/>
    <tripinfo id="70" depart="77.60" departLane="wc_0" departPos="5.10" departSpeed="7.66" departDelay="35.60" arrival="185.90" arrivalLane="ce_0" arrivalPos="192.80" arrivalSpeed="10.00" duration="108.30" routeLength="394.90" waitingTime="4.10" waitingCount="41" stopTime="0.00" timeLoss="68.77" rerouteNo="0" devices="tripinfo_70" vType="typeCar@70" speedFactor="1.00" vaporized=""/>
    <tripinfo id="86" depart="80.40" departLane="nc_0" departPos="5.10" departSpeed="4.92" departDelay="29.40" arrival="187.60" arrivalLane="cs_0" arrivalPos="192.80" arrivalSpeed="10.00" duration="107.20" routeLength="394.90" waitingTime="3.70" waitingCount="37" stopTime="0.00" timeLoss="67.71" rerouteNo="0" devices="tripinfo_86" vType="typeCar@86" speedFactor="1.00" vaporized=""/>
    <tripinfo id="89" depart="81.70" departLane="nc_0" departPos="5.10" departSpeed="6.42" departDelay="28.70" arrival="188.50" arrivalLane="cs_0" arrivalPos="192.80" arrivalSpeed="10.00" duration="106.80" routeLength="394.90" waitingTime="4.00" waitingCount="40" stopTime="0.00" timeLoss="67.30" rerouteNo="0" devices="tripinfo_89" vType="typeCar@89" speedFactor="1.00" vaporized=""/>
    <tripinfo id="72" depart="78.80" departLane="wc_0" departPos="5.10" departSpeed="1.66" departDelay="35.80" arrival="193.20" arrivalLane="ce_0" arrivalPos="192.80" arrivalSpeed="10.00" duration="114.40" routeLength="394.90" waitingTime="4.80" waitingCount="45" stopTime="0.00" timeLoss="74.86" rerouteNo="0" devices="tripinfo_72" vType="typeCar@72" speedFactor="1.00" vaporized=""/>
    <tripinfo id="92" depart="82.70" departLane="nc_0" departPos="5.10" departSpeed="7.82" departDelay="27.70" arrival="195.00" arrivalLane="cs_0" arrivalPos="192.80" arrivalSpeed="10.00" duration="112.30" routeLength="394.90" waitingTime="4.40" waitingCount="44" stopTime="0.00" timeLoss="72.75" rerouteNo="0" devices="tripinfo_92" vType="typeCar@92" speedFactor="1.00" vaporized=""/>
    <tripinfo id="94" depart="83.80" departLane="nc_0" departPos="5.10" departSpeed="2.32" departDelay="27.80" arrival="195.90" arrivalLane="cs_0" arrivalPos="192.80" arrivalSpeed="10.00" duration="112.10" routeLength="394.90" waitingTime="4.80" waitingCount="48" stopTime="0.00" timeLoss="72.61" rerouteNo="0" devices="tripinfo_94" vType="typeCar@94" speedFactor="1.00" vaporized=""/>
    <tripinfo id="74" depart="89.30" departLane="wc_0" departPos="5.10" departSpeed="3.18" departDelay="45.30" arrival="197.50" arrivalLane="ce_0" arrivalPos="192.80" arrivalSpeed="10.00" duration="108.20" routeLength="394.90" waitingTime="3.50" waitingCount="35" stopTime="0.00" timeLoss="68.70" rerouteNo="0" devices="tripinfo_74" vType="typeCar@74" speedFactor="1.00" vaporized=""/>
    <tripinfo id="76" depart="91.20" departLane="wc_0" departPos="5.10" departSpeed="5.68" departDelay="46.20" arrival="198.90" arrivalLane="ce_0" arrivalPos="192.80" arrivalSpeed="10.00" duration="107.70" routeLength="394.90" waitingTime="3.90" waitingCount="39" stopTime="0.00" timeLoss="68.17" rerouteNo="0" devices="tripinfo_76" vType="typeCar@76" speedFactor="1.00" vaporized=""/>
    <tripinfo id="98" depart="92.80" departLane="nc_0" departPos="5.10" departSpeed="4.14" departDelay="33.80" arrival="200.50" arrivalLane="cs_0" arrivalPos="192.80" arrivalSpeed="10.00" duration="107.70" routeLength="394.90" waitingTime="4.40" waitingCount="44" stopTime="0.00" timeLoss="68.19" rerouteNo="0" devices="tripinfo_98" vType="typeCar@98" speedFactor="1.00" vaporized=""/>
    <tripinfo id="100" depart="94.30" departLane="nc_0" departPos="5.10" departSpeed="5.44" departDelay="34.30" arrival="207.90" arrivalLane="cs_0" arrivalPos="192.80" arrivalSpeed="10.00" duration="113.60" routeLength="394.90" waitingTime="4.70" waitingCount="47" stopTime="0.00" timeLoss="74.13" rerouteNo="0" devices="tripinfo_100" vType="typeCar@100" speedFactor="1.00" vaporized=""/>
    <tripinfo id="102" depart="99.60" departLane="nc_0" departPos="5.10" departSpeed="2.14" departDelay="38.60" arrival="208.90" arrivalLane="cs_0" arrivalPos="192.80" arrivalSpeed="10.00" duration="109.30" routeLength="394.90" waitingTime="4.30" waitingCount="43" stopTime="0.00" timeLoss="69.73" rerouteNo="0" devices="tripinfo_102" vType="typeCar@102" speedFactor="1.00" vaporized=""/>
    <tripinfo id="77" depart="94.90" departLane="wc_0" departPos="5.10" departSpeed="1.58" departDelay="48.90" arrival="210.70" arrivalLane="ce_0" arrivalPos="192.80" arrivalSpeed="10.00" duration="115.80" routeLength="394.90" waitingTime="4.10" waitingCount="41" stopTime="0.00" timeLoss="76.33" rerouteNo="0" devices="tripinfo_77" vType="typeCar@77" speedFactor="1.00" vaporized=""/>
    <tripinfo id="79" depart="97.40" departLane="wc_0" departPos="5.10" departSpeed="5.88" departDelay="50.40" arrival="211.70" arrivalLane="ce_0" arrivalPos="192.80" arrivalSpeed="10.00" duration="114.30" routeLength="394.90" waitingTime="4.30" waitingCount="43" stopTime="0.00" timeLoss="74.75" rerouteNo="0" devices="tripinfo_79" vType="typeCar@79" speedFactor="1.00" vaporized=""/>
    <tripinfo id="104" depart="101.90" departLane="nc_0" departPos="5.10" departSpeed="3.44" departDelay="39.90" arrival="213.30" arrivalLane="cs_0" arrivalPos="192.80" arrivalSpeed="10.00" duration="111.40" routeLength="394.90" waitingTime="4.50" waitingCount="45" stopTime="0.00" timeLoss="71.86" rerouteNo="0" devices="tripinfo_104" vType="typeCar@104" speedFactor="1.00" vaporized=""/>
    <tripinfo id="108" depart="107.80" departLane="nc_0" departPos="5.10" departSpeed="4.32" departDelay="42.80" arrival="215.00" arrivalLane="cs_0" arrivalPos="192.80" arrivalSpeed="10.00" duration="107.20" routeLength="394.90" waitingTime="4.10" waitingCount="41" stopTime="0.00" timeLoss="67.70" rerouteNo="0" devices="tripinfo_108" vType="typeCar@108" speedFactor="1.00" vaporized=""/>
    <tripinfo id="111" depart="109.20" departLane="nc_0" departPos="5.10" departSpeed="6.12" departDelay="42.20" arrival="219.30" arrivalLane="cs_0" arrivalPos="192.80" arrivalSpeed="10.00" duration="110.10" routeLength="394.90" waitingTime="4.20" waitingCount="42" stopTime="0.00" timeLoss="70.54" rerouteNo="0" devices="tripinfo_111" vType="typeCar@111" speedFactor="1.00" vaporized=""/>
    <tripinfo id="81" depart="98.50" departLane="wc_0" departPos="5.10" departSpeed="5.18" departDelay="50.50" arrival="224.00" arrivalLane="ce_0" arrivalPos="192.80" arrivalSpeed="10.00" duration="125.50" routeLength="394.90" waitingTime="6.30" waitingCount="44" stopTime="0.00" timeLoss="85.97" rerouteNo="0" devices="tripinfo_81" vType="typeCar@81" speedFactor="1.00" vaporized=""/>
    <tripinfo id="83" depart="104.60" departLane="wc_0" departPos="5.10" departSpeed="0.28" departDelay="55.60" arrival="225.30" arrivalLane="ce_0" arrivalPos="192.80" arrivalSpeed="10.00" duration="120.70" routeLength="394.90" waitingTime="4.90" waitingCount="46" stopTime="0.00" timeLoss="81.15" rerouteNo="0" devices="tripinfo_83" vType="typeCar@83" speedFactor="1.00" vaporized=""/>
    <tripinfo id="84" depart="107.50" departLane="wc_0" departPos="5.10" departSpeed="5.90" departDelay="57.50" arrival="226.20" arrivalLane="ce_0" arrivalPos="192.80" arrivalSpeed="10.00" duration="118.70" routeLength="394.90" waitingTime="4.20" waitingCount="42" stopTime="0.00" timeLoss="79.20" rerouteNo="0" devices="tripinfo_84" vType="typeCar@84" speedFactor="1.00" vaporized=""/>
    <tripinfo id="85" depart="111.30" departLane="wc_0" departPos="5.10" departSpeed="2.90" departDelay="60.30" arrival="227.30" arrivalLane="ce_0" arrivalPos="192.80" arrivalSpeed="10.00" duration="116.00" routeLength="394.90" waitingTime="4.50" waitingCount="45" stopTime="0.00" timeLoss="76.52" rerouteNo="0" devices="tripinfo_85" vType="typeCar@85" speedFactor="1.00" vaporized=""/>
    <tripinfo id="87" depart="113.50" departLane="wc_0" departPos="5.10" departSpeed="4.70" departDelay="61.50" arrival="228.50" arrivalLane="ce_0" arrivalPos="192.80" arrivalSpeed="10.00" duration="115.00" routeLength="394.90" waitingTime="5.00" waitingCount="50" stopTime="0.00" timeLoss="75.43" rerouteNo="0" devices="tripinfo_87" vType="typeCar@87" speedFactor="1.00" vaporized=""/>
    <tripinfo id="88" depart="121.60" departLane="wc_0" departPos="5.10" departSpeed="0.20" departDelay="68.60" arrival="229.50" arrivalLane="ce_0" arrivalPos="192.80" arrivalSpeed="10.00" duration="107.90" routeLength="394.90" waitingTime="5.40" waitingCount="43" stopTime="0.00" timeLoss="68.41" rerouteNo="0" devices="tripinfo_88" vType="typeCar@88" speedFactor="1.00" vaporized=""/>
    <tripinfo id="90" depart="127.30" departLane="wc_0" departPos="5.10" departSpeed="5.73" departDelay="73.30" arrival="230.60" arrivalLane="ce_0" arrivalPos="192.80" arrivalSpeed="10.00" duration="103.30" routeLength="394.90" waitingTime="4.00" waitingCount="40" stopTime="0.00" timeLoss="63.77" rerouteNo="0" devices="tripinfo_90" vType="typeCar@90" speedFactor="1.00" vaporized=""/>
    <tripinfo id="114" depart="110.30" departLane="nc_0" departPos="5.10" departSpeed="7.02" departDelay="41.30" arrival="232.10" arrivalLane="cs_0" arrivalPos="192.80" arrivalSpeed="10.00" duration="121.80" routeLength="394.90" waitingTime="4.90" waitingCount="49" stopTime="0.00" timeLoss="82.32" rerouteNo="0" devices="tripinfo_114" vType="typeCar@114" speedFactor="1.00" vaporized=""/>
    <tripinfo id="116" depart="111.60" departLane="nc_0" departPos="5.10" departSpeed="0.52" departDelay="41.60" arrival="233.10" arrivalLane="cs_0" arrivalPos="192.80" arrivalSpeed="10.00" duration="121.50" routeLength="394.90" waitingTime="6.10" waitingCount="49" stopTime="0.00" timeLoss="81.97" rerouteNo="0" devices="tripinfo_116" vType="typeCar@116" speedFactor="1.00" vaporized=""/>
    <tripinfo id="91" depart="130.80" departLane="wc_0" departPos="5.10" departSpeed="0.23" departDelay="75.80" arrival="234.60" arrivalLane="ce_0" arrivalPos="192.80" arrivalSpeed="10.00" duration="103.80" routeLength="394.90" waitingTime="5.40" waitingCount="43" stopTime="0.00" timeLoss="64.32" rerouteNo="0" devices="tripinfo_91" vType="typeCar@91" speedFactor="1.00" vaporized=""/>
    <tripinfo id="93" depart="135.50" departLane="wc_0" departPos="5.10" departSpeed="5.93" departDelay="79.50" arrival="235.70" arrivalLane="ce_0" arrivalPos="192.80" arrivalSpeed="10.00" duration="100.20" routeLength="394.90" waitingTime="4.00" waitingCount="40" stopTime="0.00" timeLoss="60.70" rerouteNo="0" devices="tripinfo_93" vType="typeCar@93" speedFactor="1.00" vaporized=""/>
    <tripinfo id="95" depart="136.50" departLane="wc_0" departPos="5.10" departSpeed="4.93" departDelay="79.50" arrival="237.80" arrivalLane="ce_0" arrivalPos="192.80" arrivalSpeed="10.00" duration="101.30" routeLength="394.90" waitingTime="4.00" waitingCount="40" stopTime="0.00" timeLoss="61.75" rerouteNo="0" devices="tripinfo_95" vType="typeCar@95" speedFactor="1.00" vaporized=""/>
    <tripinfo id="96" depart="141.20" departLane="wc_0" departPos="5.10" departSpeed="3.83" departDelay="83.20" arrival="238.80" arrivalLane="ce_0" arrivalPos="192.80" arrivalSpeed="10.00" duration="97.60" routeLength="394.90" waitingTime="4.10" waitingCount="41" stopTime="0.00" timeLoss="58.09" rerouteNo="0" devices="tripinfo_96" vType="typeCar@96" speedFactor="1.00" vaporized=""/>
    <tripinfo id="97" depart="146.30" departLane="wc_0" departPos="5.10" departSpeed="3.13" departDelay="87.30" arrival="239.90" arrivalLane="ce_0" arrivalPos="192.80" arrivalSpeed="10.00" duration="93.60" routeLength="394.90" waitingTime="3.70" waitingCount="37" stopTime="0.00" timeLoss="54.05" rerouteNo="0" devices="tripinfo_97" vType="typeCar@97" speedFactor="1.00" vaporized=""/>
    <tripinfo id="99" depart="148.20" departLane="wc_0" departPos="5.10" departSpeed="5.63" departDelay="88.20" arrival="240.90" arrivalLane="ce_0" arrivalPos="192.80" arrivalSpeed="10.00" duration="92.70" routeLength="394.90" waitingTime="3.90" waitingCount="39" stopTime="0.00" timeLoss="53.20" rerouteNo="0" devices="tripinfo_99" vType="typeCar@99" speedFactor="1.00" vaporized=""/>
    <tripinfo id="101" depart="149.30" departLane="wc_0" departPos="5.10" departSpeed="7.33" departDelay="88.30" arrival="242.00" arrivalLane="ce_0" arrivalPos="192.80" arrivalSpeed="10.00" duration="92.70" routeLength="394.90" waitingTime="4.30" waitingCount="43" stopTime="0.00" timeLoss="53.14" rerouteNo="0" devices="tripinfo_101" vType="typeCar@101" speedFactor="1.00" vaporized=""/>
    <tripinfo id="103" depart="150.70" departLane="wc_0" departPos="5.10" departSpeed="0.33" departDelay="88.70" arrival="243.00" arrivalLane="ce_0" arrivalPos="192.80" arrivalSpeed="10.00" duration="92.30" routeLength="394.90" waitingTime="5.70" waitingCount="47" stopTime="0.00" timeLoss="52.77" rerouteNo="0" devices="tripinfo_103" vType="typeCar@103" speedFactor="1.00" vaporized=""/>
    <tripinfo id="105" depart="161.60" departLane="wc_0" departPos="5.10" departSpeed="1.46" departDelay="98.60" arrival="244.00" arrivalLane="ce_0" arrivalPos="192.80" arrivalSpeed="10.00" duration="82.40" routeLength="394.90" waitingTime="4.30" waitingCount="39" stopTime="0.00" timeLoss="42.92" rerouteNo="0" devices="tripinfo_105" vType="typeCar@105" speedFactor="1.00" vaporized=""/>
    <tripinfo id="106" depart="168.40" departLane="wc_0" departPos="5.10" departSpeed="4.68" departDelay="104.40" arrival="245.10" arrivalLane="ce_0" arrivalPos="192.80" arrivalSpeed="10.00" duration="76.70" routeLength="394.90" waitingTime="3.10" waitingCount="31" stopTime="0.00" timeLoss="37.17" rerouteNo="0" devices="tripinfo_106" vType="typeCar@106" speedFactor="1.00" vaporized=""/>
    <tripinfo id="107" depart="169.90" departLane="wc_0" departPos="5.10" departSpeed="1.98" departDelay="104.90" arrival="246.10" arrivalLane="ce_0" arrivalPos="192.80" arrivalSpeed="10.00" duration="76.20" routeLength="394.90" waitingTime="3.40" waitingCount="34" stopTime="0.00" timeLoss="36.70" rerouteNo="0" devices="tripinfo_107" vType="typeCar@107" speedFactor="1.00" vaporized=""/>
    <tripinfo id="109" depart="178.00" departLane="wc_0" departPos="5.10" departSpeed="4.05" departDelay="112.00" arrival="247.10" arrivalLane="ce_0" arrivalPos="192.80" arrivalSpeed="10.00" duration="69.10" routeLength="394.90" waitingTime="2.60" waitingCount="26" stopTime="0.00" timeLoss="29.59" rerouteNo="0" devices="tripinfo_109" vType="typeCar@109" speedFactor="1.00" vaporized=""/>
    <tripinfo id="110" depart="179.50" departLane="wc_0" departPos="5.10" departSpeed="6.15" departDelay="112.50" arrival="248.20" arrivalLane="ce_0" arrivalPos="192.80" arrivalSpeed="10.00" duration="68.70" routeLength="394.90" waitingTime="2.60" waitingCount="26" stopTime="0.00" timeLoss="29.14" rerouteNo="0" devices="tripinfo_110" vType="typeCar@110" speedFactor="1.00" vaporized=""/>
    <tripinfo id="112" depart="180.60" departLane="wc_0" departPos="5.10" departSpeed="7.85" departDelay="112.60" arrival="249.20" arrivalLane="ce_0" arrivalPos="192.80" arrivalSpeed="10.00" duration="68.60" routeLength="394.90" waitingTime="2.70" waitingCount="27" stopTime="0.00" timeLoss="29.13" rerouteNo="0" devices="tripinfo_112" vType="typeCar@112" speedFactor="1.00" vaporized=""/>
    <tripinfo id="113" depart="181.60" departLane="wc_0" departPos="5.10" departSpeed="2.85" departDelay="112.60" arrival="250.30" arrivalLane="ce_0" arrivalPos="192.80" arrivalSpeed="10.00" duration="68.70" routeLength="394.90" waitingTime="2.90" waitingCount="29" stopTime="0.00" timeLoss="29.14" rerouteNo="0" devices="tripinfo_113" vType="typeCar@113" speedFactor="1.00" vaporized=""/>
    <tripinfo id="115" depart="193.10" departLane="wc_0" departPos="5.10" departSpeed="0.17" departDelay="123.10" arrival="251.30" arrivalLane="ce_0" arrivalPos="192.80" arrivalSpeed="10.00" duration="58.20" routeLength="394.90" waitingTime="2.70" waitingCount="17" stopTime="0.00" timeLoss="18.64" rerouteNo="0" devices="tripinfo_115" vType="typeCar@115" speedFactor="1.00" vaporized=""/>
    <tripinfo id="117" depart="199.60" departLane="wc_0" departPos="5.10" departSpeed="5.17" departDelay="128.60" arrival="252.30" arrivalLane="ce_0" arrivalPos="192.80" arrivalSpeed="10.00" duration="52.70" routeLength="394.90" waitingTime="1.00" waitingCount="10" stopTime="0.00" timeLoss="13.20" rerouteNo="0" devices="tripinfo_117" vType="typeCar@117" speedFactor="1.00" vaporized=""/>
    <tripinfo id="118" depart="200.90" departLane="wc_0" departPos="5.10" departSpeed="6.67" departDelay="128.90" arrival="253.30" arrivalLane="ce_0" arrivalPos="192.80" arrivalSpeed="10.00" duration="52.40" routeLength="394.90" waitingTime="1.10" waitingCount="11" stopTime="0.00" timeLoss="12.94" rerouteNo="0" devices="tripinfo_118" vType="typeCar@118" speedFactor="1.00" vaporized=""/>
    <tripinfo id="120" depart="203.80" departLane="wc_0" departPos="5.10" departSpeed="0.17" departDelay="130.80" arrival="254.30" arrivalLane="ce_0" arrivalPos="192.80" arrivalSpeed="10.00" duration="50.50" routeLength="394.90" waitingTime="2.00" waitingCount="11" stopTime="0.00" timeLoss="11.02" rerouteNo="0" devices="tripinfo_120" vType="typeCar@120" speedFactor="1.00" vaporized=""/>
    <tripinfo id="121" depart="213.40" departLane="wc_0" departPos="5.10" departSpeed="4.32" departDelay="139.40" arrival="255.30" arrivalLane="ce_0" arrivalPos="192.80" arrivalSpeed="10.00" duration="41.90" routeLength="394.90" waitingTime="0.00" waitingCount="0" stopTime="0.00" timeLoss="2.42" rerouteNo="0" devices="tripinfo_121" vType="typeCar@121" speedFactor="1.00" vaporized=""/>
    <tripinfo id="123" depart="214.90" departLane="wc_0" departPos="5.10" departSpeed="6.42" departDelay="139.90" arrival="256.40" arrivalLane="ce_0" arrivalPos="192.80" arrivalSpeed="10.00" duration="41.50" routeLength="394.90" waitingTime="0.00" waitingCount="0" stopTime="0.00" timeLoss="2.00" rerouteNo="0" devices="tripinfo_123" vType="typeCar@123" speedFactor="1.00" vaporized=""/>
    <tripinfo id="124" depart="215.90" departLane="wc_0" departPos="5.10" departSpeed="7.82" departDelay="139.90" arrival="257.40" arrivalLane="ce_0" arrivalPos="192.80" arrivalSpeed="10.00" duration="41.50" routeLength="394.90" waitingTime="0.00" waitingCount="0" stopTime="0.00" timeLoss="2.04" rerouteNo="0" devices="tripinfo_124" vType="typeCar@124" speedFactor="1.00" vaporized=""/>
    <tripinfo id="126" depart="216.80" departLane="wc_0" departPos="5.10" departSpeed="8.92" departDelay="139.80" arrival="258.40" arrivalLane="ce_0" arrivalPos="192.80" arrivalSpeed="10.00" duration="41.60" routeLength="394.90" waitingTime="0.00" waitingCount="0" stopTime="0.00" timeLoss="2.16" rerouteNo="0" devices="tripinfo_126" vType="typeCar@126" speedFactor="1.00" vaporized=""/>
    <tripinfo id="128" depart="217.50" departLane="wc_0" departPos="5.10" departSpeed="9.42" departDelay="139.50" arrival="259.50" arrivalLane="ce_0" arrivalPos="192.80" arrivalSpeed="10.00" duration="42.00" routeLength="394.90" waitingTime="0.00" waitingCount="0" stopTime="0.00" timeLoss="2.47" rerouteNo="0" devices="tripinfo_128" vType="typeCar@128" speedFactor="1.00" vaporized=""/>
    <tripinfo id="130" depart="218.30" departLane="wc_0" departPos="5.10" departSpeed="9.42" departDelay="139.30" arrival="260.50" arrivalLane="ce_0" arrivalPos="192.80" arrivalSpeed="10.00" duration="42.20" routeLength="394.90" waitingTime="0.00" waitingCount="0" stopTime="0.00" timeLoss="2.72" rerouteNo="0" devices="tripinfo_130" vType="typeCar@130" speedFactor="1.00" vaporized=""/>
    <tripinfo id="132" depart="219.10" departLane="wc_0" departPos="5.10" departSpeed="8.62" departDelay="139.10" arrival="261.50" arrivalLane="ce_0" arrivalPos="192.80" arrivalSpeed="10.00" duration="42.40" routeLength="394.90" waitingTime="0.00" waitingCount="0" stopTime="0.00" timeLoss="3.00" rerouteNo="0" devices="tripinfo_132" vType="typeCar@132" speedFactor="1.00" vaporized=""/>
    <tripinfo id="133" depart="219.80" departLane="wc_0" departPos="5.10" departSpeed="8.32" departDelay="138.80" arrival="262.60" arrivalLane="ce_0" arrivalPos="192.80" arrivalSpeed="10.00" duration="42.80" routeLength="394.90" waitingTime="0.00" waitingCount="0" stopTime="0.00" timeLoss="3.23" rerouteNo="0" devices="tripinfo_133" vType="typeCar@133" speedFactor="1.00" vaporized=""/>
    <tripinfo id="134" depart="220.70" departLane="wc_0" departPos="5.10" departSpeed="8.62" departDelay="138.70" arrival="263.60" arrivalLane="ce_0" arrivalPos="192.80" arrivalSpeed="10.00" duration="42.90" routeLength="394.90" waitingTime="0.00" waitingCount="0" stopTime="0.00" timeLoss="3.47" rerouteNo="0" devices="tripinfo_134" vType="typeCar@134" speedFactor="1.00" vaporized=""/>
    <tripinfo id="119" depart="123.20" departLane="nc_0" departPos="5.10" departSpeed="2.94" departDelay="51.20" arrival="265.50" arrivalLane="cs_0" arrivalPos="192.80" arrivalSpeed="10.00" duration="142.30" routeLength="394.90" waitingTime="4.70" waitingCount="47" stopTime="0.00" timeLoss="102.74" rerouteNo="0" devices="tripinfo_119" vType="typeCar@119" speedFactor="1.00" vaporized=""/>
    <tripinfo id="122" depart="129.60" departLane="nc_0" departPos="5.10" departSpeed="4.54" departDelay="55.60" arrival="266.80" arrivalLane="cs_0" arrivalPos="192.80" arrivalSpeed="10.00" duration="137.20" routeLength="394.90" waitingTime="5.90" waitingCount="59" stopTime="0.00" timeLoss="97.69" rerouteNo="0" devices="tripinfo_122" vType="typeCar@122" speedFactor="1.00" vaporized=""/>
    <tripinfo id="136" depart="221.50" departLane="wc_0" departPos="5.10" departSpeed="7.82" departDelay="138.50" arrival="268.30" arrivalLane="ce_0" arrivalPos="192.80" arrivalSpeed="10.00" duration="46.80" routeLength="394.90" waitingTime="0.00" waitingCount="0" stopTime="0.00" timeLoss="7.31" rerouteNo="0" devices="tripinfo_136" vType="typeCar@136" speedFactor="1.00" vaporized=""/>
    <tripinfo id="137" depart="222.30" departLane="wc_0" departPos="5.10" departSpeed="8.62" departDelay="138.30" arrival="269.30" arrivalLane="ce_0" arrivalPos="192.80" arrivalSpeed="10.00" duration="47.00" routeLength="394.90" waitingTime="0.10" waitingCount="1" stopTime="0.00" timeLoss="7.47" rerouteNo="0" devices="tripinfo_137" vType="typeCar@137" speedFactor="1.00" vaporized=""/>
    <tripinfo id="125" depart="134.20" departLane="nc_0" departPos="5.10" departSpeed="3.94" departDelay="58.20" arrival="270.80" arrivalLane="cs_0" arrivalPos="192.80" arrivalSpeed="10.00" duration="136.60" routeLength="394.90" waitingTime="5.90" waitingCount="59" stopTime="0.00" timeLoss="97.10" rerouteNo="0" devices="tripinfo_125" vType="typeCar@125" speedFactor="1.00" vaporized=""/>
    <tripinfo id="127" depart="135.70" departLane="nc_0" departPos="5.10" departSpeed="6.04" departDelay="58.70" arrival="271.90" arrivalLane="cs_0" arrivalPos="192.80" arrivalSpeed="10.00" duration="136.20" routeLength="394.90" waitingTime="7.10" waitingCount="71" stopTime="0.00" timeLoss="96.63" rerouteNo="0" devices="tripinfo_127" vType="typeCar@127" speedFactor="1.00" vaporized=""/>
    <tripinfo id="139" depart="223.10" departLane="wc_0" departPos="5.10" departSpeed="8.62" departDelay="138.10" arrival="273.40" arrivalLane="ce_0" arrivalPos="192.80" arrivalSpeed="10.00" duration="50.30" routeLength="394.90" waitingTime="0.30" waitingCount="3" stopTime="0.00" timeLoss="10.80" rerouteNo="0" devices="tripinfo_139" vType="typeCar@139" speedFactor="1.00" vaporized=""/>
    <tripinfo id="141" depart="223.90" departLane="wc_0" departPos="5.10" departSpeed="8.62" departDelay="137.90" arrival="274.50" arrivalLane="ce_0" arrivalPos="192.80" arrivalSpeed="10.00" duration="50.60" routeLength="394.90" waitingTime="0.30" waitingCount="3" stopTime="0.00" timeLoss="11.11" rerouteNo="0" devices="tripinfo_141" vType="typeCar@141" speedFactor="1.00" vaporized=""/>
    <tripinfo id="129" depart="136.80" departLane="nc_0" departPos="5.10" departSpeed="4.54" departDelay="58.80" arrival="276.00" arrivalLane="cs_0" arrivalPos="192.80" arrivalSpeed="10.00" duration="139.20" routeLength="394.90" waitingTime="7.60" waitingCount="76" stopTime="0.00" timeLoss="99.71" rerouteNo="0" devices="tripinfo_129" vType="typeCar@129" speedFactor="1.00" vaporized=""/>
    <tripinfo id="131" depart="144.20" departLane="nc_0" departPos="5.10" departSpeed="2.74" departDelay="65.20" arrival="277.10" arrivalLane="cs_0" arrivalPos="192.80" arrivalSpeed="10.00" duration="132.90" routeLength="394.90" waitingTime="5.60" waitingCount="56" stopTime="0.00" timeLoss="93.43" rerouteNo="0" devices="tripinfo_131" vType="typeCar@131" speedFactor="1.00" vaporized=""/>
    <tripinfo id="142" depart="224.70" departLane="wc_0" departPos="5.10" departSpeed="8.62" departDelay="137.70" arrival="278.70" arrivalLane="ce_0" arrivalPos="192.80" arrivalSpeed="10.00" duration="54.00" routeLength="394.90" waitingTime="0.40" waitingCount="4" stopTime="0.00" timeLoss="14.50" rerouteNo="0" devices="tripinfo_142" vType="typeCar@142" speedFactor="1.00" vaporized=""/>
    <tripinfo id="144" depart="225.50" departLane="wc_0" departPos="5.10" departSpeed="8.62" departDelay="137.50" arrival="279.70" arrivalLane="ce_0" arrivalPos="192.80" arrivalSpeed="10.00" duration="54.20" routeLength="394.90" waitingTime="0.40" waitingCount="4" stopTime="0.00" timeLoss="14.71" rerouteNo="0" devices="tripinfo_144" vType="typeCar@144" speedFactor="1.00" vaporized=""/>
    <tripinfo id="135" depart="146.50" departLane="nc_0" departPos="5.10" departSpeed="2.44" departDelay="64.50" arrival="281.30" arrivalLane="cs_0" arrivalPos="192.80" arrivalSpeed="10.00" duration="134.80" routeLength="394.90" waitingTime="6.80" waitingCount="68" stopTime="0.00" timeLoss="95.23" rerouteNo="0" devices="tripinfo_135" vType="typeCar@135" speedFactor="1.00" vaporized=""/>
    <tripinfo id="138" depart="151.40" departLane="nc_0" departPos="5.10" departSpeed="5.14" departDelay="67.40" arrival="282.30" arrivalLane="cs_0" arrivalPos="192.80" arrivalSpeed="10.00" duration="130.90" routeLength="394.90" waitingTime="6.70" waitingCount="67" stopTime="0.00" timeLoss="91.38" rerouteNo="0" devices="tripinfo_138" vType="typeCar@138" speedFactor="1.00" vaporized=""/>
    <tripinfo id="146" depart="226.40" departLane="wc_0" departPos="5.10" departSpeed="4.92" departDelay="137.40" arrival="283.80" arrivalLane="ce_0" arrivalPos="192.80" arrivalSpeed="10.00" duration="57.40" routeLength="394.90" waitingTime="0.40" waitingCount="4" stopTime="0.00" timeLoss="17.86" rerouteNo="0" devices="tripinfo_146" vType="typeCar@146" speedFactor="1.00" vaporized=""/>
    <tripinfo id="148" depart="227.80" departLane="wc_0" departPos="5.10" departSpeed="6.72" departDelay="137.80" arrival="284.90" arrivalLane="ce_0" arrivalPos="192.80" arrivalSpeed="10.00" duration="57.10" routeLength="394.90" waitingTime="0.50" waitingCount="5" stopTime="0.00" timeLoss="17.63" rerouteNo="0" devices="tripinfo_148" vType="typeCar@148" speedFactor="1.00" vaporized=""/>
    <tripinfo id="140" depart="152.70" departLane="nc_0" departPos="5.10" departSpeed="6.64" departDelay="67.70" arrival="286.40" arrivalLane="cs_0" arrivalPos="192.80" arrivalSpeed="10.00" duration="133.70" routeLength="394.90" waitingTime="6.20" waitingCount="62" stopTime="0.00" timeLoss="94.25" rerouteNo="0" devices="tripinfo_140" vType="typeCar@140" speedFactor="1.00" vaporized=""/>
    <tripinfo id="143" depart="155.30" departLane="nc_0" departPos="5.10" departSpeed="0.04" departDelay="68.30" arrival="287.60" arrivalLane="cs_0" arrivalPos="192.80" arrivalSpeed="10.00" duration="132.30" routeLength="394.90" waitingTime="8.40" waitingCount="72" stopTime="0.00" timeLoss="92.78" rerouteNo="0" devices="tripinfo_143" vType="typeCar@143" speedFactor="1.00" vaporized=""/>
    <tripinfo id="149" depart="228.70" departLane="wc_0" departPos="5.10" departSpeed="7.82" departDelay="137.70" arrival="289.20" arrivalLane="ce_0" arrivalPos="192.80" arrivalSpeed="10.00" duration="60.50" routeLength="394.90" waitingTime="0.50" waitingCount="5" stopTime="0.00" timeLoss="20.93" rerouteNo="0" devices="tripinfo_149" vType="typeCar@149" speedFactor="1.00" vaporized=""/>
    <tripinfo id="151" depart="229.60" departLane="wc_0" departPos="5.10" departSpeed="7.32" departDelay="137.60" arrival="290.20" arrivalLane="ce_0" arrivalPos="192.80" arrivalSpeed="10.00" duration="60.60" routeLength="394.90" waitingTime="0.70" waitingCount="7" stopTime="0.00" timeLoss="21.13" rerouteNo="0" devices="tripinfo_151" vType="typeCar@151" speedFactor="1.00" vaporized=""/>
    <tripinfo id="145" depart="166.50" departLane="nc_0" departPos="5.10" departSpeed="3.67" departDelay="78.50" arrival="291.70" arrivalLane="cs_0" arrivalPos="192.80" arrivalSpeed="10.00" duration="125.20" routeLength="394.90" waitingTime="5.00" waitingCount="50" stopTime="0.00" timeLoss="85.72" rerouteNo="0" devices="tripinfo_145" vType="typeCar@145" speedFactor="1.00" vaporized=""/>
    <tripinfo id="147" depart="168.30" departLane="nc_0" departPos="5.10" departSpeed="5.87" departDelay="79.30" arrival="292.90" arrivalLane="cs_0" arrivalPos="192.80" arrivalSpeed="10.00" duration="124.60" routeLength="394.90" waitingTime="7.00" waitingCount="70" stopTime="0.00" timeLoss="85.08" rerouteNo="0" devices="tripinfo_147" vType="typeCar@147" speedFactor="1.00" vaporized=""/>
    <tripinfo id="153" depart="230.70" departLane="wc_0" departPos="5.10" departSpeed="5.82" departDelay="137.70" arrival="294.40" arrivalLane="ce_0" arrivalPos="192.80" arrivalSpeed="10.00" duration="63.70" routeLength="394.90" waitingTime="0.70" waitingCount="7" stopTime="0.00" timeLoss="24.22" rerouteNo="0" devices="tripinfo_153" vType="typeCar@153" speedFactor="1.00" vaporized=""/>
    <tripinfo id="155" depart="231.70" departLane="wc_0" departPos="5.10" departSpeed="7.22" departDelay="137.70" arrival="295.40" arrivalLane="ce_0" arrivalPos="192.80" arrivalSpeed="10.00" duration="63.70" routeLength="394.90" waitingTime="0.80" waitingCount="8" stopTime="0.00" timeLoss="24.18" rerouteNo="0" devices="tripinfo_155" vType="typeCar@155" speedFactor="1.00" vaporized=""/>
    <tripinfo id="150" depart="169.40" departLane="nc_0" departPos="5.10" departSpeed="4.37" departDelay="78.40" arrival="296.90" arrivalLane="cs_0" arrivalPos="192.80" arrivalSpeed="10.00" duration="127.50" routeLength="394.90" waitingTime="7.10" waitingCount="71" stopTime="0.00" timeLoss="88.04" rerouteNo="0" devices="tripinfo_150" vType="typeCar@150" speedFactor="1.00" vaporized=""/>
    <tripinfo id="152" depart="177.30" departLane="nc_0" departPos="5.10" departSpeed="1.67" departDelay="85.30" arrival="298.00" arrivalLane="cs_0" arrivalPos="192.80" arrivalSpeed="10.00" duration="120.70" routeLength="394.90" waitingTime="4.00" waitingCount="40" stopTime="0.00" timeLoss="81.20" rerouteNo="0" devices="tripinfo_152" vType="typeCar@152" speedFactor="1.00" vaporized=""/>
    <tripinfo id="157" depart="232.70" departLane="wc_0" departPos="5.10" departSpeed="7.82" departDelay="137.70" arrival="299.50" arrivalLane="ce_0" arrivalPos="192.80" arrivalSpeed="10.00" duration="66.80" routeLength="394.90" waitingTime="0.80" waitingCount="8" stopTime="0.00" timeLoss="27.39" rerouteNo="0" devices="tripinfo_157" vType="typeCar@157" speedFactor="1.00" vaporized=""/>
    <tripinfo id="159" depart="233.60" departLane="wc_0" departPos="5.10" departSpeed="7.32" departDelay="137.60" arrival="300.70" arrivalLane="ce_0" arrivalPos="192.80" arrivalSpeed="10.00" duration="67.10" routeLength="394.90" waitingTime="0.90" waitingCount="9" stopTime="0.00" timeLoss="27.64" rerouteNo="0" devices="tripinfo_159" vType="typeCar@159" speedFactor="1.00" vaporized=""/>
    <tripinfo id="154" depart="181.70" departLane="nc_0" departPos="5.10" departSpeed="5.27" departDelay="88.70" arrival="302.30" arrivalLane="cs_0" arrivalPos="192.80" arrivalSpeed="10.00" duration="120.60" routeLength="394.90" waitingTime="6.10" waitingCount="61" stopTime="0.00" timeLoss="81.06" rerouteNo="0" devices="tripinfo_154" vType="typeCar@154" speedFactor="1.00" vaporized=""/>
    <tripinfo id="156" depart="183.00" departLane="nc_0" departPos="5.10" departSpeed="6.77" departDelay="89.00" arrival="303.30" arrivalLane="cs_0" arrivalPos="192.80" arrivalSpeed="10.00" duration="120.30" routeLength="394.90" waitingTime="6.90" waitingCount="69" stopTime="0.00" timeLoss="80.83" rerouteNo="0" devices="tripinfo_156" vType="typeCar@156" speedFactor="1.00" vaporized=""/>
    <tripinfo id="160" depart="234.50" departLane="wc_0" departPos="5.10" departSpeed="7.62" departDelay="137.50" arrival="304.80" arrivalLane="ce_0" arrivalPos="192.80" arrivalSpeed="10.00" duration="70.30" routeLength="394.90" waitingTime="1.40" waitingCount="14" stopTime="0.00" timeLoss="30.81" rerouteNo="0" devices="tripinfo_160" vType="typeCar@160" speedFactor="1.00" vaporized=""/>
    <tripinfo id="161" depart="235.60" departLane="wc_0" departPos="5.10" departSpeed="6.92" departDelay="137.60" arrival="305.90" arrivalLane="ce_0" arrivalPos="192.80" arrivalSpeed="10.00" duration="70.30" routeLength="394.90" waitingTime="1.50" waitingCount="15" stopTime="0.00" timeLoss="30.87" rerouteNo="0" devices="tripinfo_161" vType="typeCar@161" speedFactor="1.00" vaporized=""/>
    <tripinfo id="158" depart="184.00" departLane="nc_0" departPos="5.10" departSpeed="8.17" departDelay="89.00" arrival="307.50" arrivalLane="cs_0" arrivalPos="192.80" arrivalSpeed="10.00" duration="123.50" routeLength="394.90" waitingTime="6.50" waitingCount="65" stopTime="0.00" timeLoss="84.03" rerouteNo="0" devices="tripinfo_158" vType="typeCar@158" speedFactor="1.00" vaporized=""/>
    <tripinfo id="162" depart="184.90" departLane="nc_0" departPos="5.10" departSpeed="3.67" departDelay="86.90" arrival="308.70" arrivalLane="cs_0" arrivalPos="192.80" arrivalSpeed="10.00" duration="123.80" routeLength="394.90" waitingTime="7.00" waitingCount="70" stopTime="0.00" timeLoss="84.23" rerouteNo="0" devices="tripinfo_162" vType="typeCar@162" speedFactor="1.00" vaporized=""/>
    <tripinfo id="163" depart="236.50" departLane="wc_0" departPos="5.10" departSpeed="8.02" departDelay="137.50" arrival="310.20" arrivalLane="ce_0" arrivalPos="192.80" arrivalSpeed="10.00" duration="73.70" routeLength="394.90" waitingTime="1.60" waitingCount="16" stopTime="0.00" timeLoss="34.20" rerouteNo="0" devices="tripinfo_163" vType="typeCar@163" speedFactor="1.00" vaporized=""/>
</tripinfos>
