<?xml version="1.0" encoding="UTF-8"?>

<!-- generated on 2022-11-30 12:13:38 by Eclipse SUMO sumo Version 1.14.1
<configuration xmlns:xsi="http://www.w3.org/2001/XMLSchema-instance" xsi:noNamespaceSchemaLocation="http://sumo.dlr.de/xsd/sumoConfiguration.xsd">

    <input>
        <net-file value="net.net.xml"/>
        <route-files value="routes.rou.xml"/>
    </input>

    <output>
        <tripinfo-output value="raw_data/(6,2,0)tripinfo.xml"/>
    </output>

    <time>
        <begin value="0"/>
        <step-length value="0.1"/>
    </time>

    <processing>
        <extrapolate-departpos value="true"/>
        <route-steps value="0"/>
        <ignore-route-errors value="true"/>
        <collision.action value="warn"/>
        <collision.stoptime value="1"/>
        <collision.mingap-factor value="0.1"/>
    </processing>

    <report>
        <verbose value="false"/>
        <log value="log.txt"/>
        <duration-log.statistics value="true"/>
        <no-step-log value="true"/>
    </report>

    <traci_server>
        <remote-port value="62236"/>
    </traci_server>

    <gui_only>
        <quit-on-end value="true"/>
        <start value="true"/>
    </gui_only>

</configuration>
-->

<tripinfos xmlns:xsi="http://www.w3.org/2001/XMLSchema-instance" xsi:noNamespaceSchemaLocation="http://sumo.dlr.de/xsd/tripinfo_file.xsd">
    <tripinfo id="0" depart="0.00" departLane="nc_0" departPos="5.10" departSpeed="10.00" departDelay="0.00" arrival="39.50" arrivalLane="cs_0" arrivalPos="192.80" arrivalSpeed="10.00" duration="39.50" routeLength="394.90" waitingTime="0.00" waitingCount="0" stopTime="0.00" timeLoss="0.00" rerouteNo="0" devices="tripinfo_0" vType="typeCar@0" speedFactor="1.00" vaporized=""/>
    <tripinfo id="1" depart="1.00" departLane="nc_0" departPos="5.10" departSpeed="10.00" departDelay="0.00" arrival="40.50" arrivalLane="cs_0" arrivalPos="192.80" arrivalSpeed="10.00" duration="39.50" routeLength="394.90" waitingTime="0.00" waitingCount="0" stopTime="0.00" timeLoss="0.00" rerouteNo="0" devices="tripinfo_1" vType="typeCar@1" speedFactor="1.00" vaporized=""/>
    <tripinfo id="2" depart="3.00" departLane="nc_0" departPos="5.10" departSpeed="10.00" departDelay="0.00" arrival="42.50" arrivalLane="cs_0" arrivalPos="192.80" arrivalSpeed="10.00" duration="39.50" routeLength="394.90" waitingTime="0.00" waitingCount="0" stopTime="0.00" timeLoss="0.00" rerouteNo="0" devices="tripinfo_2" vType="typeCar@2" speedFactor="1.00" vaporized=""/>
    <tripinfo id="3" depart="4.00" departLane="nc_0" departPos="5.10" departSpeed="10.00" departDelay="0.00" arrival="43.50" arrivalLane="cs_0" arrivalPos="192.80" arrivalSpeed="10.00" duration="39.50" routeLength="394.90" waitingTime="0.00" waitingCount="0" stopTime="0.00" timeLoss="0.00" rerouteNo="0" devices="tripinfo_3" vType="typeCar@3" speedFactor="1.00" vaporized=""/>
    <tripinfo id="4" depart="5.00" departLane="nc_0" departPos="5.10" departSpeed="10.00" departDelay="0.00" arrival="44.50" arrivalLane="cs_0" arrivalPos="192.80" arrivalSpeed="10.00" duration="39.50" routeLength="394.90" waitingTime="0.00" waitingCount="0" stopTime="0.00" timeLoss="0.00" rerouteNo="0" devices="tripinfo_4" vType="typeCar@4" speedFactor="1.00" vaporized=""/>
    <tripinfo id="6" depart="6.00" departLane="nc_0" departPos="5.10" departSpeed="10.00" departDelay="0.00" arrival="45.50" arrivalLane="cs_0" arrivalPos="192.80" arrivalSpeed="10.00" duration="39.50" routeLength="394.90" waitingTime="0.00" waitingCount="0" stopTime="0.00" timeLoss="0.00" rerouteNo="0" devices="tripinfo_6" vType="typeCar@6" speedFactor="1.00" vaporized=""/>
    <tripinfo id="7" depart="7.00" departLane="nc_0" departPos="5.10" departSpeed="10.00" departDelay="0.00" arrival="46.50" arrivalLane="cs_0" arrivalPos="192.80" arrivalSpeed="10.00" duration="39.50" routeLength="394.90" waitingTime="0.00" waitingCount="0" stopTime="0.00" timeLoss="0.00" rerouteNo="0" devices="tripinfo_7" vType="typeCar@7" speedFactor="1.00" vaporized=""/>
    <tripinfo id="8" depart="8.00" departLane="nc_0" departPos="5.10" departSpeed="10.00" departDelay="0.00" arrival="47.50" arrivalLane="cs_0" arrivalPos="192.80" arrivalSpeed="10.00" duration="39.50" routeLength="394.90" waitingTime="0.00" waitingCount="0" stopTime="0.00" timeLoss="0.00" rerouteNo="0" devices="tripinfo_8" vType="typeCar@8" speedFactor="1.00" vaporized=""/>
    <tripinfo id="9" depart="9.00" departLane="nc_0" departPos="5.10" departSpeed="10.00" departDelay="0.00" arrival="48.50" arrivalLane="cs_0" arrivalPos="192.80" arrivalSpeed="10.00" duration="39.50" routeLength="394.90" waitingTime="0.00" waitingCount="0" stopTime="0.00" timeLoss="0.00" rerouteNo="0" devices="tripinfo_9" vType="typeCar@9" speedFactor="1.00" vaporized=""/>
    <tripinfo id="10" depart="11.00" departLane="nc_0" departPos="5.10" departSpeed="10.00" departDelay="0.00" arrival="50.50" arrivalLane="cs_0" arrivalPos="192.80" arrivalSpeed="10.00" duration="39.50" routeLength="394.90" waitingTime="0.00" waitingCount="0" stopTime="0.00" timeLoss="0.00" rerouteNo="0" devices="tripinfo_10" vType="typeCar@10" speedFactor="1.00" vaporized=""/>
    <tripinfo id="11" depart="12.00" departLane="nc_0" departPos="5.10" departSpeed="10.00" departDelay="0.00" arrival="51.50" arrivalLane="cs_0" arrivalPos="192.80" arrivalSpeed="10.00" duration="39.50" routeLength="394.90" waitingTime="0.00" waitingCount="0" stopTime="0.00" timeLoss="0.00" rerouteNo="0" devices="tripinfo_11" vType="typeCar@11" speedFactor="1.00" vaporized=""/>
    <tripinfo id="13" depart="13.00" departLane="nc_0" departPos="5.10" departSpeed="10.00" departDelay="0.00" arrival="52.50" arrivalLane="cs_0" arrivalPos="192.80" arrivalSpeed="10.00" duration="39.50" routeLength="394.90" waitingTime="0.00" waitingCount="0" stopTime="0.00" timeLoss="0.01" rerouteNo="0" devices="tripinfo_13" vType="typeCar@13" speedFactor="1.00" vaporized=""/>
    <tripinfo id="14" depart="17.00" departLane="nc_0" departPos="5.10" departSpeed="10.00" departDelay="0.00" arrival="56.50" arrivalLane="cs_0" arrivalPos="192.80" arrivalSpeed="10.00" duration="39.50" routeLength="394.90" waitingTime="0.00" waitingCount="0" stopTime="0.00" timeLoss="0.00" rerouteNo="0" devices="tripinfo_14" vType="typeCar@14" speedFactor="1.00" vaporized=""/>
    <tripinfo id="15" depart="19.00" departLane="nc_0" departPos="5.10" departSpeed="10.00" departDelay="0.00" arrival="58.50" arrivalLane="cs_0" arrivalPos="192.80" arrivalSpeed="10.00" duration="39.50" routeLength="394.90" waitingTime="0.00" waitingCount="0" stopTime="0.00" timeLoss="0.00" rerouteNo="0" devices="tripinfo_15" vType="typeCar@15" speedFactor="1.00" vaporized=""/>
    <tripinfo id="16" depart="20.00" departLane="nc_0" departPos="5.10" departSpeed="10.00" departDelay="0.00" arrival="59.50" arrivalLane="cs_0" arrivalPos="192.80" arrivalSpeed="10.00" duration="39.50" routeLength="394.90" waitingTime="0.00" waitingCount="0" stopTime="0.00" timeLoss="0.00" rerouteNo="0" devices="tripinfo_16" vType="typeCar@16" speedFactor="1.00" vaporized=""/>
    <tripinfo id="17" depart="21.00" departLane="nc_0" departPos="5.10" departSpeed="10.00" departDelay="0.00" arrival="60.50" arrivalLane="cs_0" arrivalPos="192.80" arrivalSpeed="10.00" duration="39.50" routeLength="394.90" waitingTime="0.00" waitingCount="0" stopTime="0.00" timeLoss="0.00" rerouteNo="0" devices="tripinfo_17" vType="typeCar@17" speedFactor="1.00" vaporized=""/>
    <tripinfo id="19" depart="22.00" departLane="nc_0" departPos="5.10" departSpeed="10.00" departDelay="0.00" arrival="61.50" arrivalLane="cs_0" arrivalPos="192.80" arrivalSpeed="10.00" duration="39.50" routeLength="394.90" waitingTime="0.00" waitingCount="0" stopTime="0.00" timeLoss="0.00" rerouteNo="0" devices="tripinfo_19" vType="typeCar@19" speedFactor="1.00" vaporized=""/>
    <tripinfo id="21" depart="23.00" departLane="nc_0" departPos="5.10" departSpeed="10.00" departDelay="0.00" arrival="62.50" arrivalLane="cs_0" arrivalPos="192.80" arrivalSpeed="10.00" duration="39.50" routeLength="394.90" waitingTime="0.00" waitingCount="0" stopTime="0.00" timeLoss="0.00" rerouteNo="0" devices="tripinfo_21" vType="typeCar@21" speedFactor="1.00" vaporized=""/>
    <tripinfo id="22" depart="24.00" departLane="nc_0" departPos="5.10" departSpeed="10.00" departDelay="0.00" arrival="63.50" arrivalLane="cs_0" arrivalPos="192.80" arrivalSpeed="10.00" duration="39.50" routeLength="394.90" waitingTime="0.00" waitingCount="0" stopTime="0.00" timeLoss="0.00" rerouteNo="0" devices="tripinfo_22" vType="typeCar@22" speedFactor="1.00" vaporized=""/>
    <tripinfo id="23" depart="25.00" departLane="nc_0" departPos="5.10" departSpeed="10.00" departDelay="0.00" arrival="64.50" arrivalLane="cs_0" arrivalPos="192.80" arrivalSpeed="10.00" duration="39.50" routeLength="394.90" waitingTime="0.00" waitingCount="0" stopTime="0.00" timeLoss="0.00" rerouteNo="0" devices="tripinfo_23" vType="typeCar@23" speedFactor="1.00" vaporized=""/>
    <tripinfo id="26" depart="29.00" departLane="nc_0" departPos="5.10" departSpeed="10.00" departDelay="0.00" arrival="68.50" arrivalLane="cs_0" arrivalPos="192.80" arrivalSpeed="10.00" duration="39.50" routeLength="394.90" waitingTime="0.00" waitingCount="0" stopTime="0.00" timeLoss="0.00" rerouteNo="0" devices="tripinfo_26" vType="typeCar@26" speedFactor="1.00" vaporized=""/>
    <tripinfo id="27" depart="33.00" departLane="nc_0" departPos="5.10" departSpeed="10.00" departDelay="0.00" arrival="72.50" arrivalLane="cs_0" arrivalPos="192.80" arrivalSpeed="10.00" duration="39.50" routeLength="394.90" waitingTime="0.00" waitingCount="0" stopTime="0.00" timeLoss="0.00" rerouteNo="0" devices="tripinfo_27" vType="typeCar@27" speedFactor="1.00" vaporized=""/>
    <tripinfo id="28" depart="34.00" departLane="nc_0" departPos="5.10" departSpeed="10.00" departDelay="0.00" arrival="73.50" arrivalLane="cs_0" arrivalPos="192.80" arrivalSpeed="10.00" duration="39.50" routeLength="394.90" waitingTime="0.00" waitingCount="0" stopTime="0.00" timeLoss="0.00" rerouteNo="0" devices="tripinfo_28" vType="typeCar@28" speedFactor="1.00" vaporized=""/>
    <tripinfo id="29" depart="36.00" departLane="nc_0" departPos="5.10" departSpeed="10.00" departDelay="0.00" arrival="75.50" arrivalLane="cs_0" arrivalPos="192.80" arrivalSpeed="10.00" duration="39.50" routeLength="394.90" waitingTime="0.00" waitingCount="0" stopTime="0.00" timeLoss="0.00" rerouteNo="0" devices="tripinfo_29" vType="typeCar@29" speedFactor="1.00" vaporized=""/>
    <tripinfo id="30" depart="37.00" departLane="nc_0" departPos="5.10" departSpeed="10.00" departDelay="0.00" arrival="76.50" arrivalLane="cs_0" arrivalPos="192.80" arrivalSpeed="10.00" duration="39.50" routeLength="394.90" waitingTime="0.00" waitingCount="0" stopTime="0.00" timeLoss="0.00" rerouteNo="0" devices="tripinfo_30" vType="typeCar@30" speedFactor="1.00" vaporized=""/>
    <tripinfo id="31" depart="38.00" departLane="nc_0" departPos="5.10" departSpeed="10.00" departDelay="0.00" arrival="77.50" arrivalLane="cs_0" arrivalPos="192.80" arrivalSpeed="10.00" duration="39.50" routeLength="394.90" waitingTime="0.00" waitingCount="0" stopTime="0.00" timeLoss="0.00" rerouteNo="0" devices="tripinfo_31" vType="typeCar@31" speedFactor="1.00" vaporized=""/>
    <tripinfo id="32" depart="39.00" departLane="nc_0" departPos="5.10" departSpeed="10.00" departDelay="0.00" arrival="78.50" arrivalLane="cs_0" arrivalPos="192.80" arrivalSpeed="10.00" duration="39.50" routeLength="394.90" waitingTime="0.00" waitingCount="0" stopTime="0.00" timeLoss="0.00" rerouteNo="0" devices="tripinfo_32" vType="typeCar@32" speedFactor="1.00" vaporized=""/>
    <tripinfo id="33" depart="40.00" departLane="nc_0" departPos="5.10" departSpeed="10.00" departDelay="0.00" arrival="79.50" arrivalLane="cs_0" arrivalPos="192.80" arrivalSpeed="10.00" duration="39.50" routeLength="394.90" waitingTime="0.00" waitingCount="0" stopTime="0.00" timeLoss="0.00" rerouteNo="0" devices="tripinfo_33" vType="typeCar@33" speedFactor="1.00" vaporized=""/>
    <tripinfo id="34" depart="42.00" departLane="nc_0" departPos="5.10" departSpeed="10.00" departDelay="0.00" arrival="82.50" arrivalLane="cs_0" arrivalPos="192.80" arrivalSpeed="10.00" duration="40.50" routeLength="394.90" waitingTime="0.00" waitingCount="0" stopTime="0.00" timeLoss="0.96" rerouteNo="0" devices="tripinfo_34" vType="typeCar@34" speedFactor="1.00" vaporized=""/>
    <tripinfo id="35" depart="43.00" departLane="nc_0" departPos="5.10" departSpeed="10.00" departDelay="0.00" arrival="83.70" arrivalLane="cs_0" arrivalPos="192.80" arrivalSpeed="10.00" duration="40.70" routeLength="394.90" waitingTime="0.00" waitingCount="0" stopTime="0.00" timeLoss="1.14" rerouteNo="0" devices="tripinfo_35" vType="typeCar@35" speedFactor="1.00" vaporized=""/>
    <tripinfo id="5" depart="6.00" departLane="wc_0" departPos="5.10" departSpeed="10.00" departDelay="0.00" arrival="90.10" arrivalLane="ce_0" arrivalPos="192.80" arrivalSpeed="10.00" duration="84.10" routeLength="394.90" waitingTime="6.80" waitingCount="3" stopTime="0.00" timeLoss="44.53" rerouteNo="0" devices="tripinfo_5" vType="typeCar@5" speedFactor="1.00" vaporized=""/>
    <tripinfo id="37" depart="44.00" departLane="nc_0" departPos="5.10" departSpeed="10.00" departDelay="0.00" arrival="91.30" arrivalLane="cs_0" arrivalPos="192.80" arrivalSpeed="10.00" duration="47.30" routeLength="394.90" waitingTime="1.90" waitingCount="1" stopTime="0.00" timeLoss="7.76" rerouteNo="0" devices="tripinfo_37" vType="typeCar@37" speedFactor="1.00" vaporized=""/>
    <tripinfo id="39" depart="46.00" departLane="nc_0" departPos="5.10" departSpeed="10.00" departDelay="0.00" arrival="92.40" arrivalLane="cs_0" arrivalPos="192.80" arrivalSpeed="10.00" duration="46.40" routeLength="394.90" waitingTime="0.00" waitingCount="0" stopTime="0.00" timeLoss="6.88" rerouteNo="0" devices="tripinfo_39" vType="typeCar@39" speedFactor="1.00" vaporized=""/>
    <tripinfo id="41" depart="47.00" departLane="nc_0" departPos="5.10" departSpeed="10.00" departDelay="0.00" arrival="94.00" arrivalLane="cs_0" arrivalPos="192.80" arrivalSpeed="10.00" duration="47.00" routeLength="394.90" waitingTime="0.00" waitingCount="0" stopTime="0.00" timeLoss="7.46" rerouteNo="0" devices="tripinfo_41" vType="typeCar@41" speedFactor="1.00" vaporized=""/>
    <tripinfo id="42" depart="48.00" departLane="nc_0" departPos="5.10" departSpeed="10.00" departDelay="0.00" arrival="96.40" arrivalLane="cs_0" arrivalPos="192.80" arrivalSpeed="10.00" duration="48.40" routeLength="394.90" waitingTime="0.10" waitingCount="1" stopTime="0.00" timeLoss="8.89" rerouteNo="0" devices="tripinfo_42" vType="typeCar@42" speedFactor="1.00" vaporized=""/>
    <tripinfo id="44" depart="51.00" departLane="nc_0" departPos="5.10" departSpeed="10.00" departDelay="0.00" arrival="98.00" arrivalLane="cs_0" arrivalPos="192.80" arrivalSpeed="10.00" duration="47.00" routeLength="394.90" waitingTime="0.00" waitingCount="0" stopTime="0.00" timeLoss="7.46" rerouteNo="0" devices="tripinfo_44" vType="typeCar@44" speedFactor="1.00" vaporized=""/>
    <tripinfo id="46" depart="53.00" departLane="nc_0" departPos="5.10" departSpeed="10.00" departDelay="0.00" arrival="100.00" arrivalLane="cs_0" arrivalPos="192.80" arrivalSpeed="10.00" duration="47.00" routeLength="394.90" waitingTime="0.00" waitingCount="0" stopTime="0.00" timeLoss="7.43" rerouteNo="0" devices="tripinfo_46" vType="typeCar@46" speedFactor="1.00" vaporized=""/>
    <tripinfo id="12" depart="13.00" departLane="wc_0" departPos="5.10" departSpeed="10.00" departDelay="0.00" arrival="102.40" arrivalLane="ce_0" arrivalPos="192.80" arrivalSpeed="10.00" duration="89.40" routeLength="394.90" waitingTime="5.30" waitingCount="37" stopTime="0.00" timeLoss="49.86" rerouteNo="0" devices="tripinfo_12" vType="typeCar@12" speedFactor="1.00" vaporized=""/>
    <tripinfo id="47" depart="55.00" departLane="nc_0" departPos="5.10" departSpeed="10.00" departDelay="0.00" arrival="103.40" arrivalLane="cs_0" arrivalPos="192.80" arrivalSpeed="10.00" duration="48.40" routeLength="394.90" waitingTime="0.00" waitingCount="0" stopTime="0.00" timeLoss="8.85" rerouteNo="0" devices="tripinfo_47" vType="typeCar@47" speedFactor="1.00" vaporized=""/>
    <tripinfo id="48" depart="56.00" departLane="nc_0" departPos="5.10" departSpeed="10.00" departDelay="0.00" arrival="104.50" arrivalLane="cs_0" arrivalPos="192.80" arrivalSpeed="10.00" duration="48.50" routeLength="394.90" waitingTime="0.00" waitingCount="0" stopTime="0.00" timeLoss="8.93" rerouteNo="0" devices="tripinfo_48" vType="typeCar@48" speedFactor="1.00" vaporized=""/>
    <tripinfo id="49" depart="59.00" departLane="nc_0" departPos="5.10" departSpeed="10.00" departDelay="0.00" arrival="106.50" arrivalLane="cs_0" arrivalPos="192.80" arrivalSpeed="10.00" duration="47.50" routeLength="394.90" waitingTime="0.00" waitingCount="0" stopTime="0.00" timeLoss="7.98" rerouteNo="0" devices="tripinfo_49" vType="typeCar@49" speedFactor="1.00" vaporized=""/>
    <tripinfo id="50" depart="60.00" departLane="nc_0" departPos="5.10" departSpeed="10.00" departDelay="0.00" arrival="108.00" arrivalLane="cs_0" arrivalPos="192.80" arrivalSpeed="10.00" duration="48.00" routeLength="394.90" waitingTime="0.00" waitingCount="0" stopTime="0.00" timeLoss="8.45" rerouteNo="0" devices="tripinfo_50" vType="typeCar@50" speedFactor="1.00" vaporized=""/>
    <tripinfo id="51" depart="61.00" departLane="nc_0" departPos="5.10" departSpeed="10.00" departDelay="0.00" arrival="109.30" arrivalLane="cs_0" arrivalPos="192.80" arrivalSpeed="10.00" duration="48.30" routeLength="394.90" waitingTime="0.00" waitingCount="0" stopTime="0.00" timeLoss="8.72" rerouteNo="0" devices="tripinfo_51" vType="typeCar@51" speedFactor="1.00" vaporized=""/>
    <tripinfo id="53" depart="62.00" departLane="nc_0" departPos="5.10" departSpeed="10.00" departDelay="0.00" arrival="111.10" arrivalLane="cs_0" arrivalPos="192.80" arrivalSpeed="10.00" duration="49.10" routeLength="394.90" waitingTime="0.00" waitingCount="0" stopTime="0.00" timeLoss="9.58" rerouteNo="0" devices="tripinfo_53" vType="typeCar@53" speedFactor="1.00" vaporized=""/>
    <tripinfo id="55" depart="65.00" departLane="nc_0" departPos="5.10" departSpeed="10.00" departDelay="0.00" arrival="113.20" arrivalLane="cs_0" arrivalPos="192.80" arrivalSpeed="10.00" duration="48.20" routeLength="394.90" waitingTime="0.00" waitingCount="0" stopTime="0.00" timeLoss="8.64" rerouteNo="0" devices="tripinfo_55" vType="typeCar@55" speedFactor="1.00" vaporized=""/>
    <tripinfo id="57" depart="67.00" departLane="nc_0" departPos="5.10" departSpeed="10.00" departDelay="0.00" arrival="115.50" arrivalLane="cs_0" arrivalPos="192.80" arrivalSpeed="10.00" duration="48.50" routeLength="394.90" waitingTime="0.10" waitingCount="1" stopTime="0.00" timeLoss="9.00" rerouteNo="0" devices="tripinfo_57" vType="typeCar@57" speedFactor="1.00" vaporized=""/>
    <tripinfo id="59" depart="69.00" departLane="nc_0" departPos="5.10" departSpeed="10.00" departDelay="0.00" arrival="117.20" arrivalLane="cs_0" arrivalPos="192.80" arrivalSpeed="10.00" duration="48.20" routeLength="394.90" waitingTime="0.10" waitingCount="1" stopTime="0.00" timeLoss="8.69" rerouteNo="0" devices="tripinfo_59" vType="typeCar@59" speedFactor="1.00" vaporized=""/>
    <tripinfo id="60" depart="70.00" departLane="nc_0" departPos="5.10" departSpeed="10.00" departDelay="0.00" arrival="118.10" arrivalLane="cs_0" arrivalPos="192.80" arrivalSpeed="10.00" duration="48.10" routeLength="394.90" waitingTime="0.10" waitingCount="1" stopTime="0.00" timeLoss="8.62" rerouteNo="0" devices="tripinfo_60" vType="typeCar@60" speedFactor="1.00" vaporized=""/>
    <tripinfo id="61" depart="72.00" departLane="nc_0" departPos="5.10" departSpeed="10.00" departDelay="0.00" arrival="119.70" arrivalLane="cs_0" arrivalPos="192.80" arrivalSpeed="10.00" duration="47.70" routeLength="394.90" waitingTime="0.00" waitingCount="0" stopTime="0.00" timeLoss="8.16" rerouteNo="0" devices="tripinfo_61" vType="typeCar@61" speedFactor="1.00" vaporized=""/>
    <tripinfo id="62" depart="74.00" departLane="nc_0" departPos="5.10" departSpeed="10.00" departDelay="0.00" arrival="122.30" arrivalLane="cs_0" arrivalPos="192.80" arrivalSpeed="10.00" duration="48.30" routeLength="394.90" waitingTime="0.00" waitingCount="0" stopTime="0.00" timeLoss="8.79" rerouteNo="0" devices="tripinfo_62" vType="typeCar@62" speedFactor="1.00" vaporized=""/>
    <tripinfo id="18" depart="22.00" departLane="wc_0" departPos="5.10" departSpeed="10.00" departDelay="0.00" arrival="124.50" arrivalLane="ce_0" arrivalPos="192.80" arrivalSpeed="10.00" duration="102.50" routeLength="394.90" waitingTime="4.50" waitingCount="45" stopTime="0.00" timeLoss="62.94" rerouteNo="0" devices="tripinfo_18" vType="typeCar@18" speedFactor="1.00" vaporized=""/>
    <tripinfo id="20" depart="23.00" departLane="wc_0" departPos="5.10" departSpeed="10.00" departDelay="0.00" arrival="125.90" arrivalLane="ce_0" arrivalPos="192.80" arrivalSpeed="10.00" duration="102.90" routeLength="394.90" waitingTime="6.70" waitingCount="67" stopTime="0.00" timeLoss="63.41" rerouteNo="0" devices="tripinfo_20" vType="typeCar@20" speedFactor="1.00" vaporized=""/>
    <tripinfo id="63" depart="76.00" departLane="nc_0" departPos="5.10" departSpeed="10.00" departDelay="0.00" arrival="127.40" arrivalLane="cs_0" arrivalPos="192.80" arrivalSpeed="10.00" duration="51.40" routeLength="394.90" waitingTime="0.00" waitingCount="0" stopTime="0.00" timeLoss="11.85" rerouteNo="0" devices="tripinfo_63" vType="typeCar@63" speedFactor="1.00" vaporized=""/>
    <tripinfo id="65" depart="77.00" departLane="nc_0" departPos="5.10" departSpeed="10.00" departDelay="0.00" arrival="128.60" arrivalLane="cs_0" arrivalPos="192.80" arrivalSpeed="10.00" duration="51.60" routeLength="394.90" waitingTime="0.10" waitingCount="1" stopTime="0.00" timeLoss="12.03" rerouteNo="0" devices="tripinfo_65" vType="typeCar@65" speedFactor="1.00" vaporized=""/>
    <tripinfo id="24" depart="28.00" departLane="wc_0" departPos="5.10" departSpeed="10.00" departDelay="0.00" arrival="130.10" arrivalLane="ce_0" arrivalPos="192.80" arrivalSpeed="10.00" duration="102.10" routeLength="394.90" waitingTime="7.30" waitingCount="73" stopTime="0.00" timeLoss="62.56" rerouteNo="0" devices="tripinfo_24" vType="typeCar@24" speedFactor="1.00" vaporized=""/>
    <tripinfo id="25" depart="29.00" departLane="wc_0" departPos="5.10" departSpeed="10.00" departDelay="0.00" arrival="131.10" arrivalLane="ce_0" arrivalPos="192.80" arrivalSpeed="10.00" duration="102.10" routeLength="394.90" waitingTime="7.30" waitingCount="73" stopTime="0.00" timeLoss="62.61" rerouteNo="0" devices="tripinfo_25" vType="typeCar@25" speedFactor="1.00" vaporized=""/>
    <tripinfo id="66" depart="78.00" departLane="nc_0" departPos="5.10" departSpeed="10.00" departDelay="0.00" arrival="132.60" arrivalLane="cs_0" arrivalPos="192.80" arrivalSpeed="10.00" duration="54.60" routeLength="394.90" waitingTime="0.20" waitingCount="2" stopTime="0.00" timeLoss="15.12" rerouteNo="0" devices="tripinfo_66" vType="typeCar@66" speedFactor="1.00" vaporized=""/>
    <tripinfo id="67" depart="79.00" departLane="nc_0" departPos="5.10" departSpeed="10.00" departDelay="0.00" arrival="133.70" arrivalLane="cs_0" arrivalPos="192.80" arrivalSpeed="10.00" duration="54.70" routeLength="394.90" waitingTime="0.30" waitingCount="3" stopTime="0.00" timeLoss="15.19" rerouteNo="0" devices="tripinfo_67" vType="typeCar@67" speedFactor="1.00" vaporized=""/>
    <tripinfo id="36" depart="44.00" departLane="wc_0" departPos="5.10" departSpeed="2.30" departDelay="0.00" arrival="135.30" arrivalLane="ce_0" arrivalPos="192.80" arrivalSpeed="10.00" duration="91.30" routeLength="394.90" waitingTime="3.50" waitingCount="35" stopTime="0.00" timeLoss="51.74" rerouteNo="0" devices="tripinfo_36" vType="typeCar@36" speedFactor="1.00" vaporized=""/>
    <tripinfo id="38" depart="45.40" departLane="wc_0" departPos="5.10" departSpeed="6.50" departDelay="0.40" arrival="136.30" arrivalLane="ce_0" arrivalPos="192.80" arrivalSpeed="10.00" duration="90.90" routeLength="394.90" waitingTime="4.10" waitingCount="41" stopTime="0.00" timeLoss="51.42" rerouteNo="0" devices="tripinfo_38" vType="typeCar@38" speedFactor="1.00" vaporized=""/>
    <tripinfo id="69" depart="82.00" departLane="nc_0" departPos="5.10" departSpeed="10.00" departDelay="0.00" arrival="137.90" arrivalLane="cs_0" arrivalPos="192.80" arrivalSpeed="10.00" duration="55.90" routeLength="394.90" waitingTime="0.40" waitingCount="4" stopTime="0.00" timeLoss="16.35" rerouteNo="0" devices="tripinfo_69" vType="typeCar@69" speedFactor="1.00" vaporized=""/>
    <tripinfo id="70" depart="84.00" departLane="nc_0" departPos="5.10" departSpeed="10.00" departDelay="0.00" arrival="139.10" arrivalLane="cs_0" arrivalPos="192.80" arrivalSpeed="10.00" duration="55.10" routeLength="394.90" waitingTime="0.30" waitingCount="3" stopTime="0.00" timeLoss="15.53" rerouteNo="0" devices="tripinfo_70" vType="typeCar@70" speedFactor="1.00" vaporized=""/>
    <tripinfo id="40" depart="47.00" departLane="wc_0" departPos="5.10" departSpeed="9.70" departDelay="0.00" arrival="140.60" arrivalLane="ce_0" arrivalPos="192.80" arrivalSpeed="10.00" duration="93.60" routeLength="394.90" waitingTime="5.60" waitingCount="56" stopTime="0.00" timeLoss="54.06" rerouteNo="0" devices="tripinfo_40" vType="typeCar@40" speedFactor="1.00" vaporized=""/>
    <tripinfo id="43" depart="50.00" departLane="wc_0" departPos="5.10" departSpeed="10.00" departDelay="0.00" arrival="141.60" arrivalLane="ce_0" arrivalPos="192.80" arrivalSpeed="10.00" duration="91.60" routeLength="394.90" waitingTime="5.30" waitingCount="53" stopTime="0.00" timeLoss="52.07" rerouteNo="0" devices="tripinfo_43" vType="typeCar@43" speedFactor="1.00" vaporized=""/>
    <tripinfo id="71" depart="85.00" departLane="nc_0" departPos="5.10" departSpeed="10.00" departDelay="0.00" arrival="143.10" arrivalLane="cs_0" arrivalPos="192.80" arrivalSpeed="10.00" duration="58.10" routeLength="394.90" waitingTime="0.30" waitingCount="3" stopTime="0.00" timeLoss="18.61" rerouteNo="0" devices="tripinfo_71" vType="typeCar@71" speedFactor="1.00" vaporized=""/>
    <tripinfo id="72" depart="87.00" departLane="nc_0" departPos="5.10" departSpeed="10.00" departDelay="0.00" arrival="144.20" arrivalLane="cs_0" arrivalPos="192.80" arrivalSpeed="10.00" duration="57.20" routeLength="394.90" waitingTime="0.30" waitingCount="3" stopTime="0.00" timeLoss="17.70" rerouteNo="0" devices="tripinfo_72" vType="typeCar@72" speedFactor="1.00" vaporized=""/>
    <tripinfo id="45" depart="53.00" departLane="wc_0" departPos="5.10" departSpeed="10.00" departDelay="0.00" arrival="145.80" arrivalLane="ce_0" arrivalPos="192.80" arrivalSpeed="10.00" duration="92.80" routeLength="394.90" waitingTime="3.60" waitingCount="36" stopTime="0.00" timeLoss="53.25" rerouteNo="0" devices="tripinfo_45" vType="typeCar@45" speedFactor="1.00" vaporized=""/>
    <tripinfo id="52" depart="62.00" departLane="wc_0" departPos="5.10" departSpeed="10.00" departDelay="0.00" arrival="147.00" arrivalLane="ce_0" arrivalPos="192.80" arrivalSpeed="10.00" duration="85.00" routeLength="394.90" waitingTime="4.30" waitingCount="43" stopTime="0.00" timeLoss="45.45" rerouteNo="0" devices="tripinfo_52" vType="typeCar@52" speedFactor="1.00" vaporized=""/>
    <tripinfo id="74" depart="88.00" departLane="nc_0" departPos="5.10" departSpeed="10.00" departDelay="0.00" arrival="148.60" arrivalLane="cs_0" arrivalPos="192.80" arrivalSpeed="10.00" duration="60.60" routeLength="394.90" waitingTime="0.40" waitingCount="4" stopTime="0.00" timeLoss="21.06" rerouteNo="0" devices="tripinfo_74" vType="typeCar@74" speedFactor="1.00" vaporized=""/>
    <tripinfo id="75" depart="89.00" departLane="nc_0" departPos="5.10" departSpeed="10.00" departDelay="0.00" arrival="149.60" arrivalLane="cs_0" arrivalPos="192.80" arrivalSpeed="10.00" duration="60.60" routeLength="394.90" waitingTime="0.50" waitingCount="5" stopTime="0.00" timeLoss="21.07" rerouteNo="0" devices="tripinfo_75" vType="typeCar@75" speedFactor="1.00" vaporized=""/>
    <tripinfo id="54" depart="63.00" departLane="wc_0" departPos="5.10" departSpeed="10.00" departDelay="0.00" arrival="151.10" arrivalLane="ce_0" arrivalPos="192.80" arrivalSpeed="10.00" duration="88.10" routeLength="394.90" waitingTime="4.30" waitingCount="43" stopTime="0.00" timeLoss="48.58" rerouteNo="0" devices="tripinfo_54" vType="typeCar@54" speedFactor="1.00" vaporized=""/>
    <tripinfo id="56" depart="67.00" departLane="wc_0" departPos="5.10" departSpeed="10.00" departDelay="0.00" arrival="152.10" arrivalLane="ce_0" arrivalPos="192.80" arrivalSpeed="10.00" duration="85.10" routeLength="394.90" waitingTime="3.90" waitingCount="39" stopTime="0.00" timeLoss="45.60" rerouteNo="0" devices="tripinfo_56" vType="typeCar@56" speedFactor="1.00" vaporized=""/>
    <tripinfo id="76" depart="91.00" departLane="nc_0" departPos="5.10" departSpeed="10.00" departDelay="0.00" arrival="153.70" arrivalLane="cs_0" arrivalPos="192.80" arrivalSpeed="10.00" duration="62.70" routeLength="394.90" waitingTime="0.50" waitingCount="5" stopTime="0.00" timeLoss="23.15" rerouteNo="0" devices="tripinfo_76" vType="typeCar@76" speedFactor="1.00" vaporized=""/>
    <tripinfo id="77" depart="92.00" departLane="nc_0" departPos="5.10" departSpeed="10.00" departDelay="0.00" arrival="154.70" arrivalLane="cs_0" arrivalPos="192.80" arrivalSpeed="10.00" duration="62.70" routeLength="394.90" waitingTime="0.70" waitingCount="7" stopTime="0.00" timeLoss="23.21" rerouteNo="0" devices="tripinfo_77" vType="typeCar@77" speedFactor="1.00" vaporized=""/>
    <tripinfo id="58" depart="68.00" departLane="wc_0" departPos="5.10" departSpeed="10.00" departDelay="0.00" arrival="156.30" arrivalLane="ce_0" arrivalPos="192.80" arrivalSpeed="10.00" duration="88.30" routeLength="394.90" waitingTime="4.00" waitingCount="40" stopTime="0.00" timeLoss="48.76" rerouteNo="0" devices="tripinfo_58" vType="typeCar@58" speedFactor="1.00" vaporized=""/>
    <tripinfo id="64" depart="77.00" departLane="wc_0" departPos="5.10" departSpeed="3.30" departDelay="0.00" arrival="157.40" arrivalLane="ce_0" arrivalPos="192.80" arrivalSpeed="10.00" duration="80.40" routeLength="394.90" waitingTime="2.90" waitingCount="29" stopTime="0.00" timeLoss="40.82" rerouteNo="0" devices="tripinfo_64" vType="typeCar@64" speedFactor="1.00" vaporized=""/>
    <tripinfo id="78" depart="93.00" departLane="nc_0" departPos="5.10" departSpeed="10.00" departDelay="0.00" arrival="159.00" arrivalLane="cs_0" arrivalPos="192.80" arrivalSpeed="10.00" duration="66.00" routeLength="394.90" waitingTime="0.90" waitingCount="9" stopTime="0.00" timeLoss="26.43" rerouteNo="0" devices="tripinfo_78" vType="typeCar@78" speedFactor="1.00" vaporized=""/>
    <tripinfo id="80" depart="94.00" departLane="nc_0" departPos="5.10" departSpeed="10.00" departDelay="0.00" arrival="160.00" arrivalLane="cs_0" arrivalPos="192.80" arrivalSpeed="10.00" duration="66.00" routeLength="394.90" waitingTime="1.10" waitingCount="11" stopTime="0.00" timeLoss="26.44" rerouteNo="0" devices="tripinfo_80" vType="typeCar@80" speedFactor="1.00" vaporized=""/>
    <tripinfo id="68" depart="80.00" departLane="wc_0" departPos="5.10" departSpeed="10.00" departDelay="0.00" arrival="161.60" arrivalLane="ce_0" arrivalPos="192.80" arrivalSpeed="10.00" duration="81.60" routeLength="394.90" waitingTime="3.00" waitingCount="30" stopTime="0.00" timeLoss="42.04" rerouteNo="0" devices="tripinfo_68" vType="typeCar@68" speedFactor="1.00" vaporized=""/>
    <tripinfo id="73" depart="88.00" departLane="wc_0" departPos="5.10" departSpeed="2.00" departDelay="0.00" arrival="162.60" arrivalLane="ce_0" arrivalPos="192.80" arrivalSpeed="10.00" duration="74.60" routeLength="394.90" waitingTime="2.40" waitingCount="24" stopTime="0.00" timeLoss="35.09" rerouteNo="0" devices="tripinfo_73" vType="typeCar@73" speedFactor="1.00" vaporized=""/>
    <tripinfo id="81" depart="95.00" departLane="nc_0" departPos="5.10" departSpeed="10.00" departDelay="0.00" arrival="164.20" arrivalLane="cs_0" arrivalPos="192.80" arrivalSpeed="10.00" duration="69.20" routeLength="394.90" waitingTime="1.20" waitingCount="12" stopTime="0.00" timeLoss="29.64" rerouteNo="0" devices="tripinfo_81" vType="typeCar@81" speedFactor="1.00" vaporized=""/>
    <tripinfo id="82" depart="98.00" departLane="nc_0" departPos="5.10" departSpeed="10.00" departDelay="0.00" arrival="165.20" arrivalLane="cs_0" arrivalPos="192.80" arrivalSpeed="10.00" duration="67.20" routeLength="394.90" waitingTime="1.00" waitingCount="10" stopTime="0.00" timeLoss="27.68" rerouteNo="0" devices="tripinfo_82" vType="typeCar@82" speedFactor="1.00" vaporized=""/>
    <tripinfo id="79" depart="94.00" departLane="wc_0" departPos="5.10" departSpeed="10.00" departDelay="0.00" arrival="166.80" arrivalLane="ce_0" arrivalPos="192.80" arrivalSpeed="10.00" duration="72.80" routeLength="394.90" waitingTime="1.80" waitingCount="18" stopTime="0.00" timeLoss="33.27" rerouteNo="0" devices="tripinfo_79" vType="typeCar@79" speedFactor="1.00" vaporized=""/>
</tripinfos>
