<?xml version="1.0" encoding="UTF-8"?>

<!-- generated on 2022-11-30 12:17:32 by Eclipse SUMO sumo Version 1.14.1
<configuration xmlns:xsi="http://www.w3.org/2001/XMLSchema-instance" xsi:noNamespaceSchemaLocation="http://sumo.dlr.de/xsd/sumoConfiguration.xsd">

    <input>
        <net-file value="net.net.xml"/>
        <route-files value="routes.rou.xml"/>
    </input>

    <output>
        <tripinfo-output value="raw_data/(7,2,0)tripinfo.xml"/>
    </output>

    <time>
        <begin value="0"/>
        <step-length value="0.1"/>
    </time>

    <processing>
        <extrapolate-departpos value="true"/>
        <route-steps value="0"/>
        <ignore-route-errors value="true"/>
        <collision.action value="warn"/>
        <collision.stoptime value="1"/>
        <collision.mingap-factor value="0.1"/>
    </processing>

    <report>
        <verbose value="false"/>
        <log value="log.txt"/>
        <duration-log.statistics value="true"/>
        <no-step-log value="true"/>
    </report>

    <traci_server>
        <remote-port value="62458"/>
    </traci_server>

    <gui_only>
        <quit-on-end value="true"/>
        <start value="true"/>
    </gui_only>

</configuration>
-->

<tripinfos xmlns:xsi="http://www.w3.org/2001/XMLSchema-instance" xsi:noNamespaceSchemaLocation="http://sumo.dlr.de/xsd/tripinfo_file.xsd">
    <tripinfo id="0" depart="0.00" departLane="nc_0" departPos="5.10" departSpeed="10.00" departDelay="0.00" arrival="39.50" arrivalLane="cs_0" arrivalPos="192.80" arrivalSpeed="10.00" duration="39.50" routeLength="394.90" waitingTime="0.00" waitingCount="0" stopTime="0.00" timeLoss="0.00" rerouteNo="0" devices="tripinfo_0" vType="typeCar@0" speedFactor="1.00" vaporized=""/>
    <tripinfo id="1" depart="1.00" departLane="nc_0" departPos="5.10" departSpeed="10.00" departDelay="0.00" arrival="40.50" arrivalLane="cs_0" arrivalPos="192.80" arrivalSpeed="10.00" duration="39.50" routeLength="394.90" waitingTime="0.00" waitingCount="0" stopTime="0.00" timeLoss="0.00" rerouteNo="0" devices="tripinfo_1" vType="typeCar@1" speedFactor="1.00" vaporized=""/>
    <tripinfo id="2" depart="2.00" departLane="nc_0" departPos="5.10" departSpeed="10.00" departDelay="0.00" arrival="41.50" arrivalLane="cs_0" arrivalPos="192.80" arrivalSpeed="10.00" duration="39.50" routeLength="394.90" waitingTime="0.00" waitingCount="0" stopTime="0.00" timeLoss="0.00" rerouteNo="0" devices="tripinfo_2" vType="typeCar@2" speedFactor="1.00" vaporized=""/>
    <tripinfo id="3" depart="3.00" departLane="nc_0" departPos="5.10" departSpeed="10.00" departDelay="0.00" arrival="42.50" arrivalLane="cs_0" arrivalPos="192.80" arrivalSpeed="10.00" duration="39.50" routeLength="394.90" waitingTime="0.00" waitingCount="0" stopTime="0.00" timeLoss="0.00" rerouteNo="0" devices="tripinfo_3" vType="typeCar@3" speedFactor="1.00" vaporized=""/>
    <tripinfo id="4" depart="4.00" departLane="nc_0" departPos="5.10" departSpeed="10.00" departDelay="0.00" arrival="43.50" arrivalLane="cs_0" arrivalPos="192.80" arrivalSpeed="10.00" duration="39.50" routeLength="394.90" waitingTime="0.00" waitingCount="0" stopTime="0.00" timeLoss="0.00" rerouteNo="0" devices="tripinfo_4" vType="typeCar@4" speedFactor="1.00" vaporized=""/>
    <tripinfo id="5" depart="5.00" departLane="nc_0" departPos="5.10" departSpeed="10.00" departDelay="0.00" arrival="44.50" arrivalLane="cs_0" arrivalPos="192.80" arrivalSpeed="10.00" duration="39.50" routeLength="394.90" waitingTime="0.00" waitingCount="0" stopTime="0.00" timeLoss="0.00" rerouteNo="0" devices="tripinfo_5" vType="typeCar@5" speedFactor="1.00" vaporized=""/>
    <tripinfo id="7" depart="6.00" departLane="nc_0" departPos="5.10" departSpeed="10.00" departDelay="0.00" arrival="45.50" arrivalLane="cs_0" arrivalPos="192.80" arrivalSpeed="10.00" duration="39.50" routeLength="394.90" waitingTime="0.00" waitingCount="0" stopTime="0.00" timeLoss="0.00" rerouteNo="0" devices="tripinfo_7" vType="typeCar@7" speedFactor="1.00" vaporized=""/>
    <tripinfo id="8" depart="7.00" departLane="nc_0" departPos="5.10" departSpeed="10.00" departDelay="0.00" arrival="46.50" arrivalLane="cs_0" arrivalPos="192.80" arrivalSpeed="10.00" duration="39.50" routeLength="394.90" waitingTime="0.00" waitingCount="0" stopTime="0.00" timeLoss="0.00" rerouteNo="0" devices="tripinfo_8" vType="typeCar@8" speedFactor="1.00" vaporized=""/>
    <tripinfo id="9" depart="8.00" departLane="nc_0" departPos="5.10" departSpeed="10.00" departDelay="0.00" arrival="47.50" arrivalLane="cs_0" arrivalPos="192.80" arrivalSpeed="10.00" duration="39.50" routeLength="394.90" waitingTime="0.00" waitingCount="0" stopTime="0.00" timeLoss="0.00" rerouteNo="0" devices="tripinfo_9" vType="typeCar@9" speedFactor="1.00" vaporized=""/>
    <tripinfo id="10" depart="9.00" departLane="nc_0" departPos="5.10" departSpeed="10.00" departDelay="0.00" arrival="48.50" arrivalLane="cs_0" arrivalPos="192.80" arrivalSpeed="10.00" duration="39.50" routeLength="394.90" waitingTime="0.00" waitingCount="0" stopTime="0.00" timeLoss="0.00" rerouteNo="0" devices="tripinfo_10" vType="typeCar@10" speedFactor="1.00" vaporized=""/>
    <tripinfo id="11" depart="10.00" departLane="nc_0" departPos="5.10" departSpeed="10.00" departDelay="0.00" arrival="49.50" arrivalLane="cs_0" arrivalPos="192.80" arrivalSpeed="10.00" duration="39.50" routeLength="394.90" waitingTime="0.00" waitingCount="0" stopTime="0.00" timeLoss="0.00" rerouteNo="0" devices="tripinfo_11" vType="typeCar@11" speedFactor="1.00" vaporized=""/>
    <tripinfo id="12" depart="11.00" departLane="nc_0" departPos="5.10" departSpeed="10.00" departDelay="0.00" arrival="50.50" arrivalLane="cs_0" arrivalPos="192.80" arrivalSpeed="10.00" duration="39.50" routeLength="394.90" waitingTime="0.00" waitingCount="0" stopTime="0.00" timeLoss="0.00" rerouteNo="0" devices="tripinfo_12" vType="typeCar@12" speedFactor="1.00" vaporized=""/>
    <tripinfo id="13" depart="12.00" departLane="nc_0" departPos="5.10" departSpeed="10.00" departDelay="0.00" arrival="51.50" arrivalLane="cs_0" arrivalPos="192.80" arrivalSpeed="10.00" duration="39.50" routeLength="394.90" waitingTime="0.00" waitingCount="0" stopTime="0.00" timeLoss="0.00" rerouteNo="0" devices="tripinfo_13" vType="typeCar@13" speedFactor="1.00" vaporized=""/>
    <tripinfo id="15" depart="13.00" departLane="nc_0" departPos="5.10" departSpeed="10.00" departDelay="0.00" arrival="52.50" arrivalLane="cs_0" arrivalPos="192.80" arrivalSpeed="10.00" duration="39.50" routeLength="394.90" waitingTime="0.00" waitingCount="0" stopTime="0.00" timeLoss="0.01" rerouteNo="0" devices="tripinfo_15" vType="typeCar@15" speedFactor="1.00" vaporized=""/>
    <tripinfo id="16" depart="14.00" departLane="nc_0" departPos="5.10" departSpeed="10.00" departDelay="0.00" arrival="53.50" arrivalLane="cs_0" arrivalPos="192.80" arrivalSpeed="10.00" duration="39.50" routeLength="394.90" waitingTime="0.00" waitingCount="0" stopTime="0.00" timeLoss="0.01" rerouteNo="0" devices="tripinfo_16" vType="typeCar@16" speedFactor="1.00" vaporized=""/>
    <tripinfo id="17" depart="17.00" departLane="nc_0" departPos="5.10" departSpeed="10.00" departDelay="0.00" arrival="56.50" arrivalLane="cs_0" arrivalPos="192.80" arrivalSpeed="10.00" duration="39.50" routeLength="394.90" waitingTime="0.00" waitingCount="0" stopTime="0.00" timeLoss="0.00" rerouteNo="0" devices="tripinfo_17" vType="typeCar@17" speedFactor="1.00" vaporized=""/>
    <tripinfo id="18" depart="18.00" departLane="nc_0" departPos="5.10" departSpeed="10.00" departDelay="0.00" arrival="57.50" arrivalLane="cs_0" arrivalPos="192.80" arrivalSpeed="10.00" duration="39.50" routeLength="394.90" waitingTime="0.00" waitingCount="0" stopTime="0.00" timeLoss="0.00" rerouteNo="0" devices="tripinfo_18" vType="typeCar@18" speedFactor="1.00" vaporized=""/>
    <tripinfo id="19" depart="19.00" departLane="nc_0" departPos="5.10" departSpeed="10.00" departDelay="0.00" arrival="58.50" arrivalLane="cs_0" arrivalPos="192.80" arrivalSpeed="10.00" duration="39.50" routeLength="394.90" waitingTime="0.00" waitingCount="0" stopTime="0.00" timeLoss="0.00" rerouteNo="0" devices="tripinfo_19" vType="typeCar@19" speedFactor="1.00" vaporized=""/>
    <tripinfo id="20" depart="20.00" departLane="nc_0" departPos="5.10" departSpeed="10.00" departDelay="0.00" arrival="59.50" arrivalLane="cs_0" arrivalPos="192.80" arrivalSpeed="10.00" duration="39.50" routeLength="394.90" waitingTime="0.00" waitingCount="0" stopTime="0.00" timeLoss="0.00" rerouteNo="0" devices="tripinfo_20" vType="typeCar@20" speedFactor="1.00" vaporized=""/>
    <tripinfo id="21" depart="21.00" departLane="nc_0" departPos="5.10" departSpeed="10.00" departDelay="0.00" arrival="60.50" arrivalLane="cs_0" arrivalPos="192.80" arrivalSpeed="10.00" duration="39.50" routeLength="394.90" waitingTime="0.00" waitingCount="0" stopTime="0.00" timeLoss="0.00" rerouteNo="0" devices="tripinfo_21" vType="typeCar@21" speedFactor="1.00" vaporized=""/>
    <tripinfo id="23" depart="22.00" departLane="nc_0" departPos="5.10" departSpeed="10.00" departDelay="0.00" arrival="61.50" arrivalLane="cs_0" arrivalPos="192.80" arrivalSpeed="10.00" duration="39.50" routeLength="394.90" waitingTime="0.00" waitingCount="0" stopTime="0.00" timeLoss="0.00" rerouteNo="0" devices="tripinfo_23" vType="typeCar@23" speedFactor="1.00" vaporized=""/>
    <tripinfo id="25" depart="23.00" departLane="nc_0" departPos="5.10" departSpeed="10.00" departDelay="0.00" arrival="62.50" arrivalLane="cs_0" arrivalPos="192.80" arrivalSpeed="10.00" duration="39.50" routeLength="394.90" waitingTime="0.00" waitingCount="0" stopTime="0.00" timeLoss="0.00" rerouteNo="0" devices="tripinfo_25" vType="typeCar@25" speedFactor="1.00" vaporized=""/>
    <tripinfo id="26" depart="24.00" departLane="nc_0" departPos="5.10" departSpeed="10.00" departDelay="0.00" arrival="63.50" arrivalLane="cs_0" arrivalPos="192.80" arrivalSpeed="10.00" duration="39.50" routeLength="394.90" waitingTime="0.00" waitingCount="0" stopTime="0.00" timeLoss="0.00" rerouteNo="0" devices="tripinfo_26" vType="typeCar@26" speedFactor="1.00" vaporized=""/>
    <tripinfo id="27" depart="25.00" departLane="nc_0" departPos="5.10" departSpeed="10.00" departDelay="0.00" arrival="64.50" arrivalLane="cs_0" arrivalPos="192.80" arrivalSpeed="10.00" duration="39.50" routeLength="394.90" waitingTime="0.00" waitingCount="0" stopTime="0.00" timeLoss="0.00" rerouteNo="0" devices="tripinfo_27" vType="typeCar@27" speedFactor="1.00" vaporized=""/>
    <tripinfo id="28" depart="27.00" departLane="nc_0" departPos="5.10" departSpeed="10.00" departDelay="0.00" arrival="66.50" arrivalLane="cs_0" arrivalPos="192.80" arrivalSpeed="10.00" duration="39.50" routeLength="394.90" waitingTime="0.00" waitingCount="0" stopTime="0.00" timeLoss="0.00" rerouteNo="0" devices="tripinfo_28" vType="typeCar@28" speedFactor="1.00" vaporized=""/>
    <tripinfo id="31" depart="29.00" departLane="nc_0" departPos="5.10" departSpeed="10.00" departDelay="0.00" arrival="68.50" arrivalLane="cs_0" arrivalPos="192.80" arrivalSpeed="10.00" duration="39.50" routeLength="394.90" waitingTime="0.00" waitingCount="0" stopTime="0.00" timeLoss="0.00" rerouteNo="0" devices="tripinfo_31" vType="typeCar@31" speedFactor="1.00" vaporized=""/>
    <tripinfo id="32" depart="30.00" departLane="nc_0" departPos="5.10" departSpeed="10.00" departDelay="0.00" arrival="69.50" arrivalLane="cs_0" arrivalPos="192.80" arrivalSpeed="10.00" duration="39.50" routeLength="394.90" waitingTime="0.00" waitingCount="0" stopTime="0.00" timeLoss="0.00" rerouteNo="0" devices="tripinfo_32" vType="typeCar@32" speedFactor="1.00" vaporized=""/>
    <tripinfo id="33" depart="31.00" departLane="nc_0" departPos="5.10" departSpeed="10.00" departDelay="0.00" arrival="70.50" arrivalLane="cs_0" arrivalPos="192.80" arrivalSpeed="10.00" duration="39.50" routeLength="394.90" waitingTime="0.00" waitingCount="0" stopTime="0.00" timeLoss="0.00" rerouteNo="0" devices="tripinfo_33" vType="typeCar@33" speedFactor="1.00" vaporized=""/>
    <tripinfo id="34" depart="33.00" departLane="nc_0" departPos="5.10" departSpeed="10.00" departDelay="0.00" arrival="72.50" arrivalLane="cs_0" arrivalPos="192.80" arrivalSpeed="10.00" duration="39.50" routeLength="394.90" waitingTime="0.00" waitingCount="0" stopTime="0.00" timeLoss="0.00" rerouteNo="0" devices="tripinfo_34" vType="typeCar@34" speedFactor="1.00" vaporized=""/>
    <tripinfo id="35" depart="34.00" departLane="nc_0" departPos="5.10" departSpeed="10.00" departDelay="0.00" arrival="73.50" arrivalLane="cs_0" arrivalPos="192.80" arrivalSpeed="10.00" duration="39.50" routeLength="394.90" waitingTime="0.00" waitingCount="0" stopTime="0.00" timeLoss="0.00" rerouteNo="0" devices="tripinfo_35" vType="typeCar@35" speedFactor="1.00" vaporized=""/>
    <tripinfo id="36" depart="36.00" departLane="nc_0" departPos="5.10" departSpeed="10.00" departDelay="0.00" arrival="75.50" arrivalLane="cs_0" arrivalPos="192.80" arrivalSpeed="10.00" duration="39.50" routeLength="394.90" waitingTime="0.00" waitingCount="0" stopTime="0.00" timeLoss="0.00" rerouteNo="0" devices="tripinfo_36" vType="typeCar@36" speedFactor="1.00" vaporized=""/>
    <tripinfo id="37" depart="37.00" departLane="nc_0" departPos="5.10" departSpeed="10.00" departDelay="0.00" arrival="76.50" arrivalLane="cs_0" arrivalPos="192.80" arrivalSpeed="10.00" duration="39.50" routeLength="394.90" waitingTime="0.00" waitingCount="0" stopTime="0.00" timeLoss="0.00" rerouteNo="0" devices="tripinfo_37" vType="typeCar@37" speedFactor="1.00" vaporized=""/>
    <tripinfo id="38" depart="38.00" departLane="nc_0" departPos="5.10" departSpeed="10.00" departDelay="0.00" arrival="77.50" arrivalLane="cs_0" arrivalPos="192.80" arrivalSpeed="10.00" duration="39.50" routeLength="394.90" waitingTime="0.00" waitingCount="0" stopTime="0.00" timeLoss="0.00" rerouteNo="0" devices="tripinfo_38" vType="typeCar@38" speedFactor="1.00" vaporized=""/>
    <tripinfo id="39" depart="39.00" departLane="nc_0" departPos="5.10" departSpeed="10.00" departDelay="0.00" arrival="78.50" arrivalLane="cs_0" arrivalPos="192.80" arrivalSpeed="10.00" duration="39.50" routeLength="394.90" waitingTime="0.00" waitingCount="0" stopTime="0.00" timeLoss="0.00" rerouteNo="0" devices="tripinfo_39" vType="typeCar@39" speedFactor="1.00" vaporized=""/>
    <tripinfo id="40" depart="40.00" departLane="nc_0" departPos="5.10" departSpeed="10.00" departDelay="0.00" arrival="79.50" arrivalLane="cs_0" arrivalPos="192.80" arrivalSpeed="10.00" duration="39.50" routeLength="394.90" waitingTime="0.00" waitingCount="0" stopTime="0.00" timeLoss="0.00" rerouteNo="0" devices="tripinfo_40" vType="typeCar@40" speedFactor="1.00" vaporized=""/>
    <tripinfo id="41" depart="42.00" departLane="nc_0" departPos="5.10" departSpeed="10.00" departDelay="0.00" arrival="81.50" arrivalLane="cs_0" arrivalPos="192.80" arrivalSpeed="10.00" duration="39.50" routeLength="394.90" waitingTime="0.00" waitingCount="0" stopTime="0.00" timeLoss="0.00" rerouteNo="0" devices="tripinfo_41" vType="typeCar@41" speedFactor="1.00" vaporized=""/>
    <tripinfo id="42" depart="43.00" departLane="nc_0" departPos="5.10" departSpeed="10.00" departDelay="0.00" arrival="82.50" arrivalLane="cs_0" arrivalPos="192.80" arrivalSpeed="10.00" duration="39.50" routeLength="394.90" waitingTime="0.00" waitingCount="0" stopTime="0.00" timeLoss="0.00" rerouteNo="0" devices="tripinfo_42" vType="typeCar@42" speedFactor="1.00" vaporized=""/>
    <tripinfo id="44" depart="44.00" departLane="nc_0" departPos="5.10" departSpeed="10.00" departDelay="0.00" arrival="83.50" arrivalLane="cs_0" arrivalPos="192.80" arrivalSpeed="10.00" duration="39.50" routeLength="394.90" waitingTime="0.00" waitingCount="0" stopTime="0.00" timeLoss="0.00" rerouteNo="0" devices="tripinfo_44" vType="typeCar@44" speedFactor="1.00" vaporized=""/>
    <tripinfo id="46" depart="45.00" departLane="nc_0" departPos="5.10" departSpeed="10.00" departDelay="0.00" arrival="84.50" arrivalLane="cs_0" arrivalPos="192.80" arrivalSpeed="10.00" duration="39.50" routeLength="394.90" waitingTime="0.00" waitingCount="0" stopTime="0.00" timeLoss="0.01" rerouteNo="0" devices="tripinfo_46" vType="typeCar@46" speedFactor="1.00" vaporized=""/>
    <tripinfo id="47" depart="46.00" departLane="nc_0" departPos="5.10" departSpeed="10.00" departDelay="0.00" arrival="85.50" arrivalLane="cs_0" arrivalPos="192.80" arrivalSpeed="10.00" duration="39.50" routeLength="394.90" waitingTime="0.00" waitingCount="0" stopTime="0.00" timeLoss="0.01" rerouteNo="0" devices="tripinfo_47" vType="typeCar@47" speedFactor="1.00" vaporized=""/>
    <tripinfo id="6" depart="6.00" departLane="wc_0" departPos="5.10" departSpeed="10.00" departDelay="0.00" arrival="89.30" arrivalLane="ce_0" arrivalPos="192.80" arrivalSpeed="10.00" duration="83.30" routeLength="394.90" waitingTime="0.00" waitingCount="0" stopTime="0.00" timeLoss="43.79" rerouteNo="0" devices="tripinfo_6" vType="typeCar@6" speedFactor="1.00" vaporized=""/>
    <tripinfo id="49" depart="47.00" departLane="nc_0" departPos="5.10" departSpeed="10.00" departDelay="0.00" arrival="91.70" arrivalLane="cs_0" arrivalPos="192.80" arrivalSpeed="10.00" duration="44.70" routeLength="394.90" waitingTime="0.00" waitingCount="0" stopTime="0.00" timeLoss="5.20" rerouteNo="0" devices="tripinfo_49" vType="typeCar@49" speedFactor="1.00" vaporized=""/>
    <tripinfo id="50" depart="48.00" departLane="nc_0" departPos="5.10" departSpeed="10.00" departDelay="0.00" arrival="93.00" arrivalLane="cs_0" arrivalPos="192.80" arrivalSpeed="10.00" duration="45.00" routeLength="394.90" waitingTime="0.00" waitingCount="0" stopTime="0.00" timeLoss="5.45" rerouteNo="0" devices="tripinfo_50" vType="typeCar@50" speedFactor="1.00" vaporized=""/>
    <tripinfo id="52" depart="51.00" departLane="nc_0" departPos="5.10" departSpeed="10.00" departDelay="0.00" arrival="94.40" arrivalLane="cs_0" arrivalPos="192.80" arrivalSpeed="10.00" duration="43.40" routeLength="394.90" waitingTime="0.00" waitingCount="0" stopTime="0.00" timeLoss="3.90" rerouteNo="0" devices="tripinfo_52" vType="typeCar@52" speedFactor="1.00" vaporized=""/>
    <tripinfo id="53" depart="52.00" departLane="nc_0" departPos="5.10" departSpeed="10.00" departDelay="0.00" arrival="95.90" arrivalLane="cs_0" arrivalPos="192.80" arrivalSpeed="10.00" duration="43.90" routeLength="394.90" waitingTime="0.10" waitingCount="1" stopTime="0.00" timeLoss="4.41" rerouteNo="0" devices="tripinfo_53" vType="typeCar@53" speedFactor="1.00" vaporized=""/>
    <tripinfo id="55" depart="53.00" departLane="nc_0" departPos="5.10" departSpeed="10.00" departDelay="0.00" arrival="97.70" arrivalLane="cs_0" arrivalPos="192.80" arrivalSpeed="10.00" duration="44.70" routeLength="394.90" waitingTime="0.10" waitingCount="1" stopTime="0.00" timeLoss="5.13" rerouteNo="0" devices="tripinfo_55" vType="typeCar@55" speedFactor="1.00" vaporized=""/>
    <tripinfo id="56" depart="55.00" departLane="nc_0" departPos="5.10" departSpeed="10.00" departDelay="0.00" arrival="98.80" arrivalLane="cs_0" arrivalPos="192.80" arrivalSpeed="10.00" duration="43.80" routeLength="394.90" waitingTime="0.20" waitingCount="2" stopTime="0.00" timeLoss="4.29" rerouteNo="0" devices="tripinfo_56" vType="typeCar@56" speedFactor="1.00" vaporized=""/>
    <tripinfo id="57" depart="56.00" departLane="nc_0" departPos="5.10" departSpeed="10.00" departDelay="0.00" arrival="100.30" arrivalLane="cs_0" arrivalPos="192.80" arrivalSpeed="10.00" duration="44.30" routeLength="394.90" waitingTime="0.20" waitingCount="2" stopTime="0.00" timeLoss="4.81" rerouteNo="0" devices="tripinfo_57" vType="typeCar@57" speedFactor="1.00" vaporized=""/>
    <tripinfo id="58" depart="58.00" departLane="nc_0" departPos="5.10" departSpeed="10.00" departDelay="0.00" arrival="102.20" arrivalLane="cs_0" arrivalPos="192.80" arrivalSpeed="10.00" duration="44.20" routeLength="394.90" waitingTime="0.10" waitingCount="1" stopTime="0.00" timeLoss="4.68" rerouteNo="0" devices="tripinfo_58" vType="typeCar@58" speedFactor="1.00" vaporized=""/>
    <tripinfo id="59" depart="59.00" departLane="nc_0" departPos="5.10" departSpeed="10.00" departDelay="0.00" arrival="104.10" arrivalLane="cs_0" arrivalPos="192.80" arrivalSpeed="10.00" duration="45.10" routeLength="394.90" waitingTime="0.00" waitingCount="0" stopTime="0.00" timeLoss="5.55" rerouteNo="0" devices="tripinfo_59" vType="typeCar@59" speedFactor="1.00" vaporized=""/>
    <tripinfo id="60" depart="60.00" departLane="nc_0" departPos="5.10" departSpeed="10.00" departDelay="0.00" arrival="106.30" arrivalLane="cs_0" arrivalPos="192.80" arrivalSpeed="10.00" duration="46.30" routeLength="394.90" waitingTime="0.00" waitingCount="0" stopTime="0.00" timeLoss="6.78" rerouteNo="0" devices="tripinfo_60" vType="typeCar@60" speedFactor="1.00" vaporized=""/>
    <tripinfo id="61" depart="61.00" departLane="nc_0" departPos="5.10" departSpeed="10.00" departDelay="0.00" arrival="107.40" arrivalLane="cs_0" arrivalPos="192.80" arrivalSpeed="10.00" duration="46.40" routeLength="394.90" waitingTime="0.00" waitingCount="0" stopTime="0.00" timeLoss="6.84" rerouteNo="0" devices="tripinfo_61" vType="typeCar@61" speedFactor="1.00" vaporized=""/>
    <tripinfo id="63" depart="62.00" departLane="nc_0" departPos="5.10" departSpeed="10.00" departDelay="0.00" arrival="109.50" arrivalLane="cs_0" arrivalPos="192.80" arrivalSpeed="10.00" duration="47.50" routeLength="394.90" waitingTime="0.20" waitingCount="2" stopTime="0.00" timeLoss="7.97" rerouteNo="0" devices="tripinfo_63" vType="typeCar@63" speedFactor="1.00" vaporized=""/>
    <tripinfo id="65" depart="65.00" departLane="nc_0" departPos="5.10" departSpeed="10.00" departDelay="0.00" arrival="110.50" arrivalLane="cs_0" arrivalPos="192.80" arrivalSpeed="10.00" duration="45.50" routeLength="394.90" waitingTime="0.10" waitingCount="1" stopTime="0.00" timeLoss="5.98" rerouteNo="0" devices="tripinfo_65" vType="typeCar@65" speedFactor="1.00" vaporized=""/>
    <tripinfo id="67" depart="67.00" departLane="nc_0" departPos="5.10" departSpeed="10.00" departDelay="0.00" arrival="111.50" arrivalLane="cs_0" arrivalPos="192.80" arrivalSpeed="10.00" duration="44.50" routeLength="394.90" waitingTime="0.10" waitingCount="1" stopTime="0.00" timeLoss="4.92" rerouteNo="0" devices="tripinfo_67" vType="typeCar@67" speedFactor="1.00" vaporized=""/>
    <tripinfo id="69" depart="69.00" departLane="nc_0" departPos="5.10" departSpeed="10.00" departDelay="0.00" arrival="112.50" arrivalLane="cs_0" arrivalPos="192.80" arrivalSpeed="10.00" duration="43.50" routeLength="394.90" waitingTime="0.10" waitingCount="1" stopTime="0.00" timeLoss="3.97" rerouteNo="0" devices="tripinfo_69" vType="typeCar@69" speedFactor="1.00" vaporized=""/>
    <tripinfo id="70" depart="70.00" departLane="nc_0" departPos="5.10" departSpeed="10.00" departDelay="0.00" arrival="113.50" arrivalLane="cs_0" arrivalPos="192.80" arrivalSpeed="10.00" duration="43.50" routeLength="394.90" waitingTime="0.10" waitingCount="1" stopTime="0.00" timeLoss="3.99" rerouteNo="0" devices="tripinfo_70" vType="typeCar@70" speedFactor="1.00" vaporized=""/>
    <tripinfo id="71" depart="72.00" departLane="nc_0" departPos="5.10" departSpeed="10.00" departDelay="0.00" arrival="114.50" arrivalLane="cs_0" arrivalPos="192.80" arrivalSpeed="10.00" duration="42.50" routeLength="394.90" waitingTime="0.00" waitingCount="0" stopTime="0.00" timeLoss="3.02" rerouteNo="0" devices="tripinfo_71" vType="typeCar@71" speedFactor="1.00" vaporized=""/>
    <tripinfo id="72" depart="74.00" departLane="nc_0" departPos="5.10" departSpeed="10.00" departDelay="0.00" arrival="115.60" arrivalLane="cs_0" arrivalPos="192.80" arrivalSpeed="10.00" duration="41.60" routeLength="394.90" waitingTime="0.00" waitingCount="0" stopTime="0.00" timeLoss="2.05" rerouteNo="0" devices="tripinfo_72" vType="typeCar@72" speedFactor="1.00" vaporized=""/>
    <tripinfo id="73" depart="75.00" departLane="nc_0" departPos="5.10" departSpeed="10.00" departDelay="0.00" arrival="116.60" arrivalLane="cs_0" arrivalPos="192.80" arrivalSpeed="10.00" duration="41.60" routeLength="394.90" waitingTime="0.00" waitingCount="0" stopTime="0.00" timeLoss="2.09" rerouteNo="0" devices="tripinfo_73" vType="typeCar@73" speedFactor="1.00" vaporized=""/>
    <tripinfo id="74" depart="76.00" departLane="nc_0" departPos="5.10" departSpeed="10.00" departDelay="0.00" arrival="118.40" arrivalLane="cs_0" arrivalPos="192.80" arrivalSpeed="10.00" duration="42.40" routeLength="394.90" waitingTime="0.00" waitingCount="0" stopTime="0.00" timeLoss="2.88" rerouteNo="0" devices="tripinfo_74" vType="typeCar@74" speedFactor="1.00" vaporized=""/>
    <tripinfo id="14" depart="13.00" departLane="wc_0" departPos="5.10" departSpeed="10.00" departDelay="0.00" arrival="121.10" arrivalLane="ce_0" arrivalPos="192.80" arrivalSpeed="10.00" duration="108.10" routeLength="394.90" waitingTime="15.20" waitingCount="27" stopTime="0.00" timeLoss="68.55" rerouteNo="0" devices="tripinfo_14" vType="typeCar@14" speedFactor="1.00" vaporized=""/>
    <tripinfo id="76" depart="77.00" departLane="nc_0" departPos="5.10" departSpeed="10.00" departDelay="0.00" arrival="122.20" arrivalLane="cs_0" arrivalPos="192.80" arrivalSpeed="10.00" duration="45.20" routeLength="394.90" waitingTime="0.00" waitingCount="0" stopTime="0.00" timeLoss="5.72" rerouteNo="0" devices="tripinfo_76" vType="typeCar@76" speedFactor="1.00" vaporized=""/>
    <tripinfo id="77" depart="78.00" departLane="nc_0" departPos="5.10" departSpeed="10.00" departDelay="0.00" arrival="123.40" arrivalLane="cs_0" arrivalPos="192.80" arrivalSpeed="10.00" duration="45.40" routeLength="394.90" waitingTime="0.00" waitingCount="0" stopTime="0.00" timeLoss="5.84" rerouteNo="0" devices="tripinfo_77" vType="typeCar@77" speedFactor="1.00" vaporized=""/>
    <tripinfo id="22" depart="22.00" departLane="wc_0" departPos="5.10" departSpeed="10.00" departDelay="0.00" arrival="125.40" arrivalLane="ce_0" arrivalPos="192.80" arrivalSpeed="10.00" duration="103.40" routeLength="394.90" waitingTime="17.00" waitingCount="47" stopTime="0.00" timeLoss="63.83" rerouteNo="0" devices="tripinfo_22" vType="typeCar@22" speedFactor="1.00" vaporized=""/>
    <tripinfo id="24" depart="23.00" departLane="wc_0" departPos="5.10" departSpeed="10.00" departDelay="0.00" arrival="126.70" arrivalLane="ce_0" arrivalPos="192.80" arrivalSpeed="10.00" duration="103.70" routeLength="394.90" waitingTime="16.50" waitingCount="59" stopTime="0.00" timeLoss="64.16" rerouteNo="0" devices="tripinfo_24" vType="typeCar@24" speedFactor="1.00" vaporized=""/>
    <tripinfo id="78" depart="79.00" departLane="nc_0" departPos="5.10" departSpeed="10.00" departDelay="0.00" arrival="128.10" arrivalLane="cs_0" arrivalPos="192.80" arrivalSpeed="10.00" duration="49.10" routeLength="394.90" waitingTime="0.00" waitingCount="0" stopTime="0.00" timeLoss="9.62" rerouteNo="0" devices="tripinfo_78" vType="typeCar@78" speedFactor="1.00" vaporized=""/>
    <tripinfo id="80" depart="80.00" departLane="nc_0" departPos="5.10" departSpeed="10.00" departDelay="0.00" arrival="129.20" arrivalLane="cs_0" arrivalPos="192.80" arrivalSpeed="10.00" duration="49.20" routeLength="394.90" waitingTime="0.10" waitingCount="1" stopTime="0.00" timeLoss="9.65" rerouteNo="0" devices="tripinfo_80" vType="typeCar@80" speedFactor="1.00" vaporized=""/>
    <tripinfo id="29" depart="28.00" departLane="wc_0" departPos="5.10" departSpeed="10.00" departDelay="0.00" arrival="130.80" arrivalLane="ce_0" arrivalPos="192.80" arrivalSpeed="10.00" duration="102.80" routeLength="394.90" waitingTime="9.60" waitingCount="74" stopTime="0.00" timeLoss="63.27" rerouteNo="0" devices="tripinfo_29" vType="typeCar@29" speedFactor="1.00" vaporized=""/>
    <tripinfo id="30" depart="29.00" departLane="wc_0" departPos="5.10" departSpeed="10.00" departDelay="0.00" arrival="131.90" arrivalLane="ce_0" arrivalPos="192.80" arrivalSpeed="10.00" duration="102.90" routeLength="394.90" waitingTime="7.50" waitingCount="75" stopTime="0.00" timeLoss="63.33" rerouteNo="0" devices="tripinfo_30" vType="typeCar@30" speedFactor="1.00" vaporized=""/>
    <tripinfo id="81" depart="82.00" departLane="nc_0" departPos="5.10" departSpeed="10.00" departDelay="0.00" arrival="133.40" arrivalLane="cs_0" arrivalPos="192.80" arrivalSpeed="10.00" duration="51.40" routeLength="394.90" waitingTime="0.10" waitingCount="1" stopTime="0.00" timeLoss="11.88" rerouteNo="0" devices="tripinfo_81" vType="typeCar@81" speedFactor="1.00" vaporized=""/>
    <tripinfo id="82" depart="83.00" departLane="nc_0" departPos="5.10" departSpeed="10.00" departDelay="0.00" arrival="134.50" arrivalLane="cs_0" arrivalPos="192.80" arrivalSpeed="10.00" duration="51.50" routeLength="394.90" waitingTime="0.30" waitingCount="3" stopTime="0.00" timeLoss="12.00" rerouteNo="0" devices="tripinfo_82" vType="typeCar@82" speedFactor="1.00" vaporized=""/>
    <tripinfo id="43" depart="44.00" departLane="wc_0" departPos="5.10" departSpeed="2.30" departDelay="0.00" arrival="136.10" arrivalLane="ce_0" arrivalPos="192.80" arrivalSpeed="10.00" duration="92.10" routeLength="394.90" waitingTime="4.20" waitingCount="42" stopTime="0.00" timeLoss="52.54" rerouteNo="0" devices="tripinfo_43" vType="typeCar@43" speedFactor="1.00" vaporized=""/>
    <tripinfo id="45" depart="45.40" departLane="wc_0" departPos="5.10" departSpeed="6.50" departDelay="0.40" arrival="137.20" arrivalLane="ce_0" arrivalPos="192.80" arrivalSpeed="10.00" duration="91.80" routeLength="394.90" waitingTime="4.80" waitingCount="48" stopTime="0.00" timeLoss="52.25" rerouteNo="0" devices="tripinfo_45" vType="typeCar@45" speedFactor="1.00" vaporized=""/>
    <tripinfo id="83" depart="84.00" departLane="nc_0" departPos="5.10" departSpeed="10.00" departDelay="0.00" arrival="138.70" arrivalLane="cs_0" arrivalPos="192.80" arrivalSpeed="10.00" duration="54.70" routeLength="394.90" waitingTime="0.40" waitingCount="4" stopTime="0.00" timeLoss="15.17" rerouteNo="0" devices="tripinfo_83" vType="typeCar@83" speedFactor="1.00" vaporized=""/>
    <tripinfo id="84" depart="85.00" departLane="nc_0" departPos="5.10" departSpeed="10.00" departDelay="0.00" arrival="139.70" arrivalLane="cs_0" arrivalPos="192.80" arrivalSpeed="10.00" duration="54.70" routeLength="394.90" waitingTime="0.50" waitingCount="5" stopTime="0.00" timeLoss="15.20" rerouteNo="0" devices="tripinfo_84" vType="typeCar@84" speedFactor="1.00" vaporized=""/>
    <tripinfo id="48" depart="47.00" departLane="wc_0" departPos="5.10" departSpeed="9.70" departDelay="0.00" arrival="141.30" arrivalLane="ce_0" arrivalPos="192.80" arrivalSpeed="10.00" duration="94.30" routeLength="394.90" waitingTime="5.80" waitingCount="58" stopTime="0.00" timeLoss="54.72" rerouteNo="0" devices="tripinfo_48" vType="typeCar@48" speedFactor="1.00" vaporized=""/>
    <tripinfo id="51" depart="50.00" departLane="wc_0" departPos="5.10" departSpeed="10.00" departDelay="0.00" arrival="142.30" arrivalLane="ce_0" arrivalPos="192.80" arrivalSpeed="10.00" duration="92.30" routeLength="394.90" waitingTime="5.40" waitingCount="54" stopTime="0.00" timeLoss="52.79" rerouteNo="0" devices="tripinfo_51" vType="typeCar@51" speedFactor="1.00" vaporized=""/>
    <tripinfo id="85" depart="87.00" departLane="nc_0" departPos="5.10" departSpeed="10.00" departDelay="0.00" arrival="143.90" arrivalLane="cs_0" arrivalPos="192.80" arrivalSpeed="10.00" duration="56.90" routeLength="394.90" waitingTime="0.60" waitingCount="6" stopTime="0.00" timeLoss="17.40" rerouteNo="0" devices="tripinfo_85" vType="typeCar@85" speedFactor="1.00" vaporized=""/>
    <tripinfo id="87" depart="88.00" departLane="nc_0" departPos="5.10" departSpeed="10.00" departDelay="0.00" arrival="145.00" arrivalLane="cs_0" arrivalPos="192.80" arrivalSpeed="10.00" duration="57.00" routeLength="394.90" waitingTime="0.70" waitingCount="7" stopTime="0.00" timeLoss="17.44" rerouteNo="0" devices="tripinfo_87" vType="typeCar@87" speedFactor="1.00" vaporized=""/>
    <tripinfo id="54" depart="53.00" departLane="wc_0" departPos="5.10" departSpeed="10.00" departDelay="0.00" arrival="146.50" arrivalLane="ce_0" arrivalPos="192.80" arrivalSpeed="10.00" duration="93.50" routeLength="394.90" waitingTime="4.60" waitingCount="46" stopTime="0.00" timeLoss="53.97" rerouteNo="0" devices="tripinfo_54" vType="typeCar@54" speedFactor="1.00" vaporized=""/>
    <tripinfo id="62" depart="62.00" departLane="wc_0" departPos="5.10" departSpeed="10.00" departDelay="0.00" arrival="147.60" arrivalLane="ce_0" arrivalPos="192.80" arrivalSpeed="10.00" duration="85.60" routeLength="394.90" waitingTime="4.30" waitingCount="43" stopTime="0.00" timeLoss="46.04" rerouteNo="0" devices="tripinfo_62" vType="typeCar@62" speedFactor="1.00" vaporized=""/>
    <tripinfo id="88" depart="89.00" departLane="nc_0" departPos="5.10" departSpeed="10.00" departDelay="0.00" arrival="149.10" arrivalLane="cs_0" arrivalPos="192.80" arrivalSpeed="10.00" duration="60.10" routeLength="394.90" waitingTime="0.80" waitingCount="8" stopTime="0.00" timeLoss="20.57" rerouteNo="0" devices="tripinfo_88" vType="typeCar@88" speedFactor="1.00" vaporized=""/>
    <tripinfo id="89" depart="90.00" departLane="nc_0" departPos="5.10" departSpeed="10.00" departDelay="0.00" arrival="150.20" arrivalLane="cs_0" arrivalPos="192.80" arrivalSpeed="10.00" duration="60.20" routeLength="394.90" waitingTime="0.80" waitingCount="8" stopTime="0.00" timeLoss="20.71" rerouteNo="0" devices="tripinfo_89" vType="typeCar@89" speedFactor="1.00" vaporized=""/>
    <tripinfo id="64" depart="63.00" departLane="wc_0" departPos="5.10" departSpeed="10.00" departDelay="0.00" arrival="151.80" arrivalLane="ce_0" arrivalPos="192.80" arrivalSpeed="10.00" duration="88.80" routeLength="394.90" waitingTime="4.40" waitingCount="44" stopTime="0.00" timeLoss="49.23" rerouteNo="0" devices="tripinfo_64" vType="typeCar@64" speedFactor="1.00" vaporized=""/>
    <tripinfo id="66" depart="67.00" departLane="wc_0" departPos="5.10" departSpeed="10.00" departDelay="0.00" arrival="152.90" arrivalLane="ce_0" arrivalPos="192.80" arrivalSpeed="10.00" duration="85.90" routeLength="394.90" waitingTime="4.20" waitingCount="42" stopTime="0.00" timeLoss="46.36" rerouteNo="0" devices="tripinfo_66" vType="typeCar@66" speedFactor="1.00" vaporized=""/>
    <tripinfo id="90" depart="91.00" departLane="nc_0" departPos="5.10" departSpeed="10.00" departDelay="0.00" arrival="154.50" arrivalLane="cs_0" arrivalPos="192.80" arrivalSpeed="10.00" duration="63.50" routeLength="394.90" waitingTime="0.90" waitingCount="9" stopTime="0.00" timeLoss="23.93" rerouteNo="0" devices="tripinfo_90" vType="typeCar@90" speedFactor="1.00" vaporized=""/>
    <tripinfo id="91" depart="92.00" departLane="nc_0" departPos="5.10" departSpeed="10.00" departDelay="0.00" arrival="155.50" arrivalLane="cs_0" arrivalPos="192.80" arrivalSpeed="10.00" duration="63.50" routeLength="394.90" waitingTime="0.90" waitingCount="9" stopTime="0.00" timeLoss="23.96" rerouteNo="0" devices="tripinfo_91" vType="typeCar@91" speedFactor="1.00" vaporized=""/>
    <tripinfo id="68" depart="68.00" departLane="wc_0" departPos="5.10" departSpeed="10.00" departDelay="0.00" arrival="157.00" arrivalLane="ce_0" arrivalPos="192.80" arrivalSpeed="10.00" duration="89.00" routeLength="394.90" waitingTime="4.40" waitingCount="44" stopTime="0.00" timeLoss="49.48" rerouteNo="0" devices="tripinfo_68" vType="typeCar@68" speedFactor="1.00" vaporized=""/>
    <tripinfo id="75" depart="77.00" departLane="wc_0" departPos="5.10" departSpeed="3.30" departDelay="0.00" arrival="158.20" arrivalLane="ce_0" arrivalPos="192.80" arrivalSpeed="10.00" duration="81.20" routeLength="394.90" waitingTime="3.50" waitingCount="35" stopTime="0.00" timeLoss="41.63" rerouteNo="0" devices="tripinfo_75" vType="typeCar@75" speedFactor="1.00" vaporized=""/>
    <tripinfo id="92" depart="93.00" departLane="nc_0" departPos="5.10" departSpeed="10.00" departDelay="0.00" arrival="159.70" arrivalLane="cs_0" arrivalPos="192.80" arrivalSpeed="10.00" duration="66.70" routeLength="394.90" waitingTime="0.90" waitingCount="9" stopTime="0.00" timeLoss="27.18" rerouteNo="0" devices="tripinfo_92" vType="typeCar@92" speedFactor="1.00" vaporized=""/>
    <tripinfo id="94" depart="94.00" departLane="nc_0" departPos="5.10" departSpeed="10.00" departDelay="0.00" arrival="160.70" arrivalLane="cs_0" arrivalPos="192.80" arrivalSpeed="10.00" duration="66.70" routeLength="394.90" waitingTime="0.80" waitingCount="8" stopTime="0.00" timeLoss="27.21" rerouteNo="0" devices="tripinfo_94" vType="typeCar@94" speedFactor="1.00" vaporized=""/>
    <tripinfo id="79" depart="80.00" departLane="wc_0" departPos="5.10" departSpeed="10.00" departDelay="0.00" arrival="162.20" arrivalLane="ce_0" arrivalPos="192.80" arrivalSpeed="10.00" duration="82.20" routeLength="394.90" waitingTime="3.20" waitingCount="32" stopTime="0.00" timeLoss="42.71" rerouteNo="0" devices="tripinfo_79" vType="typeCar@79" speedFactor="1.00" vaporized=""/>
    <tripinfo id="86" depart="88.00" departLane="wc_0" departPos="5.10" departSpeed="2.00" departDelay="0.00" arrival="163.40" arrivalLane="ce_0" arrivalPos="192.80" arrivalSpeed="10.00" duration="75.40" routeLength="394.90" waitingTime="2.60" waitingCount="26" stopTime="0.00" timeLoss="35.87" rerouteNo="0" devices="tripinfo_86" vType="typeCar@86" speedFactor="1.00" vaporized=""/>
    <tripinfo id="95" depart="95.00" departLane="nc_0" departPos="5.10" departSpeed="10.00" departDelay="0.00" arrival="164.90" arrivalLane="cs_0" arrivalPos="192.80" arrivalSpeed="10.00" duration="69.90" routeLength="394.90" waitingTime="0.80" waitingCount="8" stopTime="0.00" timeLoss="30.40" rerouteNo="0" devices="tripinfo_95" vType="typeCar@95" speedFactor="1.00" vaporized=""/>
    <tripinfo id="96" depart="98.00" departLane="nc_0" departPos="5.10" departSpeed="9.00" departDelay="0.00" arrival="166.10" arrivalLane="cs_0" arrivalPos="192.80" arrivalSpeed="10.00" duration="68.10" routeLength="394.90" waitingTime="0.70" waitingCount="7" stopTime="0.00" timeLoss="28.58" rerouteNo="0" devices="tripinfo_96" vType="typeCar@96" speedFactor="1.00" vaporized=""/>
    <tripinfo id="93" depart="94.00" departLane="wc_0" departPos="5.10" departSpeed="10.00" departDelay="0.00" arrival="167.70" arrivalLane="ce_0" arrivalPos="192.80" arrivalSpeed="10.00" duration="73.70" routeLength="394.90" waitingTime="1.80" waitingCount="18" stopTime="0.00" timeLoss="34.21" rerouteNo="0" devices="tripinfo_93" vType="typeCar@93" speedFactor="1.00" vaporized=""/>
</tripinfos>
