<?xml version="1.0" encoding="UTF-8"?>

<!-- generated on 2022-11-30 12:17:44 by Eclipse SUMO sumo Version 1.14.1
<configuration xmlns:xsi="http://www.w3.org/2001/XMLSchema-instance" xsi:noNamespaceSchemaLocation="http://sumo.dlr.de/xsd/sumoConfiguration.xsd">

    <input>
        <net-file value="net.net.xml"/>
        <route-files value="routes.rou.xml"/>
    </input>

    <output>
        <tripinfo-output value="raw_data/(7,3,0)tripinfo.xml"/>
    </output>

    <time>
        <begin value="0"/>
        <step-length value="0.1"/>
    </time>

    <processing>
        <extrapolate-departpos value="true"/>
        <route-steps value="0"/>
        <ignore-route-errors value="true"/>
        <collision.action value="warn"/>
        <collision.stoptime value="1"/>
        <collision.mingap-factor value="0.1"/>
    </processing>

    <report>
        <verbose value="false"/>
        <log value="log.txt"/>
        <duration-log.statistics value="true"/>
        <no-step-log value="true"/>
    </report>

    <traci_server>
        <remote-port value="62469"/>
    </traci_server>

    <gui_only>
        <quit-on-end value="true"/>
        <start value="true"/>
    </gui_only>

</configuration>
-->

<tripinfos xmlns:xsi="http://www.w3.org/2001/XMLSchema-instance" xsi:noNamespaceSchemaLocation="http://sumo.dlr.de/xsd/tripinfo_file.xsd">
    <tripinfo id="0" depart="0.00" departLane="nc_0" departPos="5.10" departSpeed="10.00" departDelay="0.00" arrival="39.50" arrivalLane="cs_0" arrivalPos="192.80" arrivalSpeed="10.00" duration="39.50" routeLength="394.90" waitingTime="0.00" waitingCount="0" stopTime="0.00" timeLoss="0.00" rerouteNo="0" devices="tripinfo_0" vType="typeCar@0" speedFactor="1.00" vaporized=""/>
    <tripinfo id="2" depart="1.00" departLane="nc_0" departPos="5.10" departSpeed="10.00" departDelay="0.00" arrival="40.50" arrivalLane="cs_0" arrivalPos="192.80" arrivalSpeed="10.00" duration="39.50" routeLength="394.90" waitingTime="0.00" waitingCount="0" stopTime="0.00" timeLoss="0.00" rerouteNo="0" devices="tripinfo_2" vType="typeCar@2" speedFactor="1.00" vaporized=""/>
    <tripinfo id="3" depart="2.00" departLane="nc_0" departPos="5.10" departSpeed="10.00" departDelay="0.00" arrival="41.50" arrivalLane="cs_0" arrivalPos="192.80" arrivalSpeed="10.00" duration="39.50" routeLength="394.90" waitingTime="0.00" waitingCount="0" stopTime="0.00" timeLoss="0.00" rerouteNo="0" devices="tripinfo_3" vType="typeCar@3" speedFactor="1.00" vaporized=""/>
    <tripinfo id="4" depart="3.00" departLane="nc_0" departPos="5.10" departSpeed="10.00" departDelay="0.00" arrival="42.50" arrivalLane="cs_0" arrivalPos="192.80" arrivalSpeed="10.00" duration="39.50" routeLength="394.90" waitingTime="0.00" waitingCount="0" stopTime="0.00" timeLoss="0.00" rerouteNo="0" devices="tripinfo_4" vType="typeCar@4" speedFactor="1.00" vaporized=""/>
    <tripinfo id="5" depart="4.00" departLane="nc_0" departPos="5.10" departSpeed="10.00" departDelay="0.00" arrival="43.50" arrivalLane="cs_0" arrivalPos="192.80" arrivalSpeed="10.00" duration="39.50" routeLength="394.90" waitingTime="0.00" waitingCount="0" stopTime="0.00" timeLoss="0.00" rerouteNo="0" devices="tripinfo_5" vType="typeCar@5" speedFactor="1.00" vaporized=""/>
    <tripinfo id="7" depart="5.00" departLane="nc_0" departPos="5.10" departSpeed="10.00" departDelay="0.00" arrival="44.50" arrivalLane="cs_0" arrivalPos="192.80" arrivalSpeed="10.00" duration="39.50" routeLength="394.90" waitingTime="0.00" waitingCount="0" stopTime="0.00" timeLoss="0.00" rerouteNo="0" devices="tripinfo_7" vType="typeCar@7" speedFactor="1.00" vaporized=""/>
    <tripinfo id="9" depart="6.00" departLane="nc_0" departPos="5.10" departSpeed="10.00" departDelay="0.00" arrival="45.50" arrivalLane="cs_0" arrivalPos="192.80" arrivalSpeed="10.00" duration="39.50" routeLength="394.90" waitingTime="0.00" waitingCount="0" stopTime="0.00" timeLoss="0.00" rerouteNo="0" devices="tripinfo_9" vType="typeCar@9" speedFactor="1.00" vaporized=""/>
    <tripinfo id="10" depart="7.00" departLane="nc_0" departPos="5.10" departSpeed="10.00" departDelay="0.00" arrival="46.50" arrivalLane="cs_0" arrivalPos="192.80" arrivalSpeed="10.00" duration="39.50" routeLength="394.90" waitingTime="0.00" waitingCount="0" stopTime="0.00" timeLoss="0.00" rerouteNo="0" devices="tripinfo_10" vType="typeCar@10" speedFactor="1.00" vaporized=""/>
    <tripinfo id="12" depart="8.00" departLane="nc_0" departPos="5.10" departSpeed="10.00" departDelay="0.00" arrival="47.50" arrivalLane="cs_0" arrivalPos="192.80" arrivalSpeed="10.00" duration="39.50" routeLength="394.90" waitingTime="0.00" waitingCount="0" stopTime="0.00" timeLoss="0.00" rerouteNo="0" devices="tripinfo_12" vType="typeCar@12" speedFactor="1.00" vaporized=""/>
    <tripinfo id="13" depart="9.00" departLane="nc_0" departPos="5.10" departSpeed="10.00" departDelay="0.00" arrival="48.50" arrivalLane="cs_0" arrivalPos="192.80" arrivalSpeed="10.00" duration="39.50" routeLength="394.90" waitingTime="0.00" waitingCount="0" stopTime="0.00" timeLoss="0.00" rerouteNo="0" devices="tripinfo_13" vType="typeCar@13" speedFactor="1.00" vaporized=""/>
    <tripinfo id="14" depart="10.00" departLane="nc_0" departPos="5.10" departSpeed="10.00" departDelay="0.00" arrival="49.50" arrivalLane="cs_0" arrivalPos="192.80" arrivalSpeed="10.00" duration="39.50" routeLength="394.90" waitingTime="0.00" waitingCount="0" stopTime="0.00" timeLoss="0.00" rerouteNo="0" devices="tripinfo_14" vType="typeCar@14" speedFactor="1.00" vaporized=""/>
    <tripinfo id="15" depart="11.00" departLane="nc_0" departPos="5.10" departSpeed="10.00" departDelay="0.00" arrival="50.50" arrivalLane="cs_0" arrivalPos="192.80" arrivalSpeed="10.00" duration="39.50" routeLength="394.90" waitingTime="0.00" waitingCount="0" stopTime="0.00" timeLoss="0.00" rerouteNo="0" devices="tripinfo_15" vType="typeCar@15" speedFactor="1.00" vaporized=""/>
    <tripinfo id="16" depart="12.00" departLane="nc_0" departPos="5.10" departSpeed="10.00" departDelay="0.00" arrival="51.50" arrivalLane="cs_0" arrivalPos="192.80" arrivalSpeed="10.00" duration="39.50" routeLength="394.90" waitingTime="0.00" waitingCount="0" stopTime="0.00" timeLoss="0.00" rerouteNo="0" devices="tripinfo_16" vType="typeCar@16" speedFactor="1.00" vaporized=""/>
    <tripinfo id="18" depart="13.00" departLane="nc_0" departPos="5.10" departSpeed="10.00" departDelay="0.00" arrival="52.50" arrivalLane="cs_0" arrivalPos="192.80" arrivalSpeed="10.00" duration="39.50" routeLength="394.90" waitingTime="0.00" waitingCount="0" stopTime="0.00" timeLoss="0.01" rerouteNo="0" devices="tripinfo_18" vType="typeCar@18" speedFactor="1.00" vaporized=""/>
    <tripinfo id="19" depart="14.00" departLane="nc_0" departPos="5.10" departSpeed="10.00" departDelay="0.00" arrival="53.50" arrivalLane="cs_0" arrivalPos="192.80" arrivalSpeed="10.00" duration="39.50" routeLength="394.90" waitingTime="0.00" waitingCount="0" stopTime="0.00" timeLoss="0.01" rerouteNo="0" devices="tripinfo_19" vType="typeCar@19" speedFactor="1.00" vaporized=""/>
    <tripinfo id="20" depart="17.00" departLane="nc_0" departPos="5.10" departSpeed="10.00" departDelay="0.00" arrival="56.50" arrivalLane="cs_0" arrivalPos="192.80" arrivalSpeed="10.00" duration="39.50" routeLength="394.90" waitingTime="0.00" waitingCount="0" stopTime="0.00" timeLoss="0.00" rerouteNo="0" devices="tripinfo_20" vType="typeCar@20" speedFactor="1.00" vaporized=""/>
    <tripinfo id="21" depart="18.00" departLane="nc_0" departPos="5.10" departSpeed="10.00" departDelay="0.00" arrival="57.50" arrivalLane="cs_0" arrivalPos="192.80" arrivalSpeed="10.00" duration="39.50" routeLength="394.90" waitingTime="0.00" waitingCount="0" stopTime="0.00" timeLoss="0.00" rerouteNo="0" devices="tripinfo_21" vType="typeCar@21" speedFactor="1.00" vaporized=""/>
    <tripinfo id="22" depart="19.00" departLane="nc_0" departPos="5.10" departSpeed="10.00" departDelay="0.00" arrival="58.50" arrivalLane="cs_0" arrivalPos="192.80" arrivalSpeed="10.00" duration="39.50" routeLength="394.90" waitingTime="0.00" waitingCount="0" stopTime="0.00" timeLoss="0.00" rerouteNo="0" devices="tripinfo_22" vType="typeCar@22" speedFactor="1.00" vaporized=""/>
    <tripinfo id="23" depart="20.00" departLane="nc_0" departPos="5.10" departSpeed="10.00" departDelay="0.00" arrival="59.50" arrivalLane="cs_0" arrivalPos="192.80" arrivalSpeed="10.00" duration="39.50" routeLength="394.90" waitingTime="0.00" waitingCount="0" stopTime="0.00" timeLoss="0.00" rerouteNo="0" devices="tripinfo_23" vType="typeCar@23" speedFactor="1.00" vaporized=""/>
    <tripinfo id="25" depart="21.00" departLane="nc_0" departPos="5.10" departSpeed="10.00" departDelay="0.00" arrival="60.50" arrivalLane="cs_0" arrivalPos="192.80" arrivalSpeed="10.00" duration="39.50" routeLength="394.90" waitingTime="0.00" waitingCount="0" stopTime="0.00" timeLoss="0.00" rerouteNo="0" devices="tripinfo_25" vType="typeCar@25" speedFactor="1.00" vaporized=""/>
    <tripinfo id="27" depart="22.00" departLane="nc_0" departPos="5.10" departSpeed="10.00" departDelay="0.00" arrival="61.50" arrivalLane="cs_0" arrivalPos="192.80" arrivalSpeed="10.00" duration="39.50" routeLength="394.90" waitingTime="0.00" waitingCount="0" stopTime="0.00" timeLoss="0.00" rerouteNo="0" devices="tripinfo_27" vType="typeCar@27" speedFactor="1.00" vaporized=""/>
    <tripinfo id="29" depart="23.00" departLane="nc_0" departPos="5.10" departSpeed="10.00" departDelay="0.00" arrival="63.20" arrivalLane="cs_0" arrivalPos="192.80" arrivalSpeed="10.00" duration="40.20" routeLength="394.90" waitingTime="0.00" waitingCount="0" stopTime="0.00" timeLoss="0.67" rerouteNo="0" devices="tripinfo_29" vType="typeCar@29" speedFactor="1.00" vaporized=""/>
    <tripinfo id="30" depart="24.00" departLane="nc_0" departPos="5.10" departSpeed="10.00" departDelay="0.00" arrival="66.20" arrivalLane="cs_0" arrivalPos="192.80" arrivalSpeed="10.00" duration="42.20" routeLength="394.90" waitingTime="0.00" waitingCount="0" stopTime="0.00" timeLoss="2.71" rerouteNo="0" devices="tripinfo_30" vType="typeCar@30" speedFactor="1.00" vaporized=""/>
    <tripinfo id="31" depart="25.00" departLane="nc_0" departPos="5.10" departSpeed="10.00" departDelay="0.00" arrival="67.30" arrivalLane="cs_0" arrivalPos="192.80" arrivalSpeed="10.00" duration="42.30" routeLength="394.90" waitingTime="0.00" waitingCount="0" stopTime="0.00" timeLoss="2.76" rerouteNo="0" devices="tripinfo_31" vType="typeCar@31" speedFactor="1.00" vaporized=""/>
    <tripinfo id="33" depart="27.00" departLane="nc_0" departPos="5.10" departSpeed="10.00" departDelay="0.00" arrival="70.70" arrivalLane="cs_0" arrivalPos="192.80" arrivalSpeed="10.00" duration="43.70" routeLength="394.90" waitingTime="0.00" waitingCount="0" stopTime="0.00" timeLoss="4.21" rerouteNo="0" devices="tripinfo_33" vType="typeCar@33" speedFactor="1.00" vaporized=""/>
    <tripinfo id="36" depart="29.00" departLane="nc_0" departPos="5.10" departSpeed="10.00" departDelay="0.00" arrival="77.40" arrivalLane="cs_0" arrivalPos="192.80" arrivalSpeed="10.00" duration="48.40" routeLength="394.90" waitingTime="0.00" waitingCount="0" stopTime="0.00" timeLoss="8.85" rerouteNo="0" devices="tripinfo_36" vType="typeCar@36" speedFactor="1.00" vaporized=""/>
    <tripinfo id="37" depart="30.00" departLane="nc_0" departPos="5.10" departSpeed="10.00" departDelay="0.00" arrival="78.60" arrivalLane="cs_0" arrivalPos="192.80" arrivalSpeed="10.00" duration="48.60" routeLength="394.90" waitingTime="0.10" waitingCount="1" stopTime="0.00" timeLoss="9.09" rerouteNo="0" devices="tripinfo_37" vType="typeCar@37" speedFactor="1.00" vaporized=""/>
    <tripinfo id="38" depart="31.00" departLane="nc_0" departPos="5.10" departSpeed="10.00" departDelay="0.00" arrival="80.40" arrivalLane="cs_0" arrivalPos="192.80" arrivalSpeed="10.00" duration="49.40" routeLength="394.90" waitingTime="0.10" waitingCount="1" stopTime="0.00" timeLoss="9.83" rerouteNo="0" devices="tripinfo_38" vType="typeCar@38" speedFactor="1.00" vaporized=""/>
    <tripinfo id="1" depart="1.00" departLane="wc_0" departPos="5.10" departSpeed="10.00" departDelay="0.00" arrival="84.20" arrivalLane="ce_0" arrivalPos="192.80" arrivalSpeed="10.00" duration="83.20" routeLength="394.90" waitingTime="12.60" waitingCount="3" stopTime="0.00" timeLoss="43.67" rerouteNo="0" devices="tripinfo_1" vType="typeCar@1" speedFactor="1.00" vaporized=""/>
    <tripinfo id="40" depart="33.00" departLane="nc_0" departPos="5.10" departSpeed="10.00" departDelay="0.00" arrival="86.70" arrivalLane="cs_0" arrivalPos="192.80" arrivalSpeed="10.00" duration="53.70" routeLength="394.90" waitingTime="0.00" waitingCount="0" stopTime="0.00" timeLoss="14.20" rerouteNo="0" devices="tripinfo_40" vType="typeCar@40" speedFactor="1.00" vaporized=""/>
    <tripinfo id="41" depart="34.00" departLane="nc_0" departPos="5.10" departSpeed="10.00" departDelay="0.00" arrival="88.20" arrivalLane="cs_0" arrivalPos="192.80" arrivalSpeed="10.00" duration="54.20" routeLength="394.90" waitingTime="0.00" waitingCount="0" stopTime="0.00" timeLoss="14.68" rerouteNo="0" devices="tripinfo_41" vType="typeCar@41" speedFactor="1.00" vaporized=""/>
    <tripinfo id="6" depart="5.00" departLane="wc_0" departPos="5.10" departSpeed="10.00" departDelay="0.00" arrival="89.20" arrivalLane="ce_0" arrivalPos="192.80" arrivalSpeed="10.00" duration="84.20" routeLength="394.90" waitingTime="8.50" waitingCount="29" stopTime="0.00" timeLoss="44.68" rerouteNo="0" devices="tripinfo_6" vType="typeCar@6" speedFactor="1.00" vaporized=""/>
    <tripinfo id="8" depart="6.00" departLane="wc_0" departPos="5.10" departSpeed="10.00" departDelay="0.00" arrival="93.90" arrivalLane="ce_0" arrivalPos="192.80" arrivalSpeed="10.00" duration="87.90" routeLength="394.90" waitingTime="3.60" waitingCount="36" stopTime="0.00" timeLoss="48.40" rerouteNo="0" devices="tripinfo_8" vType="typeCar@8" speedFactor="1.00" vaporized=""/>
    <tripinfo id="11" depart="8.00" departLane="wc_0" departPos="5.10" departSpeed="10.00" departDelay="0.00" arrival="95.00" arrivalLane="ce_0" arrivalPos="192.80" arrivalSpeed="10.00" duration="87.00" routeLength="394.90" waitingTime="4.20" waitingCount="42" stopTime="0.00" timeLoss="47.51" rerouteNo="0" devices="tripinfo_11" vType="typeCar@11" speedFactor="1.00" vaporized=""/>
    <tripinfo id="17" depart="13.00" departLane="wc_0" departPos="5.10" departSpeed="10.00" departDelay="0.00" arrival="96.10" arrivalLane="ce_0" arrivalPos="192.80" arrivalSpeed="10.00" duration="83.10" routeLength="394.90" waitingTime="4.40" waitingCount="44" stopTime="0.00" timeLoss="43.61" rerouteNo="0" devices="tripinfo_17" vType="typeCar@17" speedFactor="1.00" vaporized=""/>
    <tripinfo id="43" depart="36.00" departLane="nc_0" departPos="5.10" departSpeed="10.00" departDelay="0.00" arrival="97.70" arrivalLane="cs_0" arrivalPos="192.80" arrivalSpeed="10.00" duration="61.70" routeLength="394.90" waitingTime="0.20" waitingCount="2" stopTime="0.00" timeLoss="22.12" rerouteNo="0" devices="tripinfo_43" vType="typeCar@43" speedFactor="1.00" vaporized=""/>
    <tripinfo id="44" depart="37.00" departLane="nc_0" departPos="5.10" departSpeed="10.00" departDelay="0.00" arrival="99.50" arrivalLane="cs_0" arrivalPos="192.80" arrivalSpeed="10.00" duration="62.50" routeLength="394.90" waitingTime="0.40" waitingCount="4" stopTime="0.00" timeLoss="22.95" rerouteNo="0" devices="tripinfo_44" vType="typeCar@44" speedFactor="1.00" vaporized=""/>
    <tripinfo id="24" depart="21.00" departLane="wc_0" departPos="5.10" departSpeed="10.00" departDelay="0.00" arrival="107.20" arrivalLane="ce_0" arrivalPos="192.80" arrivalSpeed="10.00" duration="86.20" routeLength="394.90" waitingTime="3.60" waitingCount="36" stopTime="0.00" timeLoss="46.63" rerouteNo="0" devices="tripinfo_24" vType="typeCar@24" speedFactor="1.00" vaporized=""/>
    <tripinfo id="45" depart="38.00" departLane="nc_0" departPos="5.10" departSpeed="10.00" departDelay="0.00" arrival="108.80" arrivalLane="cs_0" arrivalPos="192.80" arrivalSpeed="10.00" duration="70.80" routeLength="394.90" waitingTime="0.60" waitingCount="6" stopTime="0.00" timeLoss="31.26" rerouteNo="0" devices="tripinfo_45" vType="typeCar@45" speedFactor="1.00" vaporized=""/>
    <tripinfo id="47" depart="39.00" departLane="nc_0" departPos="5.10" departSpeed="10.00" departDelay="0.00" arrival="109.80" arrivalLane="cs_0" arrivalPos="192.80" arrivalSpeed="10.00" duration="70.80" routeLength="394.90" waitingTime="0.70" waitingCount="7" stopTime="0.00" timeLoss="31.31" rerouteNo="0" devices="tripinfo_47" vType="typeCar@47" speedFactor="1.00" vaporized=""/>
    <tripinfo id="26" depart="22.00" departLane="wc_0" departPos="5.10" departSpeed="10.00" departDelay="0.00" arrival="116.50" arrivalLane="ce_0" arrivalPos="192.80" arrivalSpeed="10.00" duration="94.50" routeLength="394.90" waitingTime="3.60" waitingCount="36" stopTime="0.00" timeLoss="54.93" rerouteNo="0" devices="tripinfo_26" vType="typeCar@26" speedFactor="1.00" vaporized=""/>
    <tripinfo id="48" depart="40.00" departLane="nc_0" departPos="5.10" departSpeed="10.00" departDelay="0.00" arrival="118.10" arrivalLane="cs_0" arrivalPos="192.80" arrivalSpeed="10.00" duration="78.10" routeLength="394.90" waitingTime="1.00" waitingCount="10" stopTime="0.00" timeLoss="38.60" rerouteNo="0" devices="tripinfo_48" vType="typeCar@48" speedFactor="1.00" vaporized=""/>
    <tripinfo id="28" depart="23.00" departLane="wc_0" departPos="5.10" departSpeed="10.00" departDelay="0.00" arrival="120.60" arrivalLane="ce_0" arrivalPos="192.80" arrivalSpeed="10.00" duration="97.60" routeLength="394.90" waitingTime="2.20" waitingCount="22" stopTime="0.00" timeLoss="58.10" rerouteNo="0" devices="tripinfo_28" vType="typeCar@28" speedFactor="1.00" vaporized=""/>
    <tripinfo id="49" depart="42.00" departLane="nc_0" departPos="5.10" departSpeed="10.00" departDelay="0.00" arrival="122.60" arrivalLane="cs_0" arrivalPos="192.80" arrivalSpeed="10.00" duration="80.60" routeLength="394.90" waitingTime="0.90" waitingCount="9" stopTime="0.00" timeLoss="41.06" rerouteNo="0" devices="tripinfo_49" vType="typeCar@49" speedFactor="1.00" vaporized=""/>
    <tripinfo id="50" depart="43.00" departLane="nc_0" departPos="5.10" departSpeed="10.00" departDelay="0.00" arrival="123.50" arrivalLane="cs_0" arrivalPos="192.80" arrivalSpeed="10.00" duration="80.50" routeLength="394.90" waitingTime="1.10" waitingCount="11" stopTime="0.00" timeLoss="41.02" rerouteNo="0" devices="tripinfo_50" vType="typeCar@50" speedFactor="1.00" vaporized=""/>
    <tripinfo id="32" depart="26.00" departLane="wc_0" departPos="5.10" departSpeed="10.00" departDelay="0.00" arrival="125.20" arrivalLane="ce_0" arrivalPos="192.80" arrivalSpeed="10.00" duration="99.20" routeLength="394.90" waitingTime="4.00" waitingCount="40" stopTime="0.00" timeLoss="59.71" rerouteNo="0" devices="tripinfo_32" vType="typeCar@32" speedFactor="1.00" vaporized=""/>
    <tripinfo id="34" depart="28.00" departLane="wc_0" departPos="5.10" departSpeed="10.00" departDelay="0.00" arrival="126.30" arrivalLane="ce_0" arrivalPos="192.80" arrivalSpeed="10.00" duration="98.30" routeLength="394.90" waitingTime="3.60" waitingCount="36" stopTime="0.00" timeLoss="58.79" rerouteNo="0" devices="tripinfo_34" vType="typeCar@34" speedFactor="1.00" vaporized=""/>
    <tripinfo id="52" depart="44.00" departLane="nc_0" departPos="5.10" departSpeed="10.00" departDelay="0.00" arrival="129.20" arrivalLane="cs_0" arrivalPos="192.80" arrivalSpeed="10.00" duration="85.20" routeLength="394.90" waitingTime="1.40" waitingCount="14" stopTime="0.00" timeLoss="45.62" rerouteNo="0" devices="tripinfo_52" vType="typeCar@52" speedFactor="1.00" vaporized=""/>
    <tripinfo id="54" depart="45.00" departLane="nc_0" departPos="5.10" departSpeed="10.00" departDelay="0.00" arrival="135.90" arrivalLane="cs_0" arrivalPos="192.80" arrivalSpeed="10.00" duration="90.90" routeLength="394.90" waitingTime="1.80" waitingCount="18" stopTime="0.00" timeLoss="51.40" rerouteNo="0" devices="tripinfo_54" vType="typeCar@54" speedFactor="1.00" vaporized=""/>
    <tripinfo id="55" depart="46.00" departLane="nc_0" departPos="5.10" departSpeed="10.00" departDelay="0.00" arrival="136.90" arrivalLane="cs_0" arrivalPos="192.80" arrivalSpeed="10.00" duration="90.90" routeLength="394.90" waitingTime="2.00" waitingCount="20" stopTime="0.00" timeLoss="51.42" rerouteNo="0" devices="tripinfo_55" vType="typeCar@55" speedFactor="1.00" vaporized=""/>
    <tripinfo id="35" depart="29.00" departLane="wc_0" departPos="5.10" departSpeed="10.00" departDelay="0.00" arrival="138.60" arrivalLane="ce_0" arrivalPos="192.80" arrivalSpeed="10.00" duration="109.60" routeLength="394.90" waitingTime="3.80" waitingCount="38" stopTime="0.00" timeLoss="70.05" rerouteNo="0" devices="tripinfo_35" vType="typeCar@35" speedFactor="1.00" vaporized=""/>
    <tripinfo id="39" depart="33.00" departLane="wc_0" departPos="5.10" departSpeed="10.00" departDelay="0.00" arrival="141.80" arrivalLane="ce_0" arrivalPos="192.80" arrivalSpeed="10.00" duration="108.80" routeLength="394.90" waitingTime="3.50" waitingCount="35" stopTime="0.00" timeLoss="69.24" rerouteNo="0" devices="tripinfo_39" vType="typeCar@39" speedFactor="1.00" vaporized=""/>
    <tripinfo id="57" depart="47.00" departLane="nc_0" departPos="5.10" departSpeed="10.00" departDelay="0.00" arrival="143.30" arrivalLane="cs_0" arrivalPos="192.80" arrivalSpeed="10.00" duration="96.30" routeLength="394.90" waitingTime="1.90" waitingCount="19" stopTime="0.00" timeLoss="56.72" rerouteNo="0" devices="tripinfo_57" vType="typeCar@57" speedFactor="1.00" vaporized=""/>
    <tripinfo id="58" depart="48.00" departLane="nc_0" departPos="5.10" departSpeed="10.00" departDelay="0.00" arrival="144.30" arrivalLane="cs_0" arrivalPos="192.80" arrivalSpeed="10.00" duration="96.30" routeLength="394.90" waitingTime="2.00" waitingCount="20" stopTime="0.00" timeLoss="56.75" rerouteNo="0" devices="tripinfo_58" vType="typeCar@58" speedFactor="1.00" vaporized=""/>
    <tripinfo id="42" depart="35.00" departLane="wc_0" departPos="5.10" departSpeed="10.00" departDelay="0.00" arrival="145.90" arrivalLane="ce_0" arrivalPos="192.80" arrivalSpeed="10.00" duration="110.90" routeLength="394.90" waitingTime="3.40" waitingCount="34" stopTime="0.00" timeLoss="71.34" rerouteNo="0" devices="tripinfo_42" vType="typeCar@42" speedFactor="1.00" vaporized=""/>
    <tripinfo id="46" depart="39.00" departLane="wc_0" departPos="5.10" departSpeed="10.00" departDelay="0.00" arrival="146.90" arrivalLane="ce_0" arrivalPos="192.80" arrivalSpeed="10.00" duration="107.90" routeLength="394.90" waitingTime="3.00" waitingCount="30" stopTime="0.00" timeLoss="68.39" rerouteNo="0" devices="tripinfo_46" vType="typeCar@46" speedFactor="1.00" vaporized=""/>
    <tripinfo id="60" depart="51.00" departLane="nc_0" departPos="5.10" departSpeed="10.00" departDelay="0.00" arrival="150.80" arrivalLane="cs_0" arrivalPos="192.80" arrivalSpeed="10.00" duration="99.80" routeLength="394.90" waitingTime="2.10" waitingCount="21" stopTime="0.00" timeLoss="60.29" rerouteNo="0" devices="tripinfo_60" vType="typeCar@60" speedFactor="1.00" vaporized=""/>
    <tripinfo id="62" depart="52.00" departLane="nc_0" departPos="5.10" departSpeed="10.00" departDelay="0.00" arrival="157.40" arrivalLane="cs_0" arrivalPos="192.80" arrivalSpeed="10.00" duration="105.40" routeLength="394.90" waitingTime="2.10" waitingCount="21" stopTime="0.00" timeLoss="65.90" rerouteNo="0" devices="tripinfo_62" vType="typeCar@62" speedFactor="1.00" vaporized=""/>
    <tripinfo id="64" depart="53.00" departLane="nc_0" departPos="5.10" departSpeed="10.00" departDelay="0.00" arrival="158.40" arrivalLane="cs_0" arrivalPos="192.80" arrivalSpeed="10.00" duration="105.40" routeLength="394.90" waitingTime="2.20" waitingCount="22" stopTime="0.00" timeLoss="65.83" rerouteNo="0" devices="tripinfo_64" vType="typeCar@64" speedFactor="1.00" vaporized=""/>
    <tripinfo id="65" depart="55.00" departLane="nc_0" departPos="5.10" departSpeed="10.00" departDelay="0.00" arrival="159.40" arrivalLane="cs_0" arrivalPos="192.80" arrivalSpeed="10.00" duration="104.40" routeLength="394.90" waitingTime="2.20" waitingCount="22" stopTime="0.00" timeLoss="64.83" rerouteNo="0" devices="tripinfo_65" vType="typeCar@65" speedFactor="1.00" vaporized=""/>
    <tripinfo id="66" depart="56.00" departLane="nc_0" departPos="5.10" departSpeed="10.00" departDelay="0.00" arrival="163.00" arrivalLane="cs_0" arrivalPos="192.80" arrivalSpeed="10.00" duration="107.00" routeLength="394.90" waitingTime="2.60" waitingCount="26" stopTime="0.00" timeLoss="67.50" rerouteNo="0" devices="tripinfo_66" vType="typeCar@66" speedFactor="1.00" vaporized=""/>
    <tripinfo id="51" depart="44.00" departLane="wc_0" departPos="5.10" departSpeed="10.00" departDelay="0.00" arrival="165.00" arrivalLane="ce_0" arrivalPos="192.80" arrivalSpeed="10.00" duration="121.00" routeLength="394.90" waitingTime="2.30" waitingCount="23" stopTime="0.00" timeLoss="81.44" rerouteNo="0" devices="tripinfo_51" vType="typeCar@51" speedFactor="1.00" vaporized=""/>
    <tripinfo id="53" depart="45.00" departLane="wc_0" departPos="5.10" departSpeed="10.00" departDelay="0.00" arrival="165.80" arrivalLane="ce_0" arrivalPos="192.80" arrivalSpeed="10.00" duration="120.80" routeLength="394.90" waitingTime="3.00" waitingCount="30" stopTime="0.00" timeLoss="81.27" rerouteNo="0" devices="tripinfo_53" vType="typeCar@53" speedFactor="1.00" vaporized=""/>
    <tripinfo id="68" depart="58.00" departLane="nc_0" departPos="5.10" departSpeed="3.00" departDelay="0.00" arrival="167.30" arrivalLane="cs_0" arrivalPos="192.80" arrivalSpeed="10.00" duration="109.30" routeLength="394.90" waitingTime="3.30" waitingCount="33" stopTime="0.00" timeLoss="69.80" rerouteNo="0" devices="tripinfo_68" vType="typeCar@68" speedFactor="1.00" vaporized=""/>
    <tripinfo id="69" depart="59.30" departLane="nc_0" departPos="5.10" departSpeed="4.50" departDelay="0.30" arrival="168.50" arrivalLane="cs_0" arrivalPos="192.80" arrivalSpeed="10.00" duration="109.20" routeLength="394.90" waitingTime="3.60" waitingCount="36" stopTime="0.00" timeLoss="69.67" rerouteNo="0" devices="tripinfo_69" vType="typeCar@69" speedFactor="1.00" vaporized=""/>
    <tripinfo id="70" depart="63.00" departLane="nc_0" departPos="5.10" departSpeed="4.40" departDelay="3.00" arrival="169.80" arrivalLane="cs_0" arrivalPos="192.80" arrivalSpeed="10.00" duration="106.80" routeLength="394.90" waitingTime="3.90" waitingCount="39" stopTime="0.00" timeLoss="67.26" rerouteNo="0" devices="tripinfo_70" vType="typeCar@70" speedFactor="1.00" vaporized=""/>
    <tripinfo id="71" depart="64.40" departLane="nc_0" departPos="5.10" departSpeed="6.20" departDelay="3.40" arrival="172.50" arrivalLane="cs_0" arrivalPos="192.80" arrivalSpeed="10.00" duration="108.10" routeLength="394.90" waitingTime="4.20" waitingCount="42" stopTime="0.00" timeLoss="68.58" rerouteNo="0" devices="tripinfo_71" vType="typeCar@71" speedFactor="1.00" vaporized=""/>
    <tripinfo id="56" depart="47.00" departLane="wc_0" departPos="5.10" departSpeed="10.00" departDelay="0.00" arrival="174.40" arrivalLane="ce_0" arrivalPos="192.80" arrivalSpeed="10.00" duration="127.40" routeLength="394.90" waitingTime="3.10" waitingCount="31" stopTime="0.00" timeLoss="87.83" rerouteNo="0" devices="tripinfo_56" vType="typeCar@56" speedFactor="1.00" vaporized=""/>
    <tripinfo id="73" depart="68.50" departLane="nc_0" departPos="5.10" departSpeed="0.10" departDelay="6.50" arrival="182.50" arrivalLane="cs_0" arrivalPos="192.80" arrivalSpeed="10.00" duration="114.00" routeLength="394.90" waitingTime="5.10" waitingCount="41" stopTime="0.00" timeLoss="74.44" rerouteNo="0" devices="tripinfo_73" vType="typeCar@73" speedFactor="1.00" vaporized=""/>
    <tripinfo id="75" depart="76.20" departLane="nc_0" departPos="5.10" departSpeed="1.21" departDelay="11.20" arrival="183.50" arrivalLane="cs_0" arrivalPos="192.80" arrivalSpeed="10.00" duration="107.30" routeLength="394.90" waitingTime="4.00" waitingCount="40" stopTime="0.00" timeLoss="67.79" rerouteNo="0" devices="tripinfo_75" vType="typeCar@75" speedFactor="1.00" vaporized=""/>
    <tripinfo id="77" depart="81.00" departLane="nc_0" departPos="5.10" departSpeed="5.50" departDelay="14.00" arrival="184.60" arrivalLane="cs_0" arrivalPos="192.80" arrivalSpeed="10.00" duration="103.60" routeLength="394.90" waitingTime="3.70" waitingCount="37" stopTime="0.00" timeLoss="64.08" rerouteNo="0" devices="tripinfo_77" vType="typeCar@77" speedFactor="1.00" vaporized=""/>
    <tripinfo id="79" depart="82.10" departLane="nc_0" departPos="5.10" departSpeed="5.60" departDelay="13.10" arrival="186.40" arrivalLane="cs_0" arrivalPos="192.80" arrivalSpeed="10.00" duration="104.30" routeLength="394.90" waitingTime="4.00" waitingCount="40" stopTime="0.00" timeLoss="64.83" rerouteNo="0" devices="tripinfo_79" vType="typeCar@79" speedFactor="1.00" vaporized=""/>
    <tripinfo id="80" depart="87.70" departLane="nc_0" departPos="5.10" departSpeed="0.80" departDelay="17.70" arrival="187.60" arrivalLane="cs_0" arrivalPos="192.80" arrivalSpeed="10.00" duration="99.90" routeLength="394.90" waitingTime="4.00" waitingCount="37" stopTime="0.00" timeLoss="60.38" rerouteNo="0" devices="tripinfo_80" vType="typeCar@80" speedFactor="1.00" vaporized=""/>
    <tripinfo id="82" depart="93.00" departLane="nc_0" departPos="5.10" departSpeed="4.80" departDelay="21.00" arrival="189.40" arrivalLane="cs_0" arrivalPos="192.80" arrivalSpeed="10.00" duration="96.40" routeLength="394.90" waitingTime="3.80" waitingCount="38" stopTime="0.00" timeLoss="56.92" rerouteNo="0" devices="tripinfo_82" vType="typeCar@82" speedFactor="1.00" vaporized=""/>
    <tripinfo id="84" depart="99.20" departLane="nc_0" departPos="5.10" departSpeed="2.60" departDelay="25.20" arrival="190.90" arrivalLane="cs_0" arrivalPos="192.80" arrivalSpeed="10.00" duration="91.70" routeLength="394.90" waitingTime="3.50" waitingCount="35" stopTime="0.00" timeLoss="52.15" rerouteNo="0" devices="tripinfo_84" vType="typeCar@84" speedFactor="1.00" vaporized=""/>
    <tripinfo id="85" depart="104.50" departLane="nc_0" departPos="5.10" departSpeed="4.90" departDelay="29.50" arrival="191.90" arrivalLane="cs_0" arrivalPos="192.80" arrivalSpeed="10.00" duration="87.40" routeLength="394.90" waitingTime="3.30" waitingCount="33" stopTime="0.00" timeLoss="47.90" rerouteNo="0" devices="tripinfo_85" vType="typeCar@85" speedFactor="1.00" vaporized=""/>
    <tripinfo id="86" depart="110.00" departLane="nc_0" departPos="5.10" departSpeed="3.80" departDelay="34.00" arrival="193.00" arrivalLane="cs_0" arrivalPos="192.80" arrivalSpeed="10.00" duration="83.00" routeLength="394.90" waitingTime="3.00" waitingCount="30" stopTime="0.00" timeLoss="43.50" rerouteNo="0" devices="tripinfo_86" vType="typeCar@86" speedFactor="1.00" vaporized=""/>
    <tripinfo id="59" depart="50.00" departLane="wc_0" departPos="5.10" departSpeed="10.00" departDelay="0.00" arrival="195.00" arrivalLane="ce_0" arrivalPos="192.80" arrivalSpeed="10.00" duration="145.00" routeLength="394.90" waitingTime="4.30" waitingCount="43" stopTime="0.00" timeLoss="105.46" rerouteNo="0" devices="tripinfo_59" vType="typeCar@59" speedFactor="1.00" vaporized=""/>
    <tripinfo id="61" depart="52.00" departLane="wc_0" departPos="5.10" departSpeed="10.00" departDelay="0.00" arrival="196.10" arrivalLane="ce_0" arrivalPos="192.80" arrivalSpeed="10.00" duration="144.10" routeLength="394.90" waitingTime="4.90" waitingCount="49" stopTime="0.00" timeLoss="104.52" rerouteNo="0" devices="tripinfo_61" vType="typeCar@61" speedFactor="1.00" vaporized=""/>
    <tripinfo id="88" depart="111.70" departLane="nc_0" departPos="5.10" departSpeed="5.70" departDelay="34.70" arrival="197.60" arrivalLane="cs_0" arrivalPos="192.80" arrivalSpeed="10.00" duration="85.90" routeLength="394.90" waitingTime="3.20" waitingCount="32" stopTime="0.00" timeLoss="46.37" rerouteNo="0" devices="tripinfo_88" vType="typeCar@88" speedFactor="1.00" vaporized=""/>
    <tripinfo id="89" depart="112.80" departLane="nc_0" departPos="5.10" departSpeed="5.80" departDelay="34.80" arrival="198.60" arrivalLane="cs_0" arrivalPos="192.80" arrivalSpeed="10.00" duration="85.80" routeLength="394.90" waitingTime="3.50" waitingCount="35" stopTime="0.00" timeLoss="46.34" rerouteNo="0" devices="tripinfo_89" vType="typeCar@89" speedFactor="1.00" vaporized=""/>
    <tripinfo id="63" depart="53.00" departLane="wc_0" departPos="5.10" departSpeed="10.00" departDelay="0.00" arrival="200.20" arrivalLane="ce_0" arrivalPos="192.80" arrivalSpeed="10.00" duration="147.20" routeLength="394.90" waitingTime="5.80" waitingCount="58" stopTime="0.00" timeLoss="107.63" rerouteNo="0" devices="tripinfo_63" vType="typeCar@63" speedFactor="1.00" vaporized=""/>
    <tripinfo id="67" depart="58.00" departLane="wc_0" departPos="5.10" departSpeed="0.80" departDelay="0.00" arrival="201.20" arrivalLane="ce_0" arrivalPos="192.80" arrivalSpeed="10.00" duration="143.20" routeLength="394.90" waitingTime="5.40" waitingCount="54" stopTime="0.00" timeLoss="103.67" rerouteNo="0" devices="tripinfo_67" vType="typeCar@67" speedFactor="1.00" vaporized=""/>
    <tripinfo id="91" depart="117.60" departLane="nc_0" departPos="5.10" departSpeed="0.20" departDelay="38.60" arrival="202.70" arrivalLane="cs_0" arrivalPos="192.80" arrivalSpeed="10.00" duration="85.10" routeLength="394.90" waitingTime="4.00" waitingCount="32" stopTime="0.00" timeLoss="45.58" rerouteNo="0" devices="tripinfo_91" vType="typeCar@91" speedFactor="1.00" vaporized=""/>
    <tripinfo id="93" depart="126.40" departLane="nc_0" departPos="5.10" departSpeed="4.63" departDelay="46.40" arrival="203.80" arrivalLane="cs_0" arrivalPos="192.80" arrivalSpeed="10.00" duration="77.40" routeLength="394.90" waitingTime="2.30" waitingCount="23" stopTime="0.00" timeLoss="37.89" rerouteNo="0" devices="tripinfo_93" vType="typeCar@93" speedFactor="1.00" vaporized=""/>
    <tripinfo id="72" depart="62.00" departLane="wc_0" departPos="5.10" departSpeed="9.00" departDelay="0.00" arrival="205.30" arrivalLane="ce_0" arrivalPos="192.80" arrivalSpeed="10.00" duration="143.30" routeLength="394.90" waitingTime="5.70" waitingCount="57" stopTime="0.00" timeLoss="103.80" rerouteNo="0" devices="tripinfo_72" vType="typeCar@72" speedFactor="1.00" vaporized=""/>
    <tripinfo id="74" depart="63.00" departLane="wc_0" departPos="5.10" departSpeed="10.00" departDelay="0.00" arrival="206.40" arrivalLane="ce_0" arrivalPos="192.80" arrivalSpeed="10.00" duration="143.40" routeLength="394.90" waitingTime="6.10" waitingCount="61" stopTime="0.00" timeLoss="103.91" rerouteNo="0" devices="tripinfo_74" vType="typeCar@74" speedFactor="1.00" vaporized=""/>
    <tripinfo id="95" depart="131.10" departLane="nc_0" departPos="5.10" departSpeed="1.93" departDelay="49.10" arrival="208.00" arrivalLane="cs_0" arrivalPos="192.80" arrivalSpeed="10.00" duration="76.90" routeLength="394.90" waitingTime="1.90" waitingCount="19" stopTime="0.00" timeLoss="37.35" rerouteNo="0" devices="tripinfo_95" vType="typeCar@95" speedFactor="1.00" vaporized=""/>
    <tripinfo id="97" depart="133.50" departLane="nc_0" departPos="5.10" departSpeed="5.93" departDelay="50.50" arrival="209.00" arrivalLane="cs_0" arrivalPos="192.80" arrivalSpeed="10.00" duration="75.50" routeLength="394.90" waitingTime="2.10" waitingCount="21" stopTime="0.00" timeLoss="36.01" rerouteNo="0" devices="tripinfo_97" vType="typeCar@97" speedFactor="1.00" vaporized=""/>
    <tripinfo id="76" depart="67.00" departLane="wc_0" departPos="5.10" departSpeed="0.10" departDelay="0.00" arrival="210.60" arrivalLane="ce_0" arrivalPos="192.80" arrivalSpeed="10.00" duration="143.60" routeLength="394.90" waitingTime="5.10" waitingCount="51" stopTime="0.00" timeLoss="104.02" rerouteNo="0" devices="tripinfo_76" vType="typeCar@76" speedFactor="1.00" vaporized=""/>
    <tripinfo id="78" depart="69.00" departLane="wc_0" departPos="5.10" departSpeed="6.10" departDelay="1.00" arrival="211.60" arrivalLane="ce_0" arrivalPos="192.80" arrivalSpeed="10.00" duration="142.60" routeLength="394.90" waitingTime="6.60" waitingCount="66" stopTime="0.00" timeLoss="103.09" rerouteNo="0" devices="tripinfo_78" vType="typeCar@78" speedFactor="1.00" vaporized=""/>
    <tripinfo id="99" depart="134.50" departLane="nc_0" departPos="5.10" departSpeed="6.53" departDelay="50.50" arrival="213.10" arrivalLane="cs_0" arrivalPos="192.80" arrivalSpeed="10.00" duration="78.60" routeLength="394.90" waitingTime="2.20" waitingCount="22" stopTime="0.00" timeLoss="39.11" rerouteNo="0" devices="tripinfo_99" vType="typeCar@99" speedFactor="1.00" vaporized=""/>
    <tripinfo id="100" depart="138.80" departLane="nc_0" departPos="5.10" departSpeed="0.23" departDelay="53.80" arrival="214.30" arrivalLane="cs_0" arrivalPos="192.80" arrivalSpeed="10.00" duration="75.50" routeLength="394.90" waitingTime="2.80" waitingCount="18" stopTime="0.00" timeLoss="35.99" rerouteNo="0" devices="tripinfo_100" vType="typeCar@100" speedFactor="1.00" vaporized=""/>
    <tripinfo id="81" depart="71.00" departLane="wc_0" departPos="5.10" departSpeed="0.10" departDelay="0.00" arrival="215.80" arrivalLane="ce_0" arrivalPos="192.80" arrivalSpeed="10.00" duration="144.80" routeLength="394.90" waitingTime="7.40" waitingCount="74" stopTime="0.00" timeLoss="105.30" rerouteNo="0" devices="tripinfo_81" vType="typeCar@81" speedFactor="1.00" vaporized=""/>
    <tripinfo id="83" depart="77.40" departLane="wc_0" departPos="5.10" departSpeed="1.70" departDelay="3.40" arrival="216.90" arrivalLane="ce_0" arrivalPos="192.80" arrivalSpeed="10.00" duration="139.50" routeLength="394.90" waitingTime="6.70" waitingCount="66" stopTime="0.00" timeLoss="100.01" rerouteNo="0" devices="tripinfo_83" vType="typeCar@83" speedFactor="1.00" vaporized=""/>
    <tripinfo id="101" depart="145.90" departLane="nc_0" departPos="5.10" departSpeed="5.15" departDelay="58.90" arrival="218.50" arrivalLane="cs_0" arrivalPos="192.80" arrivalSpeed="10.00" duration="72.60" routeLength="394.90" waitingTime="1.50" waitingCount="15" stopTime="0.00" timeLoss="33.07" rerouteNo="0" devices="tripinfo_101" vType="typeCar@101" speedFactor="1.00" vaporized=""/>
    <tripinfo id="103" depart="148.50" departLane="nc_0" departPos="5.10" departSpeed="0.15" departDelay="60.50" arrival="219.70" arrivalLane="cs_0" arrivalPos="192.80" arrivalSpeed="10.00" duration="71.20" routeLength="394.90" waitingTime="2.60" waitingCount="15" stopTime="0.00" timeLoss="31.63" rerouteNo="0" devices="tripinfo_103" vType="typeCar@103" speedFactor="1.00" vaporized=""/>
    <tripinfo id="87" depart="83.90" departLane="wc_0" departPos="5.10" departSpeed="2.28" departDelay="6.90" arrival="221.20" arrivalLane="ce_0" arrivalPos="192.80" arrivalSpeed="10.00" duration="137.30" routeLength="394.90" waitingTime="6.80" waitingCount="68" stopTime="0.00" timeLoss="97.75" rerouteNo="0" devices="tripinfo_87" vType="typeCar@87" speedFactor="1.00" vaporized=""/>
    <tripinfo id="90" depart="89.00" departLane="wc_0" departPos="5.10" departSpeed="1.58" departDelay="10.00" arrival="222.30" arrivalLane="ce_0" arrivalPos="192.80" arrivalSpeed="10.00" duration="133.30" routeLength="394.90" waitingTime="7.30" waitingCount="68" stopTime="0.00" timeLoss="93.81" rerouteNo="0" devices="tripinfo_90" vType="typeCar@90" speedFactor="1.00" vaporized=""/>
    <tripinfo id="104" depart="152.50" departLane="nc_0" departPos="5.10" departSpeed="6.01" departDelay="63.50" arrival="223.90" arrivalLane="cs_0" arrivalPos="192.80" arrivalSpeed="10.00" duration="71.40" routeLength="394.90" waitingTime="1.40" waitingCount="14" stopTime="0.00" timeLoss="31.87" rerouteNo="0" devices="tripinfo_104" vType="typeCar@104" speedFactor="1.00" vaporized=""/>
    <tripinfo id="105" depart="153.50" departLane="nc_0" departPos="5.10" departSpeed="7.41" departDelay="63.50" arrival="224.90" arrivalLane="cs_0" arrivalPos="192.80" arrivalSpeed="10.00" duration="71.40" routeLength="394.90" waitingTime="1.60" waitingCount="16" stopTime="0.00" timeLoss="31.88" rerouteNo="0" devices="tripinfo_105" vType="typeCar@105" speedFactor="1.00" vaporized=""/>
    <tripinfo id="92" depart="97.50" departLane="wc_0" departPos="5.10" departSpeed="0.24" departDelay="17.50" arrival="226.50" arrivalLane="ce_0" arrivalPos="192.80" arrivalSpeed="10.00" duration="129.00" routeLength="394.90" waitingTime="6.10" waitingCount="53" stopTime="0.00" timeLoss="89.43" rerouteNo="0" devices="tripinfo_92" vType="typeCar@92" speedFactor="1.00" vaporized=""/>
    <tripinfo id="94" depart="103.40" departLane="wc_0" departPos="5.10" departSpeed="3.80" departDelay="22.40" arrival="227.60" arrivalLane="ce_0" arrivalPos="192.80" arrivalSpeed="10.00" duration="124.20" routeLength="394.90" waitingTime="5.40" waitingCount="54" stopTime="0.00" timeLoss="84.68" rerouteNo="0" devices="tripinfo_94" vType="typeCar@94" speedFactor="1.00" vaporized=""/>
    <tripinfo id="106" depart="154.40" departLane="nc_0" departPos="5.10" departSpeed="8.51" departDelay="63.40" arrival="229.10" arrivalLane="cs_0" arrivalPos="192.80" arrivalSpeed="10.00" duration="74.70" routeLength="394.90" waitingTime="1.60" waitingCount="16" stopTime="0.00" timeLoss="35.17" rerouteNo="0" devices="tripinfo_106" vType="typeCar@106" speedFactor="1.00" vaporized=""/>
    <tripinfo id="107" depart="155.40" departLane="nc_0" departPos="5.10" departSpeed="3.51" departDelay="63.40" arrival="230.10" arrivalLane="cs_0" arrivalPos="192.80" arrivalSpeed="10.00" duration="74.70" routeLength="394.90" waitingTime="2.10" waitingCount="21" stopTime="0.00" timeLoss="35.20" rerouteNo="0" devices="tripinfo_107" vType="typeCar@107" speedFactor="1.00" vaporized=""/>
    <tripinfo id="96" depart="107.40" departLane="wc_0" departPos="5.10" departSpeed="3.80" departDelay="24.40" arrival="231.70" arrivalLane="ce_0" arrivalPos="192.80" arrivalSpeed="10.00" duration="124.30" routeLength="394.90" waitingTime="6.20" waitingCount="62" stopTime="0.00" timeLoss="84.73" rerouteNo="0" devices="tripinfo_96" vType="typeCar@96" speedFactor="1.00" vaporized=""/>
    <tripinfo id="98" depart="112.00" departLane="wc_0" departPos="5.10" departSpeed="1.60" departDelay="28.00" arrival="232.80" arrivalLane="ce_0" arrivalPos="192.80" arrivalSpeed="10.00" duration="120.80" routeLength="394.90" waitingTime="6.00" waitingCount="60" stopTime="0.00" timeLoss="81.29" rerouteNo="0" devices="tripinfo_98" vType="typeCar@98" speedFactor="1.00" vaporized=""/>
    <tripinfo id="108" depart="164.20" departLane="nc_0" departPos="5.10" departSpeed="2.71" departDelay="71.20" arrival="234.30" arrivalLane="cs_0" arrivalPos="192.80" arrivalSpeed="10.00" duration="70.10" routeLength="394.90" waitingTime="1.10" waitingCount="11" stopTime="0.00" timeLoss="30.63" rerouteNo="0" devices="tripinfo_108" vType="typeCar@108" speedFactor="1.00" vaporized=""/>
    <tripinfo id="110" depart="166.50" departLane="nc_0" departPos="5.10" departSpeed="5.61" departDelay="72.50" arrival="235.40" arrivalLane="cs_0" arrivalPos="192.80" arrivalSpeed="10.00" duration="68.90" routeLength="394.90" waitingTime="1.20" waitingCount="12" stopTime="0.00" timeLoss="29.37" rerouteNo="0" devices="tripinfo_110" vType="typeCar@110" speedFactor="1.00" vaporized=""/>
    <tripinfo id="102" depart="118.90" departLane="wc_0" departPos="5.10" departSpeed="1.10" departDelay="30.90" arrival="236.90" arrivalLane="ce_0" arrivalPos="192.80" arrivalSpeed="10.00" duration="118.00" routeLength="394.90" waitingTime="6.90" waitingCount="64" stopTime="0.00" timeLoss="78.47" rerouteNo="0" devices="tripinfo_102" vType="typeCar@102" speedFactor="1.00" vaporized=""/>
    <tripinfo id="109" depart="124.60" departLane="wc_0" departPos="5.10" departSpeed="2.46" departDelay="30.60" arrival="238.00" arrivalLane="ce_0" arrivalPos="192.80" arrivalSpeed="10.00" duration="113.40" routeLength="394.90" waitingTime="6.30" waitingCount="63" stopTime="0.00" timeLoss="73.90" rerouteNo="0" devices="tripinfo_109" vType="typeCar@109" speedFactor="1.00" vaporized=""/>
    <tripinfo id="111" depart="167.60" departLane="nc_0" departPos="5.10" departSpeed="7.31" departDelay="72.60" arrival="239.60" arrivalLane="cs_0" arrivalPos="192.80" arrivalSpeed="10.00" duration="72.00" routeLength="394.90" waitingTime="1.60" waitingCount="16" stopTime="0.00" timeLoss="32.49" rerouteNo="0" devices="tripinfo_111" vType="typeCar@111" speedFactor="1.00" vaporized=""/>
    <tripinfo id="113" depart="168.50" departLane="nc_0" departPos="5.10" departSpeed="8.41" departDelay="70.50" arrival="240.60" arrivalLane="cs_0" arrivalPos="192.80" arrivalSpeed="10.00" duration="72.10" routeLength="394.90" waitingTime="1.60" waitingCount="16" stopTime="0.00" timeLoss="32.60" rerouteNo="0" devices="tripinfo_113" vType="typeCar@113" speedFactor="1.00" vaporized=""/>
    <tripinfo id="112" depart="129.20" departLane="wc_0" departPos="5.10" departSpeed="5.22" departDelay="33.20" arrival="242.20" arrivalLane="ce_0" arrivalPos="192.80" arrivalSpeed="10.00" duration="113.00" routeLength="394.90" waitingTime="5.70" waitingCount="57" stopTime="0.00" timeLoss="73.50" rerouteNo="0" devices="tripinfo_112" vType="typeCar@112" speedFactor="1.00" vaporized=""/>
</tripinfos>
