<?xml version="1.0" encoding="UTF-8"?>

<!-- generated on 2022-11-30 12:18:06 by Eclipse SUMO sumo Version 1.14.1
<configuration xmlns:xsi="http://www.w3.org/2001/XMLSchema-instance" xsi:noNamespaceSchemaLocation="http://sumo.dlr.de/xsd/sumoConfiguration.xsd">

    <input>
        <net-file value="net.net.xml"/>
        <route-files value="routes.rou.xml"/>
    </input>

    <output>
        <tripinfo-output value="raw_data/(7,4,0)tripinfo.xml"/>
    </output>

    <time>
        <begin value="0"/>
        <step-length value="0.1"/>
    </time>

    <processing>
        <extrapolate-departpos value="true"/>
        <route-steps value="0"/>
        <ignore-route-errors value="true"/>
        <collision.action value="warn"/>
        <collision.stoptime value="1"/>
        <collision.mingap-factor value="0.1"/>
    </processing>

    <report>
        <verbose value="false"/>
        <log value="log.txt"/>
        <duration-log.statistics value="true"/>
        <no-step-log value="true"/>
    </report>

    <traci_server>
        <remote-port value="62491"/>
    </traci_server>

    <gui_only>
        <quit-on-end value="true"/>
        <start value="true"/>
    </gui_only>

</configuration>
-->

<tripinfos xmlns:xsi="http://www.w3.org/2001/XMLSchema-instance" xsi:noNamespaceSchemaLocation="http://sumo.dlr.de/xsd/tripinfo_file.xsd">
    <tripinfo id="0" depart="0.00" departLane="nc_0" departPos="5.10" departSpeed="10.00" departDelay="0.00" arrival="39.50" arrivalLane="cs_0" arrivalPos="192.80" arrivalSpeed="10.00" duration="39.50" routeLength="394.90" waitingTime="0.00" waitingCount="0" stopTime="0.00" timeLoss="0.00" rerouteNo="0" devices="tripinfo_0" vType="typeCar@0" speedFactor="1.00" vaporized=""/>
    <tripinfo id="2" depart="1.00" departLane="nc_0" departPos="5.10" departSpeed="10.00" departDelay="0.00" arrival="40.50" arrivalLane="cs_0" arrivalPos="192.80" arrivalSpeed="10.00" duration="39.50" routeLength="394.90" waitingTime="0.00" waitingCount="0" stopTime="0.00" timeLoss="0.00" rerouteNo="0" devices="tripinfo_2" vType="typeCar@2" speedFactor="1.00" vaporized=""/>
    <tripinfo id="3" depart="2.00" departLane="nc_0" departPos="5.10" departSpeed="10.00" departDelay="0.00" arrival="41.50" arrivalLane="cs_0" arrivalPos="192.80" arrivalSpeed="10.00" duration="39.50" routeLength="394.90" waitingTime="0.00" waitingCount="0" stopTime="0.00" timeLoss="0.00" rerouteNo="0" devices="tripinfo_3" vType="typeCar@3" speedFactor="1.00" vaporized=""/>
    <tripinfo id="4" depart="3.00" departLane="nc_0" departPos="5.10" departSpeed="10.00" departDelay="0.00" arrival="42.50" arrivalLane="cs_0" arrivalPos="192.80" arrivalSpeed="10.00" duration="39.50" routeLength="394.90" waitingTime="0.00" waitingCount="0" stopTime="0.00" timeLoss="0.00" rerouteNo="0" devices="tripinfo_4" vType="typeCar@4" speedFactor="1.00" vaporized=""/>
    <tripinfo id="5" depart="4.00" departLane="nc_0" departPos="5.10" departSpeed="10.00" departDelay="0.00" arrival="43.50" arrivalLane="cs_0" arrivalPos="192.80" arrivalSpeed="10.00" duration="39.50" routeLength="394.90" waitingTime="0.00" waitingCount="0" stopTime="0.00" timeLoss="0.00" rerouteNo="0" devices="tripinfo_5" vType="typeCar@5" speedFactor="1.00" vaporized=""/>
    <tripinfo id="7" depart="5.00" departLane="nc_0" departPos="5.10" departSpeed="10.00" departDelay="0.00" arrival="44.50" arrivalLane="cs_0" arrivalPos="192.80" arrivalSpeed="10.00" duration="39.50" routeLength="394.90" waitingTime="0.00" waitingCount="0" stopTime="0.00" timeLoss="0.00" rerouteNo="0" devices="tripinfo_7" vType="typeCar@7" speedFactor="1.00" vaporized=""/>
    <tripinfo id="9" depart="6.00" departLane="nc_0" departPos="5.10" departSpeed="10.00" departDelay="0.00" arrival="45.50" arrivalLane="cs_0" arrivalPos="192.80" arrivalSpeed="10.00" duration="39.50" routeLength="394.90" waitingTime="0.00" waitingCount="0" stopTime="0.00" timeLoss="0.00" rerouteNo="0" devices="tripinfo_9" vType="typeCar@9" speedFactor="1.00" vaporized=""/>
    <tripinfo id="10" depart="7.00" departLane="nc_0" departPos="5.10" departSpeed="10.00" departDelay="0.00" arrival="46.50" arrivalLane="cs_0" arrivalPos="192.80" arrivalSpeed="10.00" duration="39.50" routeLength="394.90" waitingTime="0.00" waitingCount="0" stopTime="0.00" timeLoss="0.00" rerouteNo="0" devices="tripinfo_10" vType="typeCar@10" speedFactor="1.00" vaporized=""/>
    <tripinfo id="12" depart="8.00" departLane="nc_0" departPos="5.10" departSpeed="10.00" departDelay="0.00" arrival="47.50" arrivalLane="cs_0" arrivalPos="192.80" arrivalSpeed="10.00" duration="39.50" routeLength="394.90" waitingTime="0.00" waitingCount="0" stopTime="0.00" timeLoss="0.00" rerouteNo="0" devices="tripinfo_12" vType="typeCar@12" speedFactor="1.00" vaporized=""/>
    <tripinfo id="13" depart="9.00" departLane="nc_0" departPos="5.10" departSpeed="10.00" departDelay="0.00" arrival="48.50" arrivalLane="cs_0" arrivalPos="192.80" arrivalSpeed="10.00" duration="39.50" routeLength="394.90" waitingTime="0.00" waitingCount="0" stopTime="0.00" timeLoss="0.00" rerouteNo="0" devices="tripinfo_13" vType="typeCar@13" speedFactor="1.00" vaporized=""/>
    <tripinfo id="14" depart="10.00" departLane="nc_0" departPos="5.10" departSpeed="10.00" departDelay="0.00" arrival="49.50" arrivalLane="cs_0" arrivalPos="192.80" arrivalSpeed="10.00" duration="39.50" routeLength="394.90" waitingTime="0.00" waitingCount="0" stopTime="0.00" timeLoss="0.00" rerouteNo="0" devices="tripinfo_14" vType="typeCar@14" speedFactor="1.00" vaporized=""/>
    <tripinfo id="16" depart="11.00" departLane="nc_0" departPos="5.10" departSpeed="10.00" departDelay="0.00" arrival="50.50" arrivalLane="cs_0" arrivalPos="192.80" arrivalSpeed="10.00" duration="39.50" routeLength="394.90" waitingTime="0.00" waitingCount="0" stopTime="0.00" timeLoss="0.00" rerouteNo="0" devices="tripinfo_16" vType="typeCar@16" speedFactor="1.00" vaporized=""/>
    <tripinfo id="17" depart="12.00" departLane="nc_0" departPos="5.10" departSpeed="10.00" departDelay="0.00" arrival="51.50" arrivalLane="cs_0" arrivalPos="192.80" arrivalSpeed="10.00" duration="39.50" routeLength="394.90" waitingTime="0.00" waitingCount="0" stopTime="0.00" timeLoss="0.00" rerouteNo="0" devices="tripinfo_17" vType="typeCar@17" speedFactor="1.00" vaporized=""/>
    <tripinfo id="19" depart="13.00" departLane="nc_0" departPos="5.10" departSpeed="10.00" departDelay="0.00" arrival="53.20" arrivalLane="cs_0" arrivalPos="192.80" arrivalSpeed="10.00" duration="40.20" routeLength="394.90" waitingTime="0.00" waitingCount="0" stopTime="0.00" timeLoss="0.67" rerouteNo="0" devices="tripinfo_19" vType="typeCar@19" speedFactor="1.00" vaporized=""/>
    <tripinfo id="1" depart="1.00" departLane="wc_0" departPos="5.10" departSpeed="10.00" departDelay="0.00" arrival="56.00" arrivalLane="ce_0" arrivalPos="192.80" arrivalSpeed="10.00" duration="55.00" routeLength="394.90" waitingTime="0.00" waitingCount="0" stopTime="0.00" timeLoss="15.42" rerouteNo="0" devices="tripinfo_1" vType="typeCar@1" speedFactor="1.00" vaporized=""/>
    <tripinfo id="20" depart="14.00" departLane="nc_0" departPos="5.10" departSpeed="10.00" departDelay="0.00" arrival="58.50" arrivalLane="cs_0" arrivalPos="192.80" arrivalSpeed="10.00" duration="44.50" routeLength="394.90" waitingTime="0.00" waitingCount="0" stopTime="0.00" timeLoss="5.02" rerouteNo="0" devices="tripinfo_20" vType="typeCar@20" speedFactor="1.00" vaporized=""/>
    <tripinfo id="22" depart="17.00" departLane="nc_0" departPos="5.10" departSpeed="10.00" departDelay="0.00" arrival="59.70" arrivalLane="cs_0" arrivalPos="192.80" arrivalSpeed="10.00" duration="42.70" routeLength="394.90" waitingTime="0.00" waitingCount="0" stopTime="0.00" timeLoss="3.19" rerouteNo="0" devices="tripinfo_22" vType="typeCar@22" speedFactor="1.00" vaporized=""/>
    <tripinfo id="23" depart="18.00" departLane="nc_0" departPos="5.10" departSpeed="10.00" departDelay="0.00" arrival="61.30" arrivalLane="cs_0" arrivalPos="192.80" arrivalSpeed="10.00" duration="43.30" routeLength="394.90" waitingTime="0.00" waitingCount="0" stopTime="0.00" timeLoss="3.77" rerouteNo="0" devices="tripinfo_23" vType="typeCar@23" speedFactor="1.00" vaporized=""/>
    <tripinfo id="24" depart="19.00" departLane="nc_0" departPos="5.10" departSpeed="10.00" departDelay="0.00" arrival="62.40" arrivalLane="cs_0" arrivalPos="192.80" arrivalSpeed="10.00" duration="43.40" routeLength="394.90" waitingTime="0.00" waitingCount="0" stopTime="0.00" timeLoss="3.88" rerouteNo="0" devices="tripinfo_24" vType="typeCar@24" speedFactor="1.00" vaporized=""/>
    <tripinfo id="25" depart="20.00" departLane="nc_0" departPos="5.10" departSpeed="10.00" departDelay="0.00" arrival="64.40" arrivalLane="cs_0" arrivalPos="192.80" arrivalSpeed="10.00" duration="44.40" routeLength="394.90" waitingTime="0.00" waitingCount="0" stopTime="0.00" timeLoss="4.86" rerouteNo="0" devices="tripinfo_25" vType="typeCar@25" speedFactor="1.00" vaporized=""/>
    <tripinfo id="6" depart="5.00" departLane="wc_0" departPos="5.10" departSpeed="10.00" departDelay="0.00" arrival="66.60" arrivalLane="ce_0" arrivalPos="192.80" arrivalSpeed="10.00" duration="61.60" routeLength="394.90" waitingTime="0.10" waitingCount="1" stopTime="0.00" timeLoss="22.11" rerouteNo="0" devices="tripinfo_6" vType="typeCar@6" speedFactor="1.00" vaporized=""/>
    <tripinfo id="27" depart="21.00" departLane="nc_0" departPos="5.10" departSpeed="10.00" departDelay="0.00" arrival="68.10" arrivalLane="cs_0" arrivalPos="192.80" arrivalSpeed="10.00" duration="47.10" routeLength="394.90" waitingTime="0.00" waitingCount="0" stopTime="0.00" timeLoss="7.56" rerouteNo="0" devices="tripinfo_27" vType="typeCar@27" speedFactor="1.00" vaporized=""/>
    <tripinfo id="29" depart="22.00" departLane="nc_0" departPos="5.10" departSpeed="10.00" departDelay="0.00" arrival="69.50" arrivalLane="cs_0" arrivalPos="192.80" arrivalSpeed="10.00" duration="47.50" routeLength="394.90" waitingTime="0.10" waitingCount="1" stopTime="0.00" timeLoss="7.96" rerouteNo="0" devices="tripinfo_29" vType="typeCar@29" speedFactor="1.00" vaporized=""/>
    <tripinfo id="31" depart="23.00" departLane="nc_0" departPos="5.10" departSpeed="10.00" departDelay="0.00" arrival="70.50" arrivalLane="cs_0" arrivalPos="192.80" arrivalSpeed="10.00" duration="47.50" routeLength="394.90" waitingTime="0.20" waitingCount="2" stopTime="0.00" timeLoss="7.99" rerouteNo="0" devices="tripinfo_31" vType="typeCar@31" speedFactor="1.00" vaporized=""/>
    <tripinfo id="8" depart="6.00" departLane="wc_0" departPos="5.10" departSpeed="10.00" departDelay="0.00" arrival="73.10" arrivalLane="ce_0" arrivalPos="192.80" arrivalSpeed="10.00" duration="67.10" routeLength="394.90" waitingTime="0.50" waitingCount="5" stopTime="0.00" timeLoss="27.56" rerouteNo="0" devices="tripinfo_8" vType="typeCar@8" speedFactor="1.00" vaporized=""/>
    <tripinfo id="32" depart="24.00" departLane="nc_0" departPos="5.10" departSpeed="10.00" departDelay="0.00" arrival="75.70" arrivalLane="cs_0" arrivalPos="192.80" arrivalSpeed="10.00" duration="51.70" routeLength="394.90" waitingTime="1.50" waitingCount="3" stopTime="0.00" timeLoss="12.12" rerouteNo="0" devices="tripinfo_32" vType="typeCar@32" speedFactor="1.00" vaporized=""/>
    <tripinfo id="34" depart="25.00" departLane="nc_0" departPos="5.10" departSpeed="10.00" departDelay="0.00" arrival="76.50" arrivalLane="cs_0" arrivalPos="192.80" arrivalSpeed="10.00" duration="51.50" routeLength="394.90" waitingTime="0.20" waitingCount="2" stopTime="0.00" timeLoss="11.99" rerouteNo="0" devices="tripinfo_34" vType="typeCar@34" speedFactor="1.00" vaporized=""/>
    <tripinfo id="36" depart="27.00" departLane="nc_0" departPos="5.10" departSpeed="10.00" departDelay="0.00" arrival="80.10" arrivalLane="cs_0" arrivalPos="192.80" arrivalSpeed="10.00" duration="53.10" routeLength="394.90" waitingTime="0.30" waitingCount="3" stopTime="0.00" timeLoss="13.56" rerouteNo="0" devices="tripinfo_36" vType="typeCar@36" speedFactor="1.00" vaporized=""/>
    <tripinfo id="11" depart="8.00" departLane="wc_0" departPos="5.10" departSpeed="10.00" departDelay="0.00" arrival="86.10" arrivalLane="ce_0" arrivalPos="192.80" arrivalSpeed="10.00" duration="78.10" routeLength="394.90" waitingTime="0.90" waitingCount="9" stopTime="0.00" timeLoss="38.61" rerouteNo="0" devices="tripinfo_11" vType="typeCar@11" speedFactor="1.00" vaporized=""/>
    <tripinfo id="15" depart="11.00" departLane="wc_0" departPos="5.10" departSpeed="10.00" departDelay="0.00" arrival="87.10" arrivalLane="ce_0" arrivalPos="192.80" arrivalSpeed="10.00" duration="76.10" routeLength="394.90" waitingTime="1.20" waitingCount="12" stopTime="0.00" timeLoss="36.53" rerouteNo="0" devices="tripinfo_15" vType="typeCar@15" speedFactor="1.00" vaporized=""/>
    <tripinfo id="39" depart="29.00" departLane="nc_0" departPos="5.10" departSpeed="10.00" departDelay="0.00" arrival="89.80" arrivalLane="cs_0" arrivalPos="192.80" arrivalSpeed="10.00" duration="60.80" routeLength="394.90" waitingTime="0.30" waitingCount="3" stopTime="0.00" timeLoss="21.28" rerouteNo="0" devices="tripinfo_39" vType="typeCar@39" speedFactor="1.00" vaporized=""/>
    <tripinfo id="18" depart="13.00" departLane="wc_0" departPos="5.10" departSpeed="10.00" departDelay="0.00" arrival="95.10" arrivalLane="ce_0" arrivalPos="192.80" arrivalSpeed="10.00" duration="82.10" routeLength="394.90" waitingTime="1.10" waitingCount="11" stopTime="0.00" timeLoss="42.60" rerouteNo="0" devices="tripinfo_18" vType="typeCar@18" speedFactor="1.00" vaporized=""/>
    <tripinfo id="21" depart="17.00" departLane="wc_0" departPos="5.10" departSpeed="10.00" departDelay="0.00" arrival="99.40" arrivalLane="ce_0" arrivalPos="192.80" arrivalSpeed="10.00" duration="82.40" routeLength="394.90" waitingTime="0.80" waitingCount="8" stopTime="0.00" timeLoss="42.90" rerouteNo="0" devices="tripinfo_21" vType="typeCar@21" speedFactor="1.00" vaporized=""/>
    <tripinfo id="40" depart="30.00" departLane="nc_0" departPos="5.10" departSpeed="10.00" departDelay="0.00" arrival="100.40" arrivalLane="cs_0" arrivalPos="192.80" arrivalSpeed="10.00" duration="70.40" routeLength="394.90" waitingTime="2.00" waitingCount="4" stopTime="0.00" timeLoss="30.91" rerouteNo="0" devices="tripinfo_40" vType="typeCar@40" speedFactor="1.00" vaporized=""/>
    <tripinfo id="26" depart="21.00" departLane="wc_0" departPos="5.10" departSpeed="10.00" departDelay="0.00" arrival="105.60" arrivalLane="ce_0" arrivalPos="192.80" arrivalSpeed="10.00" duration="84.60" routeLength="394.90" waitingTime="0.60" waitingCount="6" stopTime="0.00" timeLoss="45.11" rerouteNo="0" devices="tripinfo_26" vType="typeCar@26" speedFactor="1.00" vaporized=""/>
    <tripinfo id="28" depart="22.00" departLane="wc_0" departPos="5.10" departSpeed="10.00" departDelay="0.00" arrival="110.50" arrivalLane="ce_0" arrivalPos="192.80" arrivalSpeed="10.00" duration="88.50" routeLength="394.90" waitingTime="1.20" waitingCount="12" stopTime="0.00" timeLoss="49.02" rerouteNo="0" devices="tripinfo_28" vType="typeCar@28" speedFactor="1.00" vaporized=""/>
    <tripinfo id="41" depart="31.00" departLane="nc_0" departPos="5.10" departSpeed="10.00" departDelay="0.00" arrival="115.50" arrivalLane="cs_0" arrivalPos="192.80" arrivalSpeed="10.00" duration="84.50" routeLength="394.90" waitingTime="3.00" waitingCount="6" stopTime="0.00" timeLoss="45.00" rerouteNo="0" devices="tripinfo_41" vType="typeCar@41" speedFactor="1.00" vaporized=""/>
    <tripinfo id="43" depart="33.00" departLane="nc_0" departPos="5.10" departSpeed="10.00" departDelay="0.00" arrival="116.70" arrivalLane="cs_0" arrivalPos="192.80" arrivalSpeed="10.00" duration="83.70" routeLength="394.90" waitingTime="0.90" waitingCount="9" stopTime="0.00" timeLoss="44.21" rerouteNo="0" devices="tripinfo_43" vType="typeCar@43" speedFactor="1.00" vaporized=""/>
    <tripinfo id="45" depart="34.00" departLane="nc_0" departPos="5.10" departSpeed="10.00" departDelay="0.00" arrival="117.60" arrivalLane="cs_0" arrivalPos="192.80" arrivalSpeed="10.00" duration="83.60" routeLength="394.90" waitingTime="0.80" waitingCount="8" stopTime="0.00" timeLoss="44.07" rerouteNo="0" devices="tripinfo_45" vType="typeCar@45" speedFactor="1.00" vaporized=""/>
    <tripinfo id="30" depart="23.00" departLane="wc_0" departPos="5.10" departSpeed="10.00" departDelay="0.00" arrival="120.20" arrivalLane="ce_0" arrivalPos="192.80" arrivalSpeed="10.00" duration="97.20" routeLength="394.90" waitingTime="1.20" waitingCount="12" stopTime="0.00" timeLoss="57.66" rerouteNo="0" devices="tripinfo_30" vType="typeCar@30" speedFactor="1.00" vaporized=""/>
    <tripinfo id="33" depart="25.00" departLane="wc_0" departPos="5.10" departSpeed="10.00" departDelay="0.00" arrival="121.20" arrivalLane="ce_0" arrivalPos="192.80" arrivalSpeed="10.00" duration="96.20" routeLength="394.90" waitingTime="0.70" waitingCount="7" stopTime="0.00" timeLoss="56.69" rerouteNo="0" devices="tripinfo_33" vType="typeCar@33" speedFactor="1.00" vaporized=""/>
    <tripinfo id="47" depart="36.00" departLane="nc_0" departPos="5.10" departSpeed="10.00" departDelay="0.00" arrival="124.00" arrivalLane="cs_0" arrivalPos="192.80" arrivalSpeed="10.00" duration="88.00" routeLength="394.90" waitingTime="3.50" waitingCount="10" stopTime="0.00" timeLoss="48.51" rerouteNo="0" devices="tripinfo_47" vType="typeCar@47" speedFactor="1.00" vaporized=""/>
    <tripinfo id="48" depart="37.00" departLane="nc_0" departPos="5.10" departSpeed="10.00" departDelay="0.00" arrival="127.10" arrivalLane="cs_0" arrivalPos="192.80" arrivalSpeed="10.00" duration="90.10" routeLength="394.90" waitingTime="1.20" waitingCount="11" stopTime="0.00" timeLoss="50.56" rerouteNo="0" devices="tripinfo_48" vType="typeCar@48" speedFactor="1.00" vaporized=""/>
    <tripinfo id="49" depart="38.00" departLane="nc_0" departPos="5.10" departSpeed="10.00" departDelay="0.00" arrival="128.00" arrivalLane="cs_0" arrivalPos="192.80" arrivalSpeed="10.00" duration="90.00" routeLength="394.90" waitingTime="1.10" waitingCount="11" stopTime="0.00" timeLoss="50.44" rerouteNo="0" devices="tripinfo_49" vType="typeCar@49" speedFactor="1.00" vaporized=""/>
    <tripinfo id="51" depart="39.00" departLane="nc_0" departPos="5.10" departSpeed="10.00" departDelay="0.00" arrival="131.40" arrivalLane="cs_0" arrivalPos="192.80" arrivalSpeed="10.00" duration="92.40" routeLength="394.90" waitingTime="1.20" waitingCount="12" stopTime="0.00" timeLoss="52.82" rerouteNo="0" devices="tripinfo_51" vType="typeCar@51" speedFactor="1.00" vaporized=""/>
    <tripinfo id="52" depart="40.00" departLane="nc_0" departPos="5.10" departSpeed="10.00" departDelay="0.00" arrival="134.40" arrivalLane="cs_0" arrivalPos="192.80" arrivalSpeed="10.00" duration="94.40" routeLength="394.90" waitingTime="1.70" waitingCount="17" stopTime="0.00" timeLoss="54.85" rerouteNo="0" devices="tripinfo_52" vType="typeCar@52" speedFactor="1.00" vaporized=""/>
    <tripinfo id="35" depart="26.00" departLane="wc_0" departPos="5.10" departSpeed="10.00" departDelay="0.00" arrival="137.40" arrivalLane="ce_0" arrivalPos="192.80" arrivalSpeed="10.00" duration="111.40" routeLength="394.90" waitingTime="1.60" waitingCount="13" stopTime="0.00" timeLoss="71.87" rerouteNo="0" devices="tripinfo_35" vType="typeCar@35" speedFactor="1.00" vaporized=""/>
    <tripinfo id="37" depart="28.00" departLane="wc_0" departPos="5.10" departSpeed="10.00" departDelay="0.00" arrival="138.40" arrivalLane="ce_0" arrivalPos="192.80" arrivalSpeed="10.00" duration="110.40" routeLength="394.90" waitingTime="1.50" waitingCount="15" stopTime="0.00" timeLoss="70.90" rerouteNo="0" devices="tripinfo_37" vType="typeCar@37" speedFactor="1.00" vaporized=""/>
    <tripinfo id="38" depart="29.00" departLane="wc_0" departPos="5.10" departSpeed="10.00" departDelay="0.00" arrival="142.10" arrivalLane="ce_0" arrivalPos="192.80" arrivalSpeed="10.00" duration="113.10" routeLength="394.90" waitingTime="1.50" waitingCount="15" stopTime="0.00" timeLoss="73.54" rerouteNo="0" devices="tripinfo_38" vType="typeCar@38" speedFactor="1.00" vaporized=""/>
    <tripinfo id="42" depart="33.00" departLane="wc_0" departPos="5.10" departSpeed="10.00" departDelay="0.00" arrival="144.00" arrivalLane="ce_0" arrivalPos="192.80" arrivalSpeed="10.00" duration="111.00" routeLength="394.90" waitingTime="1.80" waitingCount="18" stopTime="0.00" timeLoss="71.48" rerouteNo="0" devices="tripinfo_42" vType="typeCar@42" speedFactor="1.00" vaporized=""/>
    <tripinfo id="54" depart="42.00" departLane="nc_0" departPos="5.10" departSpeed="10.00" departDelay="0.00" arrival="146.40" arrivalLane="cs_0" arrivalPos="192.80" arrivalSpeed="10.00" duration="104.40" routeLength="394.90" waitingTime="1.90" waitingCount="19" stopTime="0.00" timeLoss="64.87" rerouteNo="0" devices="tripinfo_54" vType="typeCar@54" speedFactor="1.00" vaporized=""/>
    <tripinfo id="55" depart="43.00" departLane="nc_0" departPos="5.10" departSpeed="10.00" departDelay="0.00" arrival="147.40" arrivalLane="cs_0" arrivalPos="192.80" arrivalSpeed="10.00" duration="104.40" routeLength="394.90" waitingTime="2.10" waitingCount="21" stopTime="0.00" timeLoss="64.85" rerouteNo="0" devices="tripinfo_55" vType="typeCar@55" speedFactor="1.00" vaporized=""/>
    <tripinfo id="57" depart="44.00" departLane="nc_0" departPos="5.10" departSpeed="10.00" departDelay="0.00" arrival="148.40" arrivalLane="cs_0" arrivalPos="192.80" arrivalSpeed="10.00" duration="104.40" routeLength="394.90" waitingTime="2.50" waitingCount="25" stopTime="0.00" timeLoss="64.89" rerouteNo="0" devices="tripinfo_57" vType="typeCar@57" speedFactor="1.00" vaporized=""/>
    <tripinfo id="59" depart="45.00" departLane="nc_0" departPos="5.10" departSpeed="10.00" departDelay="0.00" arrival="149.70" arrivalLane="cs_0" arrivalPos="192.80" arrivalSpeed="10.00" duration="104.70" routeLength="394.90" waitingTime="2.60" waitingCount="26" stopTime="0.00" timeLoss="65.22" rerouteNo="0" devices="tripinfo_59" vType="typeCar@59" speedFactor="1.00" vaporized=""/>
    <tripinfo id="44" depart="34.00" departLane="wc_0" departPos="5.10" departSpeed="10.00" departDelay="0.00" arrival="151.30" arrivalLane="ce_0" arrivalPos="192.80" arrivalSpeed="10.00" duration="117.30" routeLength="394.90" waitingTime="1.90" waitingCount="19" stopTime="0.00" timeLoss="77.76" rerouteNo="0" devices="tripinfo_44" vType="typeCar@44" speedFactor="1.00" vaporized=""/>
    <tripinfo id="46" depart="35.00" departLane="wc_0" departPos="5.10" departSpeed="10.00" departDelay="0.00" arrival="152.30" arrivalLane="ce_0" arrivalPos="192.80" arrivalSpeed="10.00" duration="117.30" routeLength="394.90" waitingTime="2.00" waitingCount="20" stopTime="0.00" timeLoss="77.80" rerouteNo="0" devices="tripinfo_46" vType="typeCar@46" speedFactor="1.00" vaporized=""/>
    <tripinfo id="60" depart="46.00" departLane="nc_0" departPos="5.10" departSpeed="10.00" departDelay="0.00" arrival="153.80" arrivalLane="cs_0" arrivalPos="192.80" arrivalSpeed="10.00" duration="107.80" routeLength="394.90" waitingTime="3.10" waitingCount="31" stopTime="0.00" timeLoss="68.31" rerouteNo="0" devices="tripinfo_60" vType="typeCar@60" speedFactor="1.00" vaporized=""/>
    <tripinfo id="62" depart="47.00" departLane="nc_0" departPos="5.10" departSpeed="7.30" departDelay="0.00" arrival="154.90" arrivalLane="cs_0" arrivalPos="192.80" arrivalSpeed="10.00" duration="107.90" routeLength="394.90" waitingTime="2.70" waitingCount="27" stopTime="0.00" timeLoss="68.39" rerouteNo="0" devices="tripinfo_62" vType="typeCar@62" speedFactor="1.00" vaporized=""/>
    <tripinfo id="50" depart="39.00" departLane="wc_0" departPos="5.10" departSpeed="10.00" departDelay="0.00" arrival="156.50" arrivalLane="ce_0" arrivalPos="192.80" arrivalSpeed="10.00" duration="117.50" routeLength="394.90" waitingTime="2.70" waitingCount="27" stopTime="0.00" timeLoss="78.02" rerouteNo="0" devices="tripinfo_50" vType="typeCar@50" speedFactor="1.00" vaporized=""/>
    <tripinfo id="53" depart="42.00" departLane="wc_0" departPos="5.10" departSpeed="10.00" departDelay="0.00" arrival="157.60" arrivalLane="ce_0" arrivalPos="192.80" arrivalSpeed="10.00" duration="115.60" routeLength="394.90" waitingTime="2.40" waitingCount="24" stopTime="0.00" timeLoss="76.03" rerouteNo="0" devices="tripinfo_53" vType="typeCar@53" speedFactor="1.00" vaporized=""/>
    <tripinfo id="56" depart="44.00" departLane="wc_0" departPos="5.10" departSpeed="10.00" departDelay="0.00" arrival="159.20" arrivalLane="ce_0" arrivalPos="192.80" arrivalSpeed="10.00" duration="115.20" routeLength="394.90" waitingTime="3.20" waitingCount="32" stopTime="0.00" timeLoss="75.64" rerouteNo="0" devices="tripinfo_56" vType="typeCar@56" speedFactor="1.00" vaporized=""/>
    <tripinfo id="63" depart="48.10" departLane="nc_0" departPos="5.10" departSpeed="4.20" departDelay="0.10" arrival="160.70" arrivalLane="cs_0" arrivalPos="192.80" arrivalSpeed="10.00" duration="112.60" routeLength="394.90" waitingTime="3.20" waitingCount="32" stopTime="0.00" timeLoss="73.08" rerouteNo="0" devices="tripinfo_63" vType="typeCar@63" speedFactor="1.00" vaporized=""/>
    <tripinfo id="65" depart="51.00" departLane="nc_0" departPos="5.10" departSpeed="7.30" departDelay="0.00" arrival="161.70" arrivalLane="cs_0" arrivalPos="192.80" arrivalSpeed="10.00" duration="110.70" routeLength="394.90" waitingTime="4.10" waitingCount="41" stopTime="0.00" timeLoss="71.21" rerouteNo="0" devices="tripinfo_65" vType="typeCar@65" speedFactor="1.00" vaporized=""/>
    <tripinfo id="67" depart="52.00" departLane="nc_0" departPos="5.10" departSpeed="10.00" departDelay="0.00" arrival="163.60" arrivalLane="cs_0" arrivalPos="192.80" arrivalSpeed="10.00" duration="111.60" routeLength="394.90" waitingTime="4.10" waitingCount="41" stopTime="0.00" timeLoss="72.06" rerouteNo="0" devices="tripinfo_67" vType="typeCar@67" speedFactor="1.00" vaporized=""/>
    <tripinfo id="58" depart="45.00" departLane="wc_0" departPos="5.10" departSpeed="10.00" departDelay="0.00" arrival="169.10" arrivalLane="ce_0" arrivalPos="192.80" arrivalSpeed="10.00" duration="124.10" routeLength="394.90" waitingTime="3.40" waitingCount="34" stopTime="0.00" timeLoss="84.61" rerouteNo="0" devices="tripinfo_58" vType="typeCar@58" speedFactor="1.00" vaporized=""/>
    <tripinfo id="69" depart="53.00" departLane="nc_0" departPos="5.10" departSpeed="6.50" departDelay="0.00" arrival="170.90" arrivalLane="cs_0" arrivalPos="192.80" arrivalSpeed="10.00" duration="117.90" routeLength="394.90" waitingTime="3.50" waitingCount="35" stopTime="0.00" timeLoss="78.32" rerouteNo="0" devices="tripinfo_69" vType="typeCar@69" speedFactor="1.00" vaporized=""/>
    <tripinfo id="70" depart="55.00" departLane="nc_0" departPos="5.10" departSpeed="0.50" departDelay="0.00" arrival="171.80" arrivalLane="cs_0" arrivalPos="192.80" arrivalSpeed="10.00" duration="116.80" routeLength="394.90" waitingTime="5.40" waitingCount="45" stopTime="0.00" timeLoss="77.23" rerouteNo="0" devices="tripinfo_70" vType="typeCar@70" speedFactor="1.00" vaporized=""/>
    <tripinfo id="71" depart="60.50" departLane="nc_0" departPos="5.10" departSpeed="3.83" departDelay="4.50" arrival="173.20" arrivalLane="cs_0" arrivalPos="192.80" arrivalSpeed="10.00" duration="112.70" routeLength="394.90" waitingTime="3.60" waitingCount="36" stopTime="0.00" timeLoss="73.16" rerouteNo="0" devices="tripinfo_71" vType="typeCar@71" speedFactor="1.00" vaporized=""/>
    <tripinfo id="61" depart="47.00" departLane="wc_0" departPos="5.10" departSpeed="10.00" departDelay="0.00" arrival="174.80" arrivalLane="ce_0" arrivalPos="192.80" arrivalSpeed="10.00" duration="127.80" routeLength="394.90" waitingTime="3.40" waitingCount="34" stopTime="0.00" timeLoss="88.30" rerouteNo="0" devices="tripinfo_61" vType="typeCar@61" speedFactor="1.00" vaporized=""/>
    <tripinfo id="73" depart="65.30" departLane="nc_0" departPos="5.10" departSpeed="2.23" departDelay="7.30" arrival="177.40" arrivalLane="cs_0" arrivalPos="192.80" arrivalSpeed="10.00" duration="112.10" routeLength="394.90" waitingTime="4.70" waitingCount="47" stopTime="0.00" timeLoss="72.61" rerouteNo="0" devices="tripinfo_73" vType="typeCar@73" speedFactor="1.00" vaporized=""/>
    <tripinfo id="74" depart="71.40" departLane="nc_0" departPos="5.10" departSpeed="4.16" departDelay="12.40" arrival="178.50" arrivalLane="cs_0" arrivalPos="192.80" arrivalSpeed="10.00" duration="107.10" routeLength="394.90" waitingTime="4.70" waitingCount="47" stopTime="0.00" timeLoss="67.66" rerouteNo="0" devices="tripinfo_74" vType="typeCar@74" speedFactor="1.00" vaporized=""/>
    <tripinfo id="64" depart="50.00" departLane="wc_0" departPos="5.10" departSpeed="3.50" departDelay="0.00" arrival="180.30" arrivalLane="ce_0" arrivalPos="192.80" arrivalSpeed="10.00" duration="130.30" routeLength="394.90" waitingTime="3.70" waitingCount="37" stopTime="0.00" timeLoss="90.73" rerouteNo="0" devices="tripinfo_64" vType="typeCar@64" speedFactor="1.00" vaporized=""/>
    <tripinfo id="75" depart="78.00" departLane="nc_0" departPos="5.10" departSpeed="3.16" departDelay="18.00" arrival="182.80" arrivalLane="cs_0" arrivalPos="192.80" arrivalSpeed="10.00" duration="104.80" routeLength="394.90" waitingTime="4.20" waitingCount="42" stopTime="0.00" timeLoss="65.27" rerouteNo="0" devices="tripinfo_75" vType="typeCar@75" speedFactor="1.00" vaporized=""/>
    <tripinfo id="76" depart="84.80" departLane="nc_0" departPos="5.10" departSpeed="1.16" departDelay="23.80" arrival="183.80" arrivalLane="cs_0" arrivalPos="192.80" arrivalSpeed="10.00" duration="99.00" routeLength="394.90" waitingTime="5.10" waitingCount="46" stopTime="0.00" timeLoss="59.51" rerouteNo="0" devices="tripinfo_76" vType="typeCar@76" speedFactor="1.00" vaporized=""/>
    <tripinfo id="78" depart="94.40" departLane="nc_0" departPos="5.10" departSpeed="2.19" departDelay="32.40" arrival="184.90" arrivalLane="cs_0" arrivalPos="192.80" arrivalSpeed="10.00" duration="90.50" routeLength="394.90" waitingTime="3.60" waitingCount="36" stopTime="0.00" timeLoss="50.93" rerouteNo="0" devices="tripinfo_78" vType="typeCar@78" speedFactor="1.00" vaporized=""/>
    <tripinfo id="81" depart="100.80" departLane="nc_0" departPos="5.10" departSpeed="3.79" departDelay="35.80" arrival="186.40" arrivalLane="cs_0" arrivalPos="192.80" arrivalSpeed="10.00" duration="85.60" routeLength="394.90" waitingTime="3.20" waitingCount="32" stopTime="0.00" timeLoss="46.14" rerouteNo="0" devices="tripinfo_81" vType="typeCar@81" speedFactor="1.00" vaporized=""/>
    <tripinfo id="83" depart="104.80" departLane="nc_0" departPos="5.10" departSpeed="4.59" departDelay="37.80" arrival="187.80" arrivalLane="cs_0" arrivalPos="192.80" arrivalSpeed="10.00" duration="83.00" routeLength="394.90" waitingTime="2.70" waitingCount="27" stopTime="0.00" timeLoss="43.54" rerouteNo="0" devices="tripinfo_83" vType="typeCar@83" speedFactor="1.00" vaporized=""/>
    <tripinfo id="66" depart="52.00" departLane="wc_0" departPos="5.10" departSpeed="8.70" departDelay="0.00" arrival="190.40" arrivalLane="ce_0" arrivalPos="192.80" arrivalSpeed="10.00" duration="138.40" routeLength="394.90" waitingTime="9.40" waitingCount="35" stopTime="0.00" timeLoss="98.87" rerouteNo="0" devices="tripinfo_66" vType="typeCar@66" speedFactor="1.00" vaporized=""/>
    <tripinfo id="85" depart="106.20" departLane="nc_0" departPos="5.10" departSpeed="6.39" departDelay="37.20" arrival="192.80" arrivalLane="cs_0" arrivalPos="192.80" arrivalSpeed="10.00" duration="86.60" routeLength="394.90" waitingTime="3.20" waitingCount="32" stopTime="0.00" timeLoss="47.10" rerouteNo="0" devices="tripinfo_85" vType="typeCar@85" speedFactor="1.00" vaporized=""/>
    <tripinfo id="86" depart="107.60" departLane="nc_0" departPos="5.10" departSpeed="0.19" departDelay="37.60" arrival="194.00" arrivalLane="cs_0" arrivalPos="192.80" arrivalSpeed="10.00" duration="86.40" routeLength="394.90" waitingTime="4.20" waitingCount="33" stopTime="0.00" timeLoss="46.91" rerouteNo="0" devices="tripinfo_86" vType="typeCar@86" speedFactor="1.00" vaporized=""/>
    <tripinfo id="88" depart="114.30" departLane="nc_0" departPos="5.10" departSpeed="5.26" departDelay="42.30" arrival="195.10" arrivalLane="cs_0" arrivalPos="192.80" arrivalSpeed="10.00" duration="80.80" routeLength="394.90" waitingTime="2.60" waitingCount="26" stopTime="0.00" timeLoss="41.29" rerouteNo="0" devices="tripinfo_88" vType="typeCar@88" speedFactor="1.00" vaporized=""/>
    <tripinfo id="90" depart="116.30" departLane="nc_0" departPos="5.10" departSpeed="0.06" departDelay="42.30" arrival="196.30" arrivalLane="cs_0" arrivalPos="192.80" arrivalSpeed="10.00" duration="80.00" routeLength="394.90" waitingTime="3.80" waitingCount="25" stopTime="0.00" timeLoss="40.43" rerouteNo="0" devices="tripinfo_90" vType="typeCar@90" speedFactor="1.00" vaporized=""/>
    <tripinfo id="91" depart="124.00" departLane="nc_0" departPos="5.10" departSpeed="4.92" departDelay="49.00" arrival="198.20" arrivalLane="cs_0" arrivalPos="192.80" arrivalSpeed="10.00" duration="74.20" routeLength="394.90" waitingTime="2.20" waitingCount="22" stopTime="0.00" timeLoss="34.64" rerouteNo="0" devices="tripinfo_91" vType="typeCar@91" speedFactor="1.00" vaporized=""/>
    <tripinfo id="92" depart="125.40" departLane="nc_0" departPos="5.10" departSpeed="2.72" departDelay="49.40" arrival="200.30" arrivalLane="cs_0" arrivalPos="192.80" arrivalSpeed="10.00" duration="74.90" routeLength="394.90" waitingTime="2.40" waitingCount="24" stopTime="0.00" timeLoss="35.42" rerouteNo="0" devices="tripinfo_92" vType="typeCar@92" speedFactor="1.00" vaporized=""/>
    <tripinfo id="68" depart="53.00" departLane="wc_0" departPos="5.10" departSpeed="6.90" departDelay="0.00" arrival="203.30" arrivalLane="ce_0" arrivalPos="192.80" arrivalSpeed="10.00" duration="150.30" routeLength="394.90" waitingTime="14.00" waitingCount="44" stopTime="0.00" timeLoss="110.79" rerouteNo="0" devices="tripinfo_68" vType="typeCar@68" speedFactor="1.00" vaporized=""/>
    <tripinfo id="72" depart="58.00" departLane="wc_0" departPos="5.10" departSpeed="0.30" departDelay="0.00" arrival="204.20" arrivalLane="ce_0" arrivalPos="192.80" arrivalSpeed="10.00" duration="146.20" routeLength="394.90" waitingTime="4.20" waitingCount="42" stopTime="0.00" timeLoss="106.67" rerouteNo="0" devices="tripinfo_72" vType="typeCar@72" speedFactor="1.00" vaporized=""/>
    <tripinfo id="94" depart="131.30" departLane="nc_0" departPos="5.10" departSpeed="4.85" departDelay="54.30" arrival="205.70" arrivalLane="cs_0" arrivalPos="192.80" arrivalSpeed="10.00" duration="74.40" routeLength="394.90" waitingTime="2.00" waitingCount="20" stopTime="0.00" timeLoss="34.93" rerouteNo="0" devices="tripinfo_94" vType="typeCar@94" speedFactor="1.00" vaporized=""/>
    <tripinfo id="96" depart="134.80" departLane="nc_0" departPos="5.10" departSpeed="0.15" departDelay="56.80" arrival="206.80" arrivalLane="cs_0" arrivalPos="192.80" arrivalSpeed="10.00" duration="72.00" routeLength="394.90" waitingTime="2.80" waitingCount="17" stopTime="0.00" timeLoss="32.43" rerouteNo="0" devices="tripinfo_96" vType="typeCar@96" speedFactor="1.00" vaporized=""/>
    <tripinfo id="77" depart="62.00" departLane="wc_0" departPos="5.10" departSpeed="1.90" departDelay="0.00" arrival="208.40" arrivalLane="ce_0" arrivalPos="192.80" arrivalSpeed="10.00" duration="146.40" routeLength="394.90" waitingTime="3.70" waitingCount="37" stopTime="0.00" timeLoss="106.89" rerouteNo="0" devices="tripinfo_77" vType="typeCar@77" speedFactor="1.00" vaporized=""/>
    <tripinfo id="79" depart="67.80" departLane="wc_0" departPos="5.10" departSpeed="0.90" departDelay="4.80" arrival="209.50" arrivalLane="ce_0" arrivalPos="192.80" arrivalSpeed="10.00" duration="141.70" routeLength="394.90" waitingTime="5.20" waitingCount="44" stopTime="0.00" timeLoss="102.15" rerouteNo="0" devices="tripinfo_79" vType="typeCar@79" speedFactor="1.00" vaporized=""/>
    <tripinfo id="98" depart="139.00" departLane="nc_0" departPos="5.10" departSpeed="5.81" departDelay="60.00" arrival="211.00" arrivalLane="cs_0" arrivalPos="192.80" arrivalSpeed="10.00" duration="72.00" routeLength="394.90" waitingTime="1.60" waitingCount="16" stopTime="0.00" timeLoss="32.49" rerouteNo="0" devices="tripinfo_98" vType="typeCar@98" speedFactor="1.00" vaporized=""/>
    <tripinfo id="100" depart="140.10" departLane="nc_0" departPos="5.10" departSpeed="5.91" departDelay="60.10" arrival="212.20" arrivalLane="cs_0" arrivalPos="192.80" arrivalSpeed="10.00" duration="72.10" routeLength="394.90" waitingTime="1.50" waitingCount="15" stopTime="0.00" timeLoss="32.57" rerouteNo="0" devices="tripinfo_100" vType="typeCar@100" speedFactor="1.00" vaporized=""/>
    <tripinfo id="80" depart="75.50" departLane="wc_0" departPos="5.10" departSpeed="2.70" departDelay="10.50" arrival="213.80" arrivalLane="ce_0" arrivalPos="192.80" arrivalSpeed="10.00" duration="138.30" routeLength="394.90" waitingTime="4.60" waitingCount="46" stopTime="0.00" timeLoss="98.75" rerouteNo="0" devices="tripinfo_80" vType="typeCar@80" speedFactor="1.00" vaporized=""/>
    <tripinfo id="82" depart="81.70" departLane="wc_0" departPos="5.10" departSpeed="1.30" departDelay="14.70" arrival="214.90" arrivalLane="ce_0" arrivalPos="192.80" arrivalSpeed="10.00" duration="133.20" routeLength="394.90" waitingTime="5.20" waitingCount="46" stopTime="0.00" timeLoss="93.69" rerouteNo="0" devices="tripinfo_82" vType="typeCar@82" speedFactor="1.00" vaporized=""/>
    <tripinfo id="102" depart="144.70" departLane="nc_0" departPos="5.10" departSpeed="2.11" departDelay="62.70" arrival="216.40" arrivalLane="cs_0" arrivalPos="192.80" arrivalSpeed="10.00" duration="71.70" routeLength="394.90" waitingTime="1.30" waitingCount="13" stopTime="0.00" timeLoss="32.21" rerouteNo="0" devices="tripinfo_102" vType="typeCar@102" speedFactor="1.00" vaporized=""/>
    <tripinfo id="104" depart="147.00" departLane="nc_0" departPos="5.10" departSpeed="5.81" departDelay="64.00" arrival="217.50" arrivalLane="cs_0" arrivalPos="192.80" arrivalSpeed="10.00" duration="70.50" routeLength="394.90" waitingTime="1.30" waitingCount="13" stopTime="0.00" timeLoss="30.95" rerouteNo="0" devices="tripinfo_104" vType="typeCar@104" speedFactor="1.00" vaporized=""/>
    <tripinfo id="84" depart="90.30" departLane="wc_0" departPos="5.10" departSpeed="1.11" departDelay="22.30" arrival="219.10" arrivalLane="ce_0" arrivalPos="192.80" arrivalSpeed="10.00" duration="128.80" routeLength="394.90" waitingTime="4.70" waitingCount="47" stopTime="0.00" timeLoss="89.24" rerouteNo="0" devices="tripinfo_84" vType="typeCar@84" speedFactor="1.00" vaporized=""/>
    <tripinfo id="87" depart="97.20" departLane="wc_0" departPos="5.10" departSpeed="1.40" departDelay="26.20" arrival="220.30" arrivalLane="ce_0" arrivalPos="192.80" arrivalSpeed="10.00" duration="123.10" routeLength="394.90" waitingTime="4.10" waitingCount="41" stopTime="0.00" timeLoss="83.54" rerouteNo="0" devices="tripinfo_87" vType="typeCar@87" speedFactor="1.00" vaporized=""/>
    <tripinfo id="106" depart="148.10" departLane="nc_0" departPos="5.10" departSpeed="7.51" departDelay="64.10" arrival="221.90" arrivalLane="cs_0" arrivalPos="192.80" arrivalSpeed="10.00" duration="73.80" routeLength="394.90" waitingTime="1.30" waitingCount="13" stopTime="0.00" timeLoss="34.31" rerouteNo="0" devices="tripinfo_106" vType="typeCar@106" speedFactor="1.00" vaporized=""/>
    <tripinfo id="107" depart="149.00" departLane="nc_0" departPos="5.10" departSpeed="6.21" departDelay="64.00" arrival="223.00" arrivalLane="cs_0" arrivalPos="192.80" arrivalSpeed="10.00" duration="74.00" routeLength="394.90" waitingTime="1.60" waitingCount="16" stopTime="0.00" timeLoss="34.47" rerouteNo="0" devices="tripinfo_107" vType="typeCar@107" speedFactor="1.00" vaporized=""/>
    <tripinfo id="89" depart="103.60" departLane="wc_0" departPos="5.10" departSpeed="4.70" departDelay="29.60" arrival="224.50" arrivalLane="ce_0" arrivalPos="192.80" arrivalSpeed="10.00" duration="120.90" routeLength="394.90" waitingTime="4.40" waitingCount="44" stopTime="0.00" timeLoss="81.37" rerouteNo="0" devices="tripinfo_89" vType="typeCar@89" speedFactor="1.00" vaporized=""/>
    <tripinfo id="93" depart="109.00" departLane="wc_0" departPos="5.10" departSpeed="3.30" departDelay="32.00" arrival="225.60" arrivalLane="ce_0" arrivalPos="192.80" arrivalSpeed="10.00" duration="116.60" routeLength="394.90" waitingTime="4.50" waitingCount="45" stopTime="0.00" timeLoss="77.12" rerouteNo="0" devices="tripinfo_93" vType="typeCar@93" speedFactor="1.00" vaporized=""/>
    <tripinfo id="108" depart="153.40" departLane="nc_0" departPos="5.10" departSpeed="0.21" departDelay="66.40" arrival="227.30" arrivalLane="cs_0" arrivalPos="192.80" arrivalSpeed="10.00" duration="73.90" routeLength="394.90" waitingTime="2.30" waitingCount="13" stopTime="0.00" timeLoss="34.34" rerouteNo="0" devices="tripinfo_108" vType="typeCar@108" speedFactor="1.00" vaporized=""/>
    <tripinfo id="110" depart="159.80" departLane="nc_0" departPos="5.10" departSpeed="5.50" departDelay="71.80" arrival="228.30" arrivalLane="cs_0" arrivalPos="192.80" arrivalSpeed="10.00" duration="68.50" routeLength="394.90" waitingTime="0.90" waitingCount="9" stopTime="0.00" timeLoss="29.02" rerouteNo="0" devices="tripinfo_110" vType="typeCar@110" speedFactor="1.00" vaporized=""/>
    <tripinfo id="95" depart="114.20" departLane="wc_0" departPos="5.10" departSpeed="0.50" departDelay="36.20" arrival="229.80" arrivalLane="ce_0" arrivalPos="192.80" arrivalSpeed="10.00" duration="115.60" routeLength="394.90" waitingTime="4.70" waitingCount="40" stopTime="0.00" timeLoss="76.10" rerouteNo="0" devices="tripinfo_95" vType="typeCar@95" speedFactor="1.00" vaporized=""/>
    <tripinfo id="97" depart="118.70" departLane="wc_0" departPos="5.10" departSpeed="5.61" departDelay="39.70" arrival="230.90" arrivalLane="ce_0" arrivalPos="192.80" arrivalSpeed="10.00" duration="112.20" routeLength="394.90" waitingTime="4.10" waitingCount="41" stopTime="0.00" timeLoss="72.63" rerouteNo="0" devices="tripinfo_97" vType="typeCar@97" speedFactor="1.00" vaporized=""/>
    <tripinfo id="111" depart="160.90" departLane="nc_0" departPos="5.10" departSpeed="7.20" departDelay="71.90" arrival="232.40" arrivalLane="cs_0" arrivalPos="192.80" arrivalSpeed="10.00" duration="71.50" routeLength="394.90" waitingTime="1.30" waitingCount="13" stopTime="0.00" timeLoss="32.02" rerouteNo="0" devices="tripinfo_111" vType="typeCar@111" speedFactor="1.00" vaporized=""/>
    <tripinfo id="112" depart="161.80" departLane="nc_0" departPos="5.10" departSpeed="6.70" departDelay="71.80" arrival="233.40" arrivalLane="cs_0" arrivalPos="192.80" arrivalSpeed="10.00" duration="71.60" routeLength="394.90" waitingTime="1.40" waitingCount="14" stopTime="0.00" timeLoss="32.12" rerouteNo="0" devices="tripinfo_112" vType="typeCar@112" speedFactor="1.00" vaporized=""/>
    <tripinfo id="99" depart="120.10" departLane="wc_0" departPos="5.10" departSpeed="1.01" departDelay="40.10" arrival="235.00" arrivalLane="ce_0" arrivalPos="192.80" arrivalSpeed="10.00" duration="114.90" routeLength="394.90" waitingTime="5.30" waitingCount="44" stopTime="0.00" timeLoss="75.33" rerouteNo="0" devices="tripinfo_99" vType="typeCar@99" speedFactor="1.00" vaporized=""/>
    <tripinfo id="101" depart="131.40" departLane="wc_0" departPos="5.10" departSpeed="0.03" departDelay="50.40" arrival="236.00" arrivalLane="ce_0" arrivalPos="192.80" arrivalSpeed="10.00" duration="104.60" routeLength="394.90" waitingTime="4.30" waitingCount="38" stopTime="0.00" timeLoss="65.09" rerouteNo="0" devices="tripinfo_101" vType="typeCar@101" speedFactor="1.00" vaporized=""/>
    <tripinfo id="113" depart="164.70" departLane="nc_0" departPos="5.10" departSpeed="0.20" departDelay="73.70" arrival="237.60" arrivalLane="cs_0" arrivalPos="192.80" arrivalSpeed="10.00" duration="72.90" routeLength="394.90" waitingTime="2.20" waitingCount="13" stopTime="0.00" timeLoss="33.33" rerouteNo="0" devices="tripinfo_113" vType="typeCar@113" speedFactor="1.00" vaporized=""/>
    <tripinfo id="114" depart="170.10" departLane="nc_0" departPos="5.10" departSpeed="5.62" departDelay="78.10" arrival="238.60" arrivalLane="cs_0" arrivalPos="192.80" arrivalSpeed="10.00" duration="68.50" routeLength="394.90" waitingTime="0.90" waitingCount="9" stopTime="0.00" timeLoss="28.98" rerouteNo="0" devices="tripinfo_114" vType="typeCar@114" speedFactor="1.00" vaporized=""/>
    <tripinfo id="103" depart="134.40" departLane="wc_0" departPos="5.10" departSpeed="5.90" departDelay="51.40" arrival="240.10" arrivalLane="ce_0" arrivalPos="192.80" arrivalSpeed="10.00" duration="105.70" routeLength="394.90" waitingTime="4.60" waitingCount="46" stopTime="0.00" timeLoss="66.20" rerouteNo="0" devices="tripinfo_103" vType="typeCar@103" speedFactor="1.00" vaporized=""/>
    <tripinfo id="105" depart="135.50" departLane="wc_0" departPos="5.10" departSpeed="4.40" departDelay="51.50" arrival="241.20" arrivalLane="ce_0" arrivalPos="192.80" arrivalSpeed="10.00" duration="105.70" routeLength="394.90" waitingTime="4.20" waitingCount="42" stopTime="0.00" timeLoss="66.15" rerouteNo="0" devices="tripinfo_105" vType="typeCar@105" speedFactor="1.00" vaporized=""/>
    <tripinfo id="115" depart="171.20" departLane="nc_0" departPos="5.10" departSpeed="7.32" departDelay="78.20" arrival="242.70" arrivalLane="cs_0" arrivalPos="192.80" arrivalSpeed="10.00" duration="71.50" routeLength="394.90" waitingTime="0.90" waitingCount="9" stopTime="0.00" timeLoss="32.03" rerouteNo="0" devices="tripinfo_115" vType="typeCar@115" speedFactor="1.00" vaporized=""/>
    <tripinfo id="117" depart="172.10" departLane="nc_0" departPos="5.10" departSpeed="8.42" departDelay="78.10" arrival="243.80" arrivalLane="cs_0" arrivalPos="192.80" arrivalSpeed="10.00" duration="71.70" routeLength="394.90" waitingTime="1.20" waitingCount="12" stopTime="0.00" timeLoss="32.15" rerouteNo="0" devices="tripinfo_117" vType="typeCar@117" speedFactor="1.00" vaporized=""/>
    <tripinfo id="109" depart="141.50" departLane="wc_0" departPos="5.10" departSpeed="3.20" departDelay="53.50" arrival="245.30" arrivalLane="ce_0" arrivalPos="192.80" arrivalSpeed="10.00" duration="103.80" routeLength="394.90" waitingTime="4.10" waitingCount="41" stopTime="0.00" timeLoss="64.26" rerouteNo="0" devices="tripinfo_109" vType="typeCar@109" speedFactor="1.00" vaporized=""/>
    <tripinfo id="116" depart="143.40" departLane="wc_0" departPos="5.10" departSpeed="5.70" departDelay="49.40" arrival="246.40" arrivalLane="ce_0" arrivalPos="192.80" arrivalSpeed="10.00" duration="103.00" routeLength="394.90" waitingTime="4.30" waitingCount="43" stopTime="0.00" timeLoss="63.52" rerouteNo="0" devices="tripinfo_116" vType="typeCar@116" speedFactor="1.00" vaporized=""/>
    <tripinfo id="118" depart="173.10" departLane="nc_0" departPos="5.10" departSpeed="3.42" departDelay="78.10" arrival="248.00" arrivalLane="cs_0" arrivalPos="192.80" arrivalSpeed="10.00" duration="74.90" routeLength="394.90" waitingTime="1.20" waitingCount="12" stopTime="0.00" timeLoss="35.36" rerouteNo="0" devices="tripinfo_118" vType="typeCar@118" speedFactor="1.00" vaporized=""/>
    <tripinfo id="120" depart="176.10" departLane="nc_0" departPos="5.10" departSpeed="5.22" departDelay="78.10" arrival="249.00" arrivalLane="cs_0" arrivalPos="192.80" arrivalSpeed="10.00" duration="72.90" routeLength="394.90" waitingTime="1.30" waitingCount="13" stopTime="0.00" timeLoss="33.37" rerouteNo="0" devices="tripinfo_120" vType="typeCar@120" speedFactor="1.00" vaporized=""/>
    <tripinfo id="119" depart="144.60" departLane="wc_0" departPos="5.10" departSpeed="2.90" departDelay="48.60" arrival="250.50" arrivalLane="ce_0" arrivalPos="192.80" arrivalSpeed="10.00" duration="105.90" routeLength="394.90" waitingTime="4.50" waitingCount="45" stopTime="0.00" timeLoss="66.37" rerouteNo="0" devices="tripinfo_119" vType="typeCar@119" speedFactor="1.00" vaporized=""/>
</tripinfos>
