<?xml version="1.0" encoding="UTF-8"?>

<!-- generated on 2022-11-30 12:18:30 by Eclipse SUMO sumo Version 1.14.1
<configuration xmlns:xsi="http://www.w3.org/2001/XMLSchema-instance" xsi:noNamespaceSchemaLocation="http://sumo.dlr.de/xsd/sumoConfiguration.xsd">

    <input>
        <net-file value="net.net.xml"/>
        <route-files value="routes.rou.xml"/>
    </input>

    <output>
        <tripinfo-output value="raw_data/(7,5,0)tripinfo.xml"/>
    </output>

    <time>
        <begin value="0"/>
        <step-length value="0.1"/>
    </time>

    <processing>
        <extrapolate-departpos value="true"/>
        <route-steps value="0"/>
        <ignore-route-errors value="true"/>
        <collision.action value="warn"/>
        <collision.stoptime value="1"/>
        <collision.mingap-factor value="0.1"/>
    </processing>

    <report>
        <verbose value="false"/>
        <log value="log.txt"/>
        <duration-log.statistics value="true"/>
        <no-step-log value="true"/>
    </report>

    <traci_server>
        <remote-port value="62512"/>
    </traci_server>

    <gui_only>
        <quit-on-end value="true"/>
        <start value="true"/>
    </gui_only>

</configuration>
-->

<tripinfos xmlns:xsi="http://www.w3.org/2001/XMLSchema-instance" xsi:noNamespaceSchemaLocation="http://sumo.dlr.de/xsd/tripinfo_file.xsd">
    <tripinfo id="0" depart="0.00" departLane="nc_0" departPos="5.10" departSpeed="10.00" departDelay="0.00" arrival="39.50" arrivalLane="cs_0" arrivalPos="192.80" arrivalSpeed="10.00" duration="39.50" routeLength="394.90" waitingTime="0.00" waitingCount="0" stopTime="0.00" timeLoss="0.00" rerouteNo="0" devices="tripinfo_0" vType="typeCar@0" speedFactor="1.00" vaporized=""/>
    <tripinfo id="2" depart="1.00" departLane="nc_0" departPos="5.10" departSpeed="10.00" departDelay="0.00" arrival="40.50" arrivalLane="cs_0" arrivalPos="192.80" arrivalSpeed="10.00" duration="39.50" routeLength="394.90" waitingTime="0.00" waitingCount="0" stopTime="0.00" timeLoss="0.00" rerouteNo="0" devices="tripinfo_2" vType="typeCar@2" speedFactor="1.00" vaporized=""/>
    <tripinfo id="3" depart="2.00" departLane="nc_0" departPos="5.10" departSpeed="10.00" departDelay="0.00" arrival="41.50" arrivalLane="cs_0" arrivalPos="192.80" arrivalSpeed="10.00" duration="39.50" routeLength="394.90" waitingTime="0.00" waitingCount="0" stopTime="0.00" timeLoss="0.00" rerouteNo="0" devices="tripinfo_3" vType="typeCar@3" speedFactor="1.00" vaporized=""/>
    <tripinfo id="4" depart="3.00" departLane="nc_0" departPos="5.10" departSpeed="10.00" departDelay="0.00" arrival="42.50" arrivalLane="cs_0" arrivalPos="192.80" arrivalSpeed="10.00" duration="39.50" routeLength="394.90" waitingTime="0.00" waitingCount="0" stopTime="0.00" timeLoss="0.00" rerouteNo="0" devices="tripinfo_4" vType="typeCar@4" speedFactor="1.00" vaporized=""/>
    <tripinfo id="6" depart="4.00" departLane="nc_0" departPos="5.10" departSpeed="10.00" departDelay="0.00" arrival="43.50" arrivalLane="cs_0" arrivalPos="192.80" arrivalSpeed="10.00" duration="39.50" routeLength="394.90" waitingTime="0.00" waitingCount="0" stopTime="0.00" timeLoss="0.00" rerouteNo="0" devices="tripinfo_6" vType="typeCar@6" speedFactor="1.00" vaporized=""/>
    <tripinfo id="8" depart="5.00" departLane="nc_0" departPos="5.10" departSpeed="10.00" departDelay="0.00" arrival="44.50" arrivalLane="cs_0" arrivalPos="192.80" arrivalSpeed="10.00" duration="39.50" routeLength="394.90" waitingTime="0.00" waitingCount="0" stopTime="0.00" timeLoss="0.00" rerouteNo="0" devices="tripinfo_8" vType="typeCar@8" speedFactor="1.00" vaporized=""/>
    <tripinfo id="10" depart="6.00" departLane="nc_0" departPos="5.10" departSpeed="10.00" departDelay="0.00" arrival="45.50" arrivalLane="cs_0" arrivalPos="192.80" arrivalSpeed="10.00" duration="39.50" routeLength="394.90" waitingTime="0.00" waitingCount="0" stopTime="0.00" timeLoss="0.00" rerouteNo="0" devices="tripinfo_10" vType="typeCar@10" speedFactor="1.00" vaporized=""/>
    <tripinfo id="11" depart="7.00" departLane="nc_0" departPos="5.10" departSpeed="10.00" departDelay="0.00" arrival="46.50" arrivalLane="cs_0" arrivalPos="192.80" arrivalSpeed="10.00" duration="39.50" routeLength="394.90" waitingTime="0.00" waitingCount="0" stopTime="0.00" timeLoss="0.00" rerouteNo="0" devices="tripinfo_11" vType="typeCar@11" speedFactor="1.00" vaporized=""/>
    <tripinfo id="13" depart="8.00" departLane="nc_0" departPos="5.10" departSpeed="10.00" departDelay="0.00" arrival="47.50" arrivalLane="cs_0" arrivalPos="192.80" arrivalSpeed="10.00" duration="39.50" routeLength="394.90" waitingTime="0.00" waitingCount="0" stopTime="0.00" timeLoss="0.00" rerouteNo="0" devices="tripinfo_13" vType="typeCar@13" speedFactor="1.00" vaporized=""/>
    <tripinfo id="14" depart="9.00" departLane="nc_0" departPos="5.10" departSpeed="10.00" departDelay="0.00" arrival="48.50" arrivalLane="cs_0" arrivalPos="192.80" arrivalSpeed="10.00" duration="39.50" routeLength="394.90" waitingTime="0.00" waitingCount="0" stopTime="0.00" timeLoss="0.00" rerouteNo="0" devices="tripinfo_14" vType="typeCar@14" speedFactor="1.00" vaporized=""/>
    <tripinfo id="15" depart="10.00" departLane="nc_0" departPos="5.10" departSpeed="10.00" departDelay="0.00" arrival="49.50" arrivalLane="cs_0" arrivalPos="192.80" arrivalSpeed="10.00" duration="39.50" routeLength="394.90" waitingTime="0.00" waitingCount="0" stopTime="0.00" timeLoss="0.00" rerouteNo="0" devices="tripinfo_15" vType="typeCar@15" speedFactor="1.00" vaporized=""/>
    <tripinfo id="17" depart="11.00" departLane="nc_0" departPos="5.10" departSpeed="10.00" departDelay="0.00" arrival="51.20" arrivalLane="cs_0" arrivalPos="192.80" arrivalSpeed="10.00" duration="40.20" routeLength="394.90" waitingTime="0.00" waitingCount="0" stopTime="0.00" timeLoss="0.67" rerouteNo="0" devices="tripinfo_17" vType="typeCar@17" speedFactor="1.00" vaporized=""/>
    <tripinfo id="18" depart="12.00" departLane="nc_0" departPos="5.10" departSpeed="10.00" departDelay="0.00" arrival="53.80" arrivalLane="cs_0" arrivalPos="192.80" arrivalSpeed="10.00" duration="41.80" routeLength="394.90" waitingTime="0.00" waitingCount="0" stopTime="0.00" timeLoss="2.32" rerouteNo="0" devices="tripinfo_18" vType="typeCar@18" speedFactor="1.00" vaporized=""/>
    <tripinfo id="20" depart="13.00" departLane="nc_0" departPos="5.10" departSpeed="10.00" departDelay="0.00" arrival="56.90" arrivalLane="cs_0" arrivalPos="192.80" arrivalSpeed="10.00" duration="43.90" routeLength="394.90" waitingTime="0.00" waitingCount="0" stopTime="0.00" timeLoss="4.39" rerouteNo="0" devices="tripinfo_20" vType="typeCar@20" speedFactor="1.00" vaporized=""/>
    <tripinfo id="1" depart="1.00" departLane="wc_0" departPos="5.10" departSpeed="10.00" departDelay="0.00" arrival="57.90" arrivalLane="ce_0" arrivalPos="192.80" arrivalSpeed="10.00" duration="56.90" routeLength="394.90" waitingTime="0.00" waitingCount="0" stopTime="0.00" timeLoss="17.41" rerouteNo="0" devices="tripinfo_1" vType="typeCar@1" speedFactor="1.00" vaporized=""/>
    <tripinfo id="21" depart="14.00" departLane="nc_0" departPos="5.10" departSpeed="10.00" departDelay="0.00" arrival="64.50" arrivalLane="cs_0" arrivalPos="192.80" arrivalSpeed="10.00" duration="50.50" routeLength="394.90" waitingTime="0.00" waitingCount="0" stopTime="0.00" timeLoss="10.95" rerouteNo="0" devices="tripinfo_21" vType="typeCar@21" speedFactor="1.00" vaporized=""/>
    <tripinfo id="23" depart="17.00" departLane="nc_0" departPos="5.10" departSpeed="10.00" departDelay="0.00" arrival="66.10" arrivalLane="cs_0" arrivalPos="192.80" arrivalSpeed="10.00" duration="49.10" routeLength="394.90" waitingTime="0.00" waitingCount="0" stopTime="0.00" timeLoss="9.58" rerouteNo="0" devices="tripinfo_23" vType="typeCar@23" speedFactor="1.00" vaporized=""/>
    <tripinfo id="24" depart="18.00" departLane="nc_0" departPos="5.10" departSpeed="10.00" departDelay="0.00" arrival="67.10" arrivalLane="cs_0" arrivalPos="192.80" arrivalSpeed="10.00" duration="49.10" routeLength="394.90" waitingTime="0.00" waitingCount="0" stopTime="0.00" timeLoss="9.53" rerouteNo="0" devices="tripinfo_24" vType="typeCar@24" speedFactor="1.00" vaporized=""/>
    <tripinfo id="5" depart="4.00" departLane="wc_0" departPos="5.10" departSpeed="10.00" departDelay="0.00" arrival="68.90" arrivalLane="ce_0" arrivalPos="192.80" arrivalSpeed="10.00" duration="64.90" routeLength="394.90" waitingTime="0.00" waitingCount="0" stopTime="0.00" timeLoss="25.39" rerouteNo="0" devices="tripinfo_5" vType="typeCar@5" speedFactor="1.00" vaporized=""/>
    <tripinfo id="7" depart="5.00" departLane="wc_0" departPos="5.10" departSpeed="10.00" departDelay="0.00" arrival="69.90" arrivalLane="ce_0" arrivalPos="192.80" arrivalSpeed="10.00" duration="64.90" routeLength="394.90" waitingTime="0.50" waitingCount="5" stopTime="0.00" timeLoss="25.37" rerouteNo="0" devices="tripinfo_7" vType="typeCar@7" speedFactor="1.00" vaporized=""/>
    <tripinfo id="25" depart="19.00" departLane="nc_0" departPos="5.10" departSpeed="10.00" departDelay="0.00" arrival="77.40" arrivalLane="cs_0" arrivalPos="192.80" arrivalSpeed="10.00" duration="58.40" routeLength="394.90" waitingTime="0.10" waitingCount="1" stopTime="0.00" timeLoss="18.82" rerouteNo="0" devices="tripinfo_25" vType="typeCar@25" speedFactor="1.00" vaporized=""/>
    <tripinfo id="26" depart="20.00" departLane="nc_0" departPos="5.10" departSpeed="10.00" departDelay="0.00" arrival="78.20" arrivalLane="cs_0" arrivalPos="192.80" arrivalSpeed="10.00" duration="58.20" routeLength="394.90" waitingTime="0.30" waitingCount="3" stopTime="0.00" timeLoss="18.68" rerouteNo="0" devices="tripinfo_26" vType="typeCar@26" speedFactor="1.00" vaporized=""/>
    <tripinfo id="9" depart="6.00" departLane="wc_0" departPos="5.10" departSpeed="10.00" departDelay="0.00" arrival="79.90" arrivalLane="ce_0" arrivalPos="192.80" arrivalSpeed="10.00" duration="73.90" routeLength="394.90" waitingTime="1.40" waitingCount="14" stopTime="0.00" timeLoss="34.33" rerouteNo="0" devices="tripinfo_9" vType="typeCar@9" speedFactor="1.00" vaporized=""/>
    <tripinfo id="12" depart="8.00" departLane="wc_0" departPos="5.10" departSpeed="10.00" departDelay="0.00" arrival="80.80" arrivalLane="ce_0" arrivalPos="192.80" arrivalSpeed="10.00" duration="72.80" routeLength="394.90" waitingTime="1.00" waitingCount="10" stopTime="0.00" timeLoss="33.31" rerouteNo="0" devices="tripinfo_12" vType="typeCar@12" speedFactor="1.00" vaporized=""/>
    <tripinfo id="28" depart="21.00" departLane="nc_0" departPos="5.10" departSpeed="10.00" departDelay="0.00" arrival="82.40" arrivalLane="cs_0" arrivalPos="192.80" arrivalSpeed="10.00" duration="61.40" routeLength="394.90" waitingTime="0.40" waitingCount="4" stopTime="0.00" timeLoss="21.92" rerouteNo="0" devices="tripinfo_28" vType="typeCar@28" speedFactor="1.00" vaporized=""/>
    <tripinfo id="30" depart="22.00" departLane="nc_0" departPos="5.10" departSpeed="10.00" departDelay="0.00" arrival="83.50" arrivalLane="cs_0" arrivalPos="192.80" arrivalSpeed="10.00" duration="61.50" routeLength="394.90" waitingTime="0.50" waitingCount="5" stopTime="0.00" timeLoss="21.97" rerouteNo="0" devices="tripinfo_30" vType="typeCar@30" speedFactor="1.00" vaporized=""/>
    <tripinfo id="16" depart="11.00" departLane="wc_0" departPos="5.10" departSpeed="10.00" departDelay="0.00" arrival="85.10" arrivalLane="ce_0" arrivalPos="192.80" arrivalSpeed="10.00" duration="74.10" routeLength="394.90" waitingTime="1.30" waitingCount="13" stopTime="0.00" timeLoss="34.58" rerouteNo="0" devices="tripinfo_16" vType="typeCar@16" speedFactor="1.00" vaporized=""/>
    <tripinfo id="19" depart="13.00" departLane="wc_0" departPos="5.10" departSpeed="10.00" departDelay="0.00" arrival="87.10" arrivalLane="ce_0" arrivalPos="192.80" arrivalSpeed="10.00" duration="74.10" routeLength="394.90" waitingTime="1.20" waitingCount="12" stopTime="0.00" timeLoss="34.56" rerouteNo="0" devices="tripinfo_19" vType="typeCar@19" speedFactor="1.00" vaporized=""/>
    <tripinfo id="22" depart="17.00" departLane="wc_0" departPos="5.10" departSpeed="10.00" departDelay="0.00" arrival="92.50" arrivalLane="ce_0" arrivalPos="192.80" arrivalSpeed="10.00" duration="75.50" routeLength="394.90" waitingTime="1.20" waitingCount="12" stopTime="0.00" timeLoss="35.96" rerouteNo="0" devices="tripinfo_22" vType="typeCar@22" speedFactor="1.00" vaporized=""/>
    <tripinfo id="32" depart="23.00" departLane="nc_0" departPos="5.10" departSpeed="10.00" departDelay="0.00" arrival="94.70" arrivalLane="cs_0" arrivalPos="192.80" arrivalSpeed="10.00" duration="71.70" routeLength="394.90" waitingTime="0.80" waitingCount="8" stopTime="0.00" timeLoss="32.19" rerouteNo="0" devices="tripinfo_32" vType="typeCar@32" speedFactor="1.00" vaporized=""/>
    <tripinfo id="33" depart="24.00" departLane="nc_0" departPos="5.10" departSpeed="10.00" departDelay="0.00" arrival="95.80" arrivalLane="cs_0" arrivalPos="192.80" arrivalSpeed="10.00" duration="71.80" routeLength="394.90" waitingTime="1.10" waitingCount="11" stopTime="0.00" timeLoss="32.31" rerouteNo="0" devices="tripinfo_33" vType="typeCar@33" speedFactor="1.00" vaporized=""/>
    <tripinfo id="35" depart="25.00" departLane="nc_0" departPos="5.10" departSpeed="10.00" departDelay="0.00" arrival="96.70" arrivalLane="cs_0" arrivalPos="192.80" arrivalSpeed="10.00" duration="71.70" routeLength="394.90" waitingTime="1.00" waitingCount="10" stopTime="0.00" timeLoss="32.18" rerouteNo="0" devices="tripinfo_35" vType="typeCar@35" speedFactor="1.00" vaporized=""/>
    <tripinfo id="37" depart="27.00" departLane="nc_0" departPos="5.10" departSpeed="10.00" departDelay="0.00" arrival="97.80" arrivalLane="cs_0" arrivalPos="192.80" arrivalSpeed="10.00" duration="70.80" routeLength="394.90" waitingTime="1.20" waitingCount="12" stopTime="0.00" timeLoss="31.28" rerouteNo="0" devices="tripinfo_37" vType="typeCar@37" speedFactor="1.00" vaporized=""/>
    <tripinfo id="40" depart="29.00" departLane="nc_0" departPos="5.10" departSpeed="10.00" departDelay="0.00" arrival="98.80" arrivalLane="cs_0" arrivalPos="192.80" arrivalSpeed="10.00" duration="69.80" routeLength="394.90" waitingTime="1.50" waitingCount="15" stopTime="0.00" timeLoss="30.32" rerouteNo="0" devices="tripinfo_40" vType="typeCar@40" speedFactor="1.00" vaporized=""/>
    <tripinfo id="27" depart="21.00" departLane="wc_0" departPos="5.10" departSpeed="10.00" departDelay="0.00" arrival="100.50" arrivalLane="ce_0" arrivalPos="192.80" arrivalSpeed="10.00" duration="79.50" routeLength="394.90" waitingTime="1.20" waitingCount="12" stopTime="0.00" timeLoss="39.93" rerouteNo="0" devices="tripinfo_27" vType="typeCar@27" speedFactor="1.00" vaporized=""/>
    <tripinfo id="29" depart="22.00" departLane="wc_0" departPos="5.10" departSpeed="10.00" departDelay="0.00" arrival="101.50" arrivalLane="ce_0" arrivalPos="192.80" arrivalSpeed="10.00" duration="79.50" routeLength="394.90" waitingTime="1.30" waitingCount="13" stopTime="0.00" timeLoss="39.98" rerouteNo="0" devices="tripinfo_29" vType="typeCar@29" speedFactor="1.00" vaporized=""/>
    <tripinfo id="31" depart="23.00" departLane="wc_0" departPos="5.10" departSpeed="10.00" departDelay="0.00" arrival="104.50" arrivalLane="ce_0" arrivalPos="192.80" arrivalSpeed="10.00" duration="81.50" routeLength="394.90" waitingTime="1.20" waitingCount="12" stopTime="0.00" timeLoss="42.00" rerouteNo="0" devices="tripinfo_31" vType="typeCar@31" speedFactor="1.00" vaporized=""/>
    <tripinfo id="41" depart="30.00" departLane="nc_0" departPos="5.10" departSpeed="10.00" departDelay="0.00" arrival="106.10" arrivalLane="cs_0" arrivalPos="192.80" arrivalSpeed="10.00" duration="76.10" routeLength="394.90" waitingTime="2.00" waitingCount="20" stopTime="0.00" timeLoss="36.53" rerouteNo="0" devices="tripinfo_41" vType="typeCar@41" speedFactor="1.00" vaporized=""/>
    <tripinfo id="42" depart="31.00" departLane="nc_0" departPos="5.10" departSpeed="10.00" departDelay="0.00" arrival="107.10" arrivalLane="cs_0" arrivalPos="192.80" arrivalSpeed="10.00" duration="76.10" routeLength="394.90" waitingTime="2.10" waitingCount="21" stopTime="0.00" timeLoss="36.61" rerouteNo="0" devices="tripinfo_42" vType="typeCar@42" speedFactor="1.00" vaporized=""/>
    <tripinfo id="44" depart="33.00" departLane="nc_0" departPos="5.10" departSpeed="10.00" departDelay="0.00" arrival="109.10" arrivalLane="cs_0" arrivalPos="192.80" arrivalSpeed="10.00" duration="76.10" routeLength="394.90" waitingTime="2.10" waitingCount="21" stopTime="0.00" timeLoss="36.61" rerouteNo="0" devices="tripinfo_44" vType="typeCar@44" speedFactor="1.00" vaporized=""/>
    <tripinfo id="34" depart="25.00" departLane="wc_0" departPos="5.10" departSpeed="10.00" departDelay="0.00" arrival="115.40" arrivalLane="ce_0" arrivalPos="192.80" arrivalSpeed="10.00" duration="90.40" routeLength="394.90" waitingTime="1.80" waitingCount="18" stopTime="0.00" timeLoss="50.87" rerouteNo="0" devices="tripinfo_34" vType="typeCar@34" speedFactor="1.00" vaporized=""/>
    <tripinfo id="36" depart="26.00" departLane="wc_0" departPos="5.10" departSpeed="10.00" departDelay="0.00" arrival="116.70" arrivalLane="ce_0" arrivalPos="192.80" arrivalSpeed="10.00" duration="90.70" routeLength="394.90" waitingTime="2.10" waitingCount="21" stopTime="0.00" timeLoss="51.21" rerouteNo="0" devices="tripinfo_36" vType="typeCar@36" speedFactor="1.00" vaporized=""/>
    <tripinfo id="38" depart="28.00" departLane="wc_0" departPos="5.10" departSpeed="10.00" departDelay="0.00" arrival="118.40" arrivalLane="ce_0" arrivalPos="192.80" arrivalSpeed="10.00" duration="90.40" routeLength="394.90" waitingTime="1.80" waitingCount="18" stopTime="0.00" timeLoss="50.89" rerouteNo="0" devices="tripinfo_38" vType="typeCar@38" speedFactor="1.00" vaporized=""/>
    <tripinfo id="46" depart="34.00" departLane="nc_0" departPos="5.10" departSpeed="10.00" departDelay="0.00" arrival="121.80" arrivalLane="cs_0" arrivalPos="192.80" arrivalSpeed="10.00" duration="87.80" routeLength="394.90" waitingTime="2.10" waitingCount="21" stopTime="0.00" timeLoss="48.31" rerouteNo="0" devices="tripinfo_46" vType="typeCar@46" speedFactor="1.00" vaporized=""/>
    <tripinfo id="48" depart="36.00" departLane="nc_0" departPos="5.10" departSpeed="10.00" departDelay="0.00" arrival="122.90" arrivalLane="cs_0" arrivalPos="192.80" arrivalSpeed="10.00" duration="86.90" routeLength="394.90" waitingTime="2.50" waitingCount="25" stopTime="0.00" timeLoss="47.33" rerouteNo="0" devices="tripinfo_48" vType="typeCar@48" speedFactor="1.00" vaporized=""/>
    <tripinfo id="39" depart="29.00" departLane="wc_0" departPos="5.10" departSpeed="10.00" departDelay="0.00" arrival="124.50" arrivalLane="ce_0" arrivalPos="192.80" arrivalSpeed="10.00" duration="95.50" routeLength="394.90" waitingTime="2.10" waitingCount="21" stopTime="0.00" timeLoss="55.98" rerouteNo="0" devices="tripinfo_39" vType="typeCar@39" speedFactor="1.00" vaporized=""/>
    <tripinfo id="43" depart="33.00" departLane="wc_0" departPos="5.10" departSpeed="10.00" departDelay="0.00" arrival="125.60" arrivalLane="ce_0" arrivalPos="192.80" arrivalSpeed="10.00" duration="92.60" routeLength="394.90" waitingTime="2.30" waitingCount="23" stopTime="0.00" timeLoss="53.03" rerouteNo="0" devices="tripinfo_43" vType="typeCar@43" speedFactor="1.00" vaporized=""/>
    <tripinfo id="49" depart="37.00" departLane="nc_0" departPos="5.10" departSpeed="10.00" departDelay="0.00" arrival="127.30" arrivalLane="cs_0" arrivalPos="192.80" arrivalSpeed="10.00" duration="90.30" routeLength="394.90" waitingTime="2.60" waitingCount="26" stopTime="0.00" timeLoss="50.81" rerouteNo="0" devices="tripinfo_49" vType="typeCar@49" speedFactor="1.00" vaporized=""/>
    <tripinfo id="50" depart="38.00" departLane="nc_0" departPos="5.10" departSpeed="10.00" departDelay="0.00" arrival="134.50" arrivalLane="cs_0" arrivalPos="192.80" arrivalSpeed="10.00" duration="96.50" routeLength="394.90" waitingTime="2.50" waitingCount="25" stopTime="0.00" timeLoss="57.01" rerouteNo="0" devices="tripinfo_50" vType="typeCar@50" speedFactor="1.00" vaporized=""/>
    <tripinfo id="52" depart="39.00" departLane="nc_0" departPos="5.10" departSpeed="10.00" departDelay="0.00" arrival="135.40" arrivalLane="cs_0" arrivalPos="192.80" arrivalSpeed="10.00" duration="96.40" routeLength="394.90" waitingTime="2.90" waitingCount="29" stopTime="0.00" timeLoss="56.91" rerouteNo="0" devices="tripinfo_52" vType="typeCar@52" speedFactor="1.00" vaporized=""/>
    <tripinfo id="45" depart="34.00" departLane="wc_0" departPos="5.10" departSpeed="10.00" departDelay="0.00" arrival="137.10" arrivalLane="ce_0" arrivalPos="192.80" arrivalSpeed="10.00" duration="103.10" routeLength="394.90" waitingTime="2.40" waitingCount="24" stopTime="0.00" timeLoss="63.57" rerouteNo="0" devices="tripinfo_45" vType="typeCar@45" speedFactor="1.00" vaporized=""/>
    <tripinfo id="47" depart="35.00" departLane="wc_0" departPos="5.10" departSpeed="10.00" departDelay="0.00" arrival="138.10" arrivalLane="ce_0" arrivalPos="192.80" arrivalSpeed="10.00" duration="103.10" routeLength="394.90" waitingTime="2.70" waitingCount="27" stopTime="0.00" timeLoss="63.56" rerouteNo="0" devices="tripinfo_47" vType="typeCar@47" speedFactor="1.00" vaporized=""/>
    <tripinfo id="53" depart="40.00" departLane="nc_0" departPos="5.10" departSpeed="9.50" departDelay="0.00" arrival="140.20" arrivalLane="cs_0" arrivalPos="192.80" arrivalSpeed="10.00" duration="100.20" routeLength="394.90" waitingTime="3.00" waitingCount="30" stopTime="0.00" timeLoss="60.70" rerouteNo="0" devices="tripinfo_53" vType="typeCar@53" speedFactor="1.00" vaporized=""/>
    <tripinfo id="55" depart="42.00" departLane="nc_0" departPos="5.10" departSpeed="4.20" departDelay="0.00" arrival="141.30" arrivalLane="cs_0" arrivalPos="192.80" arrivalSpeed="10.00" duration="99.30" routeLength="394.90" waitingTime="3.10" waitingCount="31" stopTime="0.00" timeLoss="59.74" rerouteNo="0" devices="tripinfo_55" vType="typeCar@55" speedFactor="1.00" vaporized=""/>
    <tripinfo id="51" depart="39.00" departLane="wc_0" departPos="5.10" departSpeed="10.00" departDelay="0.00" arrival="142.90" arrivalLane="ce_0" arrivalPos="192.80" arrivalSpeed="10.00" duration="103.90" routeLength="394.90" waitingTime="2.70" waitingCount="27" stopTime="0.00" timeLoss="64.34" rerouteNo="0" devices="tripinfo_51" vType="typeCar@51" speedFactor="1.00" vaporized=""/>
    <tripinfo id="54" depart="42.00" departLane="wc_0" departPos="5.10" departSpeed="10.00" departDelay="0.00" arrival="143.90" arrivalLane="ce_0" arrivalPos="192.80" arrivalSpeed="10.00" duration="101.90" routeLength="394.90" waitingTime="2.20" waitingCount="22" stopTime="0.00" timeLoss="62.38" rerouteNo="0" devices="tripinfo_54" vType="typeCar@54" speedFactor="1.00" vaporized=""/>
    <tripinfo id="56" depart="43.20" departLane="nc_0" departPos="5.10" departSpeed="3.00" departDelay="0.20" arrival="147.40" arrivalLane="cs_0" arrivalPos="192.80" arrivalSpeed="10.00" duration="104.20" routeLength="394.90" waitingTime="3.10" waitingCount="31" stopTime="0.00" timeLoss="64.71" rerouteNo="0" devices="tripinfo_56" vType="typeCar@56" speedFactor="1.00" vaporized=""/>
    <tripinfo id="58" depart="47.80" departLane="nc_0" departPos="5.10" departSpeed="4.80" departDelay="3.80" arrival="148.70" arrivalLane="cs_0" arrivalPos="192.80" arrivalSpeed="10.00" duration="100.90" routeLength="394.90" waitingTime="3.50" waitingCount="35" stopTime="0.00" timeLoss="61.39" rerouteNo="0" devices="tripinfo_58" vType="typeCar@58" speedFactor="1.00" vaporized=""/>
    <tripinfo id="57" depart="44.00" departLane="wc_0" departPos="5.10" departSpeed="10.00" departDelay="0.00" arrival="154.80" arrivalLane="ce_0" arrivalPos="192.80" arrivalSpeed="10.00" duration="110.80" routeLength="394.90" waitingTime="2.60" waitingCount="26" stopTime="0.00" timeLoss="71.29" rerouteNo="0" devices="tripinfo_57" vType="typeCar@57" speedFactor="1.00" vaporized=""/>
    <tripinfo id="60" depart="49.20" departLane="nc_0" departPos="5.10" departSpeed="6.60" departDelay="4.20" arrival="157.10" arrivalLane="cs_0" arrivalPos="192.80" arrivalSpeed="10.00" duration="107.90" routeLength="394.90" waitingTime="4.20" waitingCount="42" stopTime="0.00" timeLoss="68.42" rerouteNo="0" devices="tripinfo_60" vType="typeCar@60" speedFactor="1.00" vaporized=""/>
    <tripinfo id="61" depart="50.20" departLane="nc_0" departPos="5.10" departSpeed="8.00" departDelay="4.20" arrival="158.00" arrivalLane="cs_0" arrivalPos="192.80" arrivalSpeed="10.00" duration="107.80" routeLength="394.90" waitingTime="4.40" waitingCount="44" stopTime="0.00" timeLoss="68.35" rerouteNo="0" devices="tripinfo_61" vType="typeCar@61" speedFactor="1.00" vaporized=""/>
    <tripinfo id="63" depart="51.20" departLane="nc_0" departPos="5.10" departSpeed="3.00" departDelay="4.20" arrival="159.90" arrivalLane="cs_0" arrivalPos="192.80" arrivalSpeed="10.00" duration="108.70" routeLength="394.90" waitingTime="3.80" waitingCount="38" stopTime="0.00" timeLoss="69.18" rerouteNo="0" devices="tripinfo_63" vType="typeCar@63" speedFactor="1.00" vaporized=""/>
    <tripinfo id="59" depart="45.00" departLane="wc_0" departPos="5.10" departSpeed="10.00" departDelay="0.00" arrival="161.50" arrivalLane="ce_0" arrivalPos="192.80" arrivalSpeed="10.00" duration="116.50" routeLength="394.90" waitingTime="3.00" waitingCount="30" stopTime="0.00" timeLoss="76.97" rerouteNo="0" devices="tripinfo_59" vType="typeCar@59" speedFactor="1.00" vaporized=""/>
    <tripinfo id="62" depart="47.00" departLane="wc_0" departPos="5.10" departSpeed="7.50" departDelay="0.00" arrival="162.50" arrivalLane="ce_0" arrivalPos="192.80" arrivalSpeed="10.00" duration="115.50" routeLength="394.90" waitingTime="2.80" waitingCount="28" stopTime="0.00" timeLoss="75.93" rerouteNo="0" devices="tripinfo_62" vType="typeCar@62" speedFactor="1.00" vaporized=""/>
    <tripinfo id="65" depart="50.00" departLane="wc_0" departPos="5.10" departSpeed="0.50" departDelay="0.00" arrival="165.10" arrivalLane="ce_0" arrivalPos="192.80" arrivalSpeed="10.00" duration="115.10" routeLength="394.90" waitingTime="3.60" waitingCount="36" stopTime="0.00" timeLoss="75.56" rerouteNo="0" devices="tripinfo_65" vType="typeCar@65" speedFactor="1.00" vaporized=""/>
    <tripinfo id="64" depart="61.80" departLane="nc_0" departPos="5.10" departSpeed="0.15" departDelay="13.80" arrival="166.60" arrivalLane="cs_0" arrivalPos="192.80" arrivalSpeed="10.00" duration="104.80" routeLength="394.90" waitingTime="4.30" waitingCount="39" stopTime="0.00" timeLoss="65.31" rerouteNo="0" devices="tripinfo_64" vType="typeCar@64" speedFactor="1.00" vaporized=""/>
    <tripinfo id="66" depart="64.80" departLane="nc_0" departPos="5.10" departSpeed="5.90" departDelay="13.80" arrival="167.70" arrivalLane="cs_0" arrivalPos="192.80" arrivalSpeed="10.00" duration="102.90" routeLength="394.90" waitingTime="3.60" waitingCount="36" stopTime="0.00" timeLoss="63.42" rerouteNo="0" devices="tripinfo_66" vType="typeCar@66" speedFactor="1.00" vaporized=""/>
    <tripinfo id="68" depart="67.40" departLane="nc_0" departPos="5.10" departSpeed="0.10" departDelay="15.40" arrival="168.90" arrivalLane="cs_0" arrivalPos="192.80" arrivalSpeed="10.00" duration="101.50" routeLength="394.90" waitingTime="4.20" waitingCount="32" stopTime="0.00" timeLoss="61.97" rerouteNo="0" devices="tripinfo_68" vType="typeCar@68" speedFactor="1.00" vaporized=""/>
    <tripinfo id="67" depart="52.00" departLane="wc_0" departPos="5.10" departSpeed="6.50" departDelay="0.00" arrival="170.90" arrivalLane="ce_0" arrivalPos="192.80" arrivalSpeed="10.00" duration="118.90" routeLength="394.90" waitingTime="4.40" waitingCount="44" stopTime="0.00" timeLoss="79.41" rerouteNo="0" devices="tripinfo_67" vType="typeCar@67" speedFactor="1.00" vaporized=""/>
    <tripinfo id="70" depart="72.30" departLane="nc_0" departPos="5.10" departSpeed="5.61" departDelay="19.30" arrival="174.40" arrivalLane="cs_0" arrivalPos="192.80" arrivalSpeed="10.00" duration="102.10" routeLength="394.90" waitingTime="3.20" waitingCount="32" stopTime="0.00" timeLoss="62.55" rerouteNo="0" devices="tripinfo_70" vType="typeCar@70" speedFactor="1.00" vaporized=""/>
    <tripinfo id="69" depart="53.20" departLane="wc_0" departPos="5.10" departSpeed="3.70" departDelay="0.20" arrival="179.30" arrivalLane="ce_0" arrivalPos="192.80" arrivalSpeed="10.00" duration="126.10" routeLength="394.90" waitingTime="4.40" waitingCount="44" stopTime="0.00" timeLoss="86.64" rerouteNo="0" devices="tripinfo_69" vType="typeCar@69" speedFactor="1.00" vaporized=""/>
    <tripinfo id="71" depart="61.80" departLane="wc_0" departPos="5.10" departSpeed="3.10" departDelay="7.80" arrival="180.20" arrivalLane="ce_0" arrivalPos="192.80" arrivalSpeed="10.00" duration="118.40" routeLength="394.90" waitingTime="4.00" waitingCount="40" stopTime="0.00" timeLoss="78.93" rerouteNo="0" devices="tripinfo_71" vType="typeCar@71" speedFactor="1.00" vaporized=""/>
    <tripinfo id="74" depart="66.20" departLane="wc_0" departPos="5.10" departSpeed="5.10" departDelay="8.20" arrival="182.10" arrivalLane="ce_0" arrivalPos="192.80" arrivalSpeed="10.00" duration="115.90" routeLength="394.90" waitingTime="3.60" waitingCount="36" stopTime="0.00" timeLoss="76.40" rerouteNo="0" devices="tripinfo_74" vType="typeCar@74" speedFactor="1.00" vaporized=""/>
    <tripinfo id="72" depart="73.40" departLane="nc_0" departPos="5.10" departSpeed="7.31" departDelay="18.40" arrival="183.90" arrivalLane="cs_0" arrivalPos="192.80" arrivalSpeed="10.00" duration="110.50" routeLength="394.90" waitingTime="4.20" waitingCount="42" stopTime="0.00" timeLoss="70.95" rerouteNo="0" devices="tripinfo_72" vType="typeCar@72" speedFactor="1.00" vaporized=""/>
    <tripinfo id="73" depart="74.80" departLane="nc_0" departPos="5.10" departSpeed="0.31" departDelay="18.80" arrival="184.80" arrivalLane="cs_0" arrivalPos="192.80" arrivalSpeed="10.00" duration="110.00" routeLength="394.90" waitingTime="5.70" waitingCount="47" stopTime="0.00" timeLoss="70.52" rerouteNo="0" devices="tripinfo_73" vType="typeCar@73" speedFactor="1.00" vaporized=""/>
    <tripinfo id="75" depart="82.90" departLane="nc_0" departPos="5.10" departSpeed="5.03" departDelay="24.90" arrival="186.60" arrivalLane="cs_0" arrivalPos="192.80" arrivalSpeed="10.00" duration="103.70" routeLength="394.90" waitingTime="4.30" waitingCount="43" stopTime="0.00" timeLoss="64.24" rerouteNo="0" devices="tripinfo_75" vType="typeCar@75" speedFactor="1.00" vaporized=""/>
    <tripinfo id="79" depart="67.50" departLane="wc_0" departPos="5.10" departSpeed="6.60" departDelay="5.50" arrival="188.20" arrivalLane="ce_0" arrivalPos="192.80" arrivalSpeed="10.00" duration="120.70" routeLength="394.90" waitingTime="4.80" waitingCount="48" stopTime="0.00" timeLoss="81.27" rerouteNo="0" devices="tripinfo_79" vType="typeCar@79" speedFactor="1.00" vaporized=""/>
    <tripinfo id="76" depart="84.20" departLane="nc_0" departPos="5.10" departSpeed="4.93" departDelay="25.20" arrival="191.40" arrivalLane="cs_0" arrivalPos="192.80" arrivalSpeed="10.00" duration="107.20" routeLength="394.90" waitingTime="4.30" waitingCount="43" stopTime="0.00" timeLoss="67.74" rerouteNo="0" devices="tripinfo_76" vType="typeCar@76" speedFactor="1.00" vaporized=""/>
    <tripinfo id="77" depart="89.00" departLane="nc_0" departPos="5.10" departSpeed="3.33" departDelay="29.00" arrival="192.70" arrivalLane="cs_0" arrivalPos="192.80" arrivalSpeed="10.00" duration="103.70" routeLength="394.90" waitingTime="3.90" waitingCount="39" stopTime="0.00" timeLoss="64.21" rerouteNo="0" devices="tripinfo_77" vType="typeCar@77" speedFactor="1.00" vaporized=""/>
    <tripinfo id="81" depart="68.60" departLane="wc_0" departPos="5.10" departSpeed="2.70" departDelay="5.60" arrival="199.50" arrivalLane="ce_0" arrivalPos="192.80" arrivalSpeed="10.00" duration="130.90" routeLength="394.90" waitingTime="5.00" waitingCount="50" stopTime="0.00" timeLoss="91.40" rerouteNo="0" devices="tripinfo_81" vType="typeCar@81" speedFactor="1.00" vaporized=""/>
    <tripinfo id="82" depart="79.90" departLane="wc_0" departPos="5.10" departSpeed="2.62" departDelay="14.90" arrival="200.30" arrivalLane="ce_0" arrivalPos="192.80" arrivalSpeed="10.00" duration="120.40" routeLength="394.90" waitingTime="3.70" waitingCount="37" stopTime="0.00" timeLoss="80.91" rerouteNo="0" devices="tripinfo_82" vType="typeCar@82" speedFactor="1.00" vaporized=""/>
    <tripinfo id="78" depart="90.90" departLane="nc_0" departPos="5.10" departSpeed="5.83" departDelay="29.90" arrival="201.90" arrivalLane="cs_0" arrivalPos="192.80" arrivalSpeed="10.00" duration="111.00" routeLength="394.90" waitingTime="4.30" waitingCount="43" stopTime="0.00" timeLoss="71.52" rerouteNo="0" devices="tripinfo_78" vType="typeCar@78" speedFactor="1.00" vaporized=""/>
    <tripinfo id="80" depart="92.00" departLane="nc_0" departPos="5.10" departSpeed="5.13" departDelay="30.00" arrival="203.00" arrivalLane="cs_0" arrivalPos="192.80" arrivalSpeed="10.00" duration="111.00" routeLength="394.90" waitingTime="4.60" waitingCount="46" stopTime="0.00" timeLoss="71.50" rerouteNo="0" devices="tripinfo_80" vType="typeCar@80" speedFactor="1.00" vaporized=""/>
    <tripinfo id="84" depart="83.50" departLane="wc_0" departPos="5.10" departSpeed="5.42" departDelay="16.50" arrival="204.50" arrivalLane="ce_0" arrivalPos="192.80" arrivalSpeed="10.00" duration="121.00" routeLength="394.90" waitingTime="4.00" waitingCount="40" stopTime="0.00" timeLoss="81.52" rerouteNo="0" devices="tripinfo_84" vType="typeCar@84" speedFactor="1.00" vaporized=""/>
    <tripinfo id="86" depart="87.60" departLane="wc_0" departPos="5.10" departSpeed="3.32" departDelay="19.60" arrival="206.20" arrivalLane="ce_0" arrivalPos="192.80" arrivalSpeed="10.00" duration="118.60" routeLength="394.90" waitingTime="4.30" waitingCount="43" stopTime="0.00" timeLoss="79.11" rerouteNo="0" devices="tripinfo_86" vType="typeCar@86" speedFactor="1.00" vaporized=""/>
    <tripinfo id="83" depart="98.60" departLane="nc_0" departPos="5.10" departSpeed="0.13" departDelay="33.60" arrival="213.50" arrivalLane="cs_0" arrivalPos="192.80" arrivalSpeed="10.00" duration="114.90" routeLength="394.90" waitingTime="5.40" waitingCount="43" stopTime="0.00" timeLoss="75.33" rerouteNo="0" devices="tripinfo_83" vType="typeCar@83" speedFactor="1.00" vaporized=""/>
    <tripinfo id="85" depart="108.40" departLane="nc_0" departPos="5.10" departSpeed="4.36" departDelay="41.40" arrival="214.60" arrivalLane="cs_0" arrivalPos="192.80" arrivalSpeed="10.00" duration="106.20" routeLength="394.90" waitingTime="3.40" waitingCount="34" stopTime="0.00" timeLoss="66.67" rerouteNo="0" devices="tripinfo_85" vType="typeCar@85" speedFactor="1.00" vaporized=""/>
    <tripinfo id="87" depart="109.80" departLane="nc_0" departPos="5.10" departSpeed="6.16" departDelay="40.80" arrival="215.50" arrivalLane="cs_0" arrivalPos="192.80" arrivalSpeed="10.00" duration="105.70" routeLength="394.90" waitingTime="3.50" waitingCount="35" stopTime="0.00" timeLoss="66.19" rerouteNo="0" devices="tripinfo_87" vType="typeCar@87" speedFactor="1.00" vaporized=""/>
    <tripinfo id="89" depart="110.80" departLane="nc_0" departPos="5.10" departSpeed="5.96" departDelay="40.80" arrival="217.30" arrivalLane="cs_0" arrivalPos="192.80" arrivalSpeed="10.00" duration="106.50" routeLength="394.90" waitingTime="4.80" waitingCount="48" stopTime="0.00" timeLoss="66.98" rerouteNo="0" devices="tripinfo_89" vType="typeCar@89" speedFactor="1.00" vaporized=""/>
    <tripinfo id="92" depart="116.30" departLane="nc_0" departPos="5.10" departSpeed="0.06" departDelay="44.30" arrival="218.30" arrivalLane="cs_0" arrivalPos="192.80" arrivalSpeed="10.00" duration="102.00" routeLength="394.90" waitingTime="5.50" waitingCount="43" stopTime="0.00" timeLoss="62.43" rerouteNo="0" devices="tripinfo_92" vType="typeCar@92" speedFactor="1.00" vaporized=""/>
    <tripinfo id="94" depart="123.90" departLane="nc_0" departPos="5.10" departSpeed="4.88" departDelay="49.90" arrival="219.30" arrivalLane="cs_0" arrivalPos="192.80" arrivalSpeed="10.00" duration="95.40" routeLength="394.90" waitingTime="4.00" waitingCount="40" stopTime="0.00" timeLoss="55.84" rerouteNo="0" devices="tripinfo_94" vType="typeCar@94" speedFactor="1.00" vaporized=""/>
    <tripinfo id="88" depart="91.60" departLane="wc_0" departPos="5.10" departSpeed="3.32" departDelay="21.60" arrival="220.90" arrivalLane="ce_0" arrivalPos="192.80" arrivalSpeed="10.00" duration="129.30" routeLength="394.90" waitingTime="3.90" waitingCount="39" stopTime="0.00" timeLoss="89.74" rerouteNo="0" devices="tripinfo_88" vType="typeCar@88" speedFactor="1.00" vaporized=""/>
    <tripinfo id="95" depart="125.20" departLane="nc_0" departPos="5.10" departSpeed="6.38" departDelay="50.20" arrival="223.50" arrivalLane="cs_0" arrivalPos="192.80" arrivalSpeed="10.00" duration="98.30" routeLength="394.90" waitingTime="3.80" waitingCount="38" stopTime="0.00" timeLoss="58.80" rerouteNo="0" devices="tripinfo_95" vType="typeCar@95" speedFactor="1.00" vaporized=""/>
    <tripinfo id="97" depart="129.30" departLane="nc_0" departPos="5.10" departSpeed="0.28" departDelay="53.30" arrival="224.60" arrivalLane="cs_0" arrivalPos="192.80" arrivalSpeed="10.00" duration="95.30" routeLength="394.90" waitingTime="4.50" waitingCount="37" stopTime="0.00" timeLoss="55.81" rerouteNo="0" devices="tripinfo_97" vType="typeCar@97" speedFactor="1.00" vaporized=""/>
    <tripinfo id="90" depart="93.50" departLane="wc_0" departPos="5.10" departSpeed="5.82" departDelay="22.50" arrival="226.30" arrivalLane="ce_0" arrivalPos="192.80" arrivalSpeed="10.00" duration="132.80" routeLength="394.90" waitingTime="4.50" waitingCount="45" stopTime="0.00" timeLoss="93.28" rerouteNo="0" devices="tripinfo_90" vType="typeCar@90" speedFactor="1.00" vaporized=""/>
    <tripinfo id="91" depart="94.60" departLane="wc_0" departPos="5.10" departSpeed="6.72" departDelay="22.60" arrival="227.30" arrivalLane="ce_0" arrivalPos="192.80" arrivalSpeed="10.00" duration="132.70" routeLength="394.90" waitingTime="4.90" waitingCount="49" stopTime="0.00" timeLoss="93.24" rerouteNo="0" devices="tripinfo_91" vType="typeCar@91" speedFactor="1.00" vaporized=""/>
    <tripinfo id="99" depart="133.40" departLane="nc_0" departPos="5.10" departSpeed="5.72" departDelay="56.40" arrival="228.90" arrivalLane="cs_0" arrivalPos="192.80" arrivalSpeed="10.00" duration="95.50" routeLength="394.90" waitingTime="3.50" waitingCount="35" stopTime="0.00" timeLoss="55.95" rerouteNo="0" devices="tripinfo_99" vType="typeCar@99" speedFactor="1.00" vaporized=""/>
    <tripinfo id="101" depart="134.50" departLane="nc_0" departPos="5.10" departSpeed="7.42" departDelay="56.50" arrival="230.00" arrivalLane="cs_0" arrivalPos="192.80" arrivalSpeed="10.00" duration="95.50" routeLength="394.90" waitingTime="3.60" waitingCount="36" stopTime="0.00" timeLoss="56.01" rerouteNo="0" devices="tripinfo_101" vType="typeCar@101" speedFactor="1.00" vaporized=""/>
    <tripinfo id="93" depart="96.90" departLane="wc_0" departPos="5.10" departSpeed="0.02" departDelay="22.90" arrival="231.60" arrivalLane="ce_0" arrivalPos="192.80" arrivalSpeed="10.00" duration="134.70" routeLength="394.90" waitingTime="6.70" waitingCount="55" stopTime="1.10" timeLoss="94.07" rerouteNo="0" devices="tripinfo_93" vType="typeCar@93" speedFactor="1.00" vaporized=""/>
    <tripinfo id="96" depart="106.10" departLane="wc_0" departPos="5.10" departSpeed="0.05" departDelay="30.10" arrival="232.70" arrivalLane="ce_0" arrivalPos="192.80" arrivalSpeed="10.00" duration="126.60" routeLength="394.90" waitingTime="5.00" waitingCount="47" stopTime="1.10" timeLoss="85.99" rerouteNo="0" devices="tripinfo_96" vType="typeCar@96" speedFactor="1.00" vaporized=""/>
    <tripinfo id="103" depart="135.80" departLane="nc_0" departPos="5.10" departSpeed="0.92" departDelay="56.80" arrival="234.30" arrivalLane="cs_0" arrivalPos="192.80" arrivalSpeed="10.00" duration="98.50" routeLength="394.90" waitingTime="4.90" waitingCount="41" stopTime="0.00" timeLoss="58.95" rerouteNo="0" devices="tripinfo_103" vType="typeCar@103" speedFactor="1.00" vaporized=""/>
    <tripinfo id="105" depart="144.60" departLane="nc_0" departPos="5.10" departSpeed="4.55" departDelay="64.60" arrival="235.30" arrivalLane="cs_0" arrivalPos="192.80" arrivalSpeed="10.00" duration="90.70" routeLength="394.90" waitingTime="3.20" waitingCount="32" stopTime="0.00" timeLoss="51.17" rerouteNo="0" devices="tripinfo_105" vType="typeCar@105" speedFactor="1.00" vaporized=""/>
    <tripinfo id="98" depart="111.50" departLane="wc_0" departPos="5.10" departSpeed="5.60" departDelay="34.50" arrival="236.80" arrivalLane="ce_0" arrivalPos="192.80" arrivalSpeed="10.00" duration="125.30" routeLength="394.90" waitingTime="4.40" waitingCount="44" stopTime="0.00" timeLoss="85.80" rerouteNo="0" devices="tripinfo_98" vType="typeCar@98" speedFactor="1.00" vaporized=""/>
    <tripinfo id="100" depart="115.30" departLane="wc_0" departPos="5.10" departSpeed="0.20" departDelay="37.30" arrival="237.80" arrivalLane="ce_0" arrivalPos="192.80" arrivalSpeed="10.00" duration="122.50" routeLength="394.90" waitingTime="4.80" waitingCount="39" stopTime="0.00" timeLoss="82.99" rerouteNo="0" devices="tripinfo_100" vType="typeCar@100" speedFactor="1.00" vaporized=""/>
    <tripinfo id="107" depart="146.00" departLane="nc_0" departPos="5.10" departSpeed="6.35" departDelay="64.00" arrival="239.40" arrivalLane="cs_0" arrivalPos="192.80" arrivalSpeed="10.00" duration="93.40" routeLength="394.90" waitingTime="3.20" waitingCount="32" stopTime="0.00" timeLoss="53.93" rerouteNo="0" devices="tripinfo_107" vType="typeCar@107" speedFactor="1.00" vaporized=""/>
    <tripinfo id="109" depart="150.10" departLane="nc_0" departPos="5.10" departSpeed="0.25" departDelay="67.10" arrival="240.60" arrivalLane="cs_0" arrivalPos="192.80" arrivalSpeed="10.00" duration="90.50" routeLength="394.90" waitingTime="4.00" waitingCount="30" stopTime="0.00" timeLoss="50.96" rerouteNo="0" devices="tripinfo_109" vType="typeCar@109" speedFactor="1.00" vaporized=""/>
    <tripinfo id="102" depart="122.60" departLane="wc_0" departPos="5.10" departSpeed="5.22" departDelay="43.60" arrival="242.10" arrivalLane="ce_0" arrivalPos="192.80" arrivalSpeed="10.00" duration="119.50" routeLength="394.90" waitingTime="3.60" waitingCount="36" stopTime="0.00" timeLoss="80.05" rerouteNo="0" devices="tripinfo_102" vType="typeCar@102" speedFactor="1.00" vaporized=""/>
    <tripinfo id="104" depart="127.50" departLane="wc_0" departPos="5.10" departSpeed="3.12" departDelay="47.50" arrival="243.10" arrivalLane="ce_0" arrivalPos="192.80" arrivalSpeed="10.00" duration="115.60" routeLength="394.90" waitingTime="3.80" waitingCount="38" stopTime="0.00" timeLoss="76.12" rerouteNo="0" devices="tripinfo_104" vType="typeCar@104" speedFactor="1.00" vaporized=""/>
    <tripinfo id="111" depart="156.20" departLane="nc_0" departPos="5.10" departSpeed="5.37" departDelay="72.20" arrival="244.70" arrivalLane="cs_0" arrivalPos="192.80" arrivalSpeed="10.00" duration="88.50" routeLength="394.90" waitingTime="3.00" waitingCount="30" stopTime="0.00" timeLoss="48.96" rerouteNo="0" devices="tripinfo_111" vType="typeCar@111" speedFactor="1.00" vaporized=""/>
    <tripinfo id="112" depart="157.40" departLane="nc_0" departPos="5.10" departSpeed="5.77" departDelay="72.40" arrival="245.70" arrivalLane="cs_0" arrivalPos="192.80" arrivalSpeed="10.00" duration="88.30" routeLength="394.90" waitingTime="3.00" waitingCount="30" stopTime="0.00" timeLoss="48.83" rerouteNo="0" devices="tripinfo_112" vType="typeCar@112" speedFactor="1.00" vaporized=""/>
    <tripinfo id="106" depart="129.50" departLane="wc_0" departPos="5.10" departSpeed="5.92" departDelay="48.50" arrival="247.30" arrivalLane="ce_0" arrivalPos="192.80" arrivalSpeed="10.00" duration="117.80" routeLength="394.90" waitingTime="4.00" waitingCount="40" stopTime="0.00" timeLoss="78.30" rerouteNo="0" devices="tripinfo_106" vType="typeCar@106" speedFactor="1.00" vaporized=""/>
    <tripinfo id="108" depart="134.20" departLane="wc_0" departPos="5.10" departSpeed="0.02" departDelay="51.20" arrival="248.30" arrivalLane="ce_0" arrivalPos="192.80" arrivalSpeed="10.00" duration="114.10" routeLength="394.90" waitingTime="5.50" waitingCount="42" stopTime="0.00" timeLoss="74.60" rerouteNo="0" devices="tripinfo_108" vType="typeCar@108" speedFactor="1.00" vaporized=""/>
    <tripinfo id="114" depart="162.50" departLane="nc_0" departPos="5.10" departSpeed="0.27" departDelay="75.50" arrival="249.80" arrivalLane="cs_0" arrivalPos="192.80" arrivalSpeed="10.00" duration="87.30" routeLength="394.90" waitingTime="3.60" waitingCount="28" stopTime="0.00" timeLoss="47.80" rerouteNo="0" devices="tripinfo_114" vType="typeCar@114" speedFactor="1.00" vaporized=""/>
    <tripinfo id="116" depart="167.20" departLane="nc_0" departPos="5.10" departSpeed="5.80" departDelay="79.20" arrival="250.90" arrivalLane="cs_0" arrivalPos="192.80" arrivalSpeed="10.00" duration="83.70" routeLength="394.90" waitingTime="2.70" waitingCount="27" stopTime="0.00" timeLoss="44.16" rerouteNo="0" devices="tripinfo_116" vType="typeCar@116" speedFactor="1.00" vaporized=""/>
    <tripinfo id="110" depart="140.90" departLane="wc_0" departPos="5.10" departSpeed="0.53" departDelay="56.90" arrival="252.40" arrivalLane="ce_0" arrivalPos="192.80" arrivalSpeed="10.00" duration="111.50" routeLength="394.90" waitingTime="5.40" waitingCount="44" stopTime="0.00" timeLoss="71.94" rerouteNo="0" devices="tripinfo_110" vType="typeCar@110" speedFactor="1.00" vaporized=""/>
    <tripinfo id="113" depart="146.90" departLane="wc_0" departPos="5.10" departSpeed="5.34" departDelay="60.90" arrival="253.50" arrivalLane="ce_0" arrivalPos="192.80" arrivalSpeed="10.00" duration="106.60" routeLength="394.90" waitingTime="3.90" waitingCount="39" stopTime="0.00" timeLoss="67.09" rerouteNo="0" devices="tripinfo_113" vType="typeCar@113" speedFactor="1.00" vaporized=""/>
    <tripinfo id="118" depart="168.40" departLane="nc_0" departPos="5.10" departSpeed="2.20" departDelay="79.40" arrival="255.10" arrivalLane="cs_0" arrivalPos="192.80" arrivalSpeed="10.00" duration="86.70" routeLength="394.90" waitingTime="2.90" waitingCount="28" stopTime="0.00" timeLoss="47.14" rerouteNo="0" devices="tripinfo_118" vType="typeCar@118" speedFactor="1.00" vaporized=""/>
    <tripinfo id="119" depart="176.20" departLane="nc_0" departPos="5.10" departSpeed="4.16" departDelay="86.20" arrival="256.10" arrivalLane="cs_0" arrivalPos="192.80" arrivalSpeed="10.00" duration="79.90" routeLength="394.90" waitingTime="2.20" waitingCount="22" stopTime="0.00" timeLoss="40.39" rerouteNo="0" devices="tripinfo_119" vType="typeCar@119" speedFactor="1.00" vaporized=""/>
    <tripinfo id="115" depart="152.50" departLane="wc_0" departPos="5.10" departSpeed="2.94" departDelay="64.50" arrival="257.70" arrivalLane="ce_0" arrivalPos="192.80" arrivalSpeed="10.00" duration="105.20" routeLength="394.90" waitingTime="3.60" waitingCount="36" stopTime="0.00" timeLoss="65.73" rerouteNo="0" devices="tripinfo_115" vType="typeCar@115" speedFactor="1.00" vaporized=""/>
    <tripinfo id="117" depart="154.50" departLane="wc_0" departPos="5.10" departSpeed="5.74" departDelay="65.50" arrival="258.80" arrivalLane="ce_0" arrivalPos="192.80" arrivalSpeed="10.00" duration="104.30" routeLength="394.90" waitingTime="4.10" waitingCount="41" stopTime="0.00" timeLoss="64.83" rerouteNo="0" devices="tripinfo_117" vType="typeCar@117" speedFactor="1.00" vaporized=""/>
    <tripinfo id="120" depart="177.80" departLane="nc_0" departPos="5.10" departSpeed="1.76" departDelay="86.80" arrival="260.40" arrivalLane="cs_0" arrivalPos="192.80" arrivalSpeed="10.00" duration="82.60" routeLength="394.90" waitingTime="2.70" waitingCount="24" stopTime="0.00" timeLoss="43.05" rerouteNo="0" devices="tripinfo_120" vType="typeCar@120" speedFactor="1.00" vaporized=""/>
    <tripinfo id="122" depart="184.30" departLane="nc_0" departPos="5.10" departSpeed="4.88" departDelay="92.30" arrival="261.50" arrivalLane="cs_0" arrivalPos="192.80" arrivalSpeed="10.00" duration="77.20" routeLength="394.90" waitingTime="1.90" waitingCount="19" stopTime="0.00" timeLoss="37.66" rerouteNo="0" devices="tripinfo_122" vType="typeCar@122" speedFactor="1.00" vaporized=""/>
    <tripinfo id="121" depart="155.60" departLane="wc_0" departPos="5.10" departSpeed="6.64" departDelay="63.60" arrival="263.00" arrivalLane="ce_0" arrivalPos="192.80" arrivalSpeed="10.00" duration="107.40" routeLength="394.90" waitingTime="4.20" waitingCount="42" stopTime="0.00" timeLoss="67.89" rerouteNo="0" devices="tripinfo_121" vType="typeCar@121" speedFactor="1.00" vaporized=""/>
    <tripinfo id="124" depart="158.20" departLane="wc_0" departPos="5.10" departSpeed="0.04" departDelay="64.20" arrival="264.00" arrivalLane="ce_0" arrivalPos="192.80" arrivalSpeed="10.00" duration="105.80" routeLength="394.90" waitingTime="5.50" waitingCount="43" stopTime="0.00" timeLoss="66.31" rerouteNo="0" devices="tripinfo_124" vType="typeCar@124" speedFactor="1.00" vaporized=""/>
    <tripinfo id="123" depart="185.60" departLane="nc_0" departPos="5.10" departSpeed="4.78" departDelay="92.60" arrival="265.60" arrivalLane="cs_0" arrivalPos="192.80" arrivalSpeed="10.00" duration="80.00" routeLength="394.90" waitingTime="2.00" waitingCount="20" stopTime="0.00" timeLoss="40.47" rerouteNo="0" devices="tripinfo_123" vType="typeCar@123" speedFactor="1.00" vaporized=""/>
    <tripinfo id="125" depart="192.50" departLane="nc_0" departPos="5.10" departSpeed="2.28" departDelay="98.50" arrival="266.60" arrivalLane="cs_0" arrivalPos="192.80" arrivalSpeed="10.00" duration="74.10" routeLength="394.90" waitingTime="1.40" waitingCount="14" stopTime="0.00" timeLoss="34.59" rerouteNo="0" devices="tripinfo_125" vType="typeCar@125" speedFactor="1.00" vaporized=""/>
    <tripinfo id="126" depart="168.00" departLane="wc_0" departPos="5.10" departSpeed="1.87" departDelay="73.00" arrival="268.10" arrivalLane="ce_0" arrivalPos="192.80" arrivalSpeed="10.00" duration="100.10" routeLength="394.90" waitingTime="3.80" waitingCount="35" stopTime="0.00" timeLoss="60.61" rerouteNo="0" devices="tripinfo_126" vType="typeCar@126" speedFactor="1.00" vaporized=""/>
    <tripinfo id="128" depart="171.80" departLane="wc_0" departPos="5.10" departSpeed="5.63" departDelay="75.80" arrival="269.30" arrivalLane="ce_0" arrivalPos="192.80" arrivalSpeed="10.00" duration="97.50" routeLength="394.90" waitingTime="3.40" waitingCount="34" stopTime="0.00" timeLoss="58.00" rerouteNo="0" devices="tripinfo_128" vType="typeCar@128" speedFactor="1.00" vaporized=""/>
    <tripinfo id="127" depart="195.00" departLane="nc_0" departPos="5.10" departSpeed="5.78" departDelay="100.00" arrival="270.80" arrivalLane="cs_0" arrivalPos="192.80" arrivalSpeed="10.00" duration="75.80" routeLength="394.90" waitingTime="1.20" waitingCount="12" stopTime="0.00" timeLoss="36.31" rerouteNo="0" devices="tripinfo_127" vType="typeCar@127" speedFactor="1.00" vaporized=""/>
    <tripinfo id="130" depart="199.80" departLane="nc_0" departPos="5.10" departSpeed="1.78" departDelay="101.80" arrival="271.90" arrivalLane="cs_0" arrivalPos="192.80" arrivalSpeed="10.00" duration="72.10" routeLength="394.90" waitingTime="1.30" waitingCount="13" stopTime="0.00" timeLoss="32.58" rerouteNo="0" devices="tripinfo_130" vType="typeCar@130" speedFactor="1.00" vaporized=""/>
    <tripinfo id="129" depart="172.90" departLane="wc_0" departPos="5.10" departSpeed="4.93" departDelay="75.90" arrival="273.40" arrivalLane="ce_0" arrivalPos="192.80" arrivalSpeed="10.00" duration="100.50" routeLength="394.90" waitingTime="3.70" waitingCount="37" stopTime="0.00" timeLoss="61.05" rerouteNo="0" devices="tripinfo_129" vType="typeCar@129" speedFactor="1.00" vaporized=""/>
</tripinfos>
