<?xml version="1.0" encoding="UTF-8"?>

<!-- generated on 2022-11-30 12:18:58 by Eclipse SUMO sumo Version 1.14.1
<configuration xmlns:xsi="http://www.w3.org/2001/XMLSchema-instance" xsi:noNamespaceSchemaLocation="http://sumo.dlr.de/xsd/sumoConfiguration.xsd">

    <input>
        <net-file value="net.net.xml"/>
        <route-files value="routes.rou.xml"/>
    </input>

    <output>
        <tripinfo-output value="raw_data/(7,6,0)tripinfo.xml"/>
    </output>

    <time>
        <begin value="0"/>
        <step-length value="0.1"/>
    </time>

    <processing>
        <extrapolate-departpos value="true"/>
        <route-steps value="0"/>
        <ignore-route-errors value="true"/>
        <collision.action value="warn"/>
        <collision.stoptime value="1"/>
        <collision.mingap-factor value="0.1"/>
    </processing>

    <report>
        <verbose value="false"/>
        <log value="log.txt"/>
        <duration-log.statistics value="true"/>
        <no-step-log value="true"/>
    </report>

    <traci_server>
        <remote-port value="62567"/>
    </traci_server>

    <gui_only>
        <quit-on-end value="true"/>
        <start value="true"/>
    </gui_only>

</configuration>
-->

<tripinfos xmlns:xsi="http://www.w3.org/2001/XMLSchema-instance" xsi:noNamespaceSchemaLocation="http://sumo.dlr.de/xsd/tripinfo_file.xsd">
    <tripinfo id="0" depart="0.00" departLane="nc_0" departPos="5.10" departSpeed="10.00" departDelay="0.00" arrival="39.50" arrivalLane="cs_0" arrivalPos="192.80" arrivalSpeed="10.00" duration="39.50" routeLength="394.90" waitingTime="0.00" waitingCount="0" stopTime="0.00" timeLoss="0.00" rerouteNo="0" devices="tripinfo_0" vType="typeCar@0" speedFactor="1.00" vaporized=""/>
    <tripinfo id="2" depart="1.00" departLane="nc_0" departPos="5.10" departSpeed="10.00" departDelay="0.00" arrival="40.50" arrivalLane="cs_0" arrivalPos="192.80" arrivalSpeed="10.00" duration="39.50" routeLength="394.90" waitingTime="0.00" waitingCount="0" stopTime="0.00" timeLoss="0.00" rerouteNo="0" devices="tripinfo_2" vType="typeCar@2" speedFactor="1.00" vaporized=""/>
    <tripinfo id="3" depart="2.00" departLane="nc_0" departPos="5.10" departSpeed="10.00" departDelay="0.00" arrival="41.50" arrivalLane="cs_0" arrivalPos="192.80" arrivalSpeed="10.00" duration="39.50" routeLength="394.90" waitingTime="0.00" waitingCount="0" stopTime="0.00" timeLoss="0.00" rerouteNo="0" devices="tripinfo_3" vType="typeCar@3" speedFactor="1.00" vaporized=""/>
    <tripinfo id="4" depart="3.00" departLane="nc_0" departPos="5.10" departSpeed="10.00" departDelay="0.00" arrival="42.50" arrivalLane="cs_0" arrivalPos="192.80" arrivalSpeed="10.00" duration="39.50" routeLength="394.90" waitingTime="0.00" waitingCount="0" stopTime="0.00" timeLoss="0.00" rerouteNo="0" devices="tripinfo_4" vType="typeCar@4" speedFactor="1.00" vaporized=""/>
    <tripinfo id="6" depart="4.00" departLane="nc_0" departPos="5.10" departSpeed="10.00" departDelay="0.00" arrival="43.50" arrivalLane="cs_0" arrivalPos="192.80" arrivalSpeed="10.00" duration="39.50" routeLength="394.90" waitingTime="0.00" waitingCount="0" stopTime="0.00" timeLoss="0.00" rerouteNo="0" devices="tripinfo_6" vType="typeCar@6" speedFactor="1.00" vaporized=""/>
    <tripinfo id="8" depart="5.00" departLane="nc_0" departPos="5.10" departSpeed="10.00" departDelay="0.00" arrival="44.50" arrivalLane="cs_0" arrivalPos="192.80" arrivalSpeed="10.00" duration="39.50" routeLength="394.90" waitingTime="0.00" waitingCount="0" stopTime="0.00" timeLoss="0.00" rerouteNo="0" devices="tripinfo_8" vType="typeCar@8" speedFactor="1.00" vaporized=""/>
    <tripinfo id="10" depart="6.00" departLane="nc_0" departPos="5.10" departSpeed="10.00" departDelay="0.00" arrival="45.50" arrivalLane="cs_0" arrivalPos="192.80" arrivalSpeed="10.00" duration="39.50" routeLength="394.90" waitingTime="0.00" waitingCount="0" stopTime="0.00" timeLoss="0.00" rerouteNo="0" devices="tripinfo_10" vType="typeCar@10" speedFactor="1.00" vaporized=""/>
    <tripinfo id="11" depart="7.00" departLane="nc_0" departPos="5.10" departSpeed="10.00" departDelay="0.00" arrival="46.50" arrivalLane="cs_0" arrivalPos="192.80" arrivalSpeed="10.00" duration="39.50" routeLength="394.90" waitingTime="0.00" waitingCount="0" stopTime="0.00" timeLoss="0.00" rerouteNo="0" devices="tripinfo_11" vType="typeCar@11" speedFactor="1.00" vaporized=""/>
    <tripinfo id="13" depart="8.00" departLane="nc_0" departPos="5.10" departSpeed="10.00" departDelay="0.00" arrival="47.50" arrivalLane="cs_0" arrivalPos="192.80" arrivalSpeed="10.00" duration="39.50" routeLength="394.90" waitingTime="0.00" waitingCount="0" stopTime="0.00" timeLoss="0.00" rerouteNo="0" devices="tripinfo_13" vType="typeCar@13" speedFactor="1.00" vaporized=""/>
    <tripinfo id="14" depart="9.00" departLane="nc_0" departPos="5.10" departSpeed="10.00" departDelay="0.00" arrival="48.50" arrivalLane="cs_0" arrivalPos="192.80" arrivalSpeed="10.00" duration="39.50" routeLength="394.90" waitingTime="0.00" waitingCount="0" stopTime="0.00" timeLoss="0.00" rerouteNo="0" devices="tripinfo_14" vType="typeCar@14" speedFactor="1.00" vaporized=""/>
    <tripinfo id="15" depart="10.00" departLane="nc_0" departPos="5.10" departSpeed="10.00" departDelay="0.00" arrival="52.20" arrivalLane="cs_0" arrivalPos="192.80" arrivalSpeed="10.00" duration="42.20" routeLength="394.90" waitingTime="0.10" waitingCount="1" stopTime="0.00" timeLoss="2.66" rerouteNo="0" devices="tripinfo_15" vType="typeCar@15" speedFactor="1.00" vaporized=""/>
    <tripinfo id="1" depart="1.00" departLane="wc_0" departPos="5.10" departSpeed="10.00" departDelay="0.00" arrival="53.60" arrivalLane="ce_0" arrivalPos="192.80" arrivalSpeed="10.00" duration="52.60" routeLength="394.90" waitingTime="0.10" waitingCount="1" stopTime="0.00" timeLoss="13.09" rerouteNo="0" devices="tripinfo_1" vType="typeCar@1" speedFactor="1.00" vaporized=""/>
    <tripinfo id="17" depart="11.00" departLane="nc_0" departPos="5.10" departSpeed="10.00" departDelay="0.00" arrival="54.40" arrivalLane="cs_0" arrivalPos="192.80" arrivalSpeed="10.00" duration="43.40" routeLength="394.90" waitingTime="0.00" waitingCount="0" stopTime="0.00" timeLoss="3.91" rerouteNo="0" devices="tripinfo_17" vType="typeCar@17" speedFactor="1.00" vaporized=""/>
    <tripinfo id="5" depart="4.00" departLane="wc_0" departPos="5.10" departSpeed="10.00" departDelay="0.00" arrival="56.90" arrivalLane="ce_0" arrivalPos="192.80" arrivalSpeed="10.00" duration="52.90" routeLength="394.90" waitingTime="0.00" waitingCount="0" stopTime="0.00" timeLoss="13.41" rerouteNo="0" devices="tripinfo_5" vType="typeCar@5" speedFactor="1.00" vaporized=""/>
    <tripinfo id="18" depart="12.00" departLane="nc_0" departPos="5.10" departSpeed="10.00" departDelay="0.00" arrival="59.10" arrivalLane="cs_0" arrivalPos="192.80" arrivalSpeed="10.00" duration="47.10" routeLength="394.90" waitingTime="0.00" waitingCount="0" stopTime="0.00" timeLoss="7.54" rerouteNo="0" devices="tripinfo_18" vType="typeCar@18" speedFactor="1.00" vaporized=""/>
    <tripinfo id="20" depart="13.00" departLane="nc_0" departPos="5.10" departSpeed="10.00" departDelay="0.00" arrival="60.10" arrivalLane="cs_0" arrivalPos="192.80" arrivalSpeed="10.00" duration="47.10" routeLength="394.90" waitingTime="0.00" waitingCount="0" stopTime="0.00" timeLoss="7.54" rerouteNo="0" devices="tripinfo_20" vType="typeCar@20" speedFactor="1.00" vaporized=""/>
    <tripinfo id="21" depart="14.00" departLane="nc_0" departPos="5.10" departSpeed="10.00" departDelay="0.00" arrival="61.60" arrivalLane="cs_0" arrivalPos="192.80" arrivalSpeed="10.00" duration="47.60" routeLength="394.90" waitingTime="0.00" waitingCount="0" stopTime="0.00" timeLoss="8.07" rerouteNo="0" devices="tripinfo_21" vType="typeCar@21" speedFactor="1.00" vaporized=""/>
    <tripinfo id="24" depart="17.00" departLane="nc_0" departPos="5.10" departSpeed="10.00" departDelay="0.00" arrival="69.50" arrivalLane="cs_0" arrivalPos="192.80" arrivalSpeed="10.00" duration="52.50" routeLength="394.90" waitingTime="3.40" waitingCount="1" stopTime="0.00" timeLoss="12.95" rerouteNo="0" devices="tripinfo_24" vType="typeCar@24" speedFactor="1.00" vaporized=""/>
    <tripinfo id="25" depart="18.00" departLane="nc_0" departPos="5.10" departSpeed="10.00" departDelay="0.00" arrival="70.40" arrivalLane="cs_0" arrivalPos="192.80" arrivalSpeed="10.00" duration="52.40" routeLength="394.90" waitingTime="0.00" waitingCount="0" stopTime="0.00" timeLoss="12.87" rerouteNo="0" devices="tripinfo_25" vType="typeCar@25" speedFactor="1.00" vaporized=""/>
    <tripinfo id="7" depart="5.00" departLane="wc_0" departPos="5.10" departSpeed="10.00" departDelay="0.00" arrival="72.00" arrivalLane="ce_0" arrivalPos="192.80" arrivalSpeed="10.00" duration="67.00" routeLength="394.90" waitingTime="0.20" waitingCount="2" stopTime="0.00" timeLoss="27.49" rerouteNo="0" devices="tripinfo_7" vType="typeCar@7" speedFactor="1.00" vaporized=""/>
    <tripinfo id="9" depart="6.00" departLane="wc_0" departPos="5.10" departSpeed="10.00" departDelay="0.00" arrival="72.90" arrivalLane="ce_0" arrivalPos="192.80" arrivalSpeed="10.00" duration="66.90" routeLength="394.90" waitingTime="0.50" waitingCount="5" stopTime="0.00" timeLoss="27.40" rerouteNo="0" devices="tripinfo_9" vType="typeCar@9" speedFactor="1.00" vaporized=""/>
    <tripinfo id="26" depart="19.00" departLane="nc_0" departPos="5.10" departSpeed="10.00" departDelay="0.00" arrival="74.40" arrivalLane="cs_0" arrivalPos="192.80" arrivalSpeed="10.00" duration="55.40" routeLength="394.90" waitingTime="0.00" waitingCount="0" stopTime="0.00" timeLoss="15.92" rerouteNo="0" devices="tripinfo_26" vType="typeCar@26" speedFactor="1.00" vaporized=""/>
    <tripinfo id="27" depart="20.00" departLane="nc_0" departPos="5.10" departSpeed="10.00" departDelay="0.00" arrival="75.50" arrivalLane="cs_0" arrivalPos="192.80" arrivalSpeed="10.00" duration="55.50" routeLength="394.90" waitingTime="0.00" waitingCount="0" stopTime="0.00" timeLoss="15.95" rerouteNo="0" devices="tripinfo_27" vType="typeCar@27" speedFactor="1.00" vaporized=""/>
    <tripinfo id="12" depart="8.00" departLane="wc_0" departPos="5.10" departSpeed="10.00" departDelay="0.00" arrival="77.00" arrivalLane="ce_0" arrivalPos="192.80" arrivalSpeed="10.00" duration="69.00" routeLength="394.90" waitingTime="0.70" waitingCount="7" stopTime="0.00" timeLoss="29.48" rerouteNo="0" devices="tripinfo_12" vType="typeCar@12" speedFactor="1.00" vaporized=""/>
    <tripinfo id="16" depart="11.00" departLane="wc_0" departPos="5.10" departSpeed="10.00" departDelay="0.00" arrival="78.00" arrivalLane="ce_0" arrivalPos="192.80" arrivalSpeed="10.00" duration="67.00" routeLength="394.90" waitingTime="0.70" waitingCount="7" stopTime="0.00" timeLoss="27.52" rerouteNo="0" devices="tripinfo_16" vType="typeCar@16" speedFactor="1.00" vaporized=""/>
    <tripinfo id="29" depart="21.00" departLane="nc_0" departPos="5.10" departSpeed="10.00" departDelay="0.00" arrival="81.90" arrivalLane="cs_0" arrivalPos="192.80" arrivalSpeed="10.00" duration="60.90" routeLength="394.90" waitingTime="0.40" waitingCount="4" stopTime="0.00" timeLoss="21.36" rerouteNo="0" devices="tripinfo_29" vType="typeCar@29" speedFactor="1.00" vaporized=""/>
    <tripinfo id="31" depart="22.00" departLane="nc_0" departPos="5.10" departSpeed="10.00" departDelay="0.00" arrival="83.10" arrivalLane="cs_0" arrivalPos="192.80" arrivalSpeed="10.00" duration="61.10" routeLength="394.90" waitingTime="0.50" waitingCount="5" stopTime="0.00" timeLoss="21.54" rerouteNo="0" devices="tripinfo_31" vType="typeCar@31" speedFactor="1.00" vaporized=""/>
    <tripinfo id="19" depart="13.00" departLane="wc_0" departPos="5.10" departSpeed="10.00" departDelay="0.00" arrival="89.50" arrivalLane="ce_0" arrivalPos="192.80" arrivalSpeed="10.00" duration="76.50" routeLength="394.90" waitingTime="0.90" waitingCount="9" stopTime="0.00" timeLoss="36.97" rerouteNo="0" devices="tripinfo_19" vType="typeCar@19" speedFactor="1.00" vaporized=""/>
    <tripinfo id="22" depart="16.00" departLane="wc_0" departPos="5.10" departSpeed="10.00" departDelay="0.00" arrival="90.40" arrivalLane="ce_0" arrivalPos="192.80" arrivalSpeed="10.00" duration="74.40" routeLength="394.90" waitingTime="0.70" waitingCount="7" stopTime="0.00" timeLoss="34.87" rerouteNo="0" devices="tripinfo_22" vType="typeCar@22" speedFactor="1.00" vaporized=""/>
    <tripinfo id="33" depart="23.00" departLane="nc_0" departPos="5.10" departSpeed="10.00" departDelay="0.00" arrival="92.00" arrivalLane="cs_0" arrivalPos="192.80" arrivalSpeed="10.00" duration="69.00" routeLength="394.90" waitingTime="0.60" waitingCount="6" stopTime="0.00" timeLoss="29.43" rerouteNo="0" devices="tripinfo_33" vType="typeCar@33" speedFactor="1.00" vaporized=""/>
    <tripinfo id="34" depart="24.00" departLane="nc_0" departPos="5.10" departSpeed="10.00" departDelay="0.00" arrival="93.00" arrivalLane="cs_0" arrivalPos="192.80" arrivalSpeed="10.00" duration="69.00" routeLength="394.90" waitingTime="0.60" waitingCount="6" stopTime="0.00" timeLoss="29.49" rerouteNo="0" devices="tripinfo_34" vType="typeCar@34" speedFactor="1.00" vaporized=""/>
    <tripinfo id="23" depart="17.00" departLane="wc_0" departPos="5.10" departSpeed="10.00" departDelay="0.00" arrival="94.60" arrivalLane="ce_0" arrivalPos="192.80" arrivalSpeed="10.00" duration="77.60" routeLength="394.90" waitingTime="0.80" waitingCount="8" stopTime="0.00" timeLoss="38.11" rerouteNo="0" devices="tripinfo_23" vType="typeCar@23" speedFactor="1.00" vaporized=""/>
    <tripinfo id="28" depart="21.00" departLane="wc_0" departPos="5.10" departSpeed="10.00" departDelay="0.00" arrival="95.70" arrivalLane="ce_0" arrivalPos="192.80" arrivalSpeed="10.00" duration="74.70" routeLength="394.90" waitingTime="0.90" waitingCount="9" stopTime="0.00" timeLoss="35.17" rerouteNo="0" devices="tripinfo_28" vType="typeCar@28" speedFactor="1.00" vaporized=""/>
    <tripinfo id="30" depart="22.00" departLane="wc_0" departPos="5.10" departSpeed="10.00" departDelay="0.00" arrival="100.70" arrivalLane="ce_0" arrivalPos="192.80" arrivalSpeed="10.00" duration="78.70" routeLength="394.90" waitingTime="1.30" waitingCount="13" stopTime="0.00" timeLoss="39.13" rerouteNo="0" devices="tripinfo_30" vType="typeCar@30" speedFactor="1.00" vaporized=""/>
    <tripinfo id="36" depart="25.00" departLane="nc_0" departPos="5.10" departSpeed="10.00" departDelay="0.00" arrival="103.10" arrivalLane="cs_0" arrivalPos="192.80" arrivalSpeed="10.00" duration="78.10" routeLength="394.90" waitingTime="2.70" waitingCount="8" stopTime="0.00" timeLoss="38.61" rerouteNo="0" devices="tripinfo_36" vType="typeCar@36" speedFactor="1.00" vaporized=""/>
    <tripinfo id="38" depart="27.00" departLane="nc_0" departPos="5.10" departSpeed="10.00" departDelay="0.00" arrival="104.00" arrivalLane="cs_0" arrivalPos="192.80" arrivalSpeed="10.00" duration="77.00" routeLength="394.90" waitingTime="1.20" waitingCount="12" stopTime="0.00" timeLoss="37.51" rerouteNo="0" devices="tripinfo_38" vType="typeCar@38" speedFactor="1.00" vaporized=""/>
    <tripinfo id="41" depart="29.00" departLane="nc_0" departPos="5.10" departSpeed="10.00" departDelay="0.00" arrival="105.40" arrivalLane="cs_0" arrivalPos="192.80" arrivalSpeed="10.00" duration="76.40" routeLength="394.90" waitingTime="1.20" waitingCount="12" stopTime="0.00" timeLoss="36.85" rerouteNo="0" devices="tripinfo_41" vType="typeCar@41" speedFactor="1.00" vaporized=""/>
    <tripinfo id="32" depart="23.00" departLane="wc_0" departPos="5.10" departSpeed="10.00" departDelay="0.00" arrival="107.00" arrivalLane="ce_0" arrivalPos="192.80" arrivalSpeed="10.00" duration="84.00" routeLength="394.90" waitingTime="0.90" waitingCount="9" stopTime="0.00" timeLoss="44.43" rerouteNo="0" devices="tripinfo_32" vType="typeCar@32" speedFactor="1.00" vaporized=""/>
    <tripinfo id="35" depart="25.00" departLane="wc_0" departPos="5.10" departSpeed="10.00" departDelay="0.00" arrival="108.00" arrivalLane="ce_0" arrivalPos="192.80" arrivalSpeed="10.00" duration="83.00" routeLength="394.90" waitingTime="1.10" waitingCount="11" stopTime="0.00" timeLoss="43.48" rerouteNo="0" devices="tripinfo_35" vType="typeCar@35" speedFactor="1.00" vaporized=""/>
    <tripinfo id="42" depart="30.00" departLane="nc_0" departPos="5.10" departSpeed="10.00" departDelay="0.00" arrival="109.60" arrivalLane="cs_0" arrivalPos="192.80" arrivalSpeed="10.00" duration="79.60" routeLength="394.90" waitingTime="1.50" waitingCount="15" stopTime="0.00" timeLoss="40.02" rerouteNo="0" devices="tripinfo_42" vType="typeCar@42" speedFactor="1.00" vaporized=""/>
    <tripinfo id="44" depart="31.00" departLane="nc_0" departPos="5.10" departSpeed="10.00" departDelay="0.00" arrival="110.60" arrivalLane="cs_0" arrivalPos="192.80" arrivalSpeed="10.00" duration="79.60" routeLength="394.90" waitingTime="2.10" waitingCount="21" stopTime="0.00" timeLoss="40.04" rerouteNo="0" devices="tripinfo_44" vType="typeCar@44" speedFactor="1.00" vaporized=""/>
    <tripinfo id="37" depart="26.00" departLane="wc_0" departPos="5.10" departSpeed="10.00" departDelay="0.00" arrival="112.20" arrivalLane="ce_0" arrivalPos="192.80" arrivalSpeed="10.00" duration="86.20" routeLength="394.90" waitingTime="1.90" waitingCount="19" stopTime="0.00" timeLoss="46.66" rerouteNo="0" devices="tripinfo_37" vType="typeCar@37" speedFactor="1.00" vaporized=""/>
    <tripinfo id="39" depart="28.00" departLane="wc_0" departPos="5.10" departSpeed="10.00" departDelay="0.00" arrival="113.20" arrivalLane="ce_0" arrivalPos="192.80" arrivalSpeed="10.00" duration="85.20" routeLength="394.90" waitingTime="2.00" waitingCount="20" stopTime="0.00" timeLoss="45.71" rerouteNo="0" devices="tripinfo_39" vType="typeCar@39" speedFactor="1.00" vaporized=""/>
    <tripinfo id="46" depart="33.00" departLane="nc_0" departPos="5.10" departSpeed="10.00" departDelay="0.00" arrival="114.80" arrivalLane="cs_0" arrivalPos="192.80" arrivalSpeed="10.00" duration="81.80" routeLength="394.90" waitingTime="2.10" waitingCount="21" stopTime="0.00" timeLoss="42.27" rerouteNo="0" devices="tripinfo_46" vType="typeCar@46" speedFactor="1.00" vaporized=""/>
    <tripinfo id="48" depart="34.00" departLane="nc_0" departPos="5.10" departSpeed="10.00" departDelay="0.00" arrival="115.80" arrivalLane="cs_0" arrivalPos="192.80" arrivalSpeed="10.00" duration="81.80" routeLength="394.90" waitingTime="2.10" waitingCount="21" stopTime="0.00" timeLoss="42.30" rerouteNo="0" devices="tripinfo_48" vType="typeCar@48" speedFactor="1.00" vaporized=""/>
    <tripinfo id="50" depart="36.00" departLane="nc_0" departPos="5.10" departSpeed="10.00" departDelay="0.00" arrival="117.20" arrivalLane="cs_0" arrivalPos="192.80" arrivalSpeed="10.00" duration="81.20" routeLength="394.90" waitingTime="2.20" waitingCount="22" stopTime="0.00" timeLoss="41.62" rerouteNo="0" devices="tripinfo_50" vType="typeCar@50" speedFactor="1.00" vaporized=""/>
    <tripinfo id="40" depart="29.00" departLane="wc_0" departPos="5.10" departSpeed="10.00" departDelay="0.00" arrival="123.50" arrivalLane="ce_0" arrivalPos="192.80" arrivalSpeed="10.00" duration="94.50" routeLength="394.90" waitingTime="2.30" waitingCount="23" stopTime="0.00" timeLoss="54.99" rerouteNo="0" devices="tripinfo_40" vType="typeCar@40" speedFactor="1.00" vaporized=""/>
    <tripinfo id="51" depart="37.00" departLane="nc_0" departPos="5.10" departSpeed="10.00" departDelay="0.00" arrival="125.80" arrivalLane="cs_0" arrivalPos="192.80" arrivalSpeed="10.00" duration="88.80" routeLength="394.90" waitingTime="2.20" waitingCount="22" stopTime="0.00" timeLoss="49.32" rerouteNo="0" devices="tripinfo_51" vType="typeCar@51" speedFactor="1.00" vaporized=""/>
    <tripinfo id="52" depart="38.00" departLane="nc_0" departPos="5.10" departSpeed="10.00" departDelay="0.00" arrival="127.40" arrivalLane="cs_0" arrivalPos="192.80" arrivalSpeed="10.00" duration="89.40" routeLength="394.90" waitingTime="2.30" waitingCount="23" stopTime="0.00" timeLoss="49.92" rerouteNo="0" devices="tripinfo_52" vType="typeCar@52" speedFactor="1.00" vaporized=""/>
    <tripinfo id="54" depart="39.00" departLane="nc_0" departPos="5.10" departSpeed="10.00" departDelay="0.00" arrival="131.60" arrivalLane="cs_0" arrivalPos="192.80" arrivalSpeed="10.00" duration="92.60" routeLength="394.90" waitingTime="2.30" waitingCount="23" stopTime="0.00" timeLoss="53.09" rerouteNo="0" devices="tripinfo_54" vType="typeCar@54" speedFactor="1.00" vaporized=""/>
    <tripinfo id="43" depart="31.00" departLane="wc_0" departPos="5.10" departSpeed="10.00" departDelay="0.00" arrival="134.30" arrivalLane="ce_0" arrivalPos="192.80" arrivalSpeed="10.00" duration="103.30" routeLength="394.90" waitingTime="7.00" waitingCount="30" stopTime="0.00" timeLoss="63.75" rerouteNo="0" devices="tripinfo_43" vType="typeCar@43" speedFactor="1.00" vaporized=""/>
    <tripinfo id="45" depart="33.00" departLane="wc_0" departPos="5.10" departSpeed="10.00" departDelay="0.00" arrival="136.10" arrivalLane="ce_0" arrivalPos="192.80" arrivalSpeed="10.00" duration="103.10" routeLength="394.90" waitingTime="2.60" waitingCount="26" stopTime="0.00" timeLoss="63.60" rerouteNo="0" devices="tripinfo_45" vType="typeCar@45" speedFactor="1.00" vaporized=""/>
    <tripinfo id="47" depart="34.00" departLane="wc_0" departPos="5.10" departSpeed="10.00" departDelay="0.00" arrival="137.00" arrivalLane="ce_0" arrivalPos="192.80" arrivalSpeed="10.00" duration="103.00" routeLength="394.90" waitingTime="2.90" waitingCount="29" stopTime="0.00" timeLoss="63.50" rerouteNo="0" devices="tripinfo_47" vType="typeCar@47" speedFactor="1.00" vaporized=""/>
    <tripinfo id="49" depart="35.00" departLane="wc_0" departPos="5.10" departSpeed="10.00" departDelay="0.00" arrival="141.70" arrivalLane="ce_0" arrivalPos="192.80" arrivalSpeed="10.00" duration="106.70" routeLength="394.90" waitingTime="3.20" waitingCount="32" stopTime="0.00" timeLoss="67.20" rerouteNo="0" devices="tripinfo_49" vType="typeCar@49" speedFactor="1.00" vaporized=""/>
    <tripinfo id="56" depart="40.00" departLane="nc_0" departPos="5.10" departSpeed="9.10" departDelay="0.00" arrival="144.60" arrivalLane="cs_0" arrivalPos="192.80" arrivalSpeed="10.00" duration="104.60" routeLength="394.90" waitingTime="4.70" waitingCount="24" stopTime="0.00" timeLoss="65.10" rerouteNo="0" devices="tripinfo_56" vType="typeCar@56" speedFactor="1.00" vaporized=""/>
    <tripinfo id="59" depart="42.00" departLane="nc_0" departPos="5.10" departSpeed="8.40" departDelay="0.00" arrival="145.60" arrivalLane="cs_0" arrivalPos="192.80" arrivalSpeed="10.00" duration="103.60" routeLength="394.90" waitingTime="2.80" waitingCount="28" stopTime="0.00" timeLoss="64.05" rerouteNo="0" devices="tripinfo_59" vType="typeCar@59" speedFactor="1.00" vaporized=""/>
    <tripinfo id="60" depart="43.00" departLane="nc_0" departPos="5.10" departSpeed="10.00" departDelay="0.00" arrival="146.50" arrivalLane="cs_0" arrivalPos="192.80" arrivalSpeed="10.00" duration="103.50" routeLength="394.90" waitingTime="3.00" waitingCount="30" stopTime="0.00" timeLoss="63.99" rerouteNo="0" devices="tripinfo_60" vType="typeCar@60" speedFactor="1.00" vaporized=""/>
    <tripinfo id="62" depart="44.00" departLane="nc_0" departPos="5.10" departSpeed="10.00" departDelay="0.00" arrival="149.00" arrivalLane="cs_0" arrivalPos="192.80" arrivalSpeed="10.00" duration="105.00" routeLength="394.90" waitingTime="3.20" waitingCount="32" stopTime="0.00" timeLoss="65.46" rerouteNo="0" devices="tripinfo_62" vType="typeCar@62" speedFactor="1.00" vaporized=""/>
    <tripinfo id="64" depart="45.00" departLane="nc_0" departPos="5.10" departSpeed="6.50" departDelay="0.00" arrival="152.10" arrivalLane="cs_0" arrivalPos="192.80" arrivalSpeed="10.00" duration="107.10" routeLength="394.90" waitingTime="3.60" waitingCount="36" stopTime="0.00" timeLoss="67.53" rerouteNo="0" devices="tripinfo_64" vType="typeCar@64" speedFactor="1.00" vaporized=""/>
    <tripinfo id="53" depart="39.00" departLane="wc_0" departPos="5.10" departSpeed="4.90" departDelay="0.00" arrival="155.30" arrivalLane="ce_0" arrivalPos="192.80" arrivalSpeed="10.00" duration="116.30" routeLength="394.90" waitingTime="4.50" waitingCount="37" stopTime="0.00" timeLoss="76.79" rerouteNo="0" devices="tripinfo_53" vType="typeCar@53" speedFactor="1.00" vaporized=""/>
    <tripinfo id="55" depart="40.10" departLane="wc_0" departPos="5.10" departSpeed="8.20" departDelay="0.10" arrival="156.40" arrivalLane="ce_0" arrivalPos="192.80" arrivalSpeed="10.00" duration="116.30" routeLength="394.90" waitingTime="3.80" waitingCount="38" stopTime="0.00" timeLoss="76.84" rerouteNo="0" devices="tripinfo_55" vType="typeCar@55" speedFactor="1.00" vaporized=""/>
    <tripinfo id="57" depart="41.00" departLane="wc_0" departPos="5.10" departSpeed="9.30" departDelay="0.00" arrival="157.30" arrivalLane="ce_0" arrivalPos="192.80" arrivalSpeed="10.00" duration="116.30" routeLength="394.90" waitingTime="3.30" waitingCount="33" stopTime="0.00" timeLoss="76.75" rerouteNo="0" devices="tripinfo_57" vType="typeCar@57" speedFactor="1.00" vaporized=""/>
    <tripinfo id="58" depart="42.00" departLane="wc_0" departPos="5.10" departSpeed="8.90" departDelay="0.00" arrival="160.70" arrivalLane="ce_0" arrivalPos="192.80" arrivalSpeed="10.00" duration="118.70" routeLength="394.90" waitingTime="3.30" waitingCount="33" stopTime="0.00" timeLoss="79.15" rerouteNo="0" devices="tripinfo_58" vType="typeCar@58" speedFactor="1.00" vaporized=""/>
    <tripinfo id="65" depart="46.60" departLane="nc_0" departPos="5.10" departSpeed="0.10" departDelay="0.60" arrival="163.10" arrivalLane="cs_0" arrivalPos="192.80" arrivalSpeed="10.00" duration="116.50" routeLength="394.90" waitingTime="5.20" waitingCount="37" stopTime="0.00" timeLoss="76.97" rerouteNo="0" devices="tripinfo_65" vType="typeCar@65" speedFactor="1.00" vaporized=""/>
    <tripinfo id="67" depart="58.40" departLane="nc_0" departPos="5.10" departSpeed="3.93" departDelay="11.40" arrival="164.70" arrivalLane="cs_0" arrivalPos="192.80" arrivalSpeed="10.00" duration="106.30" routeLength="394.90" waitingTime="2.80" waitingCount="28" stopTime="0.00" timeLoss="66.75" rerouteNo="0" devices="tripinfo_67" vType="typeCar@67" speedFactor="1.00" vaporized=""/>
    <tripinfo id="68" depart="60.00" departLane="nc_0" departPos="5.10" departSpeed="2.33" departDelay="12.00" arrival="167.80" arrivalLane="cs_0" arrivalPos="192.80" arrivalSpeed="10.00" duration="107.80" routeLength="394.90" waitingTime="3.70" waitingCount="37" stopTime="0.00" timeLoss="68.25" rerouteNo="0" devices="tripinfo_68" vType="typeCar@68" speedFactor="1.00" vaporized=""/>
    <tripinfo id="61" depart="44.00" departLane="wc_0" departPos="5.10" departSpeed="1.30" departDelay="0.00" arrival="171.10" arrivalLane="ce_0" arrivalPos="192.80" arrivalSpeed="10.00" duration="127.10" routeLength="394.90" waitingTime="4.10" waitingCount="41" stopTime="0.00" timeLoss="87.57" rerouteNo="0" devices="tripinfo_61" vType="typeCar@61" speedFactor="1.00" vaporized=""/>
    <tripinfo id="63" depart="46.10" departLane="wc_0" departPos="5.10" departSpeed="0.40" departDelay="1.10" arrival="172.00" arrivalLane="ce_0" arrivalPos="192.80" arrivalSpeed="10.00" duration="125.90" routeLength="394.90" waitingTime="5.20" waitingCount="44" stopTime="0.00" timeLoss="86.38" rerouteNo="0" devices="tripinfo_63" vType="typeCar@63" speedFactor="1.00" vaporized=""/>
    <tripinfo id="66" depart="56.70" departLane="wc_0" departPos="5.10" departSpeed="1.43" departDelay="9.70" arrival="173.50" arrivalLane="ce_0" arrivalPos="192.80" arrivalSpeed="10.00" duration="116.80" routeLength="394.90" waitingTime="3.80" waitingCount="38" stopTime="0.00" timeLoss="77.25" rerouteNo="0" devices="tripinfo_66" vType="typeCar@66" speedFactor="1.00" vaporized=""/>
    <tripinfo id="70" depart="64.30" departLane="nc_0" departPos="5.10" departSpeed="5.23" departDelay="13.30" arrival="180.40" arrivalLane="cs_0" arrivalPos="192.80" arrivalSpeed="10.00" duration="116.10" routeLength="394.90" waitingTime="3.60" waitingCount="36" stopTime="0.00" timeLoss="76.62" rerouteNo="0" devices="tripinfo_70" vType="typeCar@70" speedFactor="1.00" vaporized=""/>
    <tripinfo id="72" depart="65.60" departLane="nc_0" departPos="5.10" departSpeed="3.53" departDelay="13.60" arrival="181.40" arrivalLane="cs_0" arrivalPos="192.80" arrivalSpeed="10.00" duration="115.80" routeLength="394.90" waitingTime="4.60" waitingCount="46" stopTime="0.00" timeLoss="76.27" rerouteNo="0" devices="tripinfo_72" vType="typeCar@72" speedFactor="1.00" vaporized=""/>
    <tripinfo id="74" depart="74.30" departLane="nc_0" departPos="5.10" departSpeed="3.23" departDelay="21.30" arrival="184.40" arrivalLane="cs_0" arrivalPos="192.80" arrivalSpeed="10.00" duration="110.10" routeLength="394.90" waitingTime="3.80" waitingCount="38" stopTime="0.00" timeLoss="70.58" rerouteNo="0" devices="tripinfo_74" vType="typeCar@74" speedFactor="1.00" vaporized=""/>
    <tripinfo id="69" depart="60.70" departLane="wc_0" departPos="5.10" departSpeed="5.41" departDelay="10.70" arrival="186.10" arrivalLane="ce_0" arrivalPos="192.80" arrivalSpeed="10.00" duration="125.40" routeLength="394.90" waitingTime="3.70" waitingCount="37" stopTime="0.00" timeLoss="85.88" rerouteNo="0" devices="tripinfo_69" vType="typeCar@69" speedFactor="1.00" vaporized=""/>
    <tripinfo id="71" depart="62.00" departLane="wc_0" departPos="5.10" departSpeed="6.91" departDelay="10.00" arrival="187.00" arrivalLane="ce_0" arrivalPos="192.80" arrivalSpeed="10.00" duration="125.00" routeLength="394.90" waitingTime="4.10" waitingCount="41" stopTime="0.00" timeLoss="85.53" rerouteNo="0" devices="tripinfo_71" vType="typeCar@71" speedFactor="1.00" vaporized=""/>
    <tripinfo id="73" depart="63.00" departLane="wc_0" departPos="5.10" departSpeed="3.51" departDelay="10.00" arrival="189.80" arrivalLane="ce_0" arrivalPos="192.80" arrivalSpeed="10.00" duration="126.80" routeLength="394.90" waitingTime="4.30" waitingCount="43" stopTime="0.00" timeLoss="87.24" rerouteNo="0" devices="tripinfo_73" vType="typeCar@73" speedFactor="1.00" vaporized=""/>
    <tripinfo id="76" depart="79.10" departLane="nc_0" departPos="5.10" departSpeed="4.83" departDelay="24.10" arrival="192.20" arrivalLane="cs_0" arrivalPos="192.80" arrivalSpeed="10.00" duration="113.10" routeLength="394.90" waitingTime="3.50" waitingCount="35" stopTime="0.00" timeLoss="73.58" rerouteNo="0" devices="tripinfo_76" vType="typeCar@76" speedFactor="1.00" vaporized=""/>
    <tripinfo id="78" depart="80.40" departLane="nc_0" departPos="5.10" departSpeed="6.33" departDelay="24.40" arrival="193.20" arrivalLane="cs_0" arrivalPos="192.80" arrivalSpeed="10.00" duration="112.80" routeLength="394.90" waitingTime="4.00" waitingCount="40" stopTime="0.00" timeLoss="73.31" rerouteNo="0" devices="tripinfo_78" vType="typeCar@78" speedFactor="1.00" vaporized=""/>
    <tripinfo id="80" depart="81.50" departLane="nc_0" departPos="5.10" departSpeed="3.23" departDelay="23.50" arrival="194.90" arrivalLane="cs_0" arrivalPos="192.80" arrivalSpeed="10.00" duration="113.40" routeLength="394.90" waitingTime="4.30" waitingCount="43" stopTime="0.00" timeLoss="73.85" rerouteNo="0" devices="tripinfo_80" vType="typeCar@80" speedFactor="1.00" vaporized=""/>
    <tripinfo id="75" depart="73.10" departLane="wc_0" departPos="5.10" departSpeed="0.21" departDelay="19.10" arrival="201.60" arrivalLane="ce_0" arrivalPos="192.80" arrivalSpeed="10.00" duration="128.50" routeLength="394.90" waitingTime="4.90" waitingCount="40" stopTime="0.00" timeLoss="88.96" rerouteNo="0" devices="tripinfo_75" vType="typeCar@75" speedFactor="1.00" vaporized=""/>
    <tripinfo id="77" depart="76.90" departLane="wc_0" departPos="5.10" departSpeed="5.85" departDelay="20.90" arrival="202.50" arrivalLane="ce_0" arrivalPos="192.80" arrivalSpeed="10.00" duration="125.60" routeLength="394.90" waitingTime="4.20" waitingCount="42" stopTime="0.00" timeLoss="86.08" rerouteNo="0" devices="tripinfo_77" vType="typeCar@77" speedFactor="1.00" vaporized=""/>
    <tripinfo id="81" depart="90.80" departLane="nc_0" departPos="5.10" departSpeed="3.13" departDelay="31.80" arrival="204.10" arrivalLane="cs_0" arrivalPos="192.80" arrivalSpeed="10.00" duration="113.30" routeLength="394.90" waitingTime="3.40" waitingCount="34" stopTime="0.00" timeLoss="73.78" rerouteNo="0" devices="tripinfo_81" vType="typeCar@81" speedFactor="1.00" vaporized=""/>
    <tripinfo id="82" depart="92.80" departLane="nc_0" departPos="5.10" departSpeed="5.93" departDelay="32.80" arrival="205.40" arrivalLane="cs_0" arrivalPos="192.80" arrivalSpeed="10.00" duration="112.60" routeLength="394.90" waitingTime="4.00" waitingCount="40" stopTime="0.00" timeLoss="73.08" rerouteNo="0" devices="tripinfo_82" vType="typeCar@82" speedFactor="1.00" vaporized=""/>
    <tripinfo id="79" depart="78.00" departLane="wc_0" departPos="5.10" departSpeed="6.75" departDelay="20.00" arrival="211.90" arrivalLane="ce_0" arrivalPos="192.80" arrivalSpeed="10.00" duration="133.90" routeLength="394.90" waitingTime="4.50" waitingCount="45" stopTime="0.00" timeLoss="94.42" rerouteNo="0" devices="tripinfo_79" vType="typeCar@79" speedFactor="1.00" vaporized=""/>
    <tripinfo id="84" depart="80.30" departLane="wc_0" departPos="5.10" departSpeed="0.05" departDelay="18.30" arrival="212.80" arrivalLane="ce_0" arrivalPos="192.80" arrivalSpeed="10.00" duration="132.50" routeLength="394.90" waitingTime="6.50" waitingCount="55" stopTime="0.00" timeLoss="93.01" rerouteNo="0" devices="tripinfo_84" vType="typeCar@84" speedFactor="1.00" vaporized=""/>
    <tripinfo id="83" depart="93.90" departLane="nc_0" departPos="5.10" departSpeed="2.83" departDelay="32.90" arrival="214.30" arrivalLane="cs_0" arrivalPos="192.80" arrivalSpeed="10.00" duration="120.40" routeLength="394.90" waitingTime="4.40" waitingCount="44" stopTime="0.00" timeLoss="80.92" rerouteNo="0" devices="tripinfo_83" vType="typeCar@83" speedFactor="1.00" vaporized=""/>
    <tripinfo id="85" depart="99.20" departLane="nc_0" departPos="5.10" departSpeed="4.76" departDelay="37.20" arrival="215.40" arrivalLane="cs_0" arrivalPos="192.80" arrivalSpeed="10.00" duration="116.20" routeLength="394.90" waitingTime="4.50" waitingCount="45" stopTime="0.00" timeLoss="76.67" rerouteNo="0" devices="tripinfo_85" vType="typeCar@85" speedFactor="1.00" vaporized=""/>
    <tripinfo id="86" depart="90.30" departLane="wc_0" departPos="5.10" departSpeed="4.08" departDelay="27.30" arrival="216.90" arrivalLane="ce_0" arrivalPos="192.80" arrivalSpeed="10.00" duration="126.60" routeLength="394.90" waitingTime="4.50" waitingCount="45" stopTime="0.00" timeLoss="87.10" rerouteNo="0" devices="tripinfo_86" vType="typeCar@86" speedFactor="1.00" vaporized=""/>
    <tripinfo id="87" depart="94.20" departLane="wc_0" departPos="5.10" departSpeed="3.78" departDelay="29.20" arrival="217.90" arrivalLane="ce_0" arrivalPos="192.80" arrivalSpeed="10.00" duration="123.70" routeLength="394.90" waitingTime="4.70" waitingCount="47" stopTime="0.00" timeLoss="84.21" rerouteNo="0" devices="tripinfo_87" vType="typeCar@87" speedFactor="1.00" vaporized=""/>
    <tripinfo id="88" depart="100.60" departLane="nc_0" departPos="5.10" departSpeed="6.56" departDelay="35.60" arrival="220.50" arrivalLane="cs_0" arrivalPos="192.80" arrivalSpeed="10.00" duration="119.90" routeLength="394.90" waitingTime="4.80" waitingCount="48" stopTime="0.00" timeLoss="80.42" rerouteNo="0" devices="tripinfo_88" vType="typeCar@88" speedFactor="1.00" vaporized=""/>
    <tripinfo id="90" depart="101.60" departLane="nc_0" departPos="5.10" departSpeed="7.16" departDelay="34.60" arrival="223.00" arrivalLane="cs_0" arrivalPos="192.80" arrivalSpeed="10.00" duration="121.40" routeLength="394.90" waitingTime="5.30" waitingCount="53" stopTime="0.00" timeLoss="81.95" rerouteNo="0" devices="tripinfo_90" vType="typeCar@90" speedFactor="1.00" vaporized=""/>
    <tripinfo id="89" depart="95.90" departLane="wc_0" departPos="5.10" departSpeed="5.68" departDelay="28.90" arrival="228.80" arrivalLane="ce_0" arrivalPos="192.80" arrivalSpeed="10.00" duration="132.90" routeLength="394.90" waitingTime="7.70" waitingCount="46" stopTime="0.00" timeLoss="93.33" rerouteNo="0" devices="tripinfo_89" vType="typeCar@89" speedFactor="1.00" vaporized=""/>
    <tripinfo id="92" depart="102.80" departLane="nc_0" departPos="5.10" departSpeed="1.16" departDelay="33.80" arrival="229.60" arrivalLane="cs_0" arrivalPos="192.80" arrivalSpeed="10.00" duration="126.80" routeLength="394.90" waitingTime="6.60" waitingCount="60" stopTime="0.00" timeLoss="87.26" rerouteNo="0" devices="tripinfo_92" vType="typeCar@92" speedFactor="1.00" vaporized=""/>
    <tripinfo id="94" depart="113.10" departLane="nc_0" departPos="5.10" departSpeed="3.68" departDelay="43.10" arrival="230.60" arrivalLane="cs_0" arrivalPos="192.80" arrivalSpeed="10.00" duration="117.50" routeLength="394.90" waitingTime="4.90" waitingCount="49" stopTime="0.00" timeLoss="78.02" rerouteNo="0" devices="tripinfo_94" vType="typeCar@94" speedFactor="1.00" vaporized=""/>
    <tripinfo id="91" depart="97.00" departLane="wc_0" departPos="5.10" departSpeed="7.38" departDelay="29.00" arrival="232.30" arrivalLane="ce_0" arrivalPos="192.80" arrivalSpeed="10.00" duration="135.30" routeLength="394.90" waitingTime="5.10" waitingCount="51" stopTime="0.00" timeLoss="95.77" rerouteNo="0" devices="tripinfo_91" vType="typeCar@91" speedFactor="1.00" vaporized=""/>
    <tripinfo id="93" depart="98.40" departLane="wc_0" departPos="5.10" departSpeed="0.38" departDelay="28.40" arrival="233.20" arrivalLane="ce_0" arrivalPos="192.80" arrivalSpeed="10.00" duration="134.80" routeLength="394.90" waitingTime="5.90" waitingCount="51" stopTime="0.00" timeLoss="95.31" rerouteNo="0" devices="tripinfo_93" vType="typeCar@93" speedFactor="1.00" vaporized=""/>
    <tripinfo id="97" depart="115.70" departLane="nc_0" departPos="5.10" departSpeed="0.28" departDelay="43.70" arrival="234.70" arrivalLane="cs_0" arrivalPos="192.80" arrivalSpeed="10.00" duration="119.00" routeLength="394.90" waitingTime="6.10" waitingCount="50" stopTime="0.00" timeLoss="79.51" rerouteNo="0" devices="tripinfo_97" vType="typeCar@97" speedFactor="1.00" vaporized=""/>
    <tripinfo id="100" depart="122.30" departLane="nc_0" departPos="5.10" departSpeed="5.31" departDelay="48.30" arrival="235.80" arrivalLane="cs_0" arrivalPos="192.80" arrivalSpeed="10.00" duration="113.50" routeLength="394.90" waitingTime="4.50" waitingCount="45" stopTime="0.00" timeLoss="73.96" rerouteNo="0" devices="tripinfo_100" vType="typeCar@100" speedFactor="1.00" vaporized=""/>
    <tripinfo id="95" depart="105.70" departLane="wc_0" departPos="5.10" departSpeed="3.51" departDelay="34.70" arrival="237.40" arrivalLane="ce_0" arrivalPos="192.80" arrivalSpeed="10.00" duration="131.70" routeLength="394.90" waitingTime="5.40" waitingCount="54" stopTime="0.00" timeLoss="92.18" rerouteNo="0" devices="tripinfo_95" vType="typeCar@95" speedFactor="1.00" vaporized=""/>
    <tripinfo id="96" depart="114.80" departLane="wc_0" departPos="5.10" departSpeed="2.81" departDelay="42.80" arrival="238.40" arrivalLane="ce_0" arrivalPos="192.80" arrivalSpeed="10.00" duration="123.60" routeLength="394.90" waitingTime="4.60" waitingCount="46" stopTime="0.00" timeLoss="84.10" rerouteNo="0" devices="tripinfo_96" vType="typeCar@96" speedFactor="1.00" vaporized=""/>
    <tripinfo id="101" depart="123.50" departLane="nc_0" departPos="5.10" departSpeed="6.51" departDelay="48.50" arrival="240.00" arrivalLane="cs_0" arrivalPos="192.80" arrivalSpeed="10.00" duration="116.50" routeLength="394.90" waitingTime="4.90" waitingCount="49" stopTime="0.00" timeLoss="76.94" rerouteNo="0" devices="tripinfo_101" vType="typeCar@101" speedFactor="1.00" vaporized=""/>
    <tripinfo id="103" depart="127.80" departLane="nc_0" departPos="5.10" departSpeed="0.21" departDelay="51.80" arrival="241.00" arrivalLane="cs_0" arrivalPos="192.80" arrivalSpeed="10.00" duration="113.20" routeLength="394.90" waitingTime="5.80" waitingCount="47" stopTime="0.00" timeLoss="73.72" rerouteNo="0" devices="tripinfo_103" vType="typeCar@103" speedFactor="1.00" vaporized=""/>
    <tripinfo id="98" depart="118.20" departLane="wc_0" departPos="5.10" departSpeed="0.21" departDelay="45.20" arrival="242.60" arrivalLane="ce_0" arrivalPos="192.80" arrivalSpeed="10.00" duration="124.40" routeLength="394.90" waitingTime="6.00" waitingCount="49" stopTime="0.00" timeLoss="84.83" rerouteNo="0" devices="tripinfo_98" vType="typeCar@98" speedFactor="1.00" vaporized=""/>
    <tripinfo id="99" depart="126.70" departLane="wc_0" departPos="5.10" departSpeed="2.91" departDelay="52.70" arrival="243.60" arrivalLane="ce_0" arrivalPos="192.80" arrivalSpeed="10.00" duration="116.90" routeLength="394.90" waitingTime="4.60" waitingCount="46" stopTime="0.00" timeLoss="77.35" rerouteNo="0" devices="tripinfo_99" vType="typeCar@99" speedFactor="1.00" vaporized=""/>
    <tripinfo id="105" depart="133.90" departLane="nc_0" departPos="5.10" departSpeed="5.34" departDelay="56.90" arrival="245.20" arrivalLane="cs_0" arrivalPos="192.80" arrivalSpeed="10.00" duration="111.30" routeLength="394.90" waitingTime="5.00" waitingCount="50" stopTime="0.00" timeLoss="71.76" rerouteNo="0" devices="tripinfo_105" vType="typeCar@105" speedFactor="1.00" vaporized=""/>
    <tripinfo id="107" depart="140.20" departLane="nc_0" departPos="5.10" departSpeed="2.64" departDelay="62.20" arrival="246.30" arrivalLane="cs_0" arrivalPos="192.80" arrivalSpeed="10.00" duration="106.10" routeLength="394.90" waitingTime="4.20" waitingCount="42" stopTime="0.00" timeLoss="66.54" rerouteNo="0" devices="tripinfo_107" vType="typeCar@107" speedFactor="1.00" vaporized=""/>
    <tripinfo id="102" depart="132.20" departLane="wc_0" departPos="5.10" departSpeed="0.21" departDelay="56.20" arrival="247.80" arrivalLane="ce_0" arrivalPos="192.80" arrivalSpeed="10.00" duration="115.60" routeLength="394.90" waitingTime="5.00" waitingCount="44" stopTime="0.00" timeLoss="76.08" rerouteNo="0" devices="tripinfo_102" vType="typeCar@102" speedFactor="1.00" vaporized=""/>
    <tripinfo id="104" depart="136.70" departLane="wc_0" departPos="5.10" departSpeed="5.80" departDelay="59.70" arrival="248.80" arrivalLane="ce_0" arrivalPos="192.80" arrivalSpeed="10.00" duration="112.10" routeLength="394.90" waitingTime="4.40" waitingCount="44" stopTime="0.00" timeLoss="72.66" rerouteNo="0" devices="tripinfo_104" vType="typeCar@104" speedFactor="1.00" vaporized=""/>
    <tripinfo id="109" depart="142.60" departLane="nc_0" departPos="5.10" departSpeed="5.84" departDelay="63.60" arrival="250.50" arrivalLane="cs_0" arrivalPos="192.80" arrivalSpeed="10.00" duration="107.90" routeLength="394.90" waitingTime="4.90" waitingCount="49" stopTime="0.00" timeLoss="68.39" rerouteNo="0" devices="tripinfo_109" vType="typeCar@109" speedFactor="1.00" vaporized=""/>
    <tripinfo id="111" depart="143.70" departLane="nc_0" departPos="5.10" departSpeed="3.54" departDelay="63.70" arrival="251.50" arrivalLane="cs_0" arrivalPos="192.80" arrivalSpeed="10.00" duration="107.80" routeLength="394.90" waitingTime="5.00" waitingCount="50" stopTime="0.00" timeLoss="68.29" rerouteNo="0" devices="tripinfo_111" vType="typeCar@111" speedFactor="1.00" vaporized=""/>
    <tripinfo id="106" depart="138.10" departLane="wc_0" departPos="5.10" departSpeed="0.40" departDelay="60.10" arrival="253.00" arrivalLane="ce_0" arrivalPos="192.80" arrivalSpeed="10.00" duration="114.90" routeLength="394.90" waitingTime="5.70" waitingCount="49" stopTime="0.00" timeLoss="75.41" rerouteNo="0" devices="tripinfo_106" vType="typeCar@106" speedFactor="1.00" vaporized=""/>
    <tripinfo id="108" depart="145.40" departLane="wc_0" departPos="5.10" departSpeed="5.11" departDelay="66.40" arrival="254.20" arrivalLane="ce_0" arrivalPos="192.80" arrivalSpeed="10.00" duration="108.80" routeLength="394.90" waitingTime="4.00" waitingCount="40" stopTime="0.00" timeLoss="69.25" rerouteNo="0" devices="tripinfo_108" vType="typeCar@108" speedFactor="1.00" vaporized=""/>
    <tripinfo id="113" depart="151.90" departLane="nc_0" departPos="5.10" departSpeed="3.34" departDelay="69.90" arrival="255.70" arrivalLane="cs_0" arrivalPos="192.80" arrivalSpeed="10.00" duration="103.80" routeLength="394.90" waitingTime="4.10" waitingCount="41" stopTime="0.00" timeLoss="64.27" rerouteNo="0" devices="tripinfo_113" vType="typeCar@113" speedFactor="1.00" vaporized=""/>
    <tripinfo id="115" depart="153.80" departLane="nc_0" departPos="5.10" departSpeed="5.04" departDelay="70.80" arrival="256.70" arrivalLane="cs_0" arrivalPos="192.80" arrivalSpeed="10.00" duration="102.90" routeLength="394.90" waitingTime="4.70" waitingCount="47" stopTime="0.00" timeLoss="63.44" rerouteNo="0" devices="tripinfo_115" vType="typeCar@115" speedFactor="1.00" vaporized=""/>
    <tripinfo id="110" depart="146.70" departLane="wc_0" departPos="5.10" departSpeed="5.01" departDelay="66.70" arrival="258.30" arrivalLane="ce_0" arrivalPos="192.80" arrivalSpeed="10.00" duration="111.60" routeLength="394.90" waitingTime="4.50" waitingCount="45" stopTime="0.00" timeLoss="72.08" rerouteNo="0" devices="tripinfo_110" vType="typeCar@110" speedFactor="1.00" vaporized=""/>
    <tripinfo id="112" depart="154.10" departLane="wc_0" departPos="5.10" departSpeed="0.01" departDelay="73.10" arrival="259.30" arrivalLane="ce_0" arrivalPos="192.80" arrivalSpeed="10.00" duration="105.20" routeLength="394.90" waitingTime="4.80" waitingCount="40" stopTime="0.00" timeLoss="65.68" rerouteNo="0" devices="tripinfo_112" vType="typeCar@112" speedFactor="1.00" vaporized=""/>
    <tripinfo id="117" depart="160.70" departLane="nc_0" departPos="5.10" departSpeed="0.14" departDelay="76.70" arrival="260.90" arrivalLane="cs_0" arrivalPos="192.80" arrivalSpeed="10.00" duration="100.20" routeLength="394.90" waitingTime="5.30" waitingCount="42" stopTime="0.00" timeLoss="60.63" rerouteNo="0" devices="tripinfo_117" vType="typeCar@117" speedFactor="1.00" vaporized=""/>
    <tripinfo id="118" depart="168.80" departLane="nc_0" departPos="5.10" departSpeed="4.06" departDelay="83.80" arrival="261.90" arrivalLane="cs_0" arrivalPos="192.80" arrivalSpeed="10.00" duration="93.10" routeLength="394.90" waitingTime="3.80" waitingCount="38" stopTime="0.00" timeLoss="53.56" rerouteNo="0" devices="tripinfo_118" vType="typeCar@118" speedFactor="1.00" vaporized=""/>
    <tripinfo id="114" depart="157.60" departLane="wc_0" departPos="5.10" departSpeed="0.90" departDelay="74.60" arrival="263.40" arrivalLane="ce_0" arrivalPos="192.80" arrivalSpeed="10.00" duration="105.80" routeLength="394.90" waitingTime="4.40" waitingCount="39" stopTime="0.00" timeLoss="66.30" rerouteNo="0" devices="tripinfo_114" vType="typeCar@114" speedFactor="1.00" vaporized=""/>
    <tripinfo id="116" depart="165.70" departLane="wc_0" departPos="5.10" departSpeed="4.83" departDelay="81.70" arrival="264.50" arrivalLane="ce_0" arrivalPos="192.80" arrivalSpeed="10.00" duration="98.80" routeLength="394.90" waitingTime="3.60" waitingCount="36" stopTime="0.00" timeLoss="59.26" rerouteNo="0" devices="tripinfo_116" vType="typeCar@116" speedFactor="1.00" vaporized=""/>
    <tripinfo id="120" depart="170.30" departLane="nc_0" departPos="5.10" departSpeed="3.76" departDelay="83.30" arrival="266.00" arrivalLane="cs_0" arrivalPos="192.80" arrivalSpeed="10.00" duration="95.70" routeLength="394.90" waitingTime="3.90" waitingCount="39" stopTime="0.00" timeLoss="56.15" rerouteNo="0" devices="tripinfo_120" vType="typeCar@120" speedFactor="1.00" vaporized=""/>
    <tripinfo id="122" depart="178.60" departLane="nc_0" departPos="5.10" departSpeed="3.06" departDelay="90.60" arrival="267.00" arrivalLane="cs_0" arrivalPos="192.80" arrivalSpeed="10.00" duration="88.40" routeLength="394.90" waitingTime="3.30" waitingCount="33" stopTime="0.00" timeLoss="48.85" rerouteNo="0" devices="tripinfo_122" vType="typeCar@122" speedFactor="1.00" vaporized=""/>
    <tripinfo id="119" depart="167.60" departLane="wc_0" departPos="5.10" departSpeed="0.13" departDelay="81.60" arrival="268.50" arrivalLane="ce_0" arrivalPos="192.80" arrivalSpeed="10.00" duration="100.90" routeLength="394.90" waitingTime="4.70" waitingCount="36" stopTime="0.00" timeLoss="61.34" rerouteNo="0" devices="tripinfo_119" vType="typeCar@119" speedFactor="1.00" vaporized=""/>
    <tripinfo id="121" depart="174.30" departLane="wc_0" departPos="5.10" departSpeed="5.41" departDelay="86.30" arrival="269.50" arrivalLane="ce_0" arrivalPos="192.80" arrivalSpeed="10.00" duration="95.20" routeLength="394.90" waitingTime="3.50" waitingCount="35" stopTime="0.00" timeLoss="55.67" rerouteNo="0" devices="tripinfo_121" vType="typeCar@121" speedFactor="1.00" vaporized=""/>
    <tripinfo id="124" depart="180.50" departLane="nc_0" departPos="5.10" departSpeed="5.56" departDelay="91.50" arrival="271.00" arrivalLane="cs_0" arrivalPos="192.80" arrivalSpeed="10.00" duration="90.50" routeLength="394.90" waitingTime="3.70" waitingCount="37" stopTime="0.00" timeLoss="51.00" rerouteNo="0" devices="tripinfo_124" vType="typeCar@124" speedFactor="1.00" vaporized=""/>
    <tripinfo id="125" depart="187.00" departLane="nc_0" departPos="5.10" departSpeed="0.26" departDelay="97.00" arrival="272.10" arrivalLane="cs_0" arrivalPos="192.80" arrivalSpeed="10.00" duration="85.10" routeLength="394.90" waitingTime="3.60" waitingCount="30" stopTime="0.00" timeLoss="45.53" rerouteNo="0" devices="tripinfo_125" vType="typeCar@125" speedFactor="1.00" vaporized=""/>
    <tripinfo id="123" depart="175.50" departLane="wc_0" departPos="5.10" departSpeed="3.41" departDelay="86.50" arrival="273.70" arrivalLane="ce_0" arrivalPos="192.80" arrivalSpeed="10.00" duration="98.20" routeLength="394.90" waitingTime="3.70" waitingCount="37" stopTime="0.00" timeLoss="58.65" rerouteNo="0" devices="tripinfo_123" vType="typeCar@123" speedFactor="1.00" vaporized=""/>
    <tripinfo id="127" depart="184.10" departLane="wc_0" departPos="5.10" departSpeed="3.60" departDelay="92.10" arrival="274.70" arrivalLane="ce_0" arrivalPos="192.80" arrivalSpeed="10.00" duration="90.60" routeLength="394.90" waitingTime="3.20" waitingCount="32" stopTime="0.00" timeLoss="51.09" rerouteNo="0" devices="tripinfo_127" vType="typeCar@127" speedFactor="1.00" vaporized=""/>
    <tripinfo id="126" depart="190.30" departLane="nc_0" departPos="5.10" departSpeed="2.20" departDelay="99.30" arrival="276.30" arrivalLane="cs_0" arrivalPos="192.80" arrivalSpeed="10.00" duration="86.00" routeLength="394.90" waitingTime="2.60" waitingCount="26" stopTime="0.00" timeLoss="46.45" rerouteNo="0" devices="tripinfo_126" vType="typeCar@126" speedFactor="1.00" vaporized=""/>
    <tripinfo id="128" depart="196.40" departLane="nc_0" departPos="5.10" departSpeed="0.11" departDelay="104.40" arrival="277.30" arrivalLane="cs_0" arrivalPos="192.80" arrivalSpeed="10.00" duration="80.90" routeLength="394.90" waitingTime="2.80" waitingCount="24" stopTime="0.00" timeLoss="41.33" rerouteNo="0" devices="tripinfo_128" vType="typeCar@128" speedFactor="1.00" vaporized=""/>
    <tripinfo id="130" depart="189.60" departLane="wc_0" departPos="5.10" departSpeed="4.10" departDelay="95.60" arrival="278.80" arrivalLane="ce_0" arrivalPos="192.80" arrivalSpeed="10.00" duration="89.20" routeLength="394.90" waitingTime="3.10" waitingCount="31" stopTime="0.00" timeLoss="49.73" rerouteNo="0" devices="tripinfo_130" vType="typeCar@130" speedFactor="1.00" vaporized=""/>
    <tripinfo id="132" depart="195.30" departLane="wc_0" departPos="5.10" departSpeed="1.20" departDelay="100.30" arrival="279.90" arrivalLane="ce_0" arrivalPos="192.80" arrivalSpeed="10.00" duration="84.60" routeLength="394.90" waitingTime="2.90" waitingCount="29" stopTime="0.00" timeLoss="45.03" rerouteNo="0" devices="tripinfo_132" vType="typeCar@132" speedFactor="1.00" vaporized=""/>
    <tripinfo id="129" depart="201.40" departLane="nc_0" departPos="5.10" departSpeed="5.50" departDelay="108.40" arrival="281.40" arrivalLane="cs_0" arrivalPos="192.80" arrivalSpeed="10.00" duration="80.00" routeLength="394.90" waitingTime="2.30" waitingCount="23" stopTime="0.00" timeLoss="40.46" rerouteNo="0" devices="tripinfo_129" vType="typeCar@129" speedFactor="1.00" vaporized=""/>
    <tripinfo id="131" depart="202.50" departLane="nc_0" departPos="5.10" departSpeed="7.20" departDelay="108.50" arrival="282.40" arrivalLane="cs_0" arrivalPos="192.80" arrivalSpeed="10.00" duration="79.90" routeLength="394.90" waitingTime="2.50" waitingCount="25" stopTime="0.00" timeLoss="40.35" rerouteNo="0" devices="tripinfo_131" vType="typeCar@131" speedFactor="1.00" vaporized=""/>
    <tripinfo id="134" depart="200.10" departLane="wc_0" departPos="5.10" departSpeed="5.50" departDelay="104.10" arrival="283.90" arrivalLane="ce_0" arrivalPos="192.80" arrivalSpeed="10.00" duration="83.80" routeLength="394.90" waitingTime="2.60" waitingCount="26" stopTime="0.00" timeLoss="44.32" rerouteNo="0" devices="tripinfo_134" vType="typeCar@134" speedFactor="1.00" vaporized=""/>
    <tripinfo id="135" depart="201.20" departLane="wc_0" departPos="5.10" departSpeed="7.20" departDelay="104.20" arrival="284.90" arrivalLane="ce_0" arrivalPos="192.80" arrivalSpeed="10.00" duration="83.70" routeLength="394.90" waitingTime="2.80" waitingCount="28" stopTime="0.00" timeLoss="44.23" rerouteNo="0" devices="tripinfo_135" vType="typeCar@135" speedFactor="1.00" vaporized=""/>
    <tripinfo id="133" depart="203.50" departLane="nc_0" departPos="5.10" departSpeed="8.60" departDelay="108.50" arrival="286.50" arrivalLane="cs_0" arrivalPos="192.80" arrivalSpeed="10.00" duration="83.00" routeLength="394.90" waitingTime="2.60" waitingCount="26" stopTime="0.00" timeLoss="43.51" rerouteNo="0" devices="tripinfo_133" vType="typeCar@133" speedFactor="1.00" vaporized=""/>
    <tripinfo id="137" depart="204.40" departLane="nc_0" departPos="5.10" departSpeed="4.10" departDelay="106.40" arrival="287.50" arrivalLane="cs_0" arrivalPos="192.80" arrivalSpeed="10.00" duration="83.10" routeLength="394.90" waitingTime="2.60" waitingCount="26" stopTime="0.00" timeLoss="43.59" rerouteNo="0" devices="tripinfo_137" vType="typeCar@137" speedFactor="1.00" vaporized=""/>
    <tripinfo id="136" depart="202.10" departLane="wc_0" departPos="5.10" departSpeed="5.90" departDelay="104.10" arrival="289.00" arrivalLane="ce_0" arrivalPos="192.80" arrivalSpeed="10.00" duration="86.90" routeLength="394.90" waitingTime="3.30" waitingCount="33" stopTime="0.00" timeLoss="47.37" rerouteNo="0" devices="tripinfo_136" vType="typeCar@136" speedFactor="1.00" vaporized=""/>
</tripinfos>
