<?xml version="1.0" encoding="UTF-8"?>

<!-- generated on 2022-11-30 12:20:36 by Eclipse SUMO sumo Version 1.14.1
<configuration xmlns:xsi="http://www.w3.org/2001/XMLSchema-instance" xsi:noNamespaceSchemaLocation="http://sumo.dlr.de/xsd/sumoConfiguration.xsd">

    <input>
        <net-file value="net.net.xml"/>
        <route-files value="routes.rou.xml"/>
    </input>

    <output>
        <tripinfo-output value="raw_data/(7,9,0)tripinfo.xml"/>
    </output>

    <time>
        <begin value="0"/>
        <step-length value="0.1"/>
    </time>

    <processing>
        <extrapolate-departpos value="true"/>
        <route-steps value="0"/>
        <ignore-route-errors value="true"/>
        <collision.action value="warn"/>
        <collision.stoptime value="1"/>
        <collision.mingap-factor value="0.1"/>
    </processing>

    <report>
        <verbose value="false"/>
        <log value="log.txt"/>
        <duration-log.statistics value="true"/>
        <no-step-log value="true"/>
    </report>

    <traci_server>
        <remote-port value="62771"/>
    </traci_server>

    <gui_only>
        <quit-on-end value="true"/>
        <start value="true"/>
    </gui_only>

</configuration>
-->

<tripinfos xmlns:xsi="http://www.w3.org/2001/XMLSchema-instance" xsi:noNamespaceSchemaLocation="http://sumo.dlr.de/xsd/tripinfo_file.xsd">
    <tripinfo id="0" depart="0.00" departLane="wc_0" departPos="5.10" departSpeed="10.00" departDelay="0.00" arrival="39.50" arrivalLane="ce_0" arrivalPos="192.80" arrivalSpeed="10.00" duration="39.50" routeLength="394.90" waitingTime="0.00" waitingCount="0" stopTime="0.00" timeLoss="0.00" rerouteNo="0" devices="tripinfo_0" vType="typeCar@0" speedFactor="1.00" vaporized=""/>
    <tripinfo id="2" depart="1.00" departLane="wc_0" departPos="5.10" departSpeed="10.00" departDelay="0.00" arrival="40.50" arrivalLane="ce_0" arrivalPos="192.80" arrivalSpeed="10.00" duration="39.50" routeLength="394.90" waitingTime="0.00" waitingCount="0" stopTime="0.00" timeLoss="0.00" rerouteNo="0" devices="tripinfo_2" vType="typeCar@2" speedFactor="1.00" vaporized=""/>
    <tripinfo id="1" depart="0.00" departLane="nc_0" departPos="5.10" departSpeed="10.00" departDelay="0.00" arrival="42.00" arrivalLane="cs_0" arrivalPos="192.80" arrivalSpeed="10.00" duration="42.00" routeLength="394.90" waitingTime="0.00" waitingCount="0" stopTime="0.00" timeLoss="2.50" rerouteNo="0" devices="tripinfo_1" vType="typeCar@1" speedFactor="1.00" vaporized=""/>
    <tripinfo id="3" depart="1.00" departLane="nc_0" departPos="5.10" departSpeed="10.00" departDelay="0.00" arrival="43.40" arrivalLane="cs_0" arrivalPos="192.80" arrivalSpeed="10.00" duration="42.40" routeLength="394.90" waitingTime="0.00" waitingCount="0" stopTime="0.00" timeLoss="2.87" rerouteNo="0" devices="tripinfo_3" vType="typeCar@3" speedFactor="1.00" vaporized=""/>
    <tripinfo id="4" depart="2.00" departLane="wc_0" departPos="5.10" departSpeed="10.00" departDelay="0.00" arrival="48.60" arrivalLane="ce_0" arrivalPos="192.80" arrivalSpeed="10.00" duration="46.60" routeLength="394.90" waitingTime="0.00" waitingCount="0" stopTime="0.00" timeLoss="7.11" rerouteNo="0" devices="tripinfo_4" vType="typeCar@4" speedFactor="1.00" vaporized=""/>
    <tripinfo id="6" depart="3.00" departLane="wc_0" departPos="5.10" departSpeed="10.00" departDelay="0.00" arrival="49.60" arrivalLane="ce_0" arrivalPos="192.80" arrivalSpeed="10.00" duration="46.60" routeLength="394.90" waitingTime="0.00" waitingCount="0" stopTime="0.00" timeLoss="7.06" rerouteNo="0" devices="tripinfo_6" vType="typeCar@6" speedFactor="1.00" vaporized=""/>
    <tripinfo id="8" depart="4.00" departLane="wc_0" departPos="5.10" departSpeed="10.00" departDelay="0.00" arrival="50.60" arrivalLane="ce_0" arrivalPos="192.80" arrivalSpeed="10.00" duration="46.60" routeLength="394.90" waitingTime="0.00" waitingCount="0" stopTime="0.00" timeLoss="7.09" rerouteNo="0" devices="tripinfo_8" vType="typeCar@8" speedFactor="1.00" vaporized=""/>
    <tripinfo id="5" depart="2.00" departLane="nc_0" departPos="5.10" departSpeed="10.00" departDelay="0.00" arrival="52.20" arrivalLane="cs_0" arrivalPos="192.80" arrivalSpeed="10.00" duration="50.20" routeLength="394.90" waitingTime="0.00" waitingCount="0" stopTime="0.00" timeLoss="10.67" rerouteNo="0" devices="tripinfo_5" vType="typeCar@5" speedFactor="1.00" vaporized=""/>
    <tripinfo id="7" depart="3.00" departLane="nc_0" departPos="5.10" departSpeed="10.00" departDelay="0.00" arrival="53.20" arrivalLane="cs_0" arrivalPos="192.80" arrivalSpeed="10.00" duration="50.20" routeLength="394.90" waitingTime="0.00" waitingCount="0" stopTime="0.00" timeLoss="10.71" rerouteNo="0" devices="tripinfo_7" vType="typeCar@7" speedFactor="1.00" vaporized=""/>
    <tripinfo id="9" depart="4.00" departLane="nc_0" departPos="5.10" departSpeed="10.00" departDelay="0.00" arrival="54.70" arrivalLane="cs_0" arrivalPos="192.80" arrivalSpeed="10.00" duration="50.70" routeLength="394.90" waitingTime="0.00" waitingCount="0" stopTime="0.00" timeLoss="11.21" rerouteNo="0" devices="tripinfo_9" vType="typeCar@9" speedFactor="1.00" vaporized=""/>
    <tripinfo id="11" depart="5.00" departLane="nc_0" departPos="5.10" departSpeed="10.00" departDelay="0.00" arrival="60.70" arrivalLane="cs_0" arrivalPos="192.80" arrivalSpeed="10.00" duration="55.70" routeLength="394.90" waitingTime="0.00" waitingCount="0" stopTime="0.00" timeLoss="16.12" rerouteNo="0" devices="tripinfo_11" vType="typeCar@11" speedFactor="1.00" vaporized=""/>
    <tripinfo id="13" depart="6.00" departLane="nc_0" departPos="5.10" departSpeed="10.00" departDelay="0.00" arrival="65.60" arrivalLane="cs_0" arrivalPos="192.80" arrivalSpeed="10.00" duration="59.60" routeLength="394.90" waitingTime="1.50" waitingCount="3" stopTime="0.00" timeLoss="20.02" rerouteNo="0" devices="tripinfo_13" vType="typeCar@13" speedFactor="1.00" vaporized=""/>
    <tripinfo id="10" depart="5.00" departLane="wc_0" departPos="5.10" departSpeed="10.00" departDelay="0.00" arrival="67.10" arrivalLane="ce_0" arrivalPos="192.80" arrivalSpeed="10.00" duration="62.10" routeLength="394.90" waitingTime="0.10" waitingCount="1" stopTime="0.00" timeLoss="22.60" rerouteNo="0" devices="tripinfo_10" vType="typeCar@10" speedFactor="1.00" vaporized=""/>
    <tripinfo id="12" depart="6.00" departLane="wc_0" departPos="5.10" departSpeed="10.00" departDelay="0.00" arrival="68.00" arrivalLane="ce_0" arrivalPos="192.80" arrivalSpeed="10.00" duration="62.00" routeLength="394.90" waitingTime="0.10" waitingCount="1" stopTime="0.00" timeLoss="22.47" rerouteNo="0" devices="tripinfo_12" vType="typeCar@12" speedFactor="1.00" vaporized=""/>
    <tripinfo id="14" depart="7.00" departLane="wc_0" departPos="5.10" departSpeed="10.00" departDelay="0.00" arrival="68.90" arrivalLane="ce_0" arrivalPos="192.80" arrivalSpeed="10.00" duration="61.90" routeLength="394.90" waitingTime="0.20" waitingCount="2" stopTime="0.00" timeLoss="22.40" rerouteNo="0" devices="tripinfo_14" vType="typeCar@14" speedFactor="1.00" vaporized=""/>
    <tripinfo id="16" depart="8.00" departLane="wc_0" departPos="5.10" departSpeed="10.00" departDelay="0.00" arrival="71.50" arrivalLane="ce_0" arrivalPos="192.80" arrivalSpeed="10.00" duration="63.50" routeLength="394.90" waitingTime="0.50" waitingCount="5" stopTime="0.00" timeLoss="23.98" rerouteNo="0" devices="tripinfo_16" vType="typeCar@16" speedFactor="1.00" vaporized=""/>
    <tripinfo id="15" depart="7.00" departLane="nc_0" departPos="5.10" departSpeed="10.00" departDelay="0.00" arrival="78.20" arrivalLane="cs_0" arrivalPos="192.80" arrivalSpeed="10.00" duration="71.20" routeLength="394.90" waitingTime="0.30" waitingCount="3" stopTime="0.00" timeLoss="31.68" rerouteNo="0" devices="tripinfo_15" vType="typeCar@15" speedFactor="1.00" vaporized=""/>
    <tripinfo id="17" depart="8.00" departLane="nc_0" departPos="5.10" departSpeed="10.00" departDelay="0.00" arrival="79.20" arrivalLane="cs_0" arrivalPos="192.80" arrivalSpeed="10.00" duration="71.20" routeLength="394.90" waitingTime="0.40" waitingCount="4" stopTime="0.00" timeLoss="31.63" rerouteNo="0" devices="tripinfo_17" vType="typeCar@17" speedFactor="1.00" vaporized=""/>
    <tripinfo id="18" depart="9.00" departLane="wc_0" departPos="5.10" departSpeed="10.00" departDelay="0.00" arrival="80.80" arrivalLane="ce_0" arrivalPos="192.80" arrivalSpeed="10.00" duration="71.80" routeLength="394.90" waitingTime="0.70" waitingCount="7" stopTime="0.00" timeLoss="32.25" rerouteNo="0" devices="tripinfo_18" vType="typeCar@18" speedFactor="1.00" vaporized=""/>
    <tripinfo id="19" depart="9.00" departLane="nc_0" departPos="5.10" departSpeed="10.00" departDelay="0.00" arrival="83.30" arrivalLane="cs_0" arrivalPos="192.80" arrivalSpeed="10.00" duration="74.30" routeLength="394.90" waitingTime="0.50" waitingCount="5" stopTime="0.00" timeLoss="34.81" rerouteNo="0" devices="tripinfo_19" vType="typeCar@19" speedFactor="1.00" vaporized=""/>
    <tripinfo id="21" depart="10.00" departLane="nc_0" departPos="5.10" departSpeed="10.00" departDelay="0.00" arrival="84.40" arrivalLane="cs_0" arrivalPos="192.80" arrivalSpeed="10.00" duration="74.40" routeLength="394.90" waitingTime="0.60" waitingCount="6" stopTime="0.00" timeLoss="34.92" rerouteNo="0" devices="tripinfo_21" vType="typeCar@21" speedFactor="1.00" vaporized=""/>
    <tripinfo id="20" depart="10.00" departLane="wc_0" departPos="5.10" departSpeed="10.00" departDelay="0.00" arrival="91.30" arrivalLane="ce_0" arrivalPos="192.80" arrivalSpeed="10.00" duration="81.30" routeLength="394.90" waitingTime="0.90" waitingCount="9" stopTime="0.00" timeLoss="41.73" rerouteNo="0" devices="tripinfo_20" vType="typeCar@20" speedFactor="1.00" vaporized=""/>
    <tripinfo id="22" depart="11.00" departLane="wc_0" departPos="5.10" departSpeed="10.00" departDelay="0.00" arrival="92.10" arrivalLane="ce_0" arrivalPos="192.80" arrivalSpeed="10.00" duration="81.10" routeLength="394.90" waitingTime="1.00" waitingCount="10" stopTime="0.00" timeLoss="41.60" rerouteNo="0" devices="tripinfo_22" vType="typeCar@22" speedFactor="1.00" vaporized=""/>
    <tripinfo id="23" depart="11.00" departLane="nc_0" departPos="5.10" departSpeed="10.00" departDelay="0.00" arrival="94.10" arrivalLane="cs_0" arrivalPos="192.80" arrivalSpeed="10.00" duration="83.10" routeLength="394.90" waitingTime="0.70" waitingCount="7" stopTime="0.00" timeLoss="43.54" rerouteNo="0" devices="tripinfo_23" vType="typeCar@23" speedFactor="1.00" vaporized=""/>
    <tripinfo id="24" depart="12.00" departLane="nc_0" departPos="5.10" departSpeed="10.00" departDelay="0.00" arrival="95.10" arrivalLane="cs_0" arrivalPos="192.80" arrivalSpeed="10.00" duration="83.10" routeLength="394.90" waitingTime="0.80" waitingCount="8" stopTime="0.00" timeLoss="43.60" rerouteNo="0" devices="tripinfo_24" vType="typeCar@24" speedFactor="1.00" vaporized=""/>
    <tripinfo id="25" depart="13.00" departLane="wc_0" departPos="5.10" departSpeed="10.00" departDelay="0.00" arrival="101.80" arrivalLane="ce_0" arrivalPos="192.80" arrivalSpeed="10.00" duration="88.80" routeLength="394.90" waitingTime="1.00" waitingCount="10" stopTime="0.00" timeLoss="49.30" rerouteNo="0" devices="tripinfo_25" vType="typeCar@25" speedFactor="1.00" vaporized=""/>
    <tripinfo id="27" depart="14.00" departLane="wc_0" departPos="5.10" departSpeed="10.00" departDelay="0.00" arrival="102.70" arrivalLane="ce_0" arrivalPos="192.80" arrivalSpeed="10.00" duration="88.70" routeLength="394.90" waitingTime="1.60" waitingCount="16" stopTime="0.00" timeLoss="49.18" rerouteNo="0" devices="tripinfo_27" vType="typeCar@27" speedFactor="1.00" vaporized=""/>
    <tripinfo id="29" depart="15.00" departLane="wc_0" departPos="5.10" departSpeed="10.00" departDelay="0.00" arrival="103.70" arrivalLane="ce_0" arrivalPos="192.80" arrivalSpeed="10.00" duration="88.70" routeLength="394.90" waitingTime="1.60" waitingCount="16" stopTime="0.00" timeLoss="49.18" rerouteNo="0" devices="tripinfo_29" vType="typeCar@29" speedFactor="1.00" vaporized=""/>
    <tripinfo id="26" depart="13.00" departLane="nc_0" departPos="5.10" departSpeed="10.00" departDelay="0.00" arrival="105.20" arrivalLane="cs_0" arrivalPos="192.80" arrivalSpeed="10.00" duration="92.20" routeLength="394.90" waitingTime="1.00" waitingCount="10" stopTime="0.00" timeLoss="52.70" rerouteNo="0" devices="tripinfo_26" vType="typeCar@26" speedFactor="1.00" vaporized=""/>
    <tripinfo id="28" depart="14.00" departLane="nc_0" departPos="5.10" departSpeed="10.00" departDelay="0.00" arrival="106.30" arrivalLane="cs_0" arrivalPos="192.80" arrivalSpeed="10.00" duration="92.30" routeLength="394.90" waitingTime="1.10" waitingCount="11" stopTime="0.00" timeLoss="52.74" rerouteNo="0" devices="tripinfo_28" vType="typeCar@28" speedFactor="1.00" vaporized=""/>
    <tripinfo id="32" depart="17.00" departLane="nc_0" departPos="5.10" departSpeed="10.00" departDelay="0.00" arrival="114.10" arrivalLane="cs_0" arrivalPos="192.80" arrivalSpeed="10.00" duration="97.10" routeLength="394.90" waitingTime="1.40" waitingCount="14" stopTime="0.00" timeLoss="57.53" rerouteNo="0" devices="tripinfo_32" vType="typeCar@32" speedFactor="1.00" vaporized=""/>
    <tripinfo id="34" depart="18.00" departLane="nc_0" departPos="5.10" departSpeed="10.00" departDelay="0.00" arrival="115.00" arrivalLane="cs_0" arrivalPos="192.80" arrivalSpeed="10.00" duration="97.00" routeLength="394.90" waitingTime="1.70" waitingCount="17" stopTime="0.00" timeLoss="57.48" rerouteNo="0" devices="tripinfo_34" vType="typeCar@34" speedFactor="1.00" vaporized=""/>
    <tripinfo id="36" depart="19.00" departLane="nc_0" departPos="5.10" departSpeed="10.00" departDelay="0.00" arrival="116.00" arrivalLane="cs_0" arrivalPos="192.80" arrivalSpeed="10.00" duration="97.00" routeLength="394.90" waitingTime="1.80" waitingCount="18" stopTime="0.00" timeLoss="57.49" rerouteNo="0" devices="tripinfo_36" vType="typeCar@36" speedFactor="1.00" vaporized=""/>
    <tripinfo id="30" depart="16.00" departLane="wc_0" departPos="5.10" departSpeed="10.00" departDelay="0.00" arrival="117.50" arrivalLane="ce_0" arrivalPos="192.80" arrivalSpeed="10.00" duration="101.50" routeLength="394.90" waitingTime="1.90" waitingCount="19" stopTime="0.00" timeLoss="62.01" rerouteNo="0" devices="tripinfo_30" vType="typeCar@30" speedFactor="1.00" vaporized=""/>
    <tripinfo id="31" depart="17.00" departLane="wc_0" departPos="5.10" departSpeed="10.00" departDelay="0.00" arrival="118.50" arrivalLane="ce_0" arrivalPos="192.80" arrivalSpeed="10.00" duration="101.50" routeLength="394.90" waitingTime="2.00" waitingCount="20" stopTime="0.00" timeLoss="62.02" rerouteNo="0" devices="tripinfo_31" vType="typeCar@31" speedFactor="1.00" vaporized=""/>
    <tripinfo id="38" depart="20.00" departLane="nc_0" departPos="5.10" departSpeed="10.00" departDelay="0.00" arrival="120.10" arrivalLane="cs_0" arrivalPos="192.80" arrivalSpeed="10.00" duration="100.10" routeLength="394.90" waitingTime="1.80" waitingCount="18" stopTime="0.00" timeLoss="60.57" rerouteNo="0" devices="tripinfo_38" vType="typeCar@38" speedFactor="1.00" vaporized=""/>
    <tripinfo id="40" depart="21.00" departLane="nc_0" departPos="5.10" departSpeed="10.00" departDelay="0.00" arrival="121.20" arrivalLane="cs_0" arrivalPos="192.80" arrivalSpeed="10.00" duration="100.20" routeLength="394.90" waitingTime="1.90" waitingCount="19" stopTime="0.00" timeLoss="60.70" rerouteNo="0" devices="tripinfo_40" vType="typeCar@40" speedFactor="1.00" vaporized=""/>
    <tripinfo id="33" depart="18.00" departLane="wc_0" departPos="5.10" departSpeed="10.00" departDelay="0.00" arrival="127.80" arrivalLane="ce_0" arrivalPos="192.80" arrivalSpeed="10.00" duration="109.80" routeLength="394.90" waitingTime="2.20" waitingCount="22" stopTime="0.00" timeLoss="70.27" rerouteNo="0" devices="tripinfo_33" vType="typeCar@33" speedFactor="1.00" vaporized=""/>
    <tripinfo id="35" depart="19.00" departLane="wc_0" departPos="5.10" departSpeed="10.00" departDelay="0.00" arrival="129.10" arrivalLane="ce_0" arrivalPos="192.80" arrivalSpeed="10.00" duration="110.10" routeLength="394.90" waitingTime="2.50" waitingCount="25" stopTime="0.00" timeLoss="70.56" rerouteNo="0" devices="tripinfo_35" vType="typeCar@35" speedFactor="1.00" vaporized=""/>
    <tripinfo id="37" depart="20.00" departLane="wc_0" departPos="5.10" departSpeed="10.00" departDelay="0.00" arrival="130.70" arrivalLane="ce_0" arrivalPos="192.80" arrivalSpeed="10.00" duration="110.70" routeLength="394.90" waitingTime="2.90" waitingCount="29" stopTime="0.00" timeLoss="71.14" rerouteNo="0" devices="tripinfo_37" vType="typeCar@37" speedFactor="1.00" vaporized=""/>
    <tripinfo id="39" depart="21.00" departLane="wc_0" departPos="5.10" departSpeed="10.00" departDelay="0.00" arrival="132.30" arrivalLane="ce_0" arrivalPos="192.80" arrivalSpeed="10.00" duration="111.30" routeLength="394.90" waitingTime="3.60" waitingCount="36" stopTime="0.00" timeLoss="71.78" rerouteNo="0" devices="tripinfo_39" vType="typeCar@39" speedFactor="1.00" vaporized=""/>
    <tripinfo id="42" depart="22.00" departLane="nc_0" departPos="5.10" departSpeed="10.00" departDelay="0.00" arrival="133.90" arrivalLane="cs_0" arrivalPos="192.80" arrivalSpeed="10.00" duration="111.90" routeLength="394.90" waitingTime="2.20" waitingCount="22" stopTime="0.00" timeLoss="72.41" rerouteNo="0" devices="tripinfo_42" vType="typeCar@42" speedFactor="1.00" vaporized=""/>
    <tripinfo id="44" depart="23.00" departLane="nc_0" departPos="5.10" departSpeed="10.00" departDelay="0.00" arrival="135.00" arrivalLane="cs_0" arrivalPos="192.80" arrivalSpeed="10.00" duration="112.00" routeLength="394.90" waitingTime="2.40" waitingCount="24" stopTime="0.00" timeLoss="72.46" rerouteNo="0" devices="tripinfo_44" vType="typeCar@44" speedFactor="1.00" vaporized=""/>
    <tripinfo id="46" depart="24.00" departLane="nc_0" departPos="5.10" departSpeed="9.00" departDelay="0.00" arrival="137.10" arrivalLane="cs_0" arrivalPos="192.80" arrivalSpeed="10.00" duration="113.10" routeLength="394.90" waitingTime="3.20" waitingCount="32" stopTime="0.00" timeLoss="73.57" rerouteNo="0" devices="tripinfo_46" vType="typeCar@46" speedFactor="1.00" vaporized=""/>
    <tripinfo id="41" depart="22.00" departLane="wc_0" departPos="5.10" departSpeed="10.00" departDelay="0.00" arrival="138.70" arrivalLane="ce_0" arrivalPos="192.80" arrivalSpeed="10.00" duration="116.70" routeLength="394.90" waitingTime="3.70" waitingCount="37" stopTime="0.00" timeLoss="77.12" rerouteNo="0" devices="tripinfo_41" vType="typeCar@41" speedFactor="1.00" vaporized=""/>
    <tripinfo id="43" depart="23.00" departLane="wc_0" departPos="5.10" departSpeed="10.00" departDelay="0.00" arrival="140.10" arrivalLane="ce_0" arrivalPos="192.80" arrivalSpeed="10.00" duration="117.10" routeLength="394.90" waitingTime="1.80" waitingCount="18" stopTime="0.00" timeLoss="77.60" rerouteNo="0" devices="tripinfo_43" vType="typeCar@43" speedFactor="1.00" vaporized=""/>
    <tripinfo id="48" depart="25.00" departLane="nc_0" departPos="5.10" departSpeed="5.60" departDelay="0.00" arrival="143.00" arrivalLane="cs_0" arrivalPos="192.80" arrivalSpeed="10.00" duration="118.00" routeLength="394.90" waitingTime="3.30" waitingCount="33" stopTime="0.00" timeLoss="78.47" rerouteNo="0" devices="tripinfo_48" vType="typeCar@48" speedFactor="1.00" vaporized=""/>
    <tripinfo id="51" depart="30.40" departLane="nc_0" departPos="5.10" departSpeed="0.20" departDelay="3.40" arrival="144.30" arrivalLane="cs_0" arrivalPos="192.80" arrivalSpeed="10.00" duration="113.90" routeLength="394.90" waitingTime="4.70" waitingCount="39" stopTime="0.00" timeLoss="74.38" rerouteNo="0" devices="tripinfo_51" vType="typeCar@51" speedFactor="1.00" vaporized=""/>
    <tripinfo id="45" depart="24.00" departLane="wc_0" departPos="5.10" departSpeed="7.80" departDelay="0.00" arrival="150.80" arrivalLane="ce_0" arrivalPos="192.80" arrivalSpeed="10.00" duration="126.80" routeLength="394.90" waitingTime="3.70" waitingCount="37" stopTime="0.00" timeLoss="87.24" rerouteNo="0" devices="tripinfo_45" vType="typeCar@45" speedFactor="1.00" vaporized=""/>
    <tripinfo id="47" depart="25.00" departLane="wc_0" departPos="5.10" departSpeed="8.40" departDelay="0.00" arrival="152.00" arrivalLane="ce_0" arrivalPos="192.80" arrivalSpeed="10.00" duration="127.00" routeLength="394.90" waitingTime="4.00" waitingCount="40" stopTime="0.00" timeLoss="87.45" rerouteNo="0" devices="tripinfo_47" vType="typeCar@47" speedFactor="1.00" vaporized=""/>
    <tripinfo id="49" depart="26.00" departLane="wc_0" departPos="5.10" departSpeed="4.20" departDelay="0.00" arrival="158.80" arrivalLane="ce_0" arrivalPos="192.80" arrivalSpeed="10.00" duration="132.80" routeLength="394.90" waitingTime="3.90" waitingCount="39" stopTime="0.00" timeLoss="93.23" rerouteNo="0" devices="tripinfo_49" vType="typeCar@49" speedFactor="1.00" vaporized=""/>
    <tripinfo id="54" depart="34.10" departLane="nc_0" departPos="5.10" departSpeed="6.00" departDelay="5.10" arrival="165.20" arrivalLane="cs_0" arrivalPos="192.80" arrivalSpeed="10.00" duration="131.10" routeLength="394.90" waitingTime="4.60" waitingCount="46" stopTime="0.00" timeLoss="91.62" rerouteNo="0" devices="tripinfo_54" vType="typeCar@54" speedFactor="1.00" vaporized=""/>
    <tripinfo id="55" depart="35.10" departLane="nc_0" departPos="5.10" departSpeed="7.40" departDelay="5.10" arrival="166.50" arrivalLane="cs_0" arrivalPos="192.80" arrivalSpeed="10.00" duration="131.40" routeLength="394.90" waitingTime="5.20" waitingCount="52" stopTime="0.00" timeLoss="91.86" rerouteNo="0" devices="tripinfo_55" vType="typeCar@55" speedFactor="1.00" vaporized=""/>
    <tripinfo id="57" depart="36.00" departLane="nc_0" departPos="5.10" departSpeed="7.70" departDelay="5.00" arrival="167.50" arrivalLane="cs_0" arrivalPos="192.80" arrivalSpeed="10.00" duration="131.50" routeLength="394.90" waitingTime="5.80" waitingCount="58" stopTime="0.00" timeLoss="91.98" rerouteNo="0" devices="tripinfo_57" vType="typeCar@57" speedFactor="1.00" vaporized=""/>
    <tripinfo id="50" depart="33.80" departLane="wc_0" departPos="5.10" departSpeed="3.60" departDelay="6.80" arrival="169.00" arrivalLane="ce_0" arrivalPos="192.80" arrivalSpeed="10.00" duration="135.20" routeLength="394.90" waitingTime="4.40" waitingCount="44" stopTime="0.00" timeLoss="95.73" rerouteNo="0" devices="tripinfo_50" vType="typeCar@50" speedFactor="1.00" vaporized=""/>
    <tripinfo id="52" depart="37.80" departLane="wc_0" departPos="5.10" departSpeed="2.80" departDelay="9.80" arrival="170.10" arrivalLane="ce_0" arrivalPos="192.80" arrivalSpeed="10.00" duration="132.30" routeLength="394.90" waitingTime="4.10" waitingCount="41" stopTime="0.00" timeLoss="92.74" rerouteNo="0" devices="tripinfo_52" vType="typeCar@52" speedFactor="1.00" vaporized=""/>
    <tripinfo id="53" depart="40.10" departLane="wc_0" departPos="5.10" departSpeed="5.70" departDelay="11.10" arrival="171.40" arrivalLane="ce_0" arrivalPos="192.80" arrivalSpeed="10.00" duration="131.30" routeLength="394.90" waitingTime="5.10" waitingCount="51" stopTime="0.00" timeLoss="91.82" rerouteNo="0" devices="tripinfo_53" vType="typeCar@53" speedFactor="1.00" vaporized=""/>
    <tripinfo id="60" depart="37.20" departLane="nc_0" departPos="5.10" departSpeed="1.70" departDelay="4.20" arrival="178.80" arrivalLane="cs_0" arrivalPos="192.80" arrivalSpeed="10.00" duration="141.60" routeLength="394.90" waitingTime="5.90" waitingCount="56" stopTime="0.00" timeLoss="102.12" rerouteNo="0" devices="tripinfo_60" vType="typeCar@60" speedFactor="1.00" vaporized=""/>
    <tripinfo id="62" depart="49.40" departLane="nc_0" departPos="5.10" departSpeed="0.05" departDelay="15.40" arrival="179.70" arrivalLane="cs_0" arrivalPos="192.80" arrivalSpeed="10.00" duration="130.30" routeLength="394.90" waitingTime="5.40" waitingCount="47" stopTime="0.00" timeLoss="90.78" rerouteNo="0" devices="tripinfo_62" vType="typeCar@62" speedFactor="1.00" vaporized=""/>
    <tripinfo id="65" depart="54.40" departLane="nc_0" departPos="5.10" departSpeed="4.90" departDelay="18.40" arrival="180.70" arrivalLane="cs_0" arrivalPos="192.80" arrivalSpeed="10.00" duration="126.30" routeLength="394.90" waitingTime="4.60" waitingCount="46" stopTime="0.00" timeLoss="86.79" rerouteNo="0" devices="tripinfo_65" vType="typeCar@65" speedFactor="1.00" vaporized=""/>
    <tripinfo id="56" depart="46.50" departLane="wc_0" departPos="5.10" departSpeed="0.10" departDelay="15.50" arrival="182.20" arrivalLane="ce_0" arrivalPos="192.80" arrivalSpeed="10.00" duration="135.70" routeLength="394.90" waitingTime="6.40" waitingCount="53" stopTime="0.00" timeLoss="96.21" rerouteNo="0" devices="tripinfo_56" vType="typeCar@56" speedFactor="1.00" vaporized=""/>
    <tripinfo id="58" depart="51.90" departLane="wc_0" departPos="5.10" departSpeed="4.65" departDelay="19.90" arrival="183.20" arrivalLane="ce_0" arrivalPos="192.80" arrivalSpeed="10.00" duration="131.30" routeLength="394.90" waitingTime="4.80" waitingCount="48" stopTime="0.00" timeLoss="91.80" rerouteNo="0" devices="tripinfo_58" vType="typeCar@58" speedFactor="1.00" vaporized=""/>
    <tripinfo id="67" depart="60.10" departLane="nc_0" departPos="5.10" departSpeed="2.80" departDelay="23.10" arrival="184.70" arrivalLane="cs_0" arrivalPos="192.80" arrivalSpeed="10.00" duration="124.60" routeLength="394.90" waitingTime="5.10" waitingCount="51" stopTime="0.00" timeLoss="85.09" rerouteNo="0" devices="tripinfo_67" vType="typeCar@67" speedFactor="1.00" vaporized=""/>
    <tripinfo id="59" depart="57.20" departLane="wc_0" departPos="5.10" departSpeed="0.55" departDelay="24.20" arrival="187.30" arrivalLane="ce_0" arrivalPos="192.80" arrivalSpeed="10.00" duration="130.10" routeLength="394.90" waitingTime="6.60" waitingCount="56" stopTime="0.00" timeLoss="90.61" rerouteNo="0" devices="tripinfo_59" vType="typeCar@59" speedFactor="1.00" vaporized=""/>
    <tripinfo id="68" depart="66.30" departLane="nc_0" departPos="5.10" departSpeed="3.00" departDelay="28.30" arrival="189.90" arrivalLane="cs_0" arrivalPos="192.80" arrivalSpeed="10.00" duration="123.60" routeLength="394.90" waitingTime="6.90" waitingCount="55" stopTime="0.00" timeLoss="84.09" rerouteNo="0" devices="tripinfo_68" vType="typeCar@68" speedFactor="1.00" vaporized=""/>
    <tripinfo id="61" depart="63.50" departLane="wc_0" departPos="5.10" departSpeed="4.66" departDelay="29.50" arrival="192.30" arrivalLane="ce_0" arrivalPos="192.80" arrivalSpeed="10.00" duration="128.80" routeLength="394.90" waitingTime="4.80" waitingCount="48" stopTime="0.00" timeLoss="89.33" rerouteNo="0" devices="tripinfo_61" vType="typeCar@61" speedFactor="1.00" vaporized=""/>
    <tripinfo id="63" depart="67.50" departLane="wc_0" departPos="5.10" departSpeed="3.86" departDelay="32.50" arrival="197.80" arrivalLane="ce_0" arrivalPos="192.80" arrivalSpeed="10.00" duration="130.30" routeLength="394.90" waitingTime="4.90" waitingCount="49" stopTime="0.00" timeLoss="90.73" rerouteNo="0" devices="tripinfo_63" vType="typeCar@63" speedFactor="1.00" vaporized=""/>
    <tripinfo id="70" depart="70.70" departLane="nc_0" departPos="5.10" departSpeed="5.00" departDelay="31.70" arrival="200.20" arrivalLane="cs_0" arrivalPos="192.80" arrivalSpeed="10.00" duration="129.50" routeLength="394.90" waitingTime="7.90" waitingCount="62" stopTime="0.00" timeLoss="89.98" rerouteNo="0" devices="tripinfo_70" vType="typeCar@70" speedFactor="1.00" vaporized=""/>
    <tripinfo id="72" depart="75.60" departLane="nc_0" departPos="5.10" departSpeed="2.10" departDelay="35.60" arrival="201.10" arrivalLane="cs_0" arrivalPos="192.80" arrivalSpeed="10.00" duration="125.50" routeLength="394.90" waitingTime="5.30" waitingCount="52" stopTime="0.00" timeLoss="86.01" rerouteNo="0" devices="tripinfo_72" vType="typeCar@72" speedFactor="1.00" vaporized=""/>
    <tripinfo id="75" depart="83.50" departLane="nc_0" departPos="5.10" departSpeed="2.21" departDelay="41.50" arrival="202.90" arrivalLane="cs_0" arrivalPos="192.80" arrivalSpeed="10.00" duration="119.40" routeLength="394.90" waitingTime="4.90" waitingCount="47" stopTime="0.00" timeLoss="79.93" rerouteNo="0" devices="tripinfo_75" vType="typeCar@75" speedFactor="1.00" vaporized=""/>
    <tripinfo id="64" depart="74.50" departLane="wc_0" departPos="5.10" departSpeed="2.46" departDelay="38.50" arrival="204.50" arrivalLane="ce_0" arrivalPos="192.80" arrivalSpeed="10.00" duration="130.00" routeLength="394.90" waitingTime="5.10" waitingCount="51" stopTime="0.00" timeLoss="90.48" rerouteNo="0" devices="tripinfo_64" vType="typeCar@64" speedFactor="1.00" vaporized=""/>
    <tripinfo id="66" depart="79.40" departLane="wc_0" departPos="5.10" departSpeed="2.76" departDelay="42.40" arrival="205.50" arrivalLane="ce_0" arrivalPos="192.80" arrivalSpeed="10.00" duration="126.10" routeLength="394.90" waitingTime="4.60" waitingCount="46" stopTime="0.00" timeLoss="86.61" rerouteNo="0" devices="tripinfo_66" vType="typeCar@66" speedFactor="1.00" vaporized=""/>
    <tripinfo id="69" depart="85.60" departLane="wc_0" departPos="5.10" departSpeed="2.96" departDelay="46.60" arrival="209.80" arrivalLane="ce_0" arrivalPos="192.80" arrivalSpeed="10.00" duration="124.20" routeLength="394.90" waitingTime="4.90" waitingCount="49" stopTime="0.00" timeLoss="84.65" rerouteNo="0" devices="tripinfo_69" vType="typeCar@69" speedFactor="1.00" vaporized=""/>
    <tripinfo id="76" depart="87.60" departLane="nc_0" departPos="5.10" departSpeed="5.32" departDelay="44.60" arrival="217.30" arrivalLane="cs_0" arrivalPos="192.80" arrivalSpeed="10.00" duration="129.70" routeLength="394.90" waitingTime="5.00" waitingCount="50" stopTime="0.00" timeLoss="90.19" rerouteNo="0" devices="tripinfo_76" vType="typeCar@76" speedFactor="1.00" vaporized=""/>
    <tripinfo id="78" depart="88.90" departLane="nc_0" departPos="5.10" departSpeed="6.82" departDelay="44.90" arrival="218.60" arrivalLane="cs_0" arrivalPos="192.80" arrivalSpeed="10.00" duration="129.70" routeLength="394.90" waitingTime="5.80" waitingCount="58" stopTime="0.00" timeLoss="90.18" rerouteNo="0" devices="tripinfo_78" vType="typeCar@78" speedFactor="1.00" vaporized=""/>
    <tripinfo id="80" depart="89.80" departLane="nc_0" departPos="5.10" departSpeed="7.92" departDelay="44.80" arrival="219.60" arrivalLane="cs_0" arrivalPos="192.80" arrivalSpeed="10.00" duration="129.80" routeLength="394.90" waitingTime="6.20" waitingCount="62" stopTime="0.00" timeLoss="90.28" rerouteNo="0" devices="tripinfo_80" vType="typeCar@80" speedFactor="1.00" vaporized=""/>
    <tripinfo id="82" depart="91.00" departLane="nc_0" departPos="5.10" departSpeed="1.92" departDelay="45.00" arrival="221.30" arrivalLane="cs_0" arrivalPos="192.80" arrivalSpeed="10.00" duration="130.30" routeLength="394.90" waitingTime="6.90" waitingCount="69" stopTime="0.00" timeLoss="90.82" rerouteNo="0" devices="tripinfo_82" vType="typeCar@82" speedFactor="1.00" vaporized=""/>
    <tripinfo id="71" depart="91.60" departLane="wc_0" departPos="5.10" departSpeed="4.16" departDelay="51.60" arrival="222.90" arrivalLane="ce_0" arrivalPos="192.80" arrivalSpeed="10.00" duration="131.30" routeLength="394.90" waitingTime="4.80" waitingCount="48" stopTime="0.00" timeLoss="91.81" rerouteNo="0" devices="tripinfo_71" vType="typeCar@71" speedFactor="1.00" vaporized=""/>
    <tripinfo id="73" depart="100.30" departLane="wc_0" departPos="5.10" departSpeed="2.26" departDelay="59.30" arrival="223.90" arrivalLane="ce_0" arrivalPos="192.80" arrivalSpeed="10.00" duration="123.60" routeLength="394.90" waitingTime="4.60" waitingCount="46" stopTime="0.00" timeLoss="84.05" rerouteNo="0" devices="tripinfo_73" vType="typeCar@73" speedFactor="1.00" vaporized=""/>
    <tripinfo id="84" depart="102.20" departLane="nc_0" departPos="5.10" departSpeed="3.15" departDelay="55.20" arrival="225.40" arrivalLane="cs_0" arrivalPos="192.80" arrivalSpeed="10.00" duration="123.20" routeLength="394.90" waitingTime="5.70" waitingCount="57" stopTime="0.00" timeLoss="83.74" rerouteNo="0" devices="tripinfo_84" vType="typeCar@84" speedFactor="1.00" vaporized=""/>
    <tripinfo id="85" depart="104.10" departLane="nc_0" departPos="5.10" departSpeed="5.65" departDelay="56.10" arrival="226.90" arrivalLane="cs_0" arrivalPos="192.80" arrivalSpeed="10.00" duration="122.80" routeLength="394.90" waitingTime="6.00" waitingCount="60" stopTime="0.00" timeLoss="83.32" rerouteNo="0" devices="tripinfo_85" vType="typeCar@85" speedFactor="1.00" vaporized=""/>
    <tripinfo id="74" depart="104.30" departLane="wc_0" departPos="5.10" departSpeed="4.66" departDelay="62.30" arrival="233.40" arrivalLane="ce_0" arrivalPos="192.80" arrivalSpeed="10.00" duration="129.10" routeLength="394.90" waitingTime="4.70" waitingCount="47" stopTime="0.00" timeLoss="89.56" rerouteNo="0" devices="tripinfo_74" vType="typeCar@74" speedFactor="1.00" vaporized=""/>
    <tripinfo id="77" depart="105.70" departLane="wc_0" departPos="5.10" departSpeed="6.46" departDelay="61.70" arrival="235.20" arrivalLane="ce_0" arrivalPos="192.80" arrivalSpeed="10.00" duration="129.50" routeLength="394.90" waitingTime="5.00" waitingCount="50" stopTime="0.00" timeLoss="90.02" rerouteNo="0" devices="tripinfo_77" vType="typeCar@77" speedFactor="1.00" vaporized=""/>
    <tripinfo id="79" depart="106.70" departLane="wc_0" departPos="5.10" departSpeed="7.86" departDelay="61.70" arrival="237.00" arrivalLane="ce_0" arrivalPos="192.80" arrivalSpeed="10.00" duration="130.30" routeLength="394.90" waitingTime="5.50" waitingCount="55" stopTime="0.00" timeLoss="90.79" rerouteNo="0" devices="tripinfo_79" vType="typeCar@79" speedFactor="1.00" vaporized=""/>
    <tripinfo id="88" depart="105.20" departLane="nc_0" departPos="5.10" departSpeed="4.95" departDelay="54.20" arrival="238.60" arrivalLane="cs_0" arrivalPos="192.80" arrivalSpeed="10.00" duration="133.40" routeLength="394.90" waitingTime="6.30" waitingCount="63" stopTime="0.00" timeLoss="93.85" rerouteNo="0" devices="tripinfo_88" vType="typeCar@88" speedFactor="1.00" vaporized=""/>
    <tripinfo id="90" depart="112.70" departLane="nc_0" departPos="5.10" departSpeed="0.25" departDelay="60.70" arrival="239.50" arrivalLane="cs_0" arrivalPos="192.80" arrivalSpeed="10.00" duration="126.80" routeLength="394.90" waitingTime="7.30" waitingCount="62" stopTime="0.00" timeLoss="87.28" rerouteNo="0" devices="tripinfo_90" vType="typeCar@90" speedFactor="1.00" vaporized=""/>
    <tripinfo id="81" depart="107.80" departLane="wc_0" departPos="5.10" departSpeed="2.36" departDelay="61.80" arrival="241.00" arrivalLane="ce_0" arrivalPos="192.80" arrivalSpeed="10.00" duration="133.20" routeLength="394.90" waitingTime="6.80" waitingCount="68" stopTime="0.00" timeLoss="93.73" rerouteNo="0" devices="tripinfo_81" vType="typeCar@81" speedFactor="1.00" vaporized=""/>
    <tripinfo id="83" depart="119.40" departLane="wc_0" departPos="5.10" departSpeed="1.58" departDelay="72.40" arrival="242.20" arrivalLane="ce_0" arrivalPos="192.80" arrivalSpeed="10.00" duration="122.80" routeLength="394.90" waitingTime="5.20" waitingCount="52" stopTime="0.00" timeLoss="83.26" rerouteNo="0" devices="tripinfo_83" vType="typeCar@83" speedFactor="1.00" vaporized=""/>
    <tripinfo id="92" depart="118.60" departLane="nc_0" departPos="5.10" departSpeed="5.58" departDelay="65.60" arrival="249.60" arrivalLane="cs_0" arrivalPos="192.80" arrivalSpeed="10.00" duration="131.00" routeLength="394.90" waitingTime="5.40" waitingCount="54" stopTime="0.00" timeLoss="91.54" rerouteNo="0" devices="tripinfo_92" vType="typeCar@92" speedFactor="1.00" vaporized=""/>
    <tripinfo id="95" depart="119.70" departLane="nc_0" departPos="5.10" departSpeed="4.88" departDelay="64.70" arrival="250.50" arrivalLane="cs_0" arrivalPos="192.80" arrivalSpeed="10.00" duration="130.80" routeLength="394.90" waitingTime="5.70" waitingCount="57" stopTime="0.00" timeLoss="91.31" rerouteNo="0" devices="tripinfo_95" vType="typeCar@95" speedFactor="1.00" vaporized=""/>
    <tripinfo id="97" depart="126.70" departLane="nc_0" departPos="5.10" departSpeed="0.28" departDelay="70.70" arrival="251.50" arrivalLane="cs_0" arrivalPos="192.80" arrivalSpeed="10.00" duration="124.80" routeLength="394.90" waitingTime="5.90" waitingCount="56" stopTime="0.00" timeLoss="85.25" rerouteNo="0" devices="tripinfo_97" vType="typeCar@97" speedFactor="1.00" vaporized=""/>
    <tripinfo id="86" depart="121.90" departLane="wc_0" departPos="5.10" departSpeed="5.88" departDelay="71.90" arrival="254.10" arrivalLane="ce_0" arrivalPos="192.80" arrivalSpeed="10.00" duration="132.20" routeLength="394.90" waitingTime="10.30" waitingCount="58" stopTime="0.00" timeLoss="92.68" rerouteNo="0" devices="tripinfo_86" vType="typeCar@86" speedFactor="1.00" vaporized=""/>
    <tripinfo id="87" depart="123.00" departLane="wc_0" departPos="5.10" departSpeed="5.98" departDelay="72.00" arrival="255.00" arrivalLane="ce_0" arrivalPos="192.80" arrivalSpeed="10.00" duration="132.00" routeLength="394.90" waitingTime="6.10" waitingCount="61" stopTime="0.00" timeLoss="92.49" rerouteNo="0" devices="tripinfo_87" vType="typeCar@87" speedFactor="1.00" vaporized=""/>
    <tripinfo id="89" depart="127.20" departLane="wc_0" departPos="5.10" departSpeed="0.18" departDelay="75.20" arrival="257.50" arrivalLane="ce_0" arrivalPos="192.80" arrivalSpeed="10.00" duration="130.30" routeLength="394.90" waitingTime="6.70" waitingCount="58" stopTime="0.00" timeLoss="90.74" rerouteNo="0" devices="tripinfo_89" vType="typeCar@89" speedFactor="1.00" vaporized=""/>
    <tripinfo id="99" depart="129.60" departLane="nc_0" departPos="5.10" departSpeed="5.90" departDelay="71.60" arrival="259.00" arrivalLane="cs_0" arrivalPos="192.80" arrivalSpeed="10.00" duration="129.40" routeLength="394.90" waitingTime="5.50" waitingCount="55" stopTime="0.00" timeLoss="89.89" rerouteNo="0" devices="tripinfo_99" vType="typeCar@99" speedFactor="1.00" vaporized=""/>
    <tripinfo id="101" depart="130.80" departLane="nc_0" departPos="5.10" departSpeed="2.30" departDelay="71.80" arrival="260.10" arrivalLane="cs_0" arrivalPos="192.80" arrivalSpeed="10.00" duration="129.30" routeLength="394.90" waitingTime="6.70" waitingCount="67" stopTime="0.00" timeLoss="89.75" rerouteNo="0" devices="tripinfo_101" vType="typeCar@101" speedFactor="1.00" vaporized=""/>
    <tripinfo id="103" depart="139.50" departLane="nc_0" departPos="5.10" departSpeed="2.95" departDelay="79.50" arrival="268.10" arrivalLane="cs_0" arrivalPos="192.80" arrivalSpeed="10.00" duration="128.60" routeLength="394.90" waitingTime="6.10" waitingCount="61" stopTime="0.00" timeLoss="89.07" rerouteNo="0" devices="tripinfo_103" vType="typeCar@103" speedFactor="1.00" vaporized=""/>
    <tripinfo id="105" depart="150.70" departLane="nc_0" departPos="5.10" departSpeed="0.18" departDelay="89.70" arrival="269.10" arrivalLane="cs_0" arrivalPos="192.80" arrivalSpeed="10.00" duration="118.40" routeLength="394.90" waitingTime="5.80" waitingCount="49" stopTime="0.00" timeLoss="78.87" rerouteNo="0" devices="tripinfo_105" vType="typeCar@105" speedFactor="1.00" vaporized=""/>
    <tripinfo id="91" depart="135.50" departLane="wc_0" departPos="5.10" departSpeed="2.84" departDelay="82.50" arrival="270.70" arrivalLane="ce_0" arrivalPos="192.80" arrivalSpeed="10.00" duration="135.20" routeLength="394.90" waitingTime="4.90" waitingCount="49" stopTime="0.00" timeLoss="95.65" rerouteNo="0" devices="tripinfo_91" vType="typeCar@91" speedFactor="1.00" vaporized=""/>
    <tripinfo id="107" depart="156.40" departLane="nc_0" departPos="5.10" departSpeed="5.43" departDelay="94.40" arrival="273.20" arrivalLane="cs_0" arrivalPos="192.80" arrivalSpeed="10.00" duration="116.80" routeLength="394.90" waitingTime="4.50" waitingCount="45" stopTime="0.00" timeLoss="77.31" rerouteNo="0" devices="tripinfo_107" vType="typeCar@107" speedFactor="1.00" vaporized=""/>
    <tripinfo id="111" depart="157.60" departLane="nc_0" departPos="5.10" departSpeed="4.23" departDelay="92.60" arrival="275.40" arrivalLane="cs_0" arrivalPos="192.80" arrivalSpeed="10.00" duration="117.80" routeLength="394.90" waitingTime="5.40" waitingCount="54" stopTime="0.00" timeLoss="78.29" rerouteNo="0" devices="tripinfo_111" vType="typeCar@111" speedFactor="1.00" vaporized=""/>
    <tripinfo id="93" depart="140.80" departLane="wc_0" departPos="5.10" departSpeed="2.74" departDelay="86.80" arrival="281.40" arrivalLane="ce_0" arrivalPos="192.80" arrivalSpeed="10.00" duration="140.60" routeLength="394.90" waitingTime="5.40" waitingCount="54" stopTime="0.00" timeLoss="101.03" rerouteNo="0" devices="tripinfo_93" vType="typeCar@93" speedFactor="1.00" vaporized=""/>
    <tripinfo id="94" depart="147.10" departLane="wc_0" departPos="5.10" departSpeed="1.80" departDelay="92.10" arrival="282.30" arrivalLane="ce_0" arrivalPos="192.80" arrivalSpeed="10.00" duration="135.20" routeLength="394.90" waitingTime="5.60" waitingCount="56" stopTime="0.00" timeLoss="95.65" rerouteNo="0" devices="tripinfo_94" vType="typeCar@94" speedFactor="1.00" vaporized=""/>
    <tripinfo id="96" depart="153.80" departLane="wc_0" departPos="5.10" departSpeed="4.68" departDelay="97.80" arrival="286.10" arrivalLane="ce_0" arrivalPos="192.80" arrivalSpeed="10.00" duration="132.30" routeLength="394.90" waitingTime="5.30" waitingCount="53" stopTime="0.00" timeLoss="92.80" rerouteNo="0" devices="tripinfo_96" vType="typeCar@96" speedFactor="1.00" vaporized=""/>
    <tripinfo id="114" depart="166.40" departLane="nc_0" departPos="5.10" departSpeed="0.23" departDelay="99.40" arrival="288.30" arrivalLane="cs_0" arrivalPos="192.80" arrivalSpeed="10.00" duration="121.90" routeLength="394.90" waitingTime="5.50" waitingCount="49" stopTime="0.00" timeLoss="82.39" rerouteNo="0" devices="tripinfo_114" vType="typeCar@114" speedFactor="1.00" vaporized=""/>
    <tripinfo id="117" depart="169.60" departLane="nc_0" departPos="5.10" departSpeed="5.90" departDelay="100.60" arrival="289.30" arrivalLane="cs_0" arrivalPos="192.80" arrivalSpeed="10.00" duration="119.70" routeLength="394.90" waitingTime="4.90" waitingCount="49" stopTime="0.00" timeLoss="80.19" rerouteNo="0" devices="tripinfo_117" vType="typeCar@117" speedFactor="1.00" vaporized=""/>
    <tripinfo id="98" depart="157.60" departLane="wc_0" departPos="5.10" departSpeed="1.68" departDelay="99.60" arrival="295.70" arrivalLane="ce_0" arrivalPos="192.80" arrivalSpeed="10.00" duration="138.10" routeLength="394.90" waitingTime="5.00" waitingCount="50" stopTime="0.00" timeLoss="98.58" rerouteNo="0" devices="tripinfo_98" vType="typeCar@98" speedFactor="1.00" vaporized=""/>
    <tripinfo id="119" depart="170.70" departLane="nc_0" departPos="5.10" departSpeed="7.60" departDelay="100.70" arrival="297.70" arrivalLane="cs_0" arrivalPos="192.80" arrivalSpeed="10.00" duration="127.00" routeLength="394.90" waitingTime="5.10" waitingCount="51" stopTime="0.00" timeLoss="87.56" rerouteNo="0" devices="tripinfo_119" vType="typeCar@119" speedFactor="1.00" vaporized=""/>
    <tripinfo id="122" depart="171.60" departLane="nc_0" departPos="5.10" departSpeed="4.70" departDelay="99.60" arrival="298.60" arrivalLane="cs_0" arrivalPos="192.80" arrivalSpeed="10.00" duration="127.00" routeLength="394.90" waitingTime="5.50" waitingCount="55" stopTime="0.00" timeLoss="87.50" rerouteNo="0" devices="tripinfo_122" vType="typeCar@122" speedFactor="1.00" vaporized=""/>
    <tripinfo id="100" depart="164.30" departLane="wc_0" departPos="5.10" departSpeed="2.58" departDelay="105.30" arrival="300.20" arrivalLane="ce_0" arrivalPos="192.80" arrivalSpeed="10.00" duration="135.90" routeLength="394.90" waitingTime="5.00" waitingCount="50" stopTime="0.00" timeLoss="96.38" rerouteNo="0" devices="tripinfo_100" vType="typeCar@100" speedFactor="1.00" vaporized=""/>
    <tripinfo id="102" depart="169.30" departLane="wc_0" departPos="5.10" departSpeed="3.18" departDelay="109.30" arrival="301.20" arrivalLane="ce_0" arrivalPos="192.80" arrivalSpeed="10.00" duration="131.90" routeLength="394.90" waitingTime="5.20" waitingCount="52" stopTime="0.00" timeLoss="92.43" rerouteNo="0" devices="tripinfo_102" vType="typeCar@102" speedFactor="1.00" vaporized=""/>
    <tripinfo id="104" depart="171.20" departLane="wc_0" departPos="5.10" departSpeed="5.68" departDelay="110.20" arrival="303.50" arrivalLane="ce_0" arrivalPos="192.80" arrivalSpeed="10.00" duration="132.30" routeLength="394.90" waitingTime="5.90" waitingCount="59" stopTime="0.00" timeLoss="92.78" rerouteNo="0" devices="tripinfo_104" vType="typeCar@104" speedFactor="1.00" vaporized=""/>
    <tripinfo id="106" depart="172.30" departLane="wc_0" departPos="5.10" departSpeed="7.38" departDelay="110.30" arrival="307.70" arrivalLane="ce_0" arrivalPos="192.80" arrivalSpeed="10.00" duration="135.40" routeLength="394.90" waitingTime="6.10" waitingCount="61" stopTime="0.00" timeLoss="95.86" rerouteNo="0" devices="tripinfo_106" vType="typeCar@106" speedFactor="1.00" vaporized=""/>
    <tripinfo id="108" depart="173.40" departLane="wc_0" departPos="5.10" departSpeed="2.68" departDelay="110.40" arrival="311.70" arrivalLane="ce_0" arrivalPos="192.80" arrivalSpeed="10.00" duration="138.30" routeLength="394.90" waitingTime="5.80" waitingCount="58" stopTime="0.00" timeLoss="98.76" rerouteNo="0" devices="tripinfo_108" vType="typeCar@108" speedFactor="1.00" vaporized=""/>
    <tripinfo id="109" depart="185.50" departLane="wc_0" departPos="5.10" departSpeed="0.21" departDelay="121.50" arrival="313.60" arrivalLane="ce_0" arrivalPos="192.80" arrivalSpeed="10.00" duration="128.10" routeLength="394.90" waitingTime="6.70" waitingCount="54" stopTime="0.00" timeLoss="88.54" rerouteNo="0" devices="tripinfo_109" vType="typeCar@109" speedFactor="1.00" vaporized=""/>
    <tripinfo id="110" depart="191.40" departLane="wc_0" departPos="5.10" departSpeed="5.33" departDelay="126.40" arrival="318.00" arrivalLane="ce_0" arrivalPos="192.80" arrivalSpeed="10.00" duration="126.60" routeLength="394.90" waitingTime="4.90" waitingCount="49" stopTime="1.10" timeLoss="86.04" rerouteNo="0" devices="tripinfo_110" vType="typeCar@110" speedFactor="1.00" vaporized=""/>
    <tripinfo id="112" depart="193.90" departLane="wc_0" departPos="5.10" departSpeed="0.03" departDelay="127.90" arrival="321.40" arrivalLane="ce_0" arrivalPos="192.80" arrivalSpeed="10.00" duration="127.50" routeLength="394.90" waitingTime="6.30" waitingCount="55" stopTime="1.10" timeLoss="86.90" rerouteNo="0" devices="tripinfo_112" vType="typeCar@112" speedFactor="1.00" vaporized=""/>
    <tripinfo id="113" depart="205.40" departLane="wc_0" departPos="5.10" departSpeed="2.60" departDelay="138.40" arrival="323.00" arrivalLane="ce_0" arrivalPos="192.80" arrivalSpeed="10.00" duration="117.60" routeLength="394.90" waitingTime="4.90" waitingCount="49" stopTime="0.00" timeLoss="78.07" rerouteNo="0" devices="tripinfo_113" vType="typeCar@113" speedFactor="1.00" vaporized=""/>
    <tripinfo id="115" depart="209.60" departLane="wc_0" departPos="5.10" departSpeed="4.80" departDelay="141.60" arrival="327.80" arrivalLane="ce_0" arrivalPos="192.80" arrivalSpeed="10.00" duration="118.20" routeLength="394.90" waitingTime="4.40" waitingCount="44" stopTime="0.00" timeLoss="78.67" rerouteNo="0" devices="tripinfo_115" vType="typeCar@115" speedFactor="1.00" vaporized=""/>
    <tripinfo id="116" depart="210.90" departLane="wc_0" departPos="5.10" departSpeed="6.30" departDelay="141.90" arrival="329.80" arrivalLane="ce_0" arrivalPos="192.80" arrivalSpeed="10.00" duration="118.90" routeLength="394.90" waitingTime="5.30" waitingCount="53" stopTime="0.00" timeLoss="79.38" rerouteNo="0" devices="tripinfo_116" vType="typeCar@116" speedFactor="1.00" vaporized=""/>
    <tripinfo id="118" depart="212.00" departLane="wc_0" departPos="5.10" departSpeed="7.20" departDelay="142.00" arrival="330.90" arrivalLane="ce_0" arrivalPos="192.80" arrivalSpeed="10.00" duration="118.90" routeLength="394.90" waitingTime="5.00" waitingCount="50" stopTime="0.00" timeLoss="79.44" rerouteNo="0" devices="tripinfo_118" vType="typeCar@118" speedFactor="1.00" vaporized=""/>
    <tripinfo id="120" depart="213.20" departLane="wc_0" departPos="5.10" departSpeed="1.20" departDelay="142.20" arrival="332.60" arrivalLane="ce_0" arrivalPos="192.80" arrivalSpeed="10.00" duration="119.40" routeLength="394.90" waitingTime="5.60" waitingCount="53" stopTime="0.00" timeLoss="79.90" rerouteNo="0" devices="tripinfo_120" vType="typeCar@120" speedFactor="1.00" vaporized=""/>
    <tripinfo id="125" depart="179.20" departLane="nc_0" departPos="5.10" departSpeed="0.30" departDelay="105.20" arrival="335.60" arrivalLane="cs_0" arrivalPos="192.80" arrivalSpeed="10.00" duration="156.40" routeLength="394.90" waitingTime="24.50" waitingCount="56" stopTime="0.00" timeLoss="116.83" rerouteNo="0" devices="tripinfo_125" vType="typeCar@125" speedFactor="1.00" vaporized=""/>
    <tripinfo id="126" depart="188.80" departLane="nc_0" departPos="5.10" departSpeed="2.05" departDelay="113.80" arrival="337.50" arrivalLane="cs_0" arrivalPos="192.80" arrivalSpeed="10.00" duration="148.70" routeLength="394.90" waitingTime="17.90" waitingCount="63" stopTime="0.00" timeLoss="109.19" rerouteNo="0" devices="tripinfo_126" vType="typeCar@126" speedFactor="1.00" vaporized=""/>
    <tripinfo id="121" depart="225.60" departLane="wc_0" departPos="5.10" departSpeed="2.55" departDelay="153.60" arrival="343.50" arrivalLane="ce_0" arrivalPos="192.80" arrivalSpeed="10.00" duration="117.90" routeLength="394.90" waitingTime="4.00" waitingCount="40" stopTime="0.00" timeLoss="78.40" rerouteNo="0" devices="tripinfo_121" vType="typeCar@121" speedFactor="1.00" vaporized=""/>
    <tripinfo id="123" depart="228.00" departLane="wc_0" departPos="5.10" departSpeed="5.75" departDelay="155.00" arrival="344.40" arrivalLane="ce_0" arrivalPos="192.80" arrivalSpeed="10.00" duration="116.40" routeLength="394.90" waitingTime="4.60" waitingCount="46" stopTime="1.10" timeLoss="75.78" rerouteNo="0" devices="tripinfo_123" vType="typeCar@123" speedFactor="1.00" vaporized=""/>
    <tripinfo id="124" depart="233.30" departLane="wc_0" departPos="5.10" departSpeed="0.05" departDelay="159.30" arrival="345.40" arrivalLane="ce_0" arrivalPos="192.80" arrivalSpeed="10.00" duration="112.10" routeLength="394.90" waitingTime="4.30" waitingCount="36" stopTime="1.10" timeLoss="71.46" rerouteNo="0" devices="tripinfo_124" vType="typeCar@124" speedFactor="1.00" vaporized=""/>
    <tripinfo id="127" depart="239.40" departLane="wc_0" departPos="5.10" departSpeed="3.30" departDelay="163.40" arrival="346.40" arrivalLane="ce_0" arrivalPos="192.80" arrivalSpeed="10.00" duration="107.00" routeLength="394.90" waitingTime="3.80" waitingCount="38" stopTime="0.00" timeLoss="67.50" rerouteNo="0" devices="tripinfo_127" vType="typeCar@127" speedFactor="1.00" vaporized=""/>
    <tripinfo id="129" depart="244.70" departLane="wc_0" departPos="5.10" departSpeed="3.20" departDelay="167.70" arrival="347.40" arrivalLane="ce_0" arrivalPos="192.80" arrivalSpeed="10.00" duration="102.70" routeLength="394.90" waitingTime="4.20" waitingCount="42" stopTime="0.00" timeLoss="63.23" rerouteNo="0" devices="tripinfo_129" vType="typeCar@129" speedFactor="1.00" vaporized=""/>
    <tripinfo id="131" depart="253.10" departLane="wc_0" departPos="5.10" departSpeed="3.60" departDelay="175.10" arrival="348.40" arrivalLane="ce_0" arrivalPos="192.80" arrivalSpeed="10.00" duration="95.30" routeLength="394.90" waitingTime="3.40" waitingCount="34" stopTime="0.00" timeLoss="55.82" rerouteNo="0" devices="tripinfo_131" vType="typeCar@131" speedFactor="1.00" vaporized=""/>
    <tripinfo id="128" depart="191.20" departLane="nc_0" departPos="5.10" departSpeed="6.05" departDelay="115.20" arrival="350.40" arrivalLane="cs_0" arrivalPos="192.80" arrivalSpeed="10.00" duration="159.20" routeLength="394.90" waitingTime="13.10" waitingCount="69" stopTime="0.00" timeLoss="119.77" rerouteNo="0" devices="tripinfo_128" vType="typeCar@128" speedFactor="1.00" vaporized=""/>
    <tripinfo id="130" depart="192.20" departLane="nc_0" departPos="5.10" departSpeed="5.85" departDelay="115.20" arrival="351.80" arrivalLane="cs_0" arrivalPos="192.80" arrivalSpeed="10.00" duration="159.60" routeLength="394.90" waitingTime="10.00" waitingCount="95" stopTime="1.10" timeLoss="119.00" rerouteNo="0" devices="tripinfo_130" vType="typeCar@130" speedFactor="1.00" vaporized=""/>
    <tripinfo id="133" depart="258.60" departLane="wc_0" departPos="5.10" departSpeed="0.90" departDelay="179.60" arrival="353.30" arrivalLane="ce_0" arrivalPos="192.80" arrivalSpeed="10.00" duration="94.70" routeLength="394.90" waitingTime="3.60" waitingCount="31" stopTime="0.00" timeLoss="55.17" rerouteNo="0" devices="tripinfo_133" vType="typeCar@133" speedFactor="1.00" vaporized=""/>
    <tripinfo id="135" depart="262.50" departLane="wc_0" departPos="5.10" departSpeed="5.74" departDelay="182.50" arrival="354.30" arrivalLane="ce_0" arrivalPos="192.80" arrivalSpeed="10.00" duration="91.80" routeLength="394.90" waitingTime="3.40" waitingCount="34" stopTime="0.00" timeLoss="52.31" rerouteNo="0" devices="tripinfo_135" vType="typeCar@135" speedFactor="1.00" vaporized=""/>
    <tripinfo id="132" depart="197.20" departLane="nc_0" departPos="5.10" departSpeed="0.05" departDelay="119.20" arrival="356.00" arrivalLane="cs_0" arrivalPos="192.80" arrivalSpeed="10.00" duration="158.80" routeLength="394.90" waitingTime="10.40" waitingCount="90" stopTime="1.10" timeLoss="118.16" rerouteNo="0" devices="tripinfo_132" vType="typeCar@132" speedFactor="1.00" vaporized=""/>
    <tripinfo id="134" depart="206.80" departLane="nc_0" departPos="5.10" departSpeed="4.83" departDelay="127.80" arrival="357.00" arrivalLane="cs_0" arrivalPos="192.80" arrivalSpeed="10.00" duration="150.20" routeLength="394.90" waitingTime="8.80" waitingCount="88" stopTime="0.00" timeLoss="110.71" rerouteNo="0" devices="tripinfo_134" vType="typeCar@134" speedFactor="1.00" vaporized=""/>
    <tripinfo id="137" depart="268.60" departLane="wc_0" departPos="5.10" departSpeed="0.04" departDelay="187.60" arrival="358.60" arrivalLane="ce_0" arrivalPos="192.80" arrivalSpeed="10.00" duration="90.00" routeLength="394.90" waitingTime="4.20" waitingCount="30" stopTime="0.00" timeLoss="50.44" rerouteNo="0" devices="tripinfo_137" vType="typeCar@137" speedFactor="1.00" vaporized=""/>
    <tripinfo id="138" depart="279.00" departLane="wc_0" departPos="5.10" departSpeed="2.60" departDelay="197.00" arrival="359.70" arrivalLane="ce_0" arrivalPos="192.80" arrivalSpeed="10.00" duration="80.70" routeLength="394.90" waitingTime="2.00" waitingCount="20" stopTime="0.00" timeLoss="41.17" rerouteNo="0" devices="tripinfo_138" vType="typeCar@138" speedFactor="1.00" vaporized=""/>
    <tripinfo id="136" depart="208.20" departLane="nc_0" departPos="5.10" departSpeed="6.63" departDelay="128.20" arrival="361.20" arrivalLane="cs_0" arrivalPos="192.80" arrivalSpeed="10.00" duration="153.00" routeLength="394.90" waitingTime="8.80" waitingCount="88" stopTime="0.00" timeLoss="113.55" rerouteNo="0" devices="tripinfo_136" vType="typeCar@136" speedFactor="1.00" vaporized=""/>
    <tripinfo id="139" depart="209.20" departLane="nc_0" departPos="5.10" departSpeed="8.03" departDelay="127.20" arrival="362.30" arrivalLane="cs_0" arrivalPos="192.80" arrivalSpeed="10.00" duration="153.10" routeLength="394.90" waitingTime="8.70" waitingCount="87" stopTime="0.00" timeLoss="113.62" rerouteNo="0" devices="tripinfo_139" vType="typeCar@139" speedFactor="1.00" vaporized=""/>
    <tripinfo id="140" depart="283.60" departLane="wc_0" departPos="5.10" departSpeed="5.20" departDelay="200.60" arrival="363.80" arrivalLane="ce_0" arrivalPos="192.80" arrivalSpeed="10.00" duration="80.20" routeLength="394.90" waitingTime="1.80" waitingCount="18" stopTime="0.00" timeLoss="40.74" rerouteNo="0" devices="tripinfo_140" vType="typeCar@140" speedFactor="1.00" vaporized=""/>
    <tripinfo id="142" depart="287.40" departLane="wc_0" departPos="5.10" departSpeed="3.80" departDelay="203.40" arrival="364.80" arrivalLane="ce_0" arrivalPos="192.80" arrivalSpeed="10.00" duration="77.40" routeLength="394.90" waitingTime="2.00" waitingCount="20" stopTime="0.00" timeLoss="37.93" rerouteNo="0" devices="tripinfo_142" vType="typeCar@142" speedFactor="1.00" vaporized=""/>
    <tripinfo id="141" depart="210.20" departLane="nc_0" departPos="5.10" departSpeed="3.03" departDelay="127.20" arrival="366.40" arrivalLane="cs_0" arrivalPos="192.80" arrivalSpeed="10.00" duration="156.20" routeLength="394.90" waitingTime="9.90" waitingCount="99" stopTime="0.00" timeLoss="116.66" rerouteNo="0" devices="tripinfo_141" vType="typeCar@141" speedFactor="1.00" vaporized=""/>
    <tripinfo id="143" depart="221.60" departLane="nc_0" departPos="5.10" departSpeed="0.05" departDelay="137.60" arrival="367.40" arrivalLane="cs_0" arrivalPos="192.80" arrivalSpeed="10.00" duration="145.80" routeLength="394.90" waitingTime="10.10" waitingCount="89" stopTime="0.00" timeLoss="106.32" rerouteNo="0" devices="tripinfo_143" vType="typeCar@143" speedFactor="1.00" vaporized=""/>
    <tripinfo id="145" depart="289.10" departLane="wc_0" departPos="5.10" departSpeed="5.70" departDelay="203.10" arrival="369.00" arrivalLane="ce_0" arrivalPos="192.80" arrivalSpeed="10.00" duration="79.90" routeLength="394.90" waitingTime="2.30" waitingCount="23" stopTime="0.00" timeLoss="40.35" rerouteNo="0" devices="tripinfo_145" vType="typeCar@145" speedFactor="1.00" vaporized=""/>
    <tripinfo id="146" depart="293.90" departLane="wc_0" departPos="5.10" departSpeed="3.30" departDelay="206.90" arrival="370.10" arrivalLane="ce_0" arrivalPos="192.80" arrivalSpeed="10.00" duration="76.20" routeLength="394.90" waitingTime="1.90" waitingCount="19" stopTime="0.00" timeLoss="36.69" rerouteNo="0" devices="tripinfo_146" vType="typeCar@146" speedFactor="1.00" vaporized=""/>
    <tripinfo id="144" depart="226.60" departLane="nc_0" departPos="5.10" departSpeed="5.82" departDelay="141.60" arrival="371.70" arrivalLane="cs_0" arrivalPos="192.80" arrivalSpeed="10.00" duration="145.10" routeLength="394.90" waitingTime="8.90" waitingCount="89" stopTime="0.00" timeLoss="105.57" rerouteNo="0" devices="tripinfo_144" vType="typeCar@144" speedFactor="1.00" vaporized=""/>
    <tripinfo id="147" depart="227.90" departLane="nc_0" departPos="5.10" departSpeed="1.72" departDelay="140.90" arrival="372.90" arrivalLane="cs_0" arrivalPos="192.80" arrivalSpeed="10.00" duration="145.00" routeLength="394.90" waitingTime="9.90" waitingCount="94" stopTime="0.00" timeLoss="105.44" rerouteNo="0" devices="tripinfo_147" vType="typeCar@147" speedFactor="1.00" vaporized=""/>
    <tripinfo id="148" depart="297.10" departLane="wc_0" departPos="5.10" departSpeed="3.30" departDelay="209.10" arrival="374.40" arrivalLane="ce_0" arrivalPos="192.80" arrivalSpeed="10.00" duration="77.30" routeLength="394.90" waitingTime="1.90" waitingCount="19" stopTime="0.00" timeLoss="37.80" rerouteNo="0" devices="tripinfo_148" vType="typeCar@148" speedFactor="1.00" vaporized=""/>
    <tripinfo id="150" depart="298.90" departLane="wc_0" departPos="5.10" departSpeed="3.90" departDelay="209.90" arrival="375.50" arrivalLane="ce_0" arrivalPos="192.80" arrivalSpeed="10.00" duration="76.60" routeLength="394.90" waitingTime="2.10" waitingCount="21" stopTime="0.00" timeLoss="37.06" rerouteNo="0" devices="tripinfo_150" vType="typeCar@150" speedFactor="1.00" vaporized=""/>
    <tripinfo id="149" depart="237.40" departLane="nc_0" departPos="5.10" departSpeed="4.25" departDelay="149.40" arrival="377.00" arrivalLane="cs_0" arrivalPos="192.80" arrivalSpeed="10.00" duration="139.60" routeLength="394.90" waitingTime="8.80" waitingCount="88" stopTime="0.00" timeLoss="100.13" rerouteNo="0" devices="tripinfo_149" vType="typeCar@149" speedFactor="1.00" vaporized=""/>
    <tripinfo id="151" depart="241.90" departLane="nc_0" departPos="5.10" departSpeed="4.15" departDelay="152.90" arrival="378.20" arrivalLane="cs_0" arrivalPos="192.80" arrivalSpeed="10.00" duration="136.30" routeLength="394.90" waitingTime="7.70" waitingCount="77" stopTime="0.00" timeLoss="96.73" rerouteNo="0" devices="tripinfo_151" vType="typeCar@151" speedFactor="1.00" vaporized=""/>
    <tripinfo id="152" depart="303.90" departLane="wc_0" departPos="5.10" departSpeed="4.50" departDelay="213.90" arrival="379.70" arrivalLane="ce_0" arrivalPos="192.80" arrivalSpeed="10.00" duration="75.80" routeLength="394.90" waitingTime="1.80" waitingCount="18" stopTime="0.00" timeLoss="36.25" rerouteNo="0" devices="tripinfo_152" vType="typeCar@152" speedFactor="1.00" vaporized=""/>
    <tripinfo id="155" depart="305.30" departLane="wc_0" departPos="5.10" departSpeed="6.30" departDelay="213.30" arrival="380.80" arrivalLane="ce_0" arrivalPos="192.80" arrivalSpeed="10.00" duration="75.50" routeLength="394.90" waitingTime="1.70" waitingCount="17" stopTime="0.00" timeLoss="35.95" rerouteNo="0" devices="tripinfo_155" vType="typeCar@155" speedFactor="1.00" vaporized=""/>
    <tripinfo id="153" depart="243.40" departLane="nc_0" departPos="5.10" departSpeed="6.25" departDelay="153.40" arrival="382.30" arrivalLane="cs_0" arrivalPos="192.80" arrivalSpeed="10.00" duration="138.90" routeLength="394.90" waitingTime="9.00" waitingCount="90" stopTime="0.00" timeLoss="99.37" rerouteNo="0" devices="tripinfo_153" vType="typeCar@153" speedFactor="1.00" vaporized=""/>
    <tripinfo id="154" depart="244.40" departLane="nc_0" departPos="5.10" departSpeed="6.05" departDelay="153.40" arrival="383.30" arrivalLane="cs_0" arrivalPos="192.80" arrivalSpeed="10.00" duration="138.90" routeLength="394.90" waitingTime="9.10" waitingCount="91" stopTime="0.00" timeLoss="99.42" rerouteNo="0" devices="tripinfo_154" vType="typeCar@154" speedFactor="1.00" vaporized=""/>
    <tripinfo id="157" depart="306.30" departLane="wc_0" departPos="5.10" departSpeed="6.90" departDelay="213.30" arrival="384.80" arrivalLane="ce_0" arrivalPos="192.80" arrivalSpeed="10.00" duration="78.50" routeLength="394.90" waitingTime="1.90" waitingCount="19" stopTime="0.00" timeLoss="39.01" rerouteNo="0" devices="tripinfo_157" vType="typeCar@157" speedFactor="1.00" vaporized=""/>
    <tripinfo id="159" depart="309.10" departLane="wc_0" departPos="5.10" departSpeed="0.10" departDelay="215.10" arrival="386.00" arrivalLane="ce_0" arrivalPos="192.80" arrivalSpeed="10.00" duration="76.90" routeLength="394.90" waitingTime="3.40" waitingCount="20" stopTime="0.00" timeLoss="37.32" rerouteNo="0" devices="tripinfo_159" vType="typeCar@159" speedFactor="1.00" vaporized=""/>
    <tripinfo id="156" depart="249.40" departLane="nc_0" departPos="5.10" departSpeed="0.25" departDelay="157.40" arrival="387.50" arrivalLane="cs_0" arrivalPos="192.80" arrivalSpeed="10.00" duration="138.10" routeLength="394.90" waitingTime="10.50" waitingCount="94" stopTime="0.00" timeLoss="98.56" rerouteNo="0" devices="tripinfo_156" vType="typeCar@156" speedFactor="1.00" vaporized=""/>
    <tripinfo id="158" depart="257.50" departLane="nc_0" departPos="5.10" departSpeed="4.97" departDelay="164.50" arrival="388.50" arrivalLane="cs_0" arrivalPos="192.80" arrivalSpeed="10.00" duration="131.00" routeLength="394.90" waitingTime="8.60" waitingCount="86" stopTime="0.00" timeLoss="91.54" rerouteNo="0" devices="tripinfo_158" vType="typeCar@158" speedFactor="1.00" vaporized=""/>
    <tripinfo id="161" depart="316.00" departLane="wc_0" departPos="5.10" departSpeed="5.23" departDelay="221.00" arrival="390.20" arrivalLane="ce_0" arrivalPos="192.80" arrivalSpeed="10.00" duration="74.20" routeLength="394.90" waitingTime="1.30" waitingCount="13" stopTime="0.00" timeLoss="34.65" rerouteNo="0" devices="tripinfo_161" vType="typeCar@161" speedFactor="1.00" vaporized=""/>
    <tripinfo id="163" depart="317.30" departLane="wc_0" departPos="5.10" departSpeed="6.73" departDelay="221.30" arrival="391.20" arrivalLane="ce_0" arrivalPos="192.80" arrivalSpeed="10.00" duration="73.90" routeLength="394.90" waitingTime="1.50" waitingCount="15" stopTime="0.00" timeLoss="34.42" rerouteNo="0" devices="tripinfo_163" vType="typeCar@163" speedFactor="1.00" vaporized=""/>
    <tripinfo id="160" depart="258.80" departLane="nc_0" departPos="5.10" departSpeed="4.07" departDelay="164.80" arrival="392.80" arrivalLane="cs_0" arrivalPos="192.80" arrivalSpeed="10.00" duration="134.00" routeLength="394.90" waitingTime="9.00" waitingCount="90" stopTime="0.00" timeLoss="94.47" rerouteNo="0" devices="tripinfo_160" vType="typeCar@160" speedFactor="1.00" vaporized=""/>
    <tripinfo id="162" depart="266.30" departLane="nc_0" departPos="5.10" departSpeed="2.57" departDelay="171.30" arrival="393.80" arrivalLane="cs_0" arrivalPos="192.80" arrivalSpeed="10.00" duration="127.50" routeLength="394.90" waitingTime="8.30" waitingCount="83" stopTime="0.00" timeLoss="88.02" rerouteNo="0" devices="tripinfo_162" vType="typeCar@162" speedFactor="1.00" vaporized=""/>
    <tripinfo id="164" depart="318.40" departLane="wc_0" departPos="5.10" departSpeed="2.83" departDelay="221.40" arrival="395.40" arrivalLane="ce_0" arrivalPos="192.80" arrivalSpeed="10.00" duration="77.00" routeLength="394.90" waitingTime="1.90" waitingCount="19" stopTime="0.00" timeLoss="37.52" rerouteNo="0" devices="tripinfo_164" vType="typeCar@164" speedFactor="1.00" vaporized=""/>
    <tripinfo id="165" depart="322.70" departLane="wc_0" departPos="5.10" departSpeed="4.96" departDelay="224.70" arrival="396.50" arrivalLane="ce_0" arrivalPos="192.80" arrivalSpeed="10.00" duration="73.80" routeLength="394.90" waitingTime="1.80" waitingCount="18" stopTime="0.00" timeLoss="34.24" rerouteNo="0" devices="tripinfo_165" vType="typeCar@165" speedFactor="1.00" vaporized=""/>
    <tripinfo id="166" depart="271.80" departLane="nc_0" departPos="5.10" departSpeed="4.67" departDelay="173.80" arrival="398.00" arrivalLane="cs_0" arrivalPos="192.80" arrivalSpeed="10.00" duration="126.20" routeLength="394.90" waitingTime="8.20" waitingCount="82" stopTime="0.00" timeLoss="86.69" rerouteNo="0" devices="tripinfo_166" vType="typeCar@166" speedFactor="1.00" vaporized=""/>
</tripinfos>
