<?xml version="1.0" encoding="UTF-8"?>

<!-- generated on 2022-11-30 12:22:27 by Eclipse SUMO sumo Version 1.14.1
<configuration xmlns:xsi="http://www.w3.org/2001/XMLSchema-instance" xsi:noNamespaceSchemaLocation="http://sumo.dlr.de/xsd/sumoConfiguration.xsd">

    <input>
        <net-file value="net.net.xml"/>
        <route-files value="routes.rou.xml"/>
    </input>

    <output>
        <tripinfo-output value="raw_data/(8,3,0)tripinfo.xml"/>
    </output>

    <time>
        <begin value="0"/>
        <step-length value="0.1"/>
    </time>

    <processing>
        <extrapolate-departpos value="true"/>
        <route-steps value="0"/>
        <ignore-route-errors value="true"/>
        <collision.action value="warn"/>
        <collision.stoptime value="1"/>
        <collision.mingap-factor value="0.1"/>
    </processing>

    <report>
        <verbose value="false"/>
        <log value="log.txt"/>
        <duration-log.statistics value="true"/>
        <no-step-log value="true"/>
    </report>

    <traci_server>
        <remote-port value="62890"/>
    </traci_server>

    <gui_only>
        <quit-on-end value="true"/>
        <start value="true"/>
    </gui_only>

</configuration>
-->

<tripinfos xmlns:xsi="http://www.w3.org/2001/XMLSchema-instance" xsi:noNamespaceSchemaLocation="http://sumo.dlr.de/xsd/tripinfo_file.xsd">
    <tripinfo id="0" depart="0.00" departLane="nc_0" departPos="5.10" departSpeed="10.00" departDelay="0.00" arrival="39.50" arrivalLane="cs_0" arrivalPos="192.80" arrivalSpeed="10.00" duration="39.50" routeLength="394.90" waitingTime="0.00" waitingCount="0" stopTime="0.00" timeLoss="0.00" rerouteNo="0" devices="tripinfo_0" vType="typeCar@0" speedFactor="1.00" vaporized=""/>
    <tripinfo id="2" depart="1.00" departLane="nc_0" departPos="5.10" departSpeed="10.00" departDelay="0.00" arrival="40.50" arrivalLane="cs_0" arrivalPos="192.80" arrivalSpeed="10.00" duration="39.50" routeLength="394.90" waitingTime="0.00" waitingCount="0" stopTime="0.00" timeLoss="0.00" rerouteNo="0" devices="tripinfo_2" vType="typeCar@2" speedFactor="1.00" vaporized=""/>
    <tripinfo id="3" depart="2.00" departLane="nc_0" departPos="5.10" departSpeed="10.00" departDelay="0.00" arrival="41.50" arrivalLane="cs_0" arrivalPos="192.80" arrivalSpeed="10.00" duration="39.50" routeLength="394.90" waitingTime="0.00" waitingCount="0" stopTime="0.00" timeLoss="0.00" rerouteNo="0" devices="tripinfo_3" vType="typeCar@3" speedFactor="1.00" vaporized=""/>
    <tripinfo id="4" depart="3.00" departLane="nc_0" departPos="5.10" departSpeed="10.00" departDelay="0.00" arrival="42.50" arrivalLane="cs_0" arrivalPos="192.80" arrivalSpeed="10.00" duration="39.50" routeLength="394.90" waitingTime="0.00" waitingCount="0" stopTime="0.00" timeLoss="0.00" rerouteNo="0" devices="tripinfo_4" vType="typeCar@4" speedFactor="1.00" vaporized=""/>
    <tripinfo id="5" depart="4.00" departLane="nc_0" departPos="5.10" departSpeed="10.00" departDelay="0.00" arrival="43.50" arrivalLane="cs_0" arrivalPos="192.80" arrivalSpeed="10.00" duration="39.50" routeLength="394.90" waitingTime="0.00" waitingCount="0" stopTime="0.00" timeLoss="0.00" rerouteNo="0" devices="tripinfo_5" vType="typeCar@5" speedFactor="1.00" vaporized=""/>
    <tripinfo id="7" depart="5.00" departLane="nc_0" departPos="5.10" departSpeed="10.00" departDelay="0.00" arrival="44.50" arrivalLane="cs_0" arrivalPos="192.80" arrivalSpeed="10.00" duration="39.50" routeLength="394.90" waitingTime="0.00" waitingCount="0" stopTime="0.00" timeLoss="0.00" rerouteNo="0" devices="tripinfo_7" vType="typeCar@7" speedFactor="1.00" vaporized=""/>
    <tripinfo id="9" depart="6.00" departLane="nc_0" departPos="5.10" departSpeed="10.00" departDelay="0.00" arrival="45.50" arrivalLane="cs_0" arrivalPos="192.80" arrivalSpeed="10.00" duration="39.50" routeLength="394.90" waitingTime="0.00" waitingCount="0" stopTime="0.00" timeLoss="0.00" rerouteNo="0" devices="tripinfo_9" vType="typeCar@9" speedFactor="1.00" vaporized=""/>
    <tripinfo id="10" depart="7.00" departLane="nc_0" departPos="5.10" departSpeed="10.00" departDelay="0.00" arrival="46.50" arrivalLane="cs_0" arrivalPos="192.80" arrivalSpeed="10.00" duration="39.50" routeLength="394.90" waitingTime="0.00" waitingCount="0" stopTime="0.00" timeLoss="0.00" rerouteNo="0" devices="tripinfo_10" vType="typeCar@10" speedFactor="1.00" vaporized=""/>
    <tripinfo id="12" depart="8.00" departLane="nc_0" departPos="5.10" departSpeed="10.00" departDelay="0.00" arrival="47.50" arrivalLane="cs_0" arrivalPos="192.80" arrivalSpeed="10.00" duration="39.50" routeLength="394.90" waitingTime="0.00" waitingCount="0" stopTime="0.00" timeLoss="0.00" rerouteNo="0" devices="tripinfo_12" vType="typeCar@12" speedFactor="1.00" vaporized=""/>
    <tripinfo id="13" depart="9.00" departLane="nc_0" departPos="5.10" departSpeed="10.00" departDelay="0.00" arrival="48.50" arrivalLane="cs_0" arrivalPos="192.80" arrivalSpeed="10.00" duration="39.50" routeLength="394.90" waitingTime="0.00" waitingCount="0" stopTime="0.00" timeLoss="0.00" rerouteNo="0" devices="tripinfo_13" vType="typeCar@13" speedFactor="1.00" vaporized=""/>
    <tripinfo id="14" depart="10.00" departLane="nc_0" departPos="5.10" departSpeed="10.00" departDelay="0.00" arrival="49.50" arrivalLane="cs_0" arrivalPos="192.80" arrivalSpeed="10.00" duration="39.50" routeLength="394.90" waitingTime="0.00" waitingCount="0" stopTime="0.00" timeLoss="0.00" rerouteNo="0" devices="tripinfo_14" vType="typeCar@14" speedFactor="1.00" vaporized=""/>
    <tripinfo id="15" depart="11.00" departLane="nc_0" departPos="5.10" departSpeed="10.00" departDelay="0.00" arrival="50.50" arrivalLane="cs_0" arrivalPos="192.80" arrivalSpeed="10.00" duration="39.50" routeLength="394.90" waitingTime="0.00" waitingCount="0" stopTime="0.00" timeLoss="0.00" rerouteNo="0" devices="tripinfo_15" vType="typeCar@15" speedFactor="1.00" vaporized=""/>
    <tripinfo id="16" depart="12.00" departLane="nc_0" departPos="5.10" departSpeed="10.00" departDelay="0.00" arrival="51.50" arrivalLane="cs_0" arrivalPos="192.80" arrivalSpeed="10.00" duration="39.50" routeLength="394.90" waitingTime="0.00" waitingCount="0" stopTime="0.00" timeLoss="0.00" rerouteNo="0" devices="tripinfo_16" vType="typeCar@16" speedFactor="1.00" vaporized=""/>
    <tripinfo id="18" depart="13.00" departLane="nc_0" departPos="5.10" departSpeed="10.00" departDelay="0.00" arrival="52.50" arrivalLane="cs_0" arrivalPos="192.80" arrivalSpeed="10.00" duration="39.50" routeLength="394.90" waitingTime="0.00" waitingCount="0" stopTime="0.00" timeLoss="0.01" rerouteNo="0" devices="tripinfo_18" vType="typeCar@18" speedFactor="1.00" vaporized=""/>
    <tripinfo id="19" depart="14.00" departLane="nc_0" departPos="5.10" departSpeed="10.00" departDelay="0.00" arrival="53.50" arrivalLane="cs_0" arrivalPos="192.80" arrivalSpeed="10.00" duration="39.50" routeLength="394.90" waitingTime="0.00" waitingCount="0" stopTime="0.00" timeLoss="0.01" rerouteNo="0" devices="tripinfo_19" vType="typeCar@19" speedFactor="1.00" vaporized=""/>
    <tripinfo id="20" depart="15.00" departLane="nc_0" departPos="5.10" departSpeed="10.00" departDelay="0.00" arrival="54.50" arrivalLane="cs_0" arrivalPos="192.80" arrivalSpeed="10.00" duration="39.50" routeLength="394.90" waitingTime="0.00" waitingCount="0" stopTime="0.00" timeLoss="0.01" rerouteNo="0" devices="tripinfo_20" vType="typeCar@20" speedFactor="1.00" vaporized=""/>
    <tripinfo id="21" depart="17.00" departLane="nc_0" departPos="5.10" departSpeed="10.00" departDelay="0.00" arrival="56.50" arrivalLane="cs_0" arrivalPos="192.80" arrivalSpeed="10.00" duration="39.50" routeLength="394.90" waitingTime="0.00" waitingCount="0" stopTime="0.00" timeLoss="0.00" rerouteNo="0" devices="tripinfo_21" vType="typeCar@21" speedFactor="1.00" vaporized=""/>
    <tripinfo id="22" depart="18.00" departLane="nc_0" departPos="5.10" departSpeed="10.00" departDelay="0.00" arrival="57.50" arrivalLane="cs_0" arrivalPos="192.80" arrivalSpeed="10.00" duration="39.50" routeLength="394.90" waitingTime="0.00" waitingCount="0" stopTime="0.00" timeLoss="0.00" rerouteNo="0" devices="tripinfo_22" vType="typeCar@22" speedFactor="1.00" vaporized=""/>
    <tripinfo id="23" depart="19.00" departLane="nc_0" departPos="5.10" departSpeed="10.00" departDelay="0.00" arrival="58.50" arrivalLane="cs_0" arrivalPos="192.80" arrivalSpeed="10.00" duration="39.50" routeLength="394.90" waitingTime="0.00" waitingCount="0" stopTime="0.00" timeLoss="0.00" rerouteNo="0" devices="tripinfo_23" vType="typeCar@23" speedFactor="1.00" vaporized=""/>
    <tripinfo id="24" depart="20.00" departLane="nc_0" departPos="5.10" departSpeed="10.00" departDelay="0.00" arrival="59.50" arrivalLane="cs_0" arrivalPos="192.80" arrivalSpeed="10.00" duration="39.50" routeLength="394.90" waitingTime="0.00" waitingCount="0" stopTime="0.00" timeLoss="0.00" rerouteNo="0" devices="tripinfo_24" vType="typeCar@24" speedFactor="1.00" vaporized=""/>
    <tripinfo id="26" depart="21.00" departLane="nc_0" departPos="5.10" departSpeed="10.00" departDelay="0.00" arrival="60.50" arrivalLane="cs_0" arrivalPos="192.80" arrivalSpeed="10.00" duration="39.50" routeLength="394.90" waitingTime="0.00" waitingCount="0" stopTime="0.00" timeLoss="0.00" rerouteNo="0" devices="tripinfo_26" vType="typeCar@26" speedFactor="1.00" vaporized=""/>
    <tripinfo id="28" depart="22.00" departLane="nc_0" departPos="5.10" departSpeed="10.00" departDelay="0.00" arrival="61.50" arrivalLane="cs_0" arrivalPos="192.80" arrivalSpeed="10.00" duration="39.50" routeLength="394.90" waitingTime="0.00" waitingCount="0" stopTime="0.00" timeLoss="0.00" rerouteNo="0" devices="tripinfo_28" vType="typeCar@28" speedFactor="1.00" vaporized=""/>
    <tripinfo id="30" depart="23.00" departLane="nc_0" departPos="5.10" departSpeed="10.00" departDelay="0.00" arrival="62.50" arrivalLane="cs_0" arrivalPos="192.80" arrivalSpeed="10.00" duration="39.50" routeLength="394.90" waitingTime="0.00" waitingCount="0" stopTime="0.00" timeLoss="0.00" rerouteNo="0" devices="tripinfo_30" vType="typeCar@30" speedFactor="1.00" vaporized=""/>
    <tripinfo id="31" depart="24.00" departLane="nc_0" departPos="5.10" departSpeed="10.00" departDelay="0.00" arrival="63.50" arrivalLane="cs_0" arrivalPos="192.80" arrivalSpeed="10.00" duration="39.50" routeLength="394.90" waitingTime="0.00" waitingCount="0" stopTime="0.00" timeLoss="0.00" rerouteNo="0" devices="tripinfo_31" vType="typeCar@31" speedFactor="1.00" vaporized=""/>
    <tripinfo id="32" depart="25.00" departLane="nc_0" departPos="5.10" departSpeed="10.00" departDelay="0.00" arrival="64.50" arrivalLane="cs_0" arrivalPos="192.80" arrivalSpeed="10.00" duration="39.50" routeLength="394.90" waitingTime="0.00" waitingCount="0" stopTime="0.00" timeLoss="0.00" rerouteNo="0" devices="tripinfo_32" vType="typeCar@32" speedFactor="1.00" vaporized=""/>
    <tripinfo id="34" depart="27.00" departLane="nc_0" departPos="5.10" departSpeed="10.00" departDelay="0.00" arrival="66.50" arrivalLane="cs_0" arrivalPos="192.80" arrivalSpeed="10.00" duration="39.50" routeLength="394.90" waitingTime="0.00" waitingCount="0" stopTime="0.00" timeLoss="0.00" rerouteNo="0" devices="tripinfo_34" vType="typeCar@34" speedFactor="1.00" vaporized=""/>
    <tripinfo id="36" depart="28.00" departLane="nc_0" departPos="5.10" departSpeed="10.00" departDelay="0.00" arrival="67.50" arrivalLane="cs_0" arrivalPos="192.80" arrivalSpeed="10.00" duration="39.50" routeLength="394.90" waitingTime="0.00" waitingCount="0" stopTime="0.00" timeLoss="0.00" rerouteNo="0" devices="tripinfo_36" vType="typeCar@36" speedFactor="1.00" vaporized=""/>
    <tripinfo id="38" depart="29.00" departLane="nc_0" departPos="5.10" departSpeed="10.00" departDelay="0.00" arrival="70.40" arrivalLane="cs_0" arrivalPos="192.80" arrivalSpeed="10.00" duration="41.40" routeLength="394.90" waitingTime="0.00" waitingCount="0" stopTime="0.00" timeLoss="1.87" rerouteNo="0" devices="tripinfo_38" vType="typeCar@38" speedFactor="1.00" vaporized=""/>
    <tripinfo id="39" depart="30.00" departLane="nc_0" departPos="5.10" departSpeed="10.00" departDelay="0.00" arrival="72.60" arrivalLane="cs_0" arrivalPos="192.80" arrivalSpeed="10.00" duration="42.60" routeLength="394.90" waitingTime="0.00" waitingCount="0" stopTime="0.00" timeLoss="3.05" rerouteNo="0" devices="tripinfo_39" vType="typeCar@39" speedFactor="1.00" vaporized=""/>
    <tripinfo id="1" depart="1.00" departLane="wc_0" departPos="5.10" departSpeed="10.00" departDelay="0.00" arrival="75.00" arrivalLane="ce_0" arrivalPos="192.80" arrivalSpeed="10.00" duration="74.00" routeLength="394.90" waitingTime="3.30" waitingCount="2" stopTime="0.00" timeLoss="34.47" rerouteNo="0" devices="tripinfo_1" vType="typeCar@1" speedFactor="1.00" vaporized=""/>
    <tripinfo id="40" depart="31.00" departLane="nc_0" departPos="5.10" departSpeed="10.00" departDelay="0.00" arrival="75.50" arrivalLane="cs_0" arrivalPos="192.80" arrivalSpeed="10.00" duration="44.50" routeLength="394.90" waitingTime="0.00" waitingCount="0" stopTime="0.00" timeLoss="5.02" rerouteNo="0" devices="tripinfo_40" vType="typeCar@40" speedFactor="1.00" vaporized=""/>
    <tripinfo id="41" depart="32.00" departLane="nc_0" departPos="5.10" departSpeed="10.00" departDelay="0.00" arrival="76.60" arrivalLane="cs_0" arrivalPos="192.80" arrivalSpeed="10.00" duration="44.60" routeLength="394.90" waitingTime="0.00" waitingCount="0" stopTime="0.00" timeLoss="5.07" rerouteNo="0" devices="tripinfo_41" vType="typeCar@41" speedFactor="1.00" vaporized=""/>
    <tripinfo id="43" depart="33.00" departLane="nc_0" departPos="5.10" departSpeed="10.00" departDelay="0.00" arrival="79.30" arrivalLane="cs_0" arrivalPos="192.80" arrivalSpeed="10.00" duration="46.30" routeLength="394.90" waitingTime="0.00" waitingCount="0" stopTime="0.00" timeLoss="6.80" rerouteNo="0" devices="tripinfo_43" vType="typeCar@43" speedFactor="1.00" vaporized=""/>
    <tripinfo id="44" depart="34.00" departLane="nc_0" departPos="5.10" departSpeed="10.00" departDelay="0.00" arrival="81.50" arrivalLane="cs_0" arrivalPos="192.80" arrivalSpeed="10.00" duration="47.50" routeLength="394.90" waitingTime="0.00" waitingCount="0" stopTime="0.00" timeLoss="7.97" rerouteNo="0" devices="tripinfo_44" vType="typeCar@44" speedFactor="1.00" vaporized=""/>
    <tripinfo id="46" depart="36.00" departLane="nc_0" departPos="5.10" departSpeed="10.00" departDelay="0.00" arrival="83.20" arrivalLane="cs_0" arrivalPos="192.80" arrivalSpeed="10.00" duration="47.20" routeLength="394.90" waitingTime="0.00" waitingCount="0" stopTime="0.00" timeLoss="7.70" rerouteNo="0" devices="tripinfo_46" vType="typeCar@46" speedFactor="1.00" vaporized=""/>
    <tripinfo id="6" depart="5.00" departLane="wc_0" departPos="5.10" departSpeed="10.00" departDelay="0.00" arrival="88.60" arrivalLane="ce_0" arrivalPos="192.80" arrivalSpeed="10.00" duration="83.60" routeLength="394.90" waitingTime="1.80" waitingCount="18" stopTime="0.00" timeLoss="44.08" rerouteNo="0" devices="tripinfo_6" vType="typeCar@6" speedFactor="1.00" vaporized=""/>
    <tripinfo id="47" depart="37.00" departLane="nc_0" departPos="5.10" departSpeed="10.00" departDelay="0.00" arrival="91.60" arrivalLane="cs_0" arrivalPos="192.80" arrivalSpeed="10.00" duration="54.60" routeLength="394.90" waitingTime="0.00" waitingCount="0" stopTime="0.00" timeLoss="15.07" rerouteNo="0" devices="tripinfo_47" vType="typeCar@47" speedFactor="1.00" vaporized=""/>
    <tripinfo id="8" depart="6.00" departLane="wc_0" departPos="5.10" departSpeed="10.00" departDelay="0.00" arrival="93.40" arrivalLane="ce_0" arrivalPos="192.80" arrivalSpeed="10.00" duration="87.40" routeLength="394.90" waitingTime="4.10" waitingCount="41" stopTime="0.00" timeLoss="47.82" rerouteNo="0" devices="tripinfo_8" vType="typeCar@8" speedFactor="1.00" vaporized=""/>
    <tripinfo id="11" depart="8.00" departLane="wc_0" departPos="5.10" departSpeed="10.00" departDelay="0.00" arrival="94.40" arrivalLane="ce_0" arrivalPos="192.80" arrivalSpeed="10.00" duration="86.40" routeLength="394.90" waitingTime="3.70" waitingCount="37" stopTime="0.00" timeLoss="46.86" rerouteNo="0" devices="tripinfo_11" vType="typeCar@11" speedFactor="1.00" vaporized=""/>
    <tripinfo id="48" depart="38.00" departLane="nc_0" departPos="5.10" departSpeed="10.00" departDelay="0.00" arrival="96.50" arrivalLane="cs_0" arrivalPos="192.80" arrivalSpeed="10.00" duration="58.50" routeLength="394.90" waitingTime="0.20" waitingCount="2" stopTime="0.00" timeLoss="18.94" rerouteNo="0" devices="tripinfo_48" vType="typeCar@48" speedFactor="1.00" vaporized=""/>
    <tripinfo id="50" depart="39.00" departLane="nc_0" departPos="5.10" departSpeed="10.00" departDelay="0.00" arrival="97.40" arrivalLane="cs_0" arrivalPos="192.80" arrivalSpeed="10.00" duration="58.40" routeLength="394.90" waitingTime="0.30" waitingCount="3" stopTime="0.00" timeLoss="18.85" rerouteNo="0" devices="tripinfo_50" vType="typeCar@50" speedFactor="1.00" vaporized=""/>
    <tripinfo id="17" depart="13.00" departLane="wc_0" departPos="5.10" departSpeed="10.00" departDelay="0.00" arrival="98.90" arrivalLane="ce_0" arrivalPos="192.80" arrivalSpeed="10.00" duration="85.90" routeLength="394.90" waitingTime="4.40" waitingCount="44" stopTime="0.00" timeLoss="46.38" rerouteNo="0" devices="tripinfo_17" vType="typeCar@17" speedFactor="1.00" vaporized=""/>
    <tripinfo id="25" depart="21.00" departLane="wc_0" departPos="5.10" departSpeed="10.00" departDelay="0.00" arrival="99.90" arrivalLane="ce_0" arrivalPos="192.80" arrivalSpeed="10.00" duration="78.90" routeLength="394.90" waitingTime="3.00" waitingCount="30" stopTime="0.00" timeLoss="39.38" rerouteNo="0" devices="tripinfo_25" vType="typeCar@25" speedFactor="1.00" vaporized=""/>
    <tripinfo id="51" depart="40.00" departLane="nc_0" departPos="5.10" departSpeed="10.00" departDelay="0.00" arrival="101.90" arrivalLane="cs_0" arrivalPos="192.80" arrivalSpeed="10.00" duration="61.90" routeLength="394.90" waitingTime="0.30" waitingCount="3" stopTime="0.00" timeLoss="22.33" rerouteNo="0" devices="tripinfo_51" vType="typeCar@51" speedFactor="1.00" vaporized=""/>
    <tripinfo id="52" depart="42.00" departLane="nc_0" departPos="5.10" departSpeed="10.00" departDelay="0.00" arrival="103.70" arrivalLane="cs_0" arrivalPos="192.80" arrivalSpeed="10.00" duration="61.70" routeLength="394.90" waitingTime="0.40" waitingCount="4" stopTime="0.00" timeLoss="22.18" rerouteNo="0" devices="tripinfo_52" vType="typeCar@52" speedFactor="1.00" vaporized=""/>
    <tripinfo id="53" depart="43.00" departLane="nc_0" departPos="5.10" departSpeed="10.00" departDelay="0.00" arrival="107.20" arrivalLane="cs_0" arrivalPos="192.80" arrivalSpeed="10.00" duration="64.20" routeLength="394.90" waitingTime="0.60" waitingCount="6" stopTime="0.00" timeLoss="24.70" rerouteNo="0" devices="tripinfo_53" vType="typeCar@53" speedFactor="1.00" vaporized=""/>
    <tripinfo id="55" depart="44.00" departLane="nc_0" departPos="5.10" departSpeed="10.00" departDelay="0.00" arrival="108.20" arrivalLane="cs_0" arrivalPos="192.80" arrivalSpeed="10.00" duration="64.20" routeLength="394.90" waitingTime="0.50" waitingCount="5" stopTime="0.00" timeLoss="24.71" rerouteNo="0" devices="tripinfo_55" vType="typeCar@55" speedFactor="1.00" vaporized=""/>
    <tripinfo id="27" depart="22.00" departLane="wc_0" departPos="5.10" departSpeed="10.00" departDelay="0.00" arrival="110.10" arrivalLane="ce_0" arrivalPos="192.80" arrivalSpeed="10.00" duration="88.10" routeLength="394.90" waitingTime="3.00" waitingCount="30" stopTime="0.00" timeLoss="48.58" rerouteNo="0" devices="tripinfo_27" vType="typeCar@27" speedFactor="1.00" vaporized=""/>
    <tripinfo id="29" depart="23.00" departLane="wc_0" departPos="5.10" departSpeed="10.00" departDelay="0.00" arrival="111.00" arrivalLane="ce_0" arrivalPos="192.80" arrivalSpeed="10.00" duration="88.00" routeLength="394.90" waitingTime="2.30" waitingCount="23" stopTime="0.00" timeLoss="48.49" rerouteNo="0" devices="tripinfo_29" vType="typeCar@29" speedFactor="1.00" vaporized=""/>
    <tripinfo id="57" depart="45.00" departLane="nc_0" departPos="5.10" departSpeed="10.00" departDelay="0.00" arrival="112.80" arrivalLane="cs_0" arrivalPos="192.80" arrivalSpeed="10.00" duration="67.80" routeLength="394.90" waitingTime="0.80" waitingCount="8" stopTime="0.00" timeLoss="28.24" rerouteNo="0" devices="tripinfo_57" vType="typeCar@57" speedFactor="1.00" vaporized=""/>
    <tripinfo id="58" depart="46.00" departLane="nc_0" departPos="5.10" departSpeed="10.00" departDelay="0.00" arrival="120.30" arrivalLane="cs_0" arrivalPos="192.80" arrivalSpeed="10.00" duration="74.30" routeLength="394.90" waitingTime="0.60" waitingCount="6" stopTime="0.00" timeLoss="34.82" rerouteNo="0" devices="tripinfo_58" vType="typeCar@58" speedFactor="1.00" vaporized=""/>
    <tripinfo id="60" depart="47.00" departLane="nc_0" departPos="5.10" departSpeed="10.00" departDelay="0.00" arrival="121.50" arrivalLane="cs_0" arrivalPos="192.80" arrivalSpeed="10.00" duration="74.50" routeLength="394.90" waitingTime="0.80" waitingCount="8" stopTime="0.00" timeLoss="34.95" rerouteNo="0" devices="tripinfo_60" vType="typeCar@60" speedFactor="1.00" vaporized=""/>
    <tripinfo id="33" depart="26.00" departLane="wc_0" departPos="5.10" departSpeed="10.00" departDelay="0.00" arrival="124.10" arrivalLane="ce_0" arrivalPos="192.80" arrivalSpeed="10.00" duration="98.10" routeLength="394.90" waitingTime="6.40" waitingCount="38" stopTime="0.00" timeLoss="58.56" rerouteNo="0" devices="tripinfo_33" vType="typeCar@33" speedFactor="1.00" vaporized=""/>
    <tripinfo id="35" depart="28.00" departLane="wc_0" departPos="5.10" departSpeed="10.00" departDelay="0.00" arrival="124.90" arrivalLane="ce_0" arrivalPos="192.80" arrivalSpeed="10.00" duration="96.90" routeLength="394.90" waitingTime="3.20" waitingCount="32" stopTime="0.00" timeLoss="57.41" rerouteNo="0" devices="tripinfo_35" vType="typeCar@35" speedFactor="1.00" vaporized=""/>
    <tripinfo id="37" depart="29.00" departLane="wc_0" departPos="5.10" departSpeed="10.00" departDelay="0.00" arrival="126.30" arrivalLane="ce_0" arrivalPos="192.80" arrivalSpeed="10.00" duration="97.30" routeLength="394.90" waitingTime="3.20" waitingCount="32" stopTime="0.00" timeLoss="57.75" rerouteNo="0" devices="tripinfo_37" vType="typeCar@37" speedFactor="1.00" vaporized=""/>
    <tripinfo id="61" depart="48.00" departLane="nc_0" departPos="5.10" departSpeed="10.00" departDelay="0.00" arrival="127.90" arrivalLane="cs_0" arrivalPos="192.80" arrivalSpeed="10.00" duration="79.90" routeLength="394.90" waitingTime="1.20" waitingCount="12" stopTime="0.00" timeLoss="40.34" rerouteNo="0" devices="tripinfo_61" vType="typeCar@61" speedFactor="1.00" vaporized=""/>
    <tripinfo id="63" depart="50.00" departLane="nc_0" departPos="5.10" departSpeed="10.00" departDelay="0.00" arrival="130.20" arrivalLane="cs_0" arrivalPos="192.80" arrivalSpeed="10.00" duration="80.20" routeLength="394.90" waitingTime="1.40" waitingCount="14" stopTime="0.00" timeLoss="40.67" rerouteNo="0" devices="tripinfo_63" vType="typeCar@63" speedFactor="1.00" vaporized=""/>
    <tripinfo id="64" depart="51.00" departLane="nc_0" departPos="5.10" departSpeed="10.00" departDelay="0.00" arrival="136.10" arrivalLane="cs_0" arrivalPos="192.80" arrivalSpeed="10.00" duration="85.10" routeLength="394.90" waitingTime="1.40" waitingCount="14" stopTime="0.00" timeLoss="45.62" rerouteNo="0" devices="tripinfo_64" vType="typeCar@64" speedFactor="1.00" vaporized=""/>
    <tripinfo id="66" depart="52.00" departLane="nc_0" departPos="5.10" departSpeed="10.00" departDelay="0.00" arrival="137.20" arrivalLane="cs_0" arrivalPos="192.80" arrivalSpeed="10.00" duration="85.20" routeLength="394.90" waitingTime="1.90" waitingCount="19" stopTime="0.00" timeLoss="45.66" rerouteNo="0" devices="tripinfo_66" vType="typeCar@66" speedFactor="1.00" vaporized=""/>
    <tripinfo id="42" depart="33.00" departLane="wc_0" departPos="5.10" departSpeed="10.00" departDelay="0.00" arrival="138.80" arrivalLane="ce_0" arrivalPos="192.80" arrivalSpeed="10.00" duration="105.80" routeLength="394.90" waitingTime="2.90" waitingCount="29" stopTime="0.00" timeLoss="66.22" rerouteNo="0" devices="tripinfo_42" vType="typeCar@42" speedFactor="1.00" vaporized=""/>
    <tripinfo id="45" depart="35.00" departLane="wc_0" departPos="5.10" departSpeed="10.00" departDelay="0.00" arrival="139.70" arrivalLane="ce_0" arrivalPos="192.80" arrivalSpeed="10.00" duration="104.70" routeLength="394.90" waitingTime="2.80" waitingCount="28" stopTime="0.00" timeLoss="65.16" rerouteNo="0" devices="tripinfo_45" vType="typeCar@45" speedFactor="1.00" vaporized=""/>
    <tripinfo id="68" depart="53.00" departLane="nc_0" departPos="5.10" departSpeed="10.00" departDelay="0.00" arrival="141.60" arrivalLane="cs_0" arrivalPos="192.80" arrivalSpeed="10.00" duration="88.60" routeLength="394.90" waitingTime="1.90" waitingCount="19" stopTime="0.00" timeLoss="49.05" rerouteNo="0" devices="tripinfo_68" vType="typeCar@68" speedFactor="1.00" vaporized=""/>
    <tripinfo id="69" depart="55.00" departLane="nc_0" departPos="5.10" departSpeed="7.10" departDelay="0.00" arrival="148.60" arrivalLane="cs_0" arrivalPos="192.80" arrivalSpeed="10.00" duration="93.60" routeLength="394.90" waitingTime="2.20" waitingCount="22" stopTime="0.00" timeLoss="54.11" rerouteNo="0" devices="tripinfo_69" vType="typeCar@69" speedFactor="1.00" vaporized=""/>
    <tripinfo id="70" depart="56.00" departLane="nc_0" departPos="5.10" departSpeed="10.00" departDelay="0.00" arrival="149.80" arrivalLane="cs_0" arrivalPos="192.80" arrivalSpeed="10.00" duration="93.80" routeLength="394.90" waitingTime="1.80" waitingCount="18" stopTime="0.00" timeLoss="54.23" rerouteNo="0" devices="tripinfo_70" vType="typeCar@70" speedFactor="1.00" vaporized=""/>
    <tripinfo id="72" depart="58.00" departLane="nc_0" departPos="5.10" departSpeed="6.50" departDelay="0.00" arrival="151.40" arrivalLane="cs_0" arrivalPos="192.80" arrivalSpeed="10.00" duration="93.40" routeLength="394.90" waitingTime="2.20" waitingCount="22" stopTime="0.00" timeLoss="53.88" rerouteNo="0" devices="tripinfo_72" vType="typeCar@72" speedFactor="1.00" vaporized=""/>
    <tripinfo id="49" depart="39.00" departLane="wc_0" departPos="5.10" departSpeed="10.00" departDelay="0.00" arrival="153.30" arrivalLane="ce_0" arrivalPos="192.80" arrivalSpeed="10.00" duration="114.30" routeLength="394.90" waitingTime="2.40" waitingCount="24" stopTime="0.00" timeLoss="74.77" rerouteNo="0" devices="tripinfo_49" vType="typeCar@49" speedFactor="1.00" vaporized=""/>
    <tripinfo id="54" depart="44.00" departLane="wc_0" departPos="5.10" departSpeed="10.00" departDelay="0.00" arrival="154.20" arrivalLane="ce_0" arrivalPos="192.80" arrivalSpeed="10.00" duration="110.20" routeLength="394.90" waitingTime="2.10" waitingCount="21" stopTime="0.00" timeLoss="70.66" rerouteNo="0" devices="tripinfo_54" vType="typeCar@54" speedFactor="1.00" vaporized=""/>
    <tripinfo id="73" depart="59.00" departLane="nc_0" departPos="5.10" departSpeed="8.70" departDelay="0.00" arrival="155.80" arrivalLane="cs_0" arrivalPos="192.80" arrivalSpeed="10.00" duration="96.80" routeLength="394.90" waitingTime="2.70" waitingCount="27" stopTime="0.00" timeLoss="57.23" rerouteNo="0" devices="tripinfo_73" vType="typeCar@73" speedFactor="1.00" vaporized=""/>
    <tripinfo id="74" depart="60.00" departLane="nc_0" departPos="5.10" departSpeed="4.50" departDelay="0.00" arrival="156.80" arrivalLane="cs_0" arrivalPos="192.80" arrivalSpeed="10.00" duration="96.80" routeLength="394.90" waitingTime="2.50" waitingCount="25" stopTime="0.00" timeLoss="57.27" rerouteNo="0" devices="tripinfo_74" vType="typeCar@74" speedFactor="1.00" vaporized=""/>
    <tripinfo id="56" depart="45.00" departLane="wc_0" departPos="5.10" departSpeed="10.00" departDelay="0.00" arrival="158.40" arrivalLane="ce_0" arrivalPos="192.80" arrivalSpeed="10.00" duration="113.40" routeLength="394.90" waitingTime="2.10" waitingCount="21" stopTime="0.00" timeLoss="73.90" rerouteNo="0" devices="tripinfo_56" vType="typeCar@56" speedFactor="1.00" vaporized=""/>
    <tripinfo id="75" depart="65.70" departLane="nc_0" departPos="5.10" departSpeed="4.00" departDelay="4.70" arrival="161.00" arrivalLane="cs_0" arrivalPos="192.80" arrivalSpeed="10.00" duration="95.30" routeLength="394.90" waitingTime="2.60" waitingCount="26" stopTime="0.00" timeLoss="55.79" rerouteNo="0" devices="tripinfo_75" vType="typeCar@75" speedFactor="1.00" vaporized=""/>
    <tripinfo id="77" depart="67.20" departLane="nc_0" departPos="5.10" departSpeed="6.10" departDelay="5.20" arrival="162.80" arrivalLane="cs_0" arrivalPos="192.80" arrivalSpeed="10.00" duration="95.60" routeLength="394.90" waitingTime="3.20" waitingCount="32" stopTime="0.00" timeLoss="56.08" rerouteNo="0" devices="tripinfo_77" vType="typeCar@77" speedFactor="1.00" vaporized=""/>
    <tripinfo id="79" depart="68.30" departLane="nc_0" departPos="5.10" departSpeed="7.80" departDelay="3.30" arrival="164.30" arrivalLane="cs_0" arrivalPos="192.80" arrivalSpeed="10.00" duration="96.00" routeLength="394.90" waitingTime="3.60" waitingCount="36" stopTime="0.00" timeLoss="56.50" rerouteNo="0" devices="tripinfo_79" vType="typeCar@79" speedFactor="1.00" vaporized=""/>
    <tripinfo id="81" depart="69.30" departLane="nc_0" departPos="5.10" departSpeed="2.80" departDelay="2.30" arrival="165.20" arrivalLane="cs_0" arrivalPos="192.80" arrivalSpeed="10.00" duration="95.90" routeLength="394.90" waitingTime="4.00" waitingCount="40" stopTime="0.00" timeLoss="56.37" rerouteNo="0" devices="tripinfo_81" vType="typeCar@81" speedFactor="1.00" vaporized=""/>
    <tripinfo id="83" depart="78.20" departLane="nc_0" departPos="5.10" departSpeed="1.66" departDelay="10.20" arrival="166.80" arrivalLane="cs_0" arrivalPos="192.80" arrivalSpeed="10.00" duration="88.60" routeLength="394.90" waitingTime="3.30" waitingCount="33" stopTime="0.00" timeLoss="49.11" rerouteNo="0" devices="tripinfo_83" vType="typeCar@83" speedFactor="1.00" vaporized=""/>
    <tripinfo id="59" depart="47.00" departLane="wc_0" departPos="5.10" departSpeed="10.00" departDelay="0.00" arrival="169.10" arrivalLane="ce_0" arrivalPos="192.80" arrivalSpeed="10.00" duration="122.10" routeLength="394.90" waitingTime="2.60" waitingCount="26" stopTime="0.00" timeLoss="82.56" rerouteNo="0" devices="tripinfo_59" vType="typeCar@59" speedFactor="1.00" vaporized=""/>
    <tripinfo id="62" depart="50.00" departLane="wc_0" departPos="5.10" departSpeed="10.00" departDelay="0.00" arrival="170.40" arrivalLane="ce_0" arrivalPos="192.80" arrivalSpeed="10.00" duration="120.40" routeLength="394.90" waitingTime="3.20" waitingCount="32" stopTime="0.00" timeLoss="80.87" rerouteNo="0" devices="tripinfo_62" vType="typeCar@62" speedFactor="1.00" vaporized=""/>
    <tripinfo id="84" depart="81.60" departLane="nc_0" departPos="5.10" departSpeed="5.46" departDelay="12.60" arrival="177.60" arrivalLane="cs_0" arrivalPos="192.80" arrivalSpeed="10.00" duration="96.00" routeLength="394.90" waitingTime="3.50" waitingCount="35" stopTime="0.00" timeLoss="56.47" rerouteNo="0" devices="tripinfo_84" vType="typeCar@84" speedFactor="1.00" vaporized=""/>
    <tripinfo id="85" depart="82.70" departLane="nc_0" departPos="5.10" departSpeed="7.16" departDelay="12.70" arrival="178.90" arrivalLane="cs_0" arrivalPos="192.80" arrivalSpeed="10.00" duration="96.20" routeLength="394.90" waitingTime="3.50" waitingCount="35" stopTime="0.00" timeLoss="56.67" rerouteNo="0" devices="tripinfo_85" vType="typeCar@85" speedFactor="1.00" vaporized=""/>
    <tripinfo id="87" depart="83.70" departLane="nc_0" departPos="5.10" departSpeed="7.76" departDelay="11.70" arrival="179.90" arrivalLane="cs_0" arrivalPos="192.80" arrivalSpeed="10.00" duration="96.20" routeLength="394.90" waitingTime="3.70" waitingCount="37" stopTime="0.00" timeLoss="56.70" rerouteNo="0" devices="tripinfo_87" vType="typeCar@87" speedFactor="1.00" vaporized=""/>
    <tripinfo id="88" depart="84.70" departLane="nc_0" departPos="5.10" departSpeed="2.76" departDelay="11.70" arrival="181.00" arrivalLane="cs_0" arrivalPos="192.80" arrivalSpeed="10.00" duration="96.30" routeLength="394.90" waitingTime="4.10" waitingCount="41" stopTime="0.00" timeLoss="56.76" rerouteNo="0" devices="tripinfo_88" vType="typeCar@88" speedFactor="1.00" vaporized=""/>
    <tripinfo id="90" depart="94.70" departLane="nc_0" departPos="5.10" departSpeed="3.32" departDelay="20.70" arrival="182.10" arrivalLane="cs_0" arrivalPos="192.80" arrivalSpeed="10.00" duration="87.40" routeLength="394.90" waitingTime="3.20" waitingCount="32" stopTime="0.00" timeLoss="47.86" rerouteNo="0" devices="tripinfo_90" vType="typeCar@90" speedFactor="1.00" vaporized=""/>
    <tripinfo id="91" depart="96.60" departLane="nc_0" departPos="5.10" departSpeed="5.82" departDelay="21.60" arrival="183.10" arrivalLane="cs_0" arrivalPos="192.80" arrivalSpeed="10.00" duration="86.50" routeLength="394.90" waitingTime="3.20" waitingCount="32" stopTime="0.00" timeLoss="47.03" rerouteNo="0" devices="tripinfo_91" vType="typeCar@91" speedFactor="1.00" vaporized=""/>
    <tripinfo id="92" depart="97.80" departLane="nc_0" departPos="5.10" departSpeed="2.22" departDelay="21.80" arrival="184.20" arrivalLane="cs_0" arrivalPos="192.80" arrivalSpeed="10.00" duration="86.40" routeLength="394.90" waitingTime="4.10" waitingCount="39" stopTime="0.00" timeLoss="46.86" rerouteNo="0" devices="tripinfo_92" vType="typeCar@92" speedFactor="1.00" vaporized=""/>
    <tripinfo id="94" depart="106.50" departLane="nc_0" departPos="5.10" departSpeed="2.35" departDelay="29.50" arrival="185.20" arrivalLane="cs_0" arrivalPos="192.80" arrivalSpeed="10.00" duration="78.70" routeLength="394.90" waitingTime="3.00" waitingCount="30" stopTime="0.00" timeLoss="39.22" rerouteNo="0" devices="tripinfo_94" vType="typeCar@94" speedFactor="1.00" vaporized=""/>
    <tripinfo id="95" depart="110.30" departLane="nc_0" departPos="5.10" departSpeed="5.35" departDelay="32.30" arrival="186.20" arrivalLane="cs_0" arrivalPos="192.80" arrivalSpeed="10.00" duration="75.90" routeLength="394.90" waitingTime="2.80" waitingCount="28" stopTime="0.00" timeLoss="36.41" rerouteNo="0" devices="tripinfo_95" vType="typeCar@95" speedFactor="1.00" vaporized=""/>
    <tripinfo id="65" depart="52.00" departLane="wc_0" departPos="5.10" departSpeed="10.00" departDelay="0.00" arrival="188.00" arrivalLane="ce_0" arrivalPos="192.80" arrivalSpeed="10.00" duration="136.00" routeLength="394.90" waitingTime="3.00" waitingCount="30" stopTime="0.00" timeLoss="96.44" rerouteNo="0" devices="tripinfo_65" vType="typeCar@65" speedFactor="1.00" vaporized=""/>
    <tripinfo id="67" depart="53.00" departLane="wc_0" departPos="5.10" departSpeed="10.00" departDelay="0.00" arrival="188.90" arrivalLane="ce_0" arrivalPos="192.80" arrivalSpeed="10.00" duration="135.90" routeLength="394.90" waitingTime="3.60" waitingCount="36" stopTime="0.00" timeLoss="96.40" rerouteNo="0" devices="tripinfo_67" vType="typeCar@67" speedFactor="1.00" vaporized=""/>
    <tripinfo id="97" depart="111.60" departLane="nc_0" departPos="5.10" departSpeed="6.85" departDelay="32.60" arrival="190.50" arrivalLane="cs_0" arrivalPos="192.80" arrivalSpeed="10.00" duration="78.90" routeLength="394.90" waitingTime="2.80" waitingCount="28" stopTime="0.00" timeLoss="39.39" rerouteNo="0" devices="tripinfo_97" vType="typeCar@97" speedFactor="1.00" vaporized=""/>
    <tripinfo id="99" depart="112.70" departLane="nc_0" departPos="5.10" departSpeed="2.15" departDelay="32.70" arrival="191.50" arrivalLane="cs_0" arrivalPos="192.80" arrivalSpeed="10.00" duration="78.80" routeLength="394.90" waitingTime="3.20" waitingCount="31" stopTime="0.00" timeLoss="39.28" rerouteNo="0" devices="tripinfo_99" vType="typeCar@99" speedFactor="1.00" vaporized=""/>
    <tripinfo id="71" depart="58.00" departLane="wc_0" departPos="5.10" departSpeed="0.80" departDelay="0.00" arrival="193.10" arrivalLane="ce_0" arrivalPos="192.80" arrivalSpeed="10.00" duration="135.10" routeLength="394.90" waitingTime="3.30" waitingCount="33" stopTime="0.00" timeLoss="95.52" rerouteNo="0" devices="tripinfo_71" vType="typeCar@71" speedFactor="1.00" vaporized=""/>
    <tripinfo id="76" depart="62.00" departLane="wc_0" departPos="5.10" departSpeed="9.00" departDelay="0.00" arrival="194.10" arrivalLane="ce_0" arrivalPos="192.80" arrivalSpeed="10.00" duration="132.10" routeLength="394.90" waitingTime="3.60" waitingCount="36" stopTime="0.00" timeLoss="92.56" rerouteNo="0" devices="tripinfo_76" vType="typeCar@76" speedFactor="1.00" vaporized=""/>
    <tripinfo id="101" depart="123.30" departLane="nc_0" departPos="5.10" departSpeed="3.71" departDelay="41.30" arrival="195.60" arrivalLane="cs_0" arrivalPos="192.80" arrivalSpeed="10.00" duration="72.30" routeLength="394.90" waitingTime="2.20" waitingCount="22" stopTime="0.00" timeLoss="32.79" rerouteNo="0" devices="tripinfo_101" vType="typeCar@101" speedFactor="1.00" vaporized=""/>
    <tripinfo id="103" depart="125.00" departLane="nc_0" departPos="5.10" departSpeed="5.61" departDelay="42.00" arrival="196.80" arrivalLane="cs_0" arrivalPos="192.80" arrivalSpeed="10.00" duration="71.80" routeLength="394.90" waitingTime="2.10" waitingCount="21" stopTime="0.00" timeLoss="32.24" rerouteNo="0" devices="tripinfo_103" vType="typeCar@103" speedFactor="1.00" vaporized=""/>
    <tripinfo id="78" depart="63.00" departLane="wc_0" departPos="5.10" departSpeed="10.00" departDelay="0.00" arrival="198.30" arrivalLane="ce_0" arrivalPos="192.80" arrivalSpeed="10.00" duration="135.30" routeLength="394.90" waitingTime="4.10" waitingCount="41" stopTime="0.00" timeLoss="95.78" rerouteNo="0" devices="tripinfo_78" vType="typeCar@78" speedFactor="1.00" vaporized=""/>
    <tripinfo id="80" depart="67.00" departLane="wc_0" departPos="5.10" departSpeed="0.10" departDelay="0.00" arrival="199.40" arrivalLane="ce_0" arrivalPos="192.80" arrivalSpeed="10.00" duration="132.40" routeLength="394.90" waitingTime="3.70" waitingCount="37" stopTime="0.00" timeLoss="92.87" rerouteNo="0" devices="tripinfo_80" vType="typeCar@80" speedFactor="1.00" vaporized=""/>
    <tripinfo id="105" depart="126.10" departLane="nc_0" departPos="5.10" departSpeed="7.31" departDelay="42.10" arrival="200.90" arrivalLane="cs_0" arrivalPos="192.80" arrivalSpeed="10.00" duration="74.80" routeLength="394.90" waitingTime="2.10" waitingCount="21" stopTime="0.00" timeLoss="35.31" rerouteNo="0" devices="tripinfo_105" vType="typeCar@105" speedFactor="1.00" vaporized=""/>
    <tripinfo id="106" depart="127.20" departLane="nc_0" departPos="5.10" departSpeed="2.61" departDelay="42.20" arrival="202.00" arrivalLane="cs_0" arrivalPos="192.80" arrivalSpeed="10.00" duration="74.80" routeLength="394.90" waitingTime="2.60" waitingCount="26" stopTime="0.00" timeLoss="35.32" rerouteNo="0" devices="tripinfo_106" vType="typeCar@106" speedFactor="1.00" vaporized=""/>
    <tripinfo id="82" depart="69.00" departLane="wc_0" departPos="5.10" departSpeed="6.10" departDelay="1.00" arrival="203.60" arrivalLane="ce_0" arrivalPos="192.80" arrivalSpeed="10.00" duration="134.60" routeLength="394.90" waitingTime="4.80" waitingCount="48" stopTime="0.00" timeLoss="95.09" rerouteNo="0" devices="tripinfo_82" vType="typeCar@82" speedFactor="1.00" vaporized=""/>
    <tripinfo id="86" depart="71.00" departLane="wc_0" departPos="5.10" departSpeed="0.10" departDelay="0.00" arrival="204.60" arrivalLane="ce_0" arrivalPos="192.80" arrivalSpeed="10.00" duration="133.60" routeLength="394.90" waitingTime="4.70" waitingCount="47" stopTime="0.00" timeLoss="94.09" rerouteNo="0" devices="tripinfo_86" vType="typeCar@86" speedFactor="1.00" vaporized=""/>
    <tripinfo id="107" depart="137.70" departLane="nc_0" departPos="5.10" departSpeed="3.34" departDelay="51.70" arrival="206.10" arrivalLane="cs_0" arrivalPos="192.80" arrivalSpeed="10.00" duration="68.40" routeLength="394.90" waitingTime="1.40" waitingCount="14" stopTime="0.00" timeLoss="28.92" rerouteNo="0" devices="tripinfo_107" vType="typeCar@107" speedFactor="1.00" vaporized=""/>
    <tripinfo id="108" depart="139.60" departLane="nc_0" departPos="5.10" departSpeed="5.84" departDelay="52.60" arrival="207.20" arrivalLane="cs_0" arrivalPos="192.80" arrivalSpeed="10.00" duration="67.60" routeLength="394.90" waitingTime="1.50" waitingCount="15" stopTime="0.00" timeLoss="28.16" rerouteNo="0" devices="tripinfo_108" vType="typeCar@108" speedFactor="1.00" vaporized=""/>
    <tripinfo id="89" depart="78.00" departLane="wc_0" departPos="5.10" departSpeed="0.30" departDelay="4.00" arrival="208.80" arrivalLane="ce_0" arrivalPos="192.80" arrivalSpeed="10.00" duration="130.80" routeLength="394.90" waitingTime="4.80" waitingCount="39" stopTime="0.00" timeLoss="91.28" rerouteNo="0" devices="tripinfo_89" vType="typeCar@89" speedFactor="1.00" vaporized=""/>
    <tripinfo id="93" depart="81.80" departLane="wc_0" departPos="5.10" departSpeed="6.00" departDelay="4.80" arrival="209.80" arrivalLane="ce_0" arrivalPos="192.80" arrivalSpeed="10.00" duration="128.00" routeLength="394.90" waitingTime="5.20" waitingCount="52" stopTime="0.00" timeLoss="88.55" rerouteNo="0" devices="tripinfo_93" vType="typeCar@93" speedFactor="1.00" vaporized=""/>
    <tripinfo id="110" depart="140.70" departLane="nc_0" departPos="5.10" departSpeed="6.74" departDelay="52.70" arrival="211.40" arrivalLane="cs_0" arrivalPos="192.80" arrivalSpeed="10.00" duration="70.70" routeLength="394.90" waitingTime="1.80" waitingCount="18" stopTime="0.00" timeLoss="31.20" rerouteNo="0" devices="tripinfo_110" vType="typeCar@110" speedFactor="1.00" vaporized=""/>
    <tripinfo id="111" depart="142.50" departLane="nc_0" departPos="5.10" departSpeed="0.14" departDelay="53.50" arrival="212.50" arrivalLane="cs_0" arrivalPos="192.80" arrivalSpeed="10.00" duration="70.00" routeLength="394.90" waitingTime="3.10" waitingCount="20" stopTime="0.00" timeLoss="30.49" rerouteNo="0" devices="tripinfo_111" vType="typeCar@111" speedFactor="1.00" vaporized=""/>
    <tripinfo id="96" depart="85.90" departLane="wc_0" departPos="5.10" departSpeed="1.50" departDelay="6.90" arrival="214.10" arrivalLane="ce_0" arrivalPos="192.80" arrivalSpeed="10.00" duration="128.20" routeLength="394.90" waitingTime="5.20" waitingCount="52" stopTime="0.00" timeLoss="88.65" rerouteNo="0" devices="tripinfo_96" vType="typeCar@96" speedFactor="1.00" vaporized=""/>
    <tripinfo id="98" depart="91.80" departLane="wc_0" departPos="5.10" departSpeed="3.20" departDelay="11.80" arrival="215.10" arrivalLane="ce_0" arrivalPos="192.80" arrivalSpeed="10.00" duration="123.30" routeLength="394.90" waitingTime="5.20" waitingCount="52" stopTime="0.00" timeLoss="83.81" rerouteNo="0" devices="tripinfo_98" vType="typeCar@98" speedFactor="1.00" vaporized=""/>
    <tripinfo id="112" depart="149.10" departLane="nc_0" departPos="5.10" departSpeed="5.16" departDelay="59.10" arrival="216.70" arrivalLane="cs_0" arrivalPos="192.80" arrivalSpeed="10.00" duration="67.60" routeLength="394.90" waitingTime="1.40" waitingCount="14" stopTime="0.00" timeLoss="28.04" rerouteNo="0" devices="tripinfo_112" vType="typeCar@112" speedFactor="1.00" vaporized=""/>
    <tripinfo id="113" depart="150.40" departLane="nc_0" departPos="5.10" departSpeed="6.66" departDelay="59.40" arrival="217.90" arrivalLane="cs_0" arrivalPos="192.80" arrivalSpeed="10.00" duration="67.50" routeLength="394.90" waitingTime="1.50" waitingCount="15" stopTime="0.00" timeLoss="27.95" rerouteNo="0" devices="tripinfo_113" vType="typeCar@113" speedFactor="1.00" vaporized=""/>
    <tripinfo id="100" depart="96.10" departLane="wc_0" departPos="5.10" departSpeed="2.50" departDelay="15.10" arrival="219.40" arrivalLane="ce_0" arrivalPos="192.80" arrivalSpeed="10.00" duration="123.30" routeLength="394.90" waitingTime="5.40" waitingCount="54" stopTime="0.00" timeLoss="83.77" rerouteNo="0" devices="tripinfo_100" vType="typeCar@100" speedFactor="1.00" vaporized=""/>
    <tripinfo id="102" depart="102.10" departLane="wc_0" departPos="5.10" departSpeed="1.70" departDelay="19.10" arrival="220.50" arrivalLane="ce_0" arrivalPos="192.80" arrivalSpeed="10.00" duration="118.40" routeLength="394.90" waitingTime="5.30" waitingCount="48" stopTime="0.00" timeLoss="78.83" rerouteNo="0" devices="tripinfo_102" vType="typeCar@102" speedFactor="1.00" vaporized=""/>
    <tripinfo id="114" depart="151.40" departLane="nc_0" departPos="5.10" departSpeed="8.06" departDelay="59.40" arrival="222.00" arrivalLane="cs_0" arrivalPos="192.80" arrivalSpeed="10.00" duration="70.60" routeLength="394.90" waitingTime="1.30" waitingCount="13" stopTime="0.00" timeLoss="31.10" rerouteNo="0" devices="tripinfo_114" vType="typeCar@114" speedFactor="1.00" vaporized=""/>
    <tripinfo id="115" depart="152.30" departLane="nc_0" departPos="5.10" departSpeed="9.16" departDelay="59.30" arrival="223.10" arrivalLane="cs_0" arrivalPos="192.80" arrivalSpeed="10.00" duration="70.80" routeLength="394.90" waitingTime="1.70" waitingCount="17" stopTime="0.00" timeLoss="31.36" rerouteNo="0" devices="tripinfo_115" vType="typeCar@115" speedFactor="1.00" vaporized=""/>
    <tripinfo id="104" depart="107.50" departLane="wc_0" departPos="5.10" departSpeed="5.52" departDelay="23.50" arrival="224.60" arrivalLane="ce_0" arrivalPos="192.80" arrivalSpeed="10.00" duration="117.10" routeLength="394.90" waitingTime="4.70" waitingCount="47" stopTime="0.00" timeLoss="77.62" rerouteNo="0" devices="tripinfo_104" vType="typeCar@104" speedFactor="1.00" vaporized=""/>
    <tripinfo id="109" depart="113.10" departLane="wc_0" departPos="5.10" departSpeed="2.32" departDelay="25.10" arrival="225.60" arrivalLane="ce_0" arrivalPos="192.80" arrivalSpeed="10.00" duration="112.50" routeLength="394.90" waitingTime="5.10" waitingCount="51" stopTime="0.00" timeLoss="73.01" rerouteNo="0" devices="tripinfo_109" vType="typeCar@109" speedFactor="1.00" vaporized=""/>
    <tripinfo id="117" depart="153.00" departLane="nc_0" departPos="5.10" departSpeed="9.66" departDelay="59.00" arrival="227.30" arrivalLane="cs_0" arrivalPos="192.80" arrivalSpeed="10.00" duration="74.30" routeLength="394.90" waitingTime="1.80" waitingCount="18" stopTime="0.00" timeLoss="34.77" rerouteNo="0" devices="tripinfo_117" vType="typeCar@117" speedFactor="1.00" vaporized=""/>
    <tripinfo id="118" depart="153.80" departLane="nc_0" departPos="5.10" departSpeed="6.46" departDelay="58.80" arrival="228.40" arrivalLane="cs_0" arrivalPos="192.80" arrivalSpeed="10.00" duration="74.60" routeLength="394.90" waitingTime="1.90" waitingCount="19" stopTime="0.00" timeLoss="35.17" rerouteNo="0" devices="tripinfo_118" vType="typeCar@118" speedFactor="1.00" vaporized=""/>
    <tripinfo id="116" depart="120.20" departLane="wc_0" departPos="5.10" departSpeed="2.02" departDelay="26.20" arrival="230.00" arrivalLane="ce_0" arrivalPos="192.80" arrivalSpeed="10.00" duration="109.80" routeLength="394.90" waitingTime="4.50" waitingCount="45" stopTime="0.00" timeLoss="70.23" rerouteNo="0" devices="tripinfo_116" vType="typeCar@116" speedFactor="1.00" vaporized=""/>
    <tripinfo id="119" depart="125.30" departLane="wc_0" departPos="5.10" departSpeed="3.72" departDelay="29.30" arrival="231.00" arrivalLane="ce_0" arrivalPos="192.80" arrivalSpeed="10.00" duration="105.70" routeLength="394.90" waitingTime="4.90" waitingCount="49" stopTime="0.00" timeLoss="66.18" rerouteNo="0" devices="tripinfo_119" vType="typeCar@119" speedFactor="1.00" vaporized=""/>
    <tripinfo id="120" depart="156.80" departLane="nc_0" departPos="5.10" departSpeed="0.26" departDelay="58.80" arrival="232.50" arrivalLane="cs_0" arrivalPos="192.80" arrivalSpeed="10.00" duration="75.70" routeLength="394.90" waitingTime="3.00" waitingCount="19" stopTime="0.00" timeLoss="36.17" rerouteNo="0" devices="tripinfo_120" vType="typeCar@120" speedFactor="1.00" vaporized=""/>
</tripinfos>
