<?xml version="1.0" encoding="UTF-8"?>

<!-- generated on 2022-11-30 12:23:10 by Eclipse SUMO sumo Version 1.14.1
<configuration xmlns:xsi="http://www.w3.org/2001/XMLSchema-instance" xsi:noNamespaceSchemaLocation="http://sumo.dlr.de/xsd/sumoConfiguration.xsd">

    <input>
        <net-file value="net.net.xml"/>
        <route-files value="routes.rou.xml"/>
    </input>

    <output>
        <tripinfo-output value="raw_data/(8,5,0)tripinfo.xml"/>
    </output>

    <time>
        <begin value="0"/>
        <step-length value="0.1"/>
    </time>

    <processing>
        <extrapolate-departpos value="true"/>
        <route-steps value="0"/>
        <ignore-route-errors value="true"/>
        <collision.action value="warn"/>
        <collision.stoptime value="1"/>
        <collision.mingap-factor value="0.1"/>
    </processing>

    <report>
        <verbose value="false"/>
        <log value="log.txt"/>
        <duration-log.statistics value="true"/>
        <no-step-log value="true"/>
    </report>

    <traci_server>
        <remote-port value="62913"/>
    </traci_server>

    <gui_only>
        <quit-on-end value="true"/>
        <start value="true"/>
    </gui_only>

</configuration>
-->

<tripinfos xmlns:xsi="http://www.w3.org/2001/XMLSchema-instance" xsi:noNamespaceSchemaLocation="http://sumo.dlr.de/xsd/tripinfo_file.xsd">
    <tripinfo id="0" depart="0.00" departLane="nc_0" departPos="5.10" departSpeed="10.00" departDelay="0.00" arrival="39.50" arrivalLane="cs_0" arrivalPos="192.80" arrivalSpeed="10.00" duration="39.50" routeLength="394.90" waitingTime="0.00" waitingCount="0" stopTime="0.00" timeLoss="0.00" rerouteNo="0" devices="tripinfo_0" vType="typeCar@0" speedFactor="1.00" vaporized=""/>
    <tripinfo id="2" depart="1.00" departLane="nc_0" departPos="5.10" departSpeed="10.00" departDelay="0.00" arrival="40.50" arrivalLane="cs_0" arrivalPos="192.80" arrivalSpeed="10.00" duration="39.50" routeLength="394.90" waitingTime="0.00" waitingCount="0" stopTime="0.00" timeLoss="0.00" rerouteNo="0" devices="tripinfo_2" vType="typeCar@2" speedFactor="1.00" vaporized=""/>
    <tripinfo id="3" depart="2.00" departLane="nc_0" departPos="5.10" departSpeed="10.00" departDelay="0.00" arrival="41.50" arrivalLane="cs_0" arrivalPos="192.80" arrivalSpeed="10.00" duration="39.50" routeLength="394.90" waitingTime="0.00" waitingCount="0" stopTime="0.00" timeLoss="0.00" rerouteNo="0" devices="tripinfo_3" vType="typeCar@3" speedFactor="1.00" vaporized=""/>
    <tripinfo id="4" depart="3.00" departLane="nc_0" departPos="5.10" departSpeed="10.00" departDelay="0.00" arrival="42.50" arrivalLane="cs_0" arrivalPos="192.80" arrivalSpeed="10.00" duration="39.50" routeLength="394.90" waitingTime="0.00" waitingCount="0" stopTime="0.00" timeLoss="0.00" rerouteNo="0" devices="tripinfo_4" vType="typeCar@4" speedFactor="1.00" vaporized=""/>
    <tripinfo id="6" depart="4.00" departLane="nc_0" departPos="5.10" departSpeed="10.00" departDelay="0.00" arrival="43.50" arrivalLane="cs_0" arrivalPos="192.80" arrivalSpeed="10.00" duration="39.50" routeLength="394.90" waitingTime="0.00" waitingCount="0" stopTime="0.00" timeLoss="0.00" rerouteNo="0" devices="tripinfo_6" vType="typeCar@6" speedFactor="1.00" vaporized=""/>
    <tripinfo id="8" depart="5.00" departLane="nc_0" departPos="5.10" departSpeed="10.00" departDelay="0.00" arrival="44.50" arrivalLane="cs_0" arrivalPos="192.80" arrivalSpeed="10.00" duration="39.50" routeLength="394.90" waitingTime="0.00" waitingCount="0" stopTime="0.00" timeLoss="0.00" rerouteNo="0" devices="tripinfo_8" vType="typeCar@8" speedFactor="1.00" vaporized=""/>
    <tripinfo id="10" depart="6.00" departLane="nc_0" departPos="5.10" departSpeed="10.00" departDelay="0.00" arrival="45.50" arrivalLane="cs_0" arrivalPos="192.80" arrivalSpeed="10.00" duration="39.50" routeLength="394.90" waitingTime="0.00" waitingCount="0" stopTime="0.00" timeLoss="0.00" rerouteNo="0" devices="tripinfo_10" vType="typeCar@10" speedFactor="1.00" vaporized=""/>
    <tripinfo id="11" depart="7.00" departLane="nc_0" departPos="5.10" departSpeed="10.00" departDelay="0.00" arrival="46.50" arrivalLane="cs_0" arrivalPos="192.80" arrivalSpeed="10.00" duration="39.50" routeLength="394.90" waitingTime="0.00" waitingCount="0" stopTime="0.00" timeLoss="0.00" rerouteNo="0" devices="tripinfo_11" vType="typeCar@11" speedFactor="1.00" vaporized=""/>
    <tripinfo id="13" depart="8.00" departLane="nc_0" departPos="5.10" departSpeed="10.00" departDelay="0.00" arrival="47.50" arrivalLane="cs_0" arrivalPos="192.80" arrivalSpeed="10.00" duration="39.50" routeLength="394.90" waitingTime="0.00" waitingCount="0" stopTime="0.00" timeLoss="0.00" rerouteNo="0" devices="tripinfo_13" vType="typeCar@13" speedFactor="1.00" vaporized=""/>
    <tripinfo id="14" depart="9.00" departLane="nc_0" departPos="5.10" departSpeed="10.00" departDelay="0.00" arrival="48.50" arrivalLane="cs_0" arrivalPos="192.80" arrivalSpeed="10.00" duration="39.50" routeLength="394.90" waitingTime="0.00" waitingCount="0" stopTime="0.00" timeLoss="0.00" rerouteNo="0" devices="tripinfo_14" vType="typeCar@14" speedFactor="1.00" vaporized=""/>
    <tripinfo id="15" depart="10.00" departLane="nc_0" departPos="5.10" departSpeed="10.00" departDelay="0.00" arrival="49.50" arrivalLane="cs_0" arrivalPos="192.80" arrivalSpeed="10.00" duration="39.50" routeLength="394.90" waitingTime="0.00" waitingCount="0" stopTime="0.00" timeLoss="0.00" rerouteNo="0" devices="tripinfo_15" vType="typeCar@15" speedFactor="1.00" vaporized=""/>
    <tripinfo id="17" depart="11.00" departLane="nc_0" departPos="5.10" departSpeed="10.00" departDelay="0.00" arrival="50.50" arrivalLane="cs_0" arrivalPos="192.80" arrivalSpeed="10.00" duration="39.50" routeLength="394.90" waitingTime="0.00" waitingCount="0" stopTime="0.00" timeLoss="0.00" rerouteNo="0" devices="tripinfo_17" vType="typeCar@17" speedFactor="1.00" vaporized=""/>
    <tripinfo id="18" depart="12.00" departLane="nc_0" departPos="5.10" departSpeed="10.00" departDelay="0.00" arrival="51.50" arrivalLane="cs_0" arrivalPos="192.80" arrivalSpeed="10.00" duration="39.50" routeLength="394.90" waitingTime="0.00" waitingCount="0" stopTime="0.00" timeLoss="0.00" rerouteNo="0" devices="tripinfo_18" vType="typeCar@18" speedFactor="1.00" vaporized=""/>
    <tripinfo id="20" depart="13.00" departLane="nc_0" departPos="5.10" departSpeed="10.00" departDelay="0.00" arrival="52.50" arrivalLane="cs_0" arrivalPos="192.80" arrivalSpeed="10.00" duration="39.50" routeLength="394.90" waitingTime="0.00" waitingCount="0" stopTime="0.00" timeLoss="0.01" rerouteNo="0" devices="tripinfo_20" vType="typeCar@20" speedFactor="1.00" vaporized=""/>
    <tripinfo id="21" depart="14.00" departLane="nc_0" departPos="5.10" departSpeed="10.00" departDelay="0.00" arrival="53.50" arrivalLane="cs_0" arrivalPos="192.80" arrivalSpeed="10.00" duration="39.50" routeLength="394.90" waitingTime="0.00" waitingCount="0" stopTime="0.00" timeLoss="0.01" rerouteNo="0" devices="tripinfo_21" vType="typeCar@21" speedFactor="1.00" vaporized=""/>
    <tripinfo id="22" depart="15.00" departLane="nc_0" departPos="5.10" departSpeed="10.00" departDelay="0.00" arrival="54.50" arrivalLane="cs_0" arrivalPos="192.80" arrivalSpeed="10.00" duration="39.50" routeLength="394.90" waitingTime="0.00" waitingCount="0" stopTime="0.00" timeLoss="0.01" rerouteNo="0" devices="tripinfo_22" vType="typeCar@22" speedFactor="1.00" vaporized=""/>
    <tripinfo id="1" depart="1.00" departLane="wc_0" departPos="5.10" departSpeed="10.00" departDelay="0.00" arrival="58.20" arrivalLane="ce_0" arrivalPos="192.80" arrivalSpeed="10.00" duration="57.20" routeLength="394.90" waitingTime="0.00" waitingCount="0" stopTime="0.00" timeLoss="17.69" rerouteNo="0" devices="tripinfo_1" vType="typeCar@1" speedFactor="1.00" vaporized=""/>
    <tripinfo id="24" depart="17.00" departLane="nc_0" departPos="5.10" departSpeed="10.00" departDelay="0.00" arrival="66.40" arrivalLane="cs_0" arrivalPos="192.80" arrivalSpeed="10.00" duration="49.40" routeLength="394.90" waitingTime="6.70" waitingCount="3" stopTime="0.00" timeLoss="9.92" rerouteNo="0" devices="tripinfo_24" vType="typeCar@24" speedFactor="1.00" vaporized=""/>
    <tripinfo id="25" depart="18.00" departLane="nc_0" departPos="5.10" departSpeed="10.00" departDelay="0.00" arrival="67.30" arrivalLane="cs_0" arrivalPos="192.80" arrivalSpeed="10.00" duration="49.30" routeLength="394.90" waitingTime="0.00" waitingCount="0" stopTime="0.00" timeLoss="9.77" rerouteNo="0" devices="tripinfo_25" vType="typeCar@25" speedFactor="1.00" vaporized=""/>
    <tripinfo id="26" depart="19.00" departLane="nc_0" departPos="5.10" departSpeed="10.00" departDelay="0.00" arrival="69.20" arrivalLane="cs_0" arrivalPos="192.80" arrivalSpeed="10.00" duration="50.20" routeLength="394.90" waitingTime="0.00" waitingCount="0" stopTime="0.00" timeLoss="10.66" rerouteNo="0" devices="tripinfo_26" vType="typeCar@26" speedFactor="1.00" vaporized=""/>
    <tripinfo id="27" depart="20.00" departLane="nc_0" departPos="5.10" departSpeed="10.00" departDelay="0.00" arrival="70.10" arrivalLane="cs_0" arrivalPos="192.80" arrivalSpeed="10.00" duration="50.10" routeLength="394.90" waitingTime="0.00" waitingCount="0" stopTime="0.00" timeLoss="10.55" rerouteNo="0" devices="tripinfo_27" vType="typeCar@27" speedFactor="1.00" vaporized=""/>
    <tripinfo id="5" depart="4.00" departLane="wc_0" departPos="5.10" departSpeed="10.00" departDelay="0.00" arrival="71.90" arrivalLane="ce_0" arrivalPos="192.80" arrivalSpeed="10.00" duration="67.90" routeLength="394.90" waitingTime="0.00" waitingCount="0" stopTime="0.00" timeLoss="28.40" rerouteNo="0" devices="tripinfo_5" vType="typeCar@5" speedFactor="1.00" vaporized=""/>
    <tripinfo id="7" depart="5.00" departLane="wc_0" departPos="5.10" departSpeed="10.00" departDelay="0.00" arrival="72.80" arrivalLane="ce_0" arrivalPos="192.80" arrivalSpeed="10.00" duration="67.80" routeLength="394.90" waitingTime="0.90" waitingCount="9" stopTime="0.00" timeLoss="28.29" rerouteNo="0" devices="tripinfo_7" vType="typeCar@7" speedFactor="1.00" vaporized=""/>
    <tripinfo id="9" depart="6.00" departLane="wc_0" departPos="5.10" departSpeed="10.00" departDelay="0.00" arrival="74.40" arrivalLane="ce_0" arrivalPos="192.80" arrivalSpeed="10.00" duration="68.40" routeLength="394.90" waitingTime="1.00" waitingCount="10" stopTime="0.00" timeLoss="28.83" rerouteNo="0" devices="tripinfo_9" vType="typeCar@9" speedFactor="1.00" vaporized=""/>
    <tripinfo id="29" depart="21.00" departLane="nc_0" departPos="5.10" departSpeed="10.00" departDelay="0.00" arrival="75.90" arrivalLane="cs_0" arrivalPos="192.80" arrivalSpeed="10.00" duration="54.90" routeLength="394.90" waitingTime="0.00" waitingCount="0" stopTime="0.00" timeLoss="15.38" rerouteNo="0" devices="tripinfo_29" vType="typeCar@29" speedFactor="1.00" vaporized=""/>
    <tripinfo id="12" depart="8.00" departLane="wc_0" departPos="5.10" departSpeed="10.00" departDelay="0.00" arrival="78.50" arrivalLane="ce_0" arrivalPos="192.80" arrivalSpeed="10.00" duration="70.50" routeLength="394.90" waitingTime="1.80" waitingCount="18" stopTime="0.00" timeLoss="30.93" rerouteNo="0" devices="tripinfo_12" vType="typeCar@12" speedFactor="1.00" vaporized=""/>
    <tripinfo id="31" depart="22.00" departLane="nc_0" departPos="5.10" departSpeed="10.00" departDelay="0.00" arrival="81.20" arrivalLane="cs_0" arrivalPos="192.80" arrivalSpeed="10.00" duration="59.20" routeLength="394.90" waitingTime="1.50" waitingCount="1" stopTime="0.00" timeLoss="19.70" rerouteNo="0" devices="tripinfo_31" vType="typeCar@31" speedFactor="1.00" vaporized=""/>
    <tripinfo id="33" depart="23.00" departLane="nc_0" departPos="5.10" departSpeed="10.00" departDelay="0.00" arrival="82.10" arrivalLane="cs_0" arrivalPos="192.80" arrivalSpeed="10.00" duration="59.10" routeLength="394.90" waitingTime="0.00" waitingCount="0" stopTime="0.00" timeLoss="19.58" rerouteNo="0" devices="tripinfo_33" vType="typeCar@33" speedFactor="1.00" vaporized=""/>
    <tripinfo id="16" depart="11.00" departLane="wc_0" departPos="5.10" departSpeed="10.00" departDelay="0.00" arrival="84.70" arrivalLane="ce_0" arrivalPos="192.80" arrivalSpeed="10.00" duration="73.70" routeLength="394.90" waitingTime="1.90" waitingCount="19" stopTime="0.00" timeLoss="34.16" rerouteNo="0" devices="tripinfo_16" vType="typeCar@16" speedFactor="1.00" vaporized=""/>
    <tripinfo id="19" depart="13.00" departLane="wc_0" departPos="5.10" departSpeed="10.00" departDelay="0.00" arrival="85.70" arrivalLane="ce_0" arrivalPos="192.80" arrivalSpeed="10.00" duration="72.70" routeLength="394.90" waitingTime="1.10" waitingCount="11" stopTime="0.00" timeLoss="33.21" rerouteNo="0" devices="tripinfo_19" vType="typeCar@19" speedFactor="1.00" vaporized=""/>
    <tripinfo id="34" depart="24.00" departLane="nc_0" departPos="5.10" departSpeed="10.00" departDelay="0.00" arrival="88.30" arrivalLane="cs_0" arrivalPos="192.80" arrivalSpeed="10.00" duration="64.30" routeLength="394.90" waitingTime="2.50" waitingCount="1" stopTime="0.00" timeLoss="24.78" rerouteNo="0" devices="tripinfo_34" vType="typeCar@34" speedFactor="1.00" vaporized=""/>
    <tripinfo id="36" depart="25.00" departLane="nc_0" departPos="5.10" departSpeed="10.00" departDelay="0.00" arrival="89.70" arrivalLane="cs_0" arrivalPos="192.80" arrivalSpeed="10.00" duration="64.70" routeLength="394.90" waitingTime="0.10" waitingCount="1" stopTime="0.00" timeLoss="25.16" rerouteNo="0" devices="tripinfo_36" vType="typeCar@36" speedFactor="1.00" vaporized=""/>
    <tripinfo id="23" depart="17.00" departLane="wc_0" departPos="5.10" departSpeed="10.00" departDelay="0.00" arrival="92.80" arrivalLane="ce_0" arrivalPos="192.80" arrivalSpeed="10.00" duration="75.80" routeLength="394.90" waitingTime="1.10" waitingCount="11" stopTime="0.00" timeLoss="36.27" rerouteNo="0" devices="tripinfo_23" vType="typeCar@23" speedFactor="1.00" vaporized=""/>
    <tripinfo id="28" depart="21.00" departLane="wc_0" departPos="5.10" departSpeed="10.00" departDelay="0.00" arrival="94.20" arrivalLane="ce_0" arrivalPos="192.80" arrivalSpeed="10.00" duration="73.20" routeLength="394.90" waitingTime="1.10" waitingCount="11" stopTime="0.00" timeLoss="33.71" rerouteNo="0" devices="tripinfo_28" vType="typeCar@28" speedFactor="1.00" vaporized=""/>
    <tripinfo id="30" depart="22.00" departLane="wc_0" departPos="5.10" departSpeed="10.00" departDelay="0.00" arrival="96.90" arrivalLane="ce_0" arrivalPos="192.80" arrivalSpeed="10.00" duration="74.90" routeLength="394.90" waitingTime="1.30" waitingCount="13" stopTime="0.00" timeLoss="35.35" rerouteNo="0" devices="tripinfo_30" vType="typeCar@30" speedFactor="1.00" vaporized=""/>
    <tripinfo id="38" depart="27.00" departLane="nc_0" departPos="5.10" departSpeed="10.00" departDelay="0.00" arrival="103.70" arrivalLane="cs_0" arrivalPos="192.80" arrivalSpeed="10.00" duration="76.70" routeLength="394.90" waitingTime="0.50" waitingCount="5" stopTime="0.00" timeLoss="37.22" rerouteNo="0" devices="tripinfo_38" vType="typeCar@38" speedFactor="1.00" vaporized=""/>
    <tripinfo id="40" depart="28.00" departLane="nc_0" departPos="5.10" departSpeed="10.00" departDelay="0.00" arrival="104.60" arrivalLane="cs_0" arrivalPos="192.80" arrivalSpeed="10.00" duration="76.60" routeLength="394.90" waitingTime="0.70" waitingCount="7" stopTime="0.00" timeLoss="37.04" rerouteNo="0" devices="tripinfo_40" vType="typeCar@40" speedFactor="1.00" vaporized=""/>
    <tripinfo id="32" depart="23.00" departLane="wc_0" departPos="5.10" departSpeed="10.00" departDelay="0.00" arrival="106.20" arrivalLane="ce_0" arrivalPos="192.80" arrivalSpeed="10.00" duration="83.20" routeLength="394.90" waitingTime="1.40" waitingCount="14" stopTime="0.00" timeLoss="43.63" rerouteNo="0" devices="tripinfo_32" vType="typeCar@32" speedFactor="1.00" vaporized=""/>
    <tripinfo id="35" depart="25.00" departLane="wc_0" departPos="5.10" departSpeed="10.00" departDelay="0.00" arrival="107.20" arrivalLane="ce_0" arrivalPos="192.80" arrivalSpeed="10.00" duration="82.20" routeLength="394.90" waitingTime="1.60" waitingCount="16" stopTime="0.00" timeLoss="42.63" rerouteNo="0" devices="tripinfo_35" vType="typeCar@35" speedFactor="1.00" vaporized=""/>
    <tripinfo id="42" depart="29.00" departLane="nc_0" departPos="5.10" departSpeed="10.00" departDelay="0.00" arrival="114.50" arrivalLane="cs_0" arrivalPos="192.80" arrivalSpeed="10.00" duration="85.50" routeLength="394.90" waitingTime="0.70" waitingCount="7" stopTime="0.00" timeLoss="46.01" rerouteNo="0" devices="tripinfo_42" vType="typeCar@42" speedFactor="1.00" vaporized=""/>
    <tripinfo id="43" depart="30.00" departLane="nc_0" departPos="5.10" departSpeed="10.00" departDelay="0.00" arrival="115.40" arrivalLane="cs_0" arrivalPos="192.80" arrivalSpeed="10.00" duration="85.40" routeLength="394.90" waitingTime="0.70" waitingCount="7" stopTime="0.00" timeLoss="45.84" rerouteNo="0" devices="tripinfo_43" vType="typeCar@43" speedFactor="1.00" vaporized=""/>
    <tripinfo id="37" depart="26.00" departLane="wc_0" departPos="5.10" departSpeed="10.00" departDelay="0.00" arrival="117.10" arrivalLane="ce_0" arrivalPos="192.80" arrivalSpeed="10.00" duration="91.10" routeLength="394.90" waitingTime="1.80" waitingCount="18" stopTime="0.00" timeLoss="51.61" rerouteNo="0" devices="tripinfo_37" vType="typeCar@37" speedFactor="1.00" vaporized=""/>
    <tripinfo id="44" depart="31.00" departLane="nc_0" departPos="5.10" departSpeed="10.00" departDelay="0.00" arrival="118.80" arrivalLane="cs_0" arrivalPos="192.80" arrivalSpeed="10.00" duration="87.80" routeLength="394.90" waitingTime="0.90" waitingCount="9" stopTime="0.00" timeLoss="48.28" rerouteNo="0" devices="tripinfo_44" vType="typeCar@44" speedFactor="1.00" vaporized=""/>
    <tripinfo id="45" depart="32.00" departLane="nc_0" departPos="5.10" departSpeed="10.00" departDelay="0.00" arrival="119.90" arrivalLane="cs_0" arrivalPos="192.80" arrivalSpeed="10.00" duration="87.90" routeLength="394.90" waitingTime="1.00" waitingCount="10" stopTime="0.00" timeLoss="48.33" rerouteNo="0" devices="tripinfo_45" vType="typeCar@45" speedFactor="1.00" vaporized=""/>
    <tripinfo id="39" depart="28.00" departLane="wc_0" departPos="5.10" departSpeed="10.00" departDelay="0.00" arrival="121.40" arrivalLane="ce_0" arrivalPos="192.80" arrivalSpeed="10.00" duration="93.40" routeLength="394.90" waitingTime="1.70" waitingCount="17" stopTime="0.00" timeLoss="53.88" rerouteNo="0" devices="tripinfo_39" vType="typeCar@39" speedFactor="1.00" vaporized=""/>
    <tripinfo id="41" depart="29.00" departLane="wc_0" departPos="5.10" departSpeed="10.00" departDelay="0.00" arrival="122.50" arrivalLane="ce_0" arrivalPos="192.80" arrivalSpeed="10.00" duration="93.50" routeLength="394.90" waitingTime="2.00" waitingCount="20" stopTime="0.00" timeLoss="53.97" rerouteNo="0" devices="tripinfo_41" vType="typeCar@41" speedFactor="1.00" vaporized=""/>
    <tripinfo id="46" depart="33.00" departLane="wc_0" departPos="5.10" departSpeed="10.00" departDelay="0.00" arrival="127.10" arrivalLane="ce_0" arrivalPos="192.80" arrivalSpeed="10.00" duration="94.10" routeLength="394.90" waitingTime="2.30" waitingCount="23" stopTime="0.00" timeLoss="54.54" rerouteNo="0" devices="tripinfo_46" vType="typeCar@46" speedFactor="1.00" vaporized=""/>
    <tripinfo id="48" depart="34.00" departLane="wc_0" departPos="5.10" departSpeed="10.00" departDelay="0.00" arrival="129.60" arrivalLane="ce_0" arrivalPos="192.80" arrivalSpeed="10.00" duration="95.60" routeLength="394.90" waitingTime="2.40" waitingCount="24" stopTime="0.00" timeLoss="56.04" rerouteNo="0" devices="tripinfo_48" vType="typeCar@48" speedFactor="1.00" vaporized=""/>
    <tripinfo id="47" depart="33.00" departLane="nc_0" departPos="5.10" departSpeed="10.00" departDelay="0.00" arrival="131.50" arrivalLane="cs_0" arrivalPos="192.80" arrivalSpeed="10.00" duration="98.50" routeLength="394.90" waitingTime="1.40" waitingCount="14" stopTime="0.00" timeLoss="58.98" rerouteNo="0" devices="tripinfo_47" vType="typeCar@47" speedFactor="1.00" vaporized=""/>
    <tripinfo id="49" depart="34.00" departLane="nc_0" departPos="5.10" departSpeed="10.00" departDelay="0.00" arrival="132.30" arrivalLane="cs_0" arrivalPos="192.80" arrivalSpeed="10.00" duration="98.30" routeLength="394.90" waitingTime="1.50" waitingCount="15" stopTime="0.00" timeLoss="58.81" rerouteNo="0" devices="tripinfo_49" vType="typeCar@49" speedFactor="1.00" vaporized=""/>
    <tripinfo id="51" depart="36.00" departLane="nc_0" departPos="5.10" departSpeed="10.00" departDelay="0.00" arrival="134.20" arrivalLane="cs_0" arrivalPos="192.80" arrivalSpeed="10.00" duration="98.20" routeLength="394.90" waitingTime="1.50" waitingCount="15" stopTime="0.00" timeLoss="58.71" rerouteNo="0" devices="tripinfo_51" vType="typeCar@51" speedFactor="1.00" vaporized=""/>
    <tripinfo id="52" depart="37.00" departLane="nc_0" departPos="5.10" departSpeed="10.00" departDelay="0.00" arrival="137.10" arrivalLane="cs_0" arrivalPos="192.80" arrivalSpeed="10.00" duration="100.10" routeLength="394.90" waitingTime="2.10" waitingCount="21" stopTime="0.00" timeLoss="60.53" rerouteNo="0" devices="tripinfo_52" vType="typeCar@52" speedFactor="1.00" vaporized=""/>
    <tripinfo id="50" depart="35.00" departLane="wc_0" departPos="5.10" departSpeed="10.00" departDelay="0.00" arrival="138.70" arrivalLane="ce_0" arrivalPos="192.80" arrivalSpeed="10.00" duration="103.70" routeLength="394.90" waitingTime="2.60" waitingCount="26" stopTime="0.00" timeLoss="64.14" rerouteNo="0" devices="tripinfo_50" vType="typeCar@50" speedFactor="1.00" vaporized=""/>
    <tripinfo id="54" depart="39.00" departLane="wc_0" departPos="5.10" departSpeed="10.00" departDelay="0.00" arrival="139.70" arrivalLane="ce_0" arrivalPos="192.80" arrivalSpeed="10.00" duration="100.70" routeLength="394.90" waitingTime="2.40" waitingCount="24" stopTime="0.00" timeLoss="61.20" rerouteNo="0" devices="tripinfo_54" vType="typeCar@54" speedFactor="1.00" vaporized=""/>
    <tripinfo id="53" depart="38.00" departLane="nc_0" departPos="5.10" departSpeed="10.00" departDelay="0.00" arrival="141.20" arrivalLane="cs_0" arrivalPos="192.80" arrivalSpeed="10.00" duration="103.20" routeLength="394.90" waitingTime="2.70" waitingCount="27" stopTime="0.00" timeLoss="63.71" rerouteNo="0" devices="tripinfo_53" vType="typeCar@53" speedFactor="1.00" vaporized=""/>
    <tripinfo id="57" depart="42.00" departLane="wc_0" departPos="5.10" departSpeed="10.00" departDelay="0.00" arrival="144.10" arrivalLane="ce_0" arrivalPos="192.80" arrivalSpeed="10.00" duration="102.10" routeLength="394.90" waitingTime="2.30" waitingCount="23" stopTime="0.00" timeLoss="62.58" rerouteNo="0" devices="tripinfo_57" vType="typeCar@57" speedFactor="1.00" vaporized=""/>
    <tripinfo id="55" depart="39.00" departLane="nc_0" departPos="5.10" departSpeed="10.00" departDelay="0.00" arrival="144.40" arrivalLane="cs_0" arrivalPos="192.80" arrivalSpeed="10.00" duration="105.40" routeLength="394.90" waitingTime="2.90" waitingCount="29" stopTime="0.00" timeLoss="65.90" rerouteNo="0" devices="tripinfo_55" vType="typeCar@55" speedFactor="1.00" vaporized=""/>
    <tripinfo id="60" depart="44.00" departLane="wc_0" departPos="5.10" departSpeed="10.00" departDelay="0.00" arrival="149.70" arrivalLane="ce_0" arrivalPos="192.80" arrivalSpeed="10.00" duration="105.70" routeLength="394.90" waitingTime="2.80" waitingCount="28" stopTime="0.00" timeLoss="66.22" rerouteNo="0" devices="tripinfo_60" vType="typeCar@60" speedFactor="1.00" vaporized=""/>
    <tripinfo id="62" depart="45.00" departLane="wc_0" departPos="5.10" departSpeed="10.00" departDelay="0.00" arrival="150.70" arrivalLane="ce_0" arrivalPos="192.80" arrivalSpeed="10.00" duration="105.70" routeLength="394.90" waitingTime="3.00" waitingCount="30" stopTime="0.00" timeLoss="66.13" rerouteNo="0" devices="tripinfo_62" vType="typeCar@62" speedFactor="1.00" vaporized=""/>
    <tripinfo id="56" depart="40.00" departLane="nc_0" departPos="5.10" departSpeed="10.00" departDelay="0.00" arrival="152.30" arrivalLane="cs_0" arrivalPos="192.80" arrivalSpeed="10.00" duration="112.30" routeLength="394.90" waitingTime="3.40" waitingCount="34" stopTime="0.00" timeLoss="72.81" rerouteNo="0" devices="tripinfo_56" vType="typeCar@56" speedFactor="1.00" vaporized=""/>
    <tripinfo id="58" depart="42.00" departLane="nc_0" departPos="5.10" departSpeed="4.30" departDelay="0.00" arrival="153.30" arrivalLane="cs_0" arrivalPos="192.80" arrivalSpeed="10.00" duration="111.30" routeLength="394.90" waitingTime="3.10" waitingCount="31" stopTime="0.00" timeLoss="71.80" rerouteNo="0" devices="tripinfo_58" vType="typeCar@58" speedFactor="1.00" vaporized=""/>
    <tripinfo id="65" depart="47.00" departLane="wc_0" departPos="5.10" departSpeed="7.00" departDelay="0.00" arrival="154.90" arrivalLane="ce_0" arrivalPos="192.80" arrivalSpeed="10.00" duration="107.90" routeLength="394.90" waitingTime="3.30" waitingCount="33" stopTime="0.00" timeLoss="68.33" rerouteNo="0" devices="tripinfo_65" vType="typeCar@65" speedFactor="1.00" vaporized=""/>
    <tripinfo id="68" depart="50.00" departLane="wc_0" departPos="5.10" departSpeed="0.00" departDelay="0.00" arrival="156.00" arrivalLane="ce_0" arrivalPos="192.80" arrivalSpeed="10.00" duration="106.00" routeLength="394.90" waitingTime="3.30" waitingCount="33" stopTime="0.00" timeLoss="66.46" rerouteNo="0" devices="tripinfo_68" vType="typeCar@68" speedFactor="1.00" vaporized=""/>
    <tripinfo id="59" depart="43.10" departLane="nc_0" departPos="5.10" departSpeed="6.00" departDelay="0.10" arrival="157.50" arrivalLane="cs_0" arrivalPos="192.80" arrivalSpeed="10.00" duration="114.40" routeLength="394.90" waitingTime="3.30" waitingCount="33" stopTime="0.00" timeLoss="74.92" rerouteNo="0" devices="tripinfo_59" vType="typeCar@59" speedFactor="1.00" vaporized=""/>
    <tripinfo id="61" depart="47.40" departLane="nc_0" departPos="5.10" departSpeed="2.10" departDelay="3.40" arrival="158.50" arrivalLane="cs_0" arrivalPos="192.80" arrivalSpeed="10.00" duration="111.10" routeLength="394.90" waitingTime="3.70" waitingCount="37" stopTime="0.00" timeLoss="71.62" rerouteNo="0" devices="tripinfo_61" vType="typeCar@61" speedFactor="1.00" vaporized=""/>
    <tripinfo id="71" depart="52.00" departLane="wc_0" departPos="5.10" departSpeed="6.00" departDelay="0.00" arrival="160.10" arrivalLane="ce_0" arrivalPos="192.80" arrivalSpeed="10.00" duration="108.10" routeLength="394.90" waitingTime="3.40" waitingCount="34" stopTime="0.00" timeLoss="68.53" rerouteNo="0" devices="tripinfo_71" vType="typeCar@71" speedFactor="1.00" vaporized=""/>
    <tripinfo id="73" depart="55.40" departLane="wc_0" departPos="5.10" departSpeed="3.40" departDelay="2.40" arrival="161.50" arrivalLane="ce_0" arrivalPos="192.80" arrivalSpeed="10.00" duration="106.10" routeLength="394.90" waitingTime="4.10" waitingCount="41" stopTime="0.00" timeLoss="66.61" rerouteNo="0" devices="tripinfo_73" vType="typeCar@73" speedFactor="1.00" vaporized=""/>
    <tripinfo id="63" depart="51.70" departLane="nc_0" departPos="5.10" departSpeed="4.60" departDelay="6.70" arrival="169.00" arrivalLane="cs_0" arrivalPos="192.80" arrivalSpeed="10.00" duration="117.30" routeLength="394.90" waitingTime="3.90" waitingCount="39" stopTime="0.00" timeLoss="77.78" rerouteNo="0" devices="tripinfo_63" vType="typeCar@63" speedFactor="1.00" vaporized=""/>
    <tripinfo id="64" depart="56.80" departLane="nc_0" departPos="5.10" departSpeed="3.10" departDelay="10.80" arrival="169.90" arrivalLane="cs_0" arrivalPos="192.80" arrivalSpeed="10.00" duration="113.10" routeLength="394.90" waitingTime="4.10" waitingCount="41" stopTime="0.00" timeLoss="73.55" rerouteNo="0" devices="tripinfo_64" vType="typeCar@64" speedFactor="1.00" vaporized=""/>
    <tripinfo id="75" depart="60.40" departLane="wc_0" departPos="5.10" departSpeed="4.80" departDelay="6.40" arrival="171.40" arrivalLane="ce_0" arrivalPos="192.80" arrivalSpeed="10.00" duration="111.00" routeLength="394.90" waitingTime="3.60" waitingCount="36" stopTime="0.00" timeLoss="71.48" rerouteNo="0" devices="tripinfo_75" vType="typeCar@75" speedFactor="1.00" vaporized=""/>
    <tripinfo id="78" depart="61.70" departLane="wc_0" departPos="5.10" departSpeed="6.30" departDelay="3.70" arrival="172.60" arrivalLane="ce_0" arrivalPos="192.80" arrivalSpeed="10.00" duration="110.90" routeLength="394.90" waitingTime="3.60" waitingCount="36" stopTime="0.00" timeLoss="71.36" rerouteNo="0" devices="tripinfo_78" vType="typeCar@78" speedFactor="1.00" vaporized=""/>
    <tripinfo id="66" depart="58.70" departLane="nc_0" departPos="5.10" departSpeed="5.60" departDelay="11.70" arrival="179.80" arrivalLane="cs_0" arrivalPos="192.80" arrivalSpeed="10.00" duration="121.10" routeLength="394.90" waitingTime="4.40" waitingCount="44" stopTime="0.00" timeLoss="81.61" rerouteNo="0" devices="tripinfo_66" vType="typeCar@66" speedFactor="1.00" vaporized=""/>
    <tripinfo id="67" depart="60.00" departLane="nc_0" departPos="5.10" departSpeed="2.30" departDelay="12.00" arrival="181.30" arrivalLane="cs_0" arrivalPos="192.80" arrivalSpeed="10.00" duration="121.30" routeLength="394.90" waitingTime="4.50" waitingCount="45" stopTime="0.00" timeLoss="81.79" rerouteNo="0" devices="tripinfo_67" vType="typeCar@67" speedFactor="1.00" vaporized=""/>
    <tripinfo id="69" depart="65.80" departLane="nc_0" departPos="5.10" departSpeed="4.66" departDelay="15.80" arrival="183.00" arrivalLane="cs_0" arrivalPos="192.80" arrivalSpeed="10.00" duration="117.20" routeLength="394.90" waitingTime="3.50" waitingCount="35" stopTime="0.00" timeLoss="77.71" rerouteNo="0" devices="tripinfo_69" vType="typeCar@69" speedFactor="1.00" vaporized=""/>
    <tripinfo id="83" depart="63.00" departLane="wc_0" departPos="5.10" departSpeed="1.40" departDelay="1.00" arrival="184.60" arrivalLane="ce_0" arrivalPos="192.80" arrivalSpeed="10.00" duration="121.60" routeLength="394.90" waitingTime="4.60" waitingCount="42" stopTime="0.00" timeLoss="82.05" rerouteNo="0" devices="tripinfo_83" vType="typeCar@83" speedFactor="1.00" vaporized=""/>
    <tripinfo id="85" depart="70.50" departLane="wc_0" departPos="5.10" departSpeed="4.86" departDelay="7.50" arrival="185.60" arrivalLane="ce_0" arrivalPos="192.80" arrivalSpeed="10.00" duration="115.10" routeLength="394.90" waitingTime="3.70" waitingCount="37" stopTime="0.00" timeLoss="75.62" rerouteNo="0" devices="tripinfo_85" vType="typeCar@85" speedFactor="1.00" vaporized=""/>
    <tripinfo id="70" depart="68.80" departLane="nc_0" departPos="5.10" departSpeed="0.06" departDelay="17.80" arrival="187.20" arrivalLane="cs_0" arrivalPos="192.80" arrivalSpeed="10.00" duration="118.40" routeLength="394.90" waitingTime="5.70" waitingCount="45" stopTime="0.00" timeLoss="78.82" rerouteNo="0" devices="tripinfo_70" vType="typeCar@70" speedFactor="1.00" vaporized=""/>
    <tripinfo id="72" depart="74.80" departLane="nc_0" departPos="5.10" departSpeed="4.74" departDelay="22.80" arrival="195.20" arrivalLane="cs_0" arrivalPos="192.80" arrivalSpeed="10.00" duration="120.40" routeLength="394.90" waitingTime="9.00" waitingCount="47" stopTime="0.00" timeLoss="80.89" rerouteNo="0" devices="tripinfo_72" vType="typeCar@72" speedFactor="1.00" vaporized=""/>
    <tripinfo id="74" depart="80.20" departLane="nc_0" departPos="5.10" departSpeed="3.34" departDelay="27.20" arrival="196.10" arrivalLane="cs_0" arrivalPos="192.80" arrivalSpeed="10.00" duration="115.90" routeLength="394.90" waitingTime="4.00" waitingCount="40" stopTime="0.00" timeLoss="76.35" rerouteNo="0" devices="tripinfo_74" vType="typeCar@74" speedFactor="1.00" vaporized=""/>
    <tripinfo id="76" depart="86.30" departLane="nc_0" departPos="5.10" departSpeed="3.24" departDelay="31.30" arrival="197.50" arrivalLane="cs_0" arrivalPos="192.80" arrivalSpeed="10.00" duration="111.20" routeLength="394.90" waitingTime="4.30" waitingCount="43" stopTime="0.00" timeLoss="71.70" rerouteNo="0" devices="tripinfo_76" vType="typeCar@76" speedFactor="1.00" vaporized=""/>
    <tripinfo id="86" depart="71.80" departLane="wc_0" departPos="5.10" departSpeed="3.16" departDelay="6.80" arrival="199.20" arrivalLane="ce_0" arrivalPos="192.80" arrivalSpeed="10.00" duration="127.40" routeLength="394.90" waitingTime="3.30" waitingCount="33" stopTime="0.00" timeLoss="87.90" rerouteNo="0" devices="tripinfo_86" vType="typeCar@86" speedFactor="1.00" vaporized=""/>
    <tripinfo id="88" depart="78.40" departLane="wc_0" departPos="5.10" departSpeed="4.33" departDelay="11.40" arrival="200.20" arrivalLane="ce_0" arrivalPos="192.80" arrivalSpeed="10.00" duration="121.80" routeLength="394.90" waitingTime="3.70" waitingCount="37" stopTime="0.00" timeLoss="82.26" rerouteNo="0" devices="tripinfo_88" vType="typeCar@88" speedFactor="1.00" vaporized=""/>
    <tripinfo id="77" depart="91.10" departLane="nc_0" departPos="5.10" departSpeed="4.84" departDelay="35.10" arrival="201.70" arrivalLane="cs_0" arrivalPos="192.80" arrivalSpeed="10.00" duration="110.60" routeLength="394.90" waitingTime="3.80" waitingCount="38" stopTime="0.00" timeLoss="71.09" rerouteNo="0" devices="tripinfo_77" vType="typeCar@77" speedFactor="1.00" vaporized=""/>
    <tripinfo id="79" depart="95.40" departLane="nc_0" departPos="5.10" departSpeed="0.14" departDelay="37.40" arrival="202.90" arrivalLane="cs_0" arrivalPos="192.80" arrivalSpeed="10.00" duration="107.50" routeLength="394.90" waitingTime="5.00" waitingCount="41" stopTime="0.00" timeLoss="67.94" rerouteNo="0" devices="tripinfo_79" vType="typeCar@79" speedFactor="1.00" vaporized=""/>
    <tripinfo id="90" depart="82.10" departLane="wc_0" departPos="5.10" departSpeed="4.23" departDelay="14.10" arrival="204.40" arrivalLane="ce_0" arrivalPos="192.80" arrivalSpeed="10.00" duration="122.30" routeLength="394.90" waitingTime="4.30" waitingCount="43" stopTime="0.00" timeLoss="82.82" rerouteNo="0" devices="tripinfo_90" vType="typeCar@90" speedFactor="1.00" vaporized=""/>
    <tripinfo id="93" depart="88.40" departLane="wc_0" departPos="5.10" departSpeed="3.13" departDelay="18.40" arrival="206.80" arrivalLane="ce_0" arrivalPos="192.80" arrivalSpeed="10.00" duration="118.40" routeLength="394.90" waitingTime="3.50" waitingCount="35" stopTime="0.00" timeLoss="78.89" rerouteNo="0" devices="tripinfo_93" vType="typeCar@93" speedFactor="1.00" vaporized=""/>
    <tripinfo id="80" depart="102.00" departLane="nc_0" departPos="5.10" departSpeed="5.15" departDelay="43.00" arrival="211.30" arrivalLane="cs_0" arrivalPos="192.80" arrivalSpeed="10.00" duration="109.30" routeLength="394.90" waitingTime="5.80" waitingCount="41" stopTime="0.00" timeLoss="69.79" rerouteNo="0" devices="tripinfo_80" vType="typeCar@80" speedFactor="1.00" vaporized=""/>
    <tripinfo id="81" depart="107.50" departLane="nc_0" departPos="5.10" departSpeed="3.25" departDelay="47.50" arrival="212.20" arrivalLane="cs_0" arrivalPos="192.80" arrivalSpeed="10.00" duration="104.70" routeLength="394.90" waitingTime="3.70" waitingCount="37" stopTime="0.00" timeLoss="65.20" rerouteNo="0" devices="tripinfo_81" vType="typeCar@81" speedFactor="1.00" vaporized=""/>
    <tripinfo id="82" depart="109.40" departLane="nc_0" departPos="5.10" departSpeed="5.75" departDelay="48.40" arrival="213.20" arrivalLane="cs_0" arrivalPos="192.80" arrivalSpeed="10.00" duration="103.80" routeLength="394.90" waitingTime="3.40" waitingCount="34" stopTime="0.00" timeLoss="64.30" rerouteNo="0" devices="tripinfo_82" vType="typeCar@82" speedFactor="1.00" vaporized=""/>
    <tripinfo id="84" depart="110.50" departLane="nc_0" departPos="5.10" departSpeed="6.65" departDelay="48.50" arrival="214.30" arrivalLane="cs_0" arrivalPos="192.80" arrivalSpeed="10.00" duration="103.80" routeLength="394.90" waitingTime="4.50" waitingCount="45" stopTime="0.00" timeLoss="64.29" rerouteNo="0" devices="tripinfo_84" vType="typeCar@84" speedFactor="1.00" vaporized=""/>
    <tripinfo id="87" depart="112.90" departLane="nc_0" departPos="5.10" departSpeed="0.25" departDelay="47.90" arrival="216.20" arrivalLane="cs_0" arrivalPos="192.80" arrivalSpeed="10.00" duration="103.30" routeLength="394.90" waitingTime="6.00" waitingCount="49" stopTime="0.00" timeLoss="63.76" rerouteNo="0" devices="tripinfo_87" vType="typeCar@87" speedFactor="1.00" vaporized=""/>
    <tripinfo id="89" depart="124.00" departLane="nc_0" departPos="5.10" departSpeed="3.58" departDelay="57.00" arrival="217.60" arrivalLane="cs_0" arrivalPos="192.80" arrivalSpeed="10.00" duration="93.60" routeLength="394.90" waitingTime="3.60" waitingCount="36" stopTime="0.00" timeLoss="54.07" rerouteNo="0" devices="tripinfo_89" vType="typeCar@89" speedFactor="1.00" vaporized=""/>
    <tripinfo id="91" depart="125.80" departLane="nc_0" departPos="5.10" departSpeed="5.78" departDelay="57.80" arrival="218.90" arrivalLane="cs_0" arrivalPos="192.80" arrivalSpeed="10.00" duration="93.10" routeLength="394.90" waitingTime="4.00" waitingCount="40" stopTime="0.00" timeLoss="53.63" rerouteNo="0" devices="tripinfo_91" vType="typeCar@91" speedFactor="1.00" vaporized=""/>
    <tripinfo id="92" depart="126.90" departLane="nc_0" departPos="5.10" departSpeed="7.48" departDelay="57.90" arrival="220.50" arrivalLane="cs_0" arrivalPos="192.80" arrivalSpeed="10.00" duration="93.60" routeLength="394.90" waitingTime="4.10" waitingCount="41" stopTime="0.00" timeLoss="54.11" rerouteNo="0" devices="tripinfo_92" vType="typeCar@92" speedFactor="1.00" vaporized=""/>
    <tripinfo id="94" depart="128.10" departLane="nc_0" departPos="5.10" departSpeed="1.48" departDelay="58.10" arrival="221.50" arrivalLane="cs_0" arrivalPos="192.80" arrivalSpeed="10.00" duration="93.40" routeLength="394.90" waitingTime="4.20" waitingCount="38" stopTime="0.00" timeLoss="53.86" rerouteNo="0" devices="tripinfo_94" vType="typeCar@94" speedFactor="1.00" vaporized=""/>
    <tripinfo id="97" depart="139.00" departLane="nc_0" departPos="5.10" departSpeed="3.41" departDelay="67.00" arrival="222.70" arrivalLane="cs_0" arrivalPos="192.80" arrivalSpeed="10.00" duration="83.70" routeLength="394.90" waitingTime="2.80" waitingCount="28" stopTime="0.00" timeLoss="44.13" rerouteNo="0" devices="tripinfo_97" vType="typeCar@97" speedFactor="1.00" vaporized=""/>
    <tripinfo id="98" depart="140.90" departLane="nc_0" departPos="5.10" departSpeed="5.91" departDelay="67.90" arrival="223.70" arrivalLane="cs_0" arrivalPos="192.80" arrivalSpeed="10.00" duration="82.80" routeLength="394.90" waitingTime="2.90" waitingCount="29" stopTime="0.00" timeLoss="43.31" rerouteNo="0" devices="tripinfo_98" vType="typeCar@98" speedFactor="1.00" vaporized=""/>
    <tripinfo id="100" depart="142.00" departLane="nc_0" departPos="5.10" departSpeed="7.61" departDelay="68.00" arrival="224.80" arrivalLane="cs_0" arrivalPos="192.80" arrivalSpeed="10.00" duration="82.80" routeLength="394.90" waitingTime="2.90" waitingCount="29" stopTime="0.00" timeLoss="43.30" rerouteNo="0" devices="tripinfo_100" vType="typeCar@100" speedFactor="1.00" vaporized=""/>
    <tripinfo id="101" depart="142.90" departLane="nc_0" departPos="5.10" departSpeed="4.71" departDelay="67.90" arrival="225.90" arrivalLane="cs_0" arrivalPos="192.80" arrivalSpeed="10.00" duration="83.00" routeLength="394.90" waitingTime="3.20" waitingCount="32" stopTime="0.00" timeLoss="43.49" rerouteNo="0" devices="tripinfo_101" vType="typeCar@101" speedFactor="1.00" vaporized=""/>
    <tripinfo id="103" depart="151.50" departLane="nc_0" departPos="5.10" departSpeed="0.11" departDelay="75.50" arrival="227.10" arrivalLane="cs_0" arrivalPos="192.80" arrivalSpeed="10.00" duration="75.60" routeLength="394.90" waitingTime="3.20" waitingCount="22" stopTime="0.00" timeLoss="36.04" rerouteNo="0" devices="tripinfo_103" vType="typeCar@103" speedFactor="1.00" vaporized=""/>
    <tripinfo id="105" depart="155.60" departLane="nc_0" departPos="5.10" departSpeed="5.80" departDelay="78.60" arrival="228.30" arrivalLane="cs_0" arrivalPos="192.80" arrivalSpeed="10.00" duration="72.70" routeLength="394.90" waitingTime="2.30" waitingCount="23" stopTime="0.00" timeLoss="33.18" rerouteNo="0" devices="tripinfo_105" vType="typeCar@105" speedFactor="1.00" vaporized=""/>
    <tripinfo id="95" depart="93.60" departLane="wc_0" departPos="5.10" departSpeed="2.51" departDelay="22.60" arrival="230.10" arrivalLane="ce_0" arrivalPos="192.80" arrivalSpeed="10.00" duration="136.50" routeLength="394.90" waitingTime="4.20" waitingCount="42" stopTime="0.00" timeLoss="96.99" rerouteNo="0" devices="tripinfo_95" vType="typeCar@95" speedFactor="1.00" vaporized=""/>
    <tripinfo id="96" depart="99.80" departLane="wc_0" departPos="5.10" departSpeed="4.71" departDelay="27.80" arrival="231.00" arrivalLane="ce_0" arrivalPos="192.80" arrivalSpeed="10.00" duration="131.20" routeLength="394.90" waitingTime="4.30" waitingCount="43" stopTime="0.00" timeLoss="91.69" rerouteNo="0" devices="tripinfo_96" vType="typeCar@96" speedFactor="1.00" vaporized=""/>
    <tripinfo id="107" depart="159.30" departLane="nc_0" departPos="5.10" departSpeed="0.10" departDelay="81.30" arrival="232.60" arrivalLane="cs_0" arrivalPos="192.80" arrivalSpeed="10.00" duration="73.30" routeLength="394.90" waitingTime="3.00" waitingCount="20" stopTime="0.00" timeLoss="33.80" rerouteNo="0" devices="tripinfo_107" vType="typeCar@107" speedFactor="1.00" vaporized=""/>
    <tripinfo id="109" depart="168.60" departLane="nc_0" departPos="5.10" departSpeed="3.62" departDelay="89.60" arrival="233.60" arrivalLane="cs_0" arrivalPos="192.80" arrivalSpeed="10.00" duration="65.00" routeLength="394.90" waitingTime="1.20" waitingCount="12" stopTime="0.00" timeLoss="25.54" rerouteNo="0" devices="tripinfo_109" vType="typeCar@109" speedFactor="1.00" vaporized=""/>
    <tripinfo id="99" depart="104.10" departLane="wc_0" departPos="5.10" departSpeed="4.01" departDelay="30.10" arrival="235.20" arrivalLane="ce_0" arrivalPos="192.80" arrivalSpeed="10.00" duration="131.10" routeLength="394.90" waitingTime="4.10" waitingCount="41" stopTime="0.00" timeLoss="91.60" rerouteNo="0" devices="tripinfo_99" vType="typeCar@99" speedFactor="1.00" vaporized=""/>
    <tripinfo id="102" depart="105.60" departLane="wc_0" departPos="5.10" departSpeed="6.11" departDelay="29.60" arrival="236.20" arrivalLane="ce_0" arrivalPos="192.80" arrivalSpeed="10.00" duration="130.60" routeLength="394.90" waitingTime="5.70" waitingCount="57" stopTime="0.00" timeLoss="91.15" rerouteNo="0" devices="tripinfo_102" vType="typeCar@102" speedFactor="1.00" vaporized=""/>
    <tripinfo id="111" depart="170.40" departLane="nc_0" departPos="5.10" departSpeed="5.82" departDelay="90.40" arrival="237.90" arrivalLane="cs_0" arrivalPos="192.80" arrivalSpeed="10.00" duration="67.50" routeLength="394.90" waitingTime="1.30" waitingCount="13" stopTime="0.00" timeLoss="28.01" rerouteNo="0" devices="tripinfo_111" vType="typeCar@111" speedFactor="1.00" vaporized=""/>
    <tripinfo id="113" depart="171.50" departLane="nc_0" departPos="5.10" departSpeed="6.72" departDelay="89.50" arrival="239.00" arrivalLane="cs_0" arrivalPos="192.80" arrivalSpeed="10.00" duration="67.50" routeLength="394.90" waitingTime="1.60" waitingCount="16" stopTime="0.00" timeLoss="28.08" rerouteNo="0" devices="tripinfo_113" vType="typeCar@113" speedFactor="1.00" vaporized=""/>
    <tripinfo id="104" depart="106.60" departLane="wc_0" departPos="5.10" departSpeed="6.71" departDelay="29.60" arrival="240.60" arrivalLane="ce_0" arrivalPos="192.80" arrivalSpeed="10.00" duration="134.00" routeLength="394.90" waitingTime="5.90" waitingCount="59" stopTime="0.00" timeLoss="94.44" rerouteNo="0" devices="tripinfo_104" vType="typeCar@104" speedFactor="1.00" vaporized=""/>
    <tripinfo id="106" depart="110.00" departLane="wc_0" departPos="5.10" departSpeed="0.11" departDelay="32.00" arrival="241.60" arrivalLane="ce_0" arrivalPos="192.80" arrivalSpeed="10.00" duration="131.60" routeLength="394.90" waitingTime="7.10" waitingCount="58" stopTime="0.00" timeLoss="92.05" rerouteNo="0" devices="tripinfo_106" vType="typeCar@106" speedFactor="1.00" vaporized=""/>
    <tripinfo id="115" depart="173.30" departLane="nc_0" departPos="5.10" departSpeed="0.12" departDelay="90.30" arrival="243.20" arrivalLane="cs_0" arrivalPos="192.80" arrivalSpeed="10.00" duration="69.90" routeLength="394.90" waitingTime="3.00" waitingCount="17" stopTime="0.00" timeLoss="30.39" rerouteNo="0" devices="tripinfo_115" vType="typeCar@115" speedFactor="1.00" vaporized=""/>
    <tripinfo id="117" depart="184.10" departLane="nc_0" departPos="5.10" departSpeed="4.15" departDelay="100.10" arrival="244.30" arrivalLane="cs_0" arrivalPos="192.80" arrivalSpeed="10.00" duration="60.20" routeLength="394.90" waitingTime="0.60" waitingCount="6" stopTime="0.00" timeLoss="20.75" rerouteNo="0" devices="tripinfo_117" vType="typeCar@117" speedFactor="1.00" vaporized=""/>
    <tripinfo id="108" depart="120.80" departLane="wc_0" departPos="5.10" departSpeed="3.33" departDelay="41.80" arrival="245.90" arrivalLane="ce_0" arrivalPos="192.80" arrivalSpeed="10.00" duration="125.10" routeLength="394.90" waitingTime="5.80" waitingCount="58" stopTime="0.00" timeLoss="85.59" rerouteNo="0" devices="tripinfo_108" vType="typeCar@108" speedFactor="1.00" vaporized=""/>
    <tripinfo id="110" depart="124.30" departLane="wc_0" departPos="5.10" departSpeed="4.94" departDelay="44.30" arrival="246.90" arrivalLane="ce_0" arrivalPos="192.80" arrivalSpeed="10.00" duration="122.60" routeLength="394.90" waitingTime="5.90" waitingCount="59" stopTime="0.00" timeLoss="83.10" rerouteNo="0" devices="tripinfo_110" vType="typeCar@110" speedFactor="1.00" vaporized=""/>
    <tripinfo id="118" depart="185.60" departLane="nc_0" departPos="5.10" departSpeed="6.25" departDelay="100.60" arrival="248.50" arrivalLane="cs_0" arrivalPos="192.80" arrivalSpeed="10.00" duration="62.90" routeLength="394.90" waitingTime="0.70" waitingCount="7" stopTime="0.00" timeLoss="23.46" rerouteNo="0" devices="tripinfo_118" vType="typeCar@118" speedFactor="1.00" vaporized=""/>
    <tripinfo id="120" depart="186.60" departLane="nc_0" departPos="5.10" departSpeed="6.85" departDelay="100.60" arrival="249.60" arrivalLane="cs_0" arrivalPos="192.80" arrivalSpeed="10.00" duration="63.00" routeLength="394.90" waitingTime="0.80" waitingCount="8" stopTime="0.00" timeLoss="23.47" rerouteNo="0" devices="tripinfo_120" vType="typeCar@120" speedFactor="1.00" vaporized=""/>
    <tripinfo id="112" depart="125.60" departLane="wc_0" departPos="5.10" departSpeed="6.44" departDelay="44.60" arrival="251.20" arrivalLane="ce_0" arrivalPos="192.80" arrivalSpeed="10.00" duration="125.60" routeLength="394.90" waitingTime="5.40" waitingCount="54" stopTime="0.00" timeLoss="86.04" rerouteNo="0" devices="tripinfo_112" vType="typeCar@112" speedFactor="1.00" vaporized=""/>
    <tripinfo id="114" depart="126.60" departLane="wc_0" departPos="5.10" departSpeed="7.84" departDelay="43.60" arrival="252.20" arrivalLane="ce_0" arrivalPos="192.80" arrivalSpeed="10.00" duration="125.60" routeLength="394.90" waitingTime="6.70" waitingCount="67" stopTime="0.00" timeLoss="86.05" rerouteNo="0" devices="tripinfo_114" vType="typeCar@114" speedFactor="1.00" vaporized=""/>
    <tripinfo id="121" depart="188.60" departLane="nc_0" departPos="5.10" departSpeed="0.05" departDelay="101.60" arrival="253.70" arrivalLane="cs_0" arrivalPos="192.80" arrivalSpeed="10.00" duration="65.10" routeLength="394.90" waitingTime="2.20" waitingCount="10" stopTime="0.00" timeLoss="25.57" rerouteNo="0" devices="tripinfo_121" vType="typeCar@121" speedFactor="1.00" vaporized=""/>
    <tripinfo id="123" depart="194.00" departLane="nc_0" departPos="5.10" departSpeed="5.48" departDelay="106.00" arrival="254.90" arrivalLane="cs_0" arrivalPos="192.80" arrivalSpeed="10.00" duration="60.90" routeLength="394.90" waitingTime="0.60" waitingCount="6" stopTime="0.00" timeLoss="21.37" rerouteNo="0" devices="tripinfo_123" vType="typeCar@123" speedFactor="1.00" vaporized=""/>
    <tripinfo id="116" depart="127.80" departLane="wc_0" departPos="5.10" departSpeed="1.84" departDelay="43.80" arrival="256.40" arrivalLane="ce_0" arrivalPos="192.80" arrivalSpeed="10.00" duration="128.60" routeLength="394.90" waitingTime="7.10" waitingCount="68" stopTime="0.00" timeLoss="89.12" rerouteNo="0" devices="tripinfo_116" vType="typeCar@116" speedFactor="1.00" vaporized=""/>
    <tripinfo id="119" depart="139.70" departLane="wc_0" departPos="5.10" departSpeed="3.03" departDelay="53.70" arrival="257.50" arrivalLane="ce_0" arrivalPos="192.80" arrivalSpeed="10.00" duration="117.80" routeLength="394.90" waitingTime="5.70" waitingCount="57" stopTime="0.00" timeLoss="78.26" rerouteNo="0" devices="tripinfo_119" vType="typeCar@119" speedFactor="1.00" vaporized=""/>
    <tripinfo id="125" depart="195.20" departLane="nc_0" departPos="5.10" departSpeed="7.48" departDelay="106.20" arrival="259.00" arrivalLane="cs_0" arrivalPos="192.80" arrivalSpeed="10.00" duration="63.80" routeLength="394.90" waitingTime="0.50" waitingCount="5" stopTime="0.00" timeLoss="24.34" rerouteNo="0" devices="tripinfo_125" vType="typeCar@125" speedFactor="1.00" vaporized=""/>
    <tripinfo id="126" depart="196.10" departLane="nc_0" departPos="5.10" departSpeed="8.58" departDelay="106.10" arrival="260.10" arrivalLane="cs_0" arrivalPos="192.80" arrivalSpeed="10.00" duration="64.00" routeLength="394.90" waitingTime="0.80" waitingCount="8" stopTime="0.00" timeLoss="24.54" rerouteNo="0" devices="tripinfo_126" vType="typeCar@126" speedFactor="1.00" vaporized=""/>
    <tripinfo id="122" depart="141.70" departLane="wc_0" departPos="5.10" departSpeed="5.83" departDelay="53.70" arrival="261.60" arrivalLane="ce_0" arrivalPos="192.80" arrivalSpeed="10.00" duration="119.90" routeLength="394.90" waitingTime="5.30" waitingCount="53" stopTime="0.00" timeLoss="80.45" rerouteNo="0" devices="tripinfo_122" vType="typeCar@122" speedFactor="1.00" vaporized=""/>
    <tripinfo id="124" depart="144.90" departLane="wc_0" departPos="5.10" departSpeed="0.23" departDelay="55.90" arrival="262.80" arrivalLane="ce_0" arrivalPos="192.80" arrivalSpeed="10.00" duration="117.90" routeLength="394.90" waitingTime="6.30" waitingCount="59" stopTime="0.00" timeLoss="78.40" rerouteNo="0" devices="tripinfo_124" vType="typeCar@124" speedFactor="1.00" vaporized=""/>
    <tripinfo id="127" depart="196.80" departLane="nc_0" departPos="5.10" departSpeed="9.08" departDelay="105.80" arrival="264.40" arrivalLane="cs_0" arrivalPos="192.80" arrivalSpeed="10.00" duration="67.60" routeLength="394.90" waitingTime="0.80" waitingCount="8" stopTime="0.00" timeLoss="28.04" rerouteNo="0" devices="tripinfo_127" vType="typeCar@127" speedFactor="1.00" vaporized=""/>
    <tripinfo id="129" depart="197.60" departLane="nc_0" departPos="5.10" departSpeed="8.28" departDelay="105.60" arrival="265.40" arrivalLane="cs_0" arrivalPos="192.80" arrivalSpeed="10.00" duration="67.80" routeLength="394.90" waitingTime="1.30" waitingCount="13" stopTime="0.00" timeLoss="28.32" rerouteNo="0" devices="tripinfo_129" vType="typeCar@129" speedFactor="1.00" vaporized=""/>
    <tripinfo id="128" depart="147.90" departLane="wc_0" departPos="5.10" departSpeed="5.90" departDelay="55.90" arrival="267.00" arrivalLane="ce_0" arrivalPos="192.80" arrivalSpeed="10.00" duration="119.10" routeLength="394.90" waitingTime="6.60" waitingCount="66" stopTime="0.00" timeLoss="79.59" rerouteNo="0" devices="tripinfo_128" vType="typeCar@128" speedFactor="1.00" vaporized=""/>
    <tripinfo id="131" depart="152.90" departLane="wc_0" departPos="5.10" departSpeed="0.10" departDelay="58.90" arrival="268.10" arrivalLane="ce_0" arrivalPos="192.80" arrivalSpeed="10.00" duration="115.20" routeLength="394.90" waitingTime="7.30" waitingCount="63" stopTime="0.00" timeLoss="75.63" rerouteNo="0" devices="tripinfo_131" vType="typeCar@131" speedFactor="1.00" vaporized=""/>
    <tripinfo id="130" depart="198.50" departLane="nc_0" departPos="5.10" departSpeed="6.98" departDelay="105.50" arrival="269.60" arrivalLane="cs_0" arrivalPos="192.80" arrivalSpeed="10.00" duration="71.10" routeLength="394.90" waitingTime="1.30" waitingCount="13" stopTime="0.00" timeLoss="31.59" rerouteNo="0" devices="tripinfo_130" vType="typeCar@130" speedFactor="1.00" vaporized=""/>
    <tripinfo id="132" depart="199.50" departLane="nc_0" departPos="5.10" departSpeed="6.78" departDelay="105.50" arrival="270.70" arrivalLane="cs_0" arrivalPos="192.80" arrivalSpeed="10.00" duration="71.20" routeLength="394.90" waitingTime="1.60" waitingCount="16" stopTime="0.00" timeLoss="31.76" rerouteNo="0" devices="tripinfo_132" vType="typeCar@132" speedFactor="1.00" vaporized=""/>
    <tripinfo id="133" depart="158.40" departLane="wc_0" departPos="5.10" departSpeed="1.81" departDelay="63.40" arrival="272.30" arrivalLane="ce_0" arrivalPos="192.80" arrivalSpeed="10.00" duration="113.90" routeLength="394.90" waitingTime="6.40" waitingCount="61" stopTime="0.00" timeLoss="74.36" rerouteNo="0" devices="tripinfo_133" vType="typeCar@133" speedFactor="1.00" vaporized=""/>
    <tripinfo id="135" depart="166.60" departLane="wc_0" departPos="5.10" departSpeed="0.71" departDelay="70.60" arrival="273.30" arrivalLane="ce_0" arrivalPos="192.80" arrivalSpeed="10.00" duration="106.70" routeLength="394.90" waitingTime="6.50" waitingCount="57" stopTime="0.00" timeLoss="67.21" rerouteNo="0" devices="tripinfo_135" vType="typeCar@135" speedFactor="1.00" vaporized=""/>
    <tripinfo id="134" depart="200.80" departLane="nc_0" departPos="5.10" departSpeed="4.28" departDelay="105.80" arrival="274.80" arrivalLane="cs_0" arrivalPos="192.80" arrivalSpeed="10.00" duration="74.00" routeLength="394.90" waitingTime="1.90" waitingCount="19" stopTime="0.00" timeLoss="34.53" rerouteNo="0" devices="tripinfo_134" vType="typeCar@134" speedFactor="1.00" vaporized=""/>
    <tripinfo id="137" depart="204.90" departLane="nc_0" departPos="5.10" departSpeed="4.58" departDelay="106.90" arrival="275.90" arrivalLane="cs_0" arrivalPos="192.80" arrivalSpeed="10.00" duration="71.00" routeLength="394.90" waitingTime="1.70" waitingCount="17" stopTime="0.00" timeLoss="31.55" rerouteNo="0" devices="tripinfo_137" vType="typeCar@137" speedFactor="1.00" vaporized=""/>
    <tripinfo id="136" depart="170.90" departLane="wc_0" departPos="5.10" departSpeed="5.89" departDelay="73.90" arrival="277.50" arrivalLane="ce_0" arrivalPos="192.80" arrivalSpeed="10.00" duration="106.60" routeLength="394.90" waitingTime="5.60" waitingCount="56" stopTime="0.00" timeLoss="67.11" rerouteNo="0" devices="tripinfo_136" vType="typeCar@136" speedFactor="1.00" vaporized=""/>
</tripinfos>
