<?xml version="1.0" encoding="UTF-8"?>

<!-- generated on 2022-11-30 12:24:04 by Eclipse SUMO sumo Version 1.14.1
<configuration xmlns:xsi="http://www.w3.org/2001/XMLSchema-instance" xsi:noNamespaceSchemaLocation="http://sumo.dlr.de/xsd/sumoConfiguration.xsd">

    <input>
        <net-file value="net.net.xml"/>
        <route-files value="routes.rou.xml"/>
    </input>

    <output>
        <tripinfo-output value="raw_data/(8,7,0)tripinfo.xml"/>
    </output>

    <time>
        <begin value="0"/>
        <step-length value="0.1"/>
    </time>

    <processing>
        <extrapolate-departpos value="true"/>
        <route-steps value="0"/>
        <ignore-route-errors value="true"/>
        <collision.action value="warn"/>
        <collision.stoptime value="1"/>
        <collision.mingap-factor value="0.1"/>
    </processing>

    <report>
        <verbose value="false"/>
        <log value="log.txt"/>
        <duration-log.statistics value="true"/>
        <no-step-log value="true"/>
    </report>

    <traci_server>
        <remote-port value="62938"/>
    </traci_server>

    <gui_only>
        <quit-on-end value="true"/>
        <start value="true"/>
    </gui_only>

</configuration>
-->

<tripinfos xmlns:xsi="http://www.w3.org/2001/XMLSchema-instance" xsi:noNamespaceSchemaLocation="http://sumo.dlr.de/xsd/tripinfo_file.xsd">
    <tripinfo id="1" depart="0.00" departLane="nc_0" departPos="5.10" departSpeed="10.00" departDelay="0.00" arrival="39.50" arrivalLane="cs_0" arrivalPos="192.80" arrivalSpeed="10.00" duration="39.50" routeLength="394.90" waitingTime="0.00" waitingCount="0" stopTime="0.00" timeLoss="0.00" rerouteNo="0" devices="tripinfo_1" vType="typeCar@1" speedFactor="1.00" vaporized=""/>
    <tripinfo id="3" depart="1.00" departLane="nc_0" departPos="5.10" departSpeed="10.00" departDelay="0.00" arrival="40.50" arrivalLane="cs_0" arrivalPos="192.80" arrivalSpeed="10.00" duration="39.50" routeLength="394.90" waitingTime="0.00" waitingCount="0" stopTime="0.00" timeLoss="0.00" rerouteNo="0" devices="tripinfo_3" vType="typeCar@3" speedFactor="1.00" vaporized=""/>
    <tripinfo id="4" depart="2.00" departLane="nc_0" departPos="5.10" departSpeed="10.00" departDelay="0.00" arrival="41.50" arrivalLane="cs_0" arrivalPos="192.80" arrivalSpeed="10.00" duration="39.50" routeLength="394.90" waitingTime="0.00" waitingCount="0" stopTime="0.00" timeLoss="0.00" rerouteNo="0" devices="tripinfo_4" vType="typeCar@4" speedFactor="1.00" vaporized=""/>
    <tripinfo id="5" depart="3.00" departLane="nc_0" departPos="5.10" departSpeed="10.00" departDelay="0.00" arrival="42.50" arrivalLane="cs_0" arrivalPos="192.80" arrivalSpeed="10.00" duration="39.50" routeLength="394.90" waitingTime="0.00" waitingCount="0" stopTime="0.00" timeLoss="0.00" rerouteNo="0" devices="tripinfo_5" vType="typeCar@5" speedFactor="1.00" vaporized=""/>
    <tripinfo id="7" depart="4.00" departLane="nc_0" departPos="5.10" departSpeed="10.00" departDelay="0.00" arrival="43.50" arrivalLane="cs_0" arrivalPos="192.80" arrivalSpeed="10.00" duration="39.50" routeLength="394.90" waitingTime="0.00" waitingCount="0" stopTime="0.00" timeLoss="0.00" rerouteNo="0" devices="tripinfo_7" vType="typeCar@7" speedFactor="1.00" vaporized=""/>
    <tripinfo id="9" depart="5.00" departLane="nc_0" departPos="5.10" departSpeed="10.00" departDelay="0.00" arrival="44.50" arrivalLane="cs_0" arrivalPos="192.80" arrivalSpeed="10.00" duration="39.50" routeLength="394.90" waitingTime="0.00" waitingCount="0" stopTime="0.00" timeLoss="0.00" rerouteNo="0" devices="tripinfo_9" vType="typeCar@9" speedFactor="1.00" vaporized=""/>
    <tripinfo id="11" depart="6.00" departLane="nc_0" departPos="5.10" departSpeed="10.00" departDelay="0.00" arrival="45.50" arrivalLane="cs_0" arrivalPos="192.80" arrivalSpeed="10.00" duration="39.50" routeLength="394.90" waitingTime="0.00" waitingCount="0" stopTime="0.00" timeLoss="0.00" rerouteNo="0" devices="tripinfo_11" vType="typeCar@11" speedFactor="1.00" vaporized=""/>
    <tripinfo id="13" depart="7.00" departLane="nc_0" departPos="5.10" departSpeed="10.00" departDelay="0.00" arrival="46.50" arrivalLane="cs_0" arrivalPos="192.80" arrivalSpeed="10.00" duration="39.50" routeLength="394.90" waitingTime="0.00" waitingCount="0" stopTime="0.00" timeLoss="0.00" rerouteNo="0" devices="tripinfo_13" vType="typeCar@13" speedFactor="1.00" vaporized=""/>
    <tripinfo id="0" depart="0.00" departLane="wc_0" departPos="5.10" departSpeed="10.00" departDelay="0.00" arrival="49.30" arrivalLane="ce_0" arrivalPos="192.80" arrivalSpeed="10.00" duration="49.30" routeLength="394.90" waitingTime="0.00" waitingCount="0" stopTime="0.00" timeLoss="9.73" rerouteNo="0" devices="tripinfo_0" vType="typeCar@0" speedFactor="1.00" vaporized=""/>
    <tripinfo id="15" depart="8.00" departLane="nc_0" departPos="5.10" departSpeed="10.00" departDelay="0.00" arrival="52.10" arrivalLane="cs_0" arrivalPos="192.80" arrivalSpeed="10.00" duration="44.10" routeLength="394.90" waitingTime="1.80" waitingCount="1" stopTime="0.00" timeLoss="4.60" rerouteNo="0" devices="tripinfo_15" vType="typeCar@15" speedFactor="1.00" vaporized=""/>
    <tripinfo id="16" depart="9.00" departLane="nc_0" departPos="5.10" departSpeed="10.00" departDelay="0.00" arrival="53.20" arrivalLane="cs_0" arrivalPos="192.80" arrivalSpeed="10.00" duration="44.20" routeLength="394.90" waitingTime="0.00" waitingCount="0" stopTime="0.00" timeLoss="4.64" rerouteNo="0" devices="tripinfo_16" vType="typeCar@16" speedFactor="1.00" vaporized=""/>
    <tripinfo id="17" depart="10.00" departLane="nc_0" departPos="5.10" departSpeed="10.00" departDelay="0.00" arrival="55.20" arrivalLane="cs_0" arrivalPos="192.80" arrivalSpeed="10.00" duration="45.20" routeLength="394.90" waitingTime="0.00" waitingCount="0" stopTime="0.00" timeLoss="5.67" rerouteNo="0" devices="tripinfo_17" vType="typeCar@17" speedFactor="1.00" vaporized=""/>
    <tripinfo id="2" depart="1.00" departLane="wc_0" departPos="5.10" departSpeed="10.00" departDelay="0.00" arrival="57.30" arrivalLane="ce_0" arrivalPos="192.80" arrivalSpeed="10.00" duration="56.30" routeLength="394.90" waitingTime="0.00" waitingCount="0" stopTime="0.00" timeLoss="16.78" rerouteNo="0" devices="tripinfo_2" vType="typeCar@2" speedFactor="1.00" vaporized=""/>
    <tripinfo id="19" depart="11.00" departLane="nc_0" departPos="5.10" departSpeed="10.00" departDelay="0.00" arrival="60.20" arrivalLane="cs_0" arrivalPos="192.80" arrivalSpeed="10.00" duration="49.20" routeLength="394.90" waitingTime="0.00" waitingCount="0" stopTime="0.00" timeLoss="9.67" rerouteNo="0" devices="tripinfo_19" vType="typeCar@19" speedFactor="1.00" vaporized=""/>
    <tripinfo id="20" depart="12.00" departLane="nc_0" departPos="5.10" departSpeed="10.00" departDelay="0.00" arrival="62.50" arrivalLane="cs_0" arrivalPos="192.80" arrivalSpeed="10.00" duration="50.50" routeLength="394.90" waitingTime="0.00" waitingCount="0" stopTime="0.00" timeLoss="10.94" rerouteNo="0" devices="tripinfo_20" vType="typeCar@20" speedFactor="1.00" vaporized=""/>
    <tripinfo id="6" depart="4.00" departLane="wc_0" departPos="5.10" departSpeed="10.00" departDelay="0.00" arrival="63.10" arrivalLane="ce_0" arrivalPos="192.80" arrivalSpeed="10.00" duration="59.10" routeLength="394.90" waitingTime="0.20" waitingCount="2" stopTime="0.00" timeLoss="19.57" rerouteNo="0" devices="tripinfo_6" vType="typeCar@6" speedFactor="1.00" vaporized=""/>
    <tripinfo id="8" depart="5.00" departLane="wc_0" departPos="5.10" departSpeed="10.00" departDelay="0.00" arrival="68.60" arrivalLane="ce_0" arrivalPos="192.80" arrivalSpeed="10.00" duration="63.60" routeLength="394.90" waitingTime="0.20" waitingCount="2" stopTime="0.00" timeLoss="24.10" rerouteNo="0" devices="tripinfo_8" vType="typeCar@8" speedFactor="1.00" vaporized=""/>
    <tripinfo id="10" depart="6.00" departLane="wc_0" departPos="5.10" departSpeed="10.00" departDelay="0.00" arrival="69.70" arrivalLane="ce_0" arrivalPos="192.80" arrivalSpeed="10.00" duration="63.70" routeLength="394.90" waitingTime="0.30" waitingCount="3" stopTime="0.00" timeLoss="24.18" rerouteNo="0" devices="tripinfo_10" vType="typeCar@10" speedFactor="1.00" vaporized=""/>
    <tripinfo id="22" depart="13.00" departLane="nc_0" departPos="5.10" departSpeed="10.00" departDelay="0.00" arrival="71.20" arrivalLane="cs_0" arrivalPos="192.80" arrivalSpeed="10.00" duration="58.20" routeLength="394.90" waitingTime="0.00" waitingCount="0" stopTime="0.00" timeLoss="18.71" rerouteNo="0" devices="tripinfo_22" vType="typeCar@22" speedFactor="1.00" vaporized=""/>
    <tripinfo id="23" depart="14.00" departLane="nc_0" departPos="5.10" departSpeed="10.00" departDelay="0.00" arrival="72.50" arrivalLane="cs_0" arrivalPos="192.80" arrivalSpeed="10.00" duration="58.50" routeLength="394.90" waitingTime="0.00" waitingCount="0" stopTime="0.00" timeLoss="19.00" rerouteNo="0" devices="tripinfo_23" vType="typeCar@23" speedFactor="1.00" vaporized=""/>
    <tripinfo id="24" depart="15.00" departLane="nc_0" departPos="5.10" departSpeed="10.00" departDelay="0.00" arrival="80.10" arrivalLane="cs_0" arrivalPos="192.80" arrivalSpeed="10.00" duration="65.10" routeLength="394.90" waitingTime="0.00" waitingCount="0" stopTime="0.00" timeLoss="25.59" rerouteNo="0" devices="tripinfo_24" vType="typeCar@24" speedFactor="1.00" vaporized=""/>
    <tripinfo id="27" depart="17.00" departLane="nc_0" departPos="5.10" departSpeed="10.00" departDelay="0.00" arrival="81.20" arrivalLane="cs_0" arrivalPos="192.80" arrivalSpeed="10.00" duration="64.20" routeLength="394.90" waitingTime="0.10" waitingCount="1" stopTime="0.00" timeLoss="24.66" rerouteNo="0" devices="tripinfo_27" vType="typeCar@27" speedFactor="1.00" vaporized=""/>
    <tripinfo id="12" depart="7.00" departLane="wc_0" departPos="5.10" departSpeed="10.00" departDelay="0.00" arrival="82.80" arrivalLane="ce_0" arrivalPos="192.80" arrivalSpeed="10.00" duration="75.80" routeLength="394.90" waitingTime="0.30" waitingCount="3" stopTime="0.00" timeLoss="36.23" rerouteNo="0" devices="tripinfo_12" vType="typeCar@12" speedFactor="1.00" vaporized=""/>
    <tripinfo id="14" depart="8.00" departLane="wc_0" departPos="5.10" departSpeed="10.00" departDelay="0.00" arrival="83.80" arrivalLane="ce_0" arrivalPos="192.80" arrivalSpeed="10.00" duration="75.80" routeLength="394.90" waitingTime="0.30" waitingCount="3" stopTime="0.00" timeLoss="36.28" rerouteNo="0" devices="tripinfo_14" vType="typeCar@14" speedFactor="1.00" vaporized=""/>
    <tripinfo id="28" depart="18.00" departLane="nc_0" departPos="5.10" departSpeed="10.00" departDelay="0.00" arrival="85.30" arrivalLane="cs_0" arrivalPos="192.80" arrivalSpeed="10.00" duration="67.30" routeLength="394.90" waitingTime="0.50" waitingCount="5" stopTime="0.00" timeLoss="27.80" rerouteNo="0" devices="tripinfo_28" vType="typeCar@28" speedFactor="1.00" vaporized=""/>
    <tripinfo id="29" depart="19.00" departLane="nc_0" departPos="5.10" departSpeed="10.00" departDelay="0.00" arrival="87.30" arrivalLane="cs_0" arrivalPos="192.80" arrivalSpeed="10.00" duration="68.30" routeLength="394.90" waitingTime="0.60" waitingCount="6" stopTime="0.00" timeLoss="28.75" rerouteNo="0" devices="tripinfo_29" vType="typeCar@29" speedFactor="1.00" vaporized=""/>
    <tripinfo id="18" depart="11.00" departLane="wc_0" departPos="5.10" departSpeed="10.00" departDelay="0.00" arrival="94.40" arrivalLane="ce_0" arrivalPos="192.80" arrivalSpeed="10.00" duration="83.40" routeLength="394.90" waitingTime="0.30" waitingCount="3" stopTime="0.00" timeLoss="43.85" rerouteNo="0" devices="tripinfo_18" vType="typeCar@18" speedFactor="1.00" vaporized=""/>
    <tripinfo id="21" depart="13.00" departLane="wc_0" departPos="5.10" departSpeed="10.00" departDelay="0.00" arrival="96.10" arrivalLane="ce_0" arrivalPos="192.80" arrivalSpeed="10.00" duration="83.10" routeLength="394.90" waitingTime="0.60" waitingCount="6" stopTime="0.00" timeLoss="43.54" rerouteNo="0" devices="tripinfo_21" vType="typeCar@21" speedFactor="1.00" vaporized=""/>
    <tripinfo id="30" depart="20.00" departLane="nc_0" departPos="5.10" departSpeed="10.00" departDelay="0.00" arrival="97.70" arrivalLane="cs_0" arrivalPos="192.80" arrivalSpeed="10.00" duration="77.70" routeLength="394.90" waitingTime="0.90" waitingCount="9" stopTime="0.00" timeLoss="38.19" rerouteNo="0" devices="tripinfo_30" vType="typeCar@30" speedFactor="1.00" vaporized=""/>
    <tripinfo id="32" depart="21.00" departLane="nc_0" departPos="5.10" departSpeed="10.00" departDelay="0.00" arrival="98.70" arrivalLane="cs_0" arrivalPos="192.80" arrivalSpeed="10.00" duration="77.70" routeLength="394.90" waitingTime="1.40" waitingCount="14" stopTime="0.00" timeLoss="38.15" rerouteNo="0" devices="tripinfo_32" vType="typeCar@32" speedFactor="1.00" vaporized=""/>
    <tripinfo id="25" depart="16.00" departLane="wc_0" departPos="5.10" departSpeed="10.00" departDelay="0.00" arrival="100.30" arrivalLane="ce_0" arrivalPos="192.80" arrivalSpeed="10.00" duration="84.30" routeLength="394.90" waitingTime="0.90" waitingCount="9" stopTime="0.00" timeLoss="44.72" rerouteNo="0" devices="tripinfo_25" vType="typeCar@25" speedFactor="1.00" vaporized=""/>
    <tripinfo id="26" depart="17.00" departLane="wc_0" departPos="5.10" departSpeed="10.00" departDelay="0.00" arrival="101.30" arrivalLane="ce_0" arrivalPos="192.80" arrivalSpeed="10.00" duration="84.30" routeLength="394.90" waitingTime="1.00" waitingCount="10" stopTime="0.00" timeLoss="44.78" rerouteNo="0" devices="tripinfo_26" vType="typeCar@26" speedFactor="1.00" vaporized=""/>
    <tripinfo id="34" depart="22.00" departLane="nc_0" departPos="5.10" departSpeed="10.00" departDelay="0.00" arrival="105.00" arrivalLane="cs_0" arrivalPos="192.80" arrivalSpeed="10.00" duration="83.00" routeLength="394.90" waitingTime="1.50" waitingCount="15" stopTime="0.00" timeLoss="43.50" rerouteNo="0" devices="tripinfo_34" vType="typeCar@34" speedFactor="1.00" vaporized=""/>
    <tripinfo id="36" depart="23.00" departLane="nc_0" departPos="5.10" departSpeed="10.00" departDelay="0.00" arrival="106.10" arrivalLane="cs_0" arrivalPos="192.80" arrivalSpeed="10.00" duration="83.10" routeLength="394.90" waitingTime="1.70" waitingCount="17" stopTime="0.00" timeLoss="43.62" rerouteNo="0" devices="tripinfo_36" vType="typeCar@36" speedFactor="1.00" vaporized=""/>
    <tripinfo id="31" depart="21.00" departLane="wc_0" departPos="5.10" departSpeed="10.00" departDelay="0.00" arrival="107.70" arrivalLane="ce_0" arrivalPos="192.80" arrivalSpeed="10.00" duration="86.70" routeLength="394.90" waitingTime="1.00" waitingCount="10" stopTime="0.00" timeLoss="47.16" rerouteNo="0" devices="tripinfo_31" vType="typeCar@31" speedFactor="1.00" vaporized=""/>
    <tripinfo id="38" depart="24.00" departLane="nc_0" departPos="5.10" departSpeed="10.00" departDelay="0.00" arrival="110.30" arrivalLane="cs_0" arrivalPos="192.80" arrivalSpeed="10.00" duration="86.30" routeLength="394.90" waitingTime="1.90" waitingCount="19" stopTime="0.00" timeLoss="46.74" rerouteNo="0" devices="tripinfo_38" vType="typeCar@38" speedFactor="1.00" vaporized=""/>
    <tripinfo id="40" depart="25.00" departLane="nc_0" departPos="5.10" departSpeed="10.00" departDelay="0.00" arrival="112.00" arrivalLane="cs_0" arrivalPos="192.80" arrivalSpeed="10.00" duration="87.00" routeLength="394.90" waitingTime="2.00" waitingCount="20" stopTime="0.00" timeLoss="47.44" rerouteNo="0" devices="tripinfo_40" vType="typeCar@40" speedFactor="1.00" vaporized=""/>
    <tripinfo id="33" depart="22.00" departLane="wc_0" departPos="5.10" departSpeed="10.00" departDelay="0.00" arrival="118.10" arrivalLane="ce_0" arrivalPos="192.80" arrivalSpeed="10.00" duration="96.10" routeLength="394.90" waitingTime="1.20" waitingCount="12" stopTime="0.00" timeLoss="56.59" rerouteNo="0" devices="tripinfo_33" vType="typeCar@33" speedFactor="1.00" vaporized=""/>
    <tripinfo id="35" depart="23.00" departLane="wc_0" departPos="5.10" departSpeed="10.00" departDelay="0.00" arrival="119.00" arrivalLane="ce_0" arrivalPos="192.80" arrivalSpeed="10.00" duration="96.00" routeLength="394.90" waitingTime="1.50" waitingCount="15" stopTime="0.00" timeLoss="56.47" rerouteNo="0" devices="tripinfo_35" vType="typeCar@35" speedFactor="1.00" vaporized=""/>
    <tripinfo id="43" depart="27.00" departLane="nc_0" departPos="5.10" departSpeed="10.00" departDelay="0.00" arrival="121.10" arrivalLane="cs_0" arrivalPos="192.80" arrivalSpeed="10.00" duration="94.10" routeLength="394.90" waitingTime="2.00" waitingCount="20" stopTime="0.00" timeLoss="54.58" rerouteNo="0" devices="tripinfo_43" vType="typeCar@43" speedFactor="1.00" vaporized=""/>
    <tripinfo id="37" depart="24.00" departLane="wc_0" departPos="5.10" departSpeed="10.00" departDelay="0.00" arrival="124.40" arrivalLane="ce_0" arrivalPos="192.80" arrivalSpeed="10.00" duration="100.40" routeLength="394.90" waitingTime="1.90" waitingCount="19" stopTime="0.00" timeLoss="60.88" rerouteNo="0" devices="tripinfo_37" vType="typeCar@37" speedFactor="1.00" vaporized=""/>
    <tripinfo id="45" depart="28.00" departLane="nc_0" departPos="5.10" departSpeed="10.00" departDelay="0.00" arrival="124.60" arrivalLane="cs_0" arrivalPos="192.80" arrivalSpeed="10.00" duration="96.60" routeLength="394.90" waitingTime="2.40" waitingCount="24" stopTime="0.00" timeLoss="57.12" rerouteNo="0" devices="tripinfo_45" vType="typeCar@45" speedFactor="1.00" vaporized=""/>
    <tripinfo id="39" depart="25.00" departLane="wc_0" departPos="5.10" departSpeed="10.00" departDelay="0.00" arrival="129.40" arrivalLane="ce_0" arrivalPos="192.80" arrivalSpeed="10.00" duration="104.40" routeLength="394.90" waitingTime="2.00" waitingCount="20" stopTime="0.00" timeLoss="64.86" rerouteNo="0" devices="tripinfo_39" vType="typeCar@39" speedFactor="1.00" vaporized=""/>
    <tripinfo id="47" depart="29.00" departLane="nc_0" departPos="5.10" departSpeed="10.00" departDelay="0.00" arrival="132.20" arrivalLane="cs_0" arrivalPos="192.80" arrivalSpeed="10.00" duration="103.20" routeLength="394.90" waitingTime="2.80" waitingCount="28" stopTime="0.00" timeLoss="63.63" rerouteNo="0" devices="tripinfo_47" vType="typeCar@47" speedFactor="1.00" vaporized=""/>
    <tripinfo id="48" depart="30.00" departLane="nc_0" departPos="5.10" departSpeed="10.00" departDelay="0.00" arrival="135.00" arrivalLane="cs_0" arrivalPos="192.80" arrivalSpeed="10.00" duration="105.00" routeLength="394.90" waitingTime="3.20" waitingCount="32" stopTime="0.00" timeLoss="65.50" rerouteNo="0" devices="tripinfo_48" vType="typeCar@48" speedFactor="1.00" vaporized=""/>
    <tripinfo id="41" depart="26.00" departLane="wc_0" departPos="5.10" departSpeed="10.00" departDelay="0.00" arrival="135.30" arrivalLane="ce_0" arrivalPos="192.80" arrivalSpeed="10.00" duration="109.30" routeLength="394.90" waitingTime="2.10" waitingCount="21" stopTime="0.00" timeLoss="69.77" rerouteNo="0" devices="tripinfo_41" vType="typeCar@41" speedFactor="1.00" vaporized=""/>
    <tripinfo id="42" depart="27.00" departLane="wc_0" departPos="5.10" departSpeed="10.00" departDelay="0.00" arrival="140.30" arrivalLane="ce_0" arrivalPos="192.80" arrivalSpeed="10.00" duration="113.30" routeLength="394.90" waitingTime="2.40" waitingCount="24" stopTime="0.00" timeLoss="73.80" rerouteNo="0" devices="tripinfo_42" vType="typeCar@42" speedFactor="1.00" vaporized=""/>
    <tripinfo id="44" depart="28.00" departLane="wc_0" departPos="5.10" departSpeed="10.00" departDelay="0.00" arrival="141.30" arrivalLane="ce_0" arrivalPos="192.80" arrivalSpeed="10.00" duration="113.30" routeLength="394.90" waitingTime="2.60" waitingCount="26" stopTime="0.00" timeLoss="73.76" rerouteNo="0" devices="tripinfo_44" vType="typeCar@44" speedFactor="1.00" vaporized=""/>
    <tripinfo id="50" depart="31.00" departLane="nc_0" departPos="5.10" departSpeed="10.00" departDelay="0.00" arrival="143.00" arrivalLane="cs_0" arrivalPos="192.80" arrivalSpeed="10.00" duration="112.00" routeLength="394.90" waitingTime="3.40" waitingCount="34" stopTime="0.00" timeLoss="72.42" rerouteNo="0" devices="tripinfo_50" vType="typeCar@50" speedFactor="1.00" vaporized=""/>
    <tripinfo id="51" depart="32.00" departLane="nc_0" departPos="5.10" departSpeed="10.00" departDelay="0.00" arrival="145.00" arrivalLane="cs_0" arrivalPos="192.80" arrivalSpeed="10.00" duration="113.00" routeLength="394.90" waitingTime="3.60" waitingCount="36" stopTime="0.00" timeLoss="73.43" rerouteNo="0" devices="tripinfo_51" vType="typeCar@51" speedFactor="1.00" vaporized=""/>
    <tripinfo id="46" depart="29.00" departLane="wc_0" departPos="5.10" departSpeed="10.00" departDelay="0.00" arrival="150.60" arrivalLane="ce_0" arrivalPos="192.80" arrivalSpeed="10.00" duration="121.60" routeLength="394.90" waitingTime="2.90" waitingCount="29" stopTime="0.00" timeLoss="82.04" rerouteNo="0" devices="tripinfo_46" vType="typeCar@46" speedFactor="1.00" vaporized=""/>
    <tripinfo id="53" depart="33.00" departLane="nc_0" departPos="5.10" departSpeed="8.00" departDelay="0.00" arrival="152.10" arrivalLane="cs_0" arrivalPos="192.80" arrivalSpeed="10.00" duration="119.10" routeLength="394.90" waitingTime="3.10" waitingCount="31" stopTime="0.00" timeLoss="79.55" rerouteNo="0" devices="tripinfo_53" vType="typeCar@53" speedFactor="1.00" vaporized=""/>
    <tripinfo id="55" depart="34.00" departLane="nc_0" departPos="5.10" departSpeed="4.60" departDelay="0.00" arrival="153.10" arrivalLane="cs_0" arrivalPos="192.80" arrivalSpeed="10.00" duration="119.10" routeLength="394.90" waitingTime="4.00" waitingCount="40" stopTime="0.00" timeLoss="79.58" rerouteNo="0" devices="tripinfo_55" vType="typeCar@55" speedFactor="1.00" vaporized=""/>
    <tripinfo id="49" depart="31.00" departLane="wc_0" departPos="5.10" departSpeed="10.00" departDelay="0.00" arrival="156.40" arrivalLane="ce_0" arrivalPos="192.80" arrivalSpeed="10.00" duration="125.40" routeLength="394.90" waitingTime="2.10" waitingCount="21" stopTime="0.00" timeLoss="85.82" rerouteNo="0" devices="tripinfo_49" vType="typeCar@49" speedFactor="1.00" vaporized=""/>
    <tripinfo id="52" depart="33.00" departLane="wc_0" departPos="5.10" departSpeed="6.50" departDelay="0.00" arrival="157.40" arrivalLane="ce_0" arrivalPos="192.80" arrivalSpeed="10.00" duration="124.40" routeLength="394.90" waitingTime="2.70" waitingCount="27" stopTime="0.00" timeLoss="84.86" rerouteNo="0" devices="tripinfo_52" vType="typeCar@52" speedFactor="1.00" vaporized=""/>
    <tripinfo id="57" depart="37.30" departLane="nc_0" departPos="5.10" departSpeed="4.10" departDelay="1.30" arrival="158.90" arrivalLane="cs_0" arrivalPos="192.80" arrivalSpeed="10.00" duration="121.60" routeLength="394.90" waitingTime="3.70" waitingCount="37" stopTime="0.00" timeLoss="82.13" rerouteNo="0" devices="tripinfo_57" vType="typeCar@57" speedFactor="1.00" vaporized=""/>
    <tripinfo id="59" depart="42.40" departLane="nc_0" departPos="5.10" departSpeed="1.80" departDelay="5.40" arrival="160.50" arrivalLane="cs_0" arrivalPos="192.80" arrivalSpeed="10.00" duration="118.10" routeLength="394.90" waitingTime="4.50" waitingCount="44" stopTime="0.00" timeLoss="78.58" rerouteNo="0" devices="tripinfo_59" vType="typeCar@59" speedFactor="1.00" vaporized=""/>
    <tripinfo id="60" depart="50.00" departLane="nc_0" departPos="5.10" departSpeed="0.22" departDelay="12.00" arrival="162.80" arrivalLane="cs_0" arrivalPos="192.80" arrivalSpeed="10.00" duration="112.80" routeLength="394.90" waitingTime="4.50" waitingCount="39" stopTime="0.00" timeLoss="73.25" rerouteNo="0" devices="tripinfo_60" vType="typeCar@60" speedFactor="1.00" vaporized=""/>
    <tripinfo id="54" depart="34.00" departLane="wc_0" departPos="5.10" departSpeed="8.70" departDelay="0.00" arrival="164.30" arrivalLane="ce_0" arrivalPos="192.80" arrivalSpeed="10.00" duration="130.30" routeLength="394.90" waitingTime="3.10" waitingCount="31" stopTime="0.00" timeLoss="90.79" rerouteNo="0" devices="tripinfo_54" vType="typeCar@54" speedFactor="1.00" vaporized=""/>
    <tripinfo id="56" depart="35.00" departLane="wc_0" departPos="5.10" departSpeed="4.50" departDelay="0.00" arrival="165.40" arrivalLane="ce_0" arrivalPos="192.80" arrivalSpeed="10.00" duration="130.40" routeLength="394.90" waitingTime="3.60" waitingCount="36" stopTime="0.00" timeLoss="90.83" rerouteNo="0" devices="tripinfo_56" vType="typeCar@56" speedFactor="1.00" vaporized=""/>
    <tripinfo id="62" depart="54.50" departLane="nc_0" departPos="5.10" departSpeed="5.80" departDelay="15.50" arrival="169.30" arrivalLane="cs_0" arrivalPos="192.80" arrivalSpeed="10.00" duration="114.80" routeLength="394.90" waitingTime="4.20" waitingCount="42" stopTime="0.00" timeLoss="75.31" rerouteNo="0" devices="tripinfo_62" vType="typeCar@62" speedFactor="1.00" vaporized=""/>
    <tripinfo id="64" depart="55.60" departLane="nc_0" departPos="5.10" departSpeed="7.50" departDelay="15.60" arrival="171.10" arrivalLane="cs_0" arrivalPos="192.80" arrivalSpeed="10.00" duration="115.50" routeLength="394.90" waitingTime="5.00" waitingCount="50" stopTime="0.00" timeLoss="76.01" rerouteNo="0" devices="tripinfo_64" vType="typeCar@64" speedFactor="1.00" vaporized=""/>
    <tripinfo id="58" depart="40.10" departLane="wc_0" departPos="5.10" departSpeed="3.00" departDelay="3.10" arrival="176.00" arrivalLane="ce_0" arrivalPos="192.80" arrivalSpeed="10.00" duration="135.90" routeLength="394.90" waitingTime="3.80" waitingCount="38" stopTime="0.00" timeLoss="96.38" rerouteNo="0" devices="tripinfo_58" vType="typeCar@58" speedFactor="1.00" vaporized=""/>
    <tripinfo id="61" depart="45.50" departLane="wc_0" departPos="5.10" departSpeed="0.00" departDelay="6.50" arrival="178.50" arrivalLane="ce_0" arrivalPos="192.80" arrivalSpeed="10.00" duration="133.00" routeLength="394.90" waitingTime="4.20" waitingCount="37" stopTime="0.00" timeLoss="93.50" rerouteNo="0" devices="tripinfo_61" vType="typeCar@61" speedFactor="1.00" vaporized=""/>
    <tripinfo id="67" depart="56.70" departLane="nc_0" departPos="5.10" departSpeed="2.00" departDelay="14.70" arrival="180.10" arrivalLane="cs_0" arrivalPos="192.80" arrivalSpeed="10.00" duration="123.40" routeLength="394.90" waitingTime="5.60" waitingCount="54" stopTime="0.00" timeLoss="83.88" rerouteNo="0" devices="tripinfo_67" vType="typeCar@67" speedFactor="1.00" vaporized=""/>
    <tripinfo id="68" depart="66.70" departLane="nc_0" departPos="5.10" departSpeed="3.35" departDelay="23.70" arrival="181.10" arrivalLane="cs_0" arrivalPos="192.80" arrivalSpeed="10.00" duration="114.40" routeLength="394.90" waitingTime="3.80" waitingCount="38" stopTime="0.00" timeLoss="74.83" rerouteNo="0" devices="tripinfo_68" vType="typeCar@68" speedFactor="1.00" vaporized=""/>
    <tripinfo id="70" depart="68.60" departLane="nc_0" departPos="5.10" departSpeed="5.85" departDelay="24.60" arrival="183.30" arrivalLane="cs_0" arrivalPos="192.80" arrivalSpeed="10.00" duration="114.70" routeLength="394.90" waitingTime="4.20" waitingCount="42" stopTime="0.00" timeLoss="75.23" rerouteNo="0" devices="tripinfo_70" vType="typeCar@70" speedFactor="1.00" vaporized=""/>
    <tripinfo id="63" depart="51.30" departLane="wc_0" departPos="5.10" departSpeed="3.10" departDelay="11.30" arrival="184.80" arrivalLane="ce_0" arrivalPos="192.80" arrivalSpeed="10.00" duration="133.50" routeLength="394.90" waitingTime="3.70" waitingCount="37" stopTime="0.00" timeLoss="94.02" rerouteNo="0" devices="tripinfo_63" vType="typeCar@63" speedFactor="1.00" vaporized=""/>
    <tripinfo id="65" depart="56.50" departLane="wc_0" departPos="5.10" departSpeed="2.32" departDelay="15.50" arrival="185.90" arrivalLane="ce_0" arrivalPos="192.80" arrivalSpeed="10.00" duration="129.40" routeLength="394.90" waitingTime="4.30" waitingCount="43" stopTime="0.00" timeLoss="89.85" rerouteNo="0" devices="tripinfo_65" vType="typeCar@65" speedFactor="1.00" vaporized=""/>
    <tripinfo id="66" depart="65.20" departLane="wc_0" departPos="5.10" departSpeed="3.93" departDelay="23.20" arrival="188.00" arrivalLane="ce_0" arrivalPos="192.80" arrivalSpeed="10.00" duration="122.80" routeLength="394.90" waitingTime="3.40" waitingCount="34" stopTime="0.00" timeLoss="83.27" rerouteNo="0" devices="tripinfo_66" vType="typeCar@66" speedFactor="1.00" vaporized=""/>
    <tripinfo id="72" depart="69.70" departLane="nc_0" departPos="5.10" departSpeed="7.55" departDelay="24.70" arrival="190.30" arrivalLane="cs_0" arrivalPos="192.80" arrivalSpeed="10.00" duration="120.60" routeLength="394.90" waitingTime="4.80" waitingCount="48" stopTime="0.00" timeLoss="81.15" rerouteNo="0" devices="tripinfo_72" vType="typeCar@72" speedFactor="1.00" vaporized=""/>
    <tripinfo id="69" depart="70.20" departLane="wc_0" departPos="5.10" departSpeed="3.73" departDelay="26.20" arrival="194.40" arrivalLane="ce_0" arrivalPos="192.80" arrivalSpeed="10.00" duration="124.20" routeLength="394.90" waitingTime="3.50" waitingCount="35" stopTime="0.00" timeLoss="84.71" rerouteNo="0" devices="tripinfo_69" vType="typeCar@69" speedFactor="1.00" vaporized=""/>
    <tripinfo id="73" depart="70.80" departLane="nc_0" departPos="5.10" departSpeed="2.05" departDelay="24.80" arrival="196.10" arrivalLane="cs_0" arrivalPos="192.80" arrivalSpeed="10.00" duration="125.30" routeLength="394.90" waitingTime="5.60" waitingCount="54" stopTime="0.00" timeLoss="85.82" rerouteNo="0" devices="tripinfo_73" vType="typeCar@73" speedFactor="1.00" vaporized=""/>
    <tripinfo id="75" depart="82.80" departLane="nc_0" departPos="5.10" departSpeed="0.08" departDelay="35.80" arrival="197.10" arrivalLane="cs_0" arrivalPos="192.80" arrivalSpeed="10.00" duration="114.30" routeLength="394.90" waitingTime="4.70" waitingCount="36" stopTime="0.00" timeLoss="74.82" rerouteNo="0" devices="tripinfo_75" vType="typeCar@75" speedFactor="1.00" vaporized=""/>
    <tripinfo id="76" depart="86.70" departLane="nc_0" departPos="5.10" departSpeed="6.00" departDelay="38.70" arrival="198.60" arrivalLane="cs_0" arrivalPos="192.80" arrivalSpeed="10.00" duration="111.90" routeLength="394.90" waitingTime="4.20" waitingCount="42" stopTime="0.00" timeLoss="72.46" rerouteNo="0" devices="tripinfo_76" vType="typeCar@76" speedFactor="1.00" vaporized=""/>
    <tripinfo id="71" depart="72.00" departLane="wc_0" departPos="5.10" departSpeed="5.93" departDelay="27.00" arrival="205.10" arrivalLane="ce_0" arrivalPos="192.80" arrivalSpeed="10.00" duration="133.10" routeLength="394.90" waitingTime="3.80" waitingCount="38" stopTime="0.00" timeLoss="93.60" rerouteNo="0" devices="tripinfo_71" vType="typeCar@71" speedFactor="1.00" vaporized=""/>
    <tripinfo id="74" depart="73.00" departLane="wc_0" departPos="5.10" departSpeed="4.93" departDelay="26.00" arrival="206.00" arrivalLane="ce_0" arrivalPos="192.80" arrivalSpeed="10.00" duration="133.00" routeLength="394.90" waitingTime="4.20" waitingCount="42" stopTime="0.00" timeLoss="93.49" rerouteNo="0" devices="tripinfo_74" vType="typeCar@74" speedFactor="1.00" vaporized=""/>
    <tripinfo id="78" depart="87.70" departLane="nc_0" departPos="5.10" departSpeed="5.80" departDelay="37.70" arrival="207.70" arrivalLane="cs_0" arrivalPos="192.80" arrivalSpeed="10.00" duration="120.00" routeLength="394.90" waitingTime="4.50" waitingCount="45" stopTime="0.00" timeLoss="80.44" rerouteNo="0" devices="tripinfo_78" vType="typeCar@78" speedFactor="1.00" vaporized=""/>
    <tripinfo id="80" depart="93.00" departLane="nc_0" departPos="5.10" departSpeed="0.10" departDelay="42.00" arrival="208.70" arrivalLane="cs_0" arrivalPos="192.80" arrivalSpeed="10.00" duration="115.70" routeLength="394.90" waitingTime="5.50" waitingCount="45" stopTime="0.00" timeLoss="76.21" rerouteNo="0" devices="tripinfo_80" vType="typeCar@80" speedFactor="1.00" vaporized=""/>
    <tripinfo id="77" depart="81.30" departLane="wc_0" departPos="5.10" departSpeed="0.23" departDelay="31.30" arrival="210.30" arrivalLane="ce_0" arrivalPos="192.80" arrivalSpeed="10.00" duration="129.00" routeLength="394.90" waitingTime="5.30" waitingCount="41" stopTime="0.00" timeLoss="89.47" rerouteNo="0" devices="tripinfo_77" vType="typeCar@77" speedFactor="1.00" vaporized=""/>
    <tripinfo id="79" depart="87.90" departLane="wc_0" departPos="5.10" departSpeed="5.50" departDelay="36.90" arrival="211.40" arrivalLane="ce_0" arrivalPos="192.80" arrivalSpeed="10.00" duration="123.50" routeLength="394.90" waitingTime="3.80" waitingCount="38" stopTime="0.00" timeLoss="83.99" rerouteNo="0" devices="tripinfo_79" vType="typeCar@79" speedFactor="1.00" vaporized=""/>
    <tripinfo id="81" depart="90.10" departLane="wc_0" departPos="5.10" departSpeed="0.10" departDelay="38.10" arrival="216.00" arrivalLane="ce_0" arrivalPos="192.80" arrivalSpeed="10.00" duration="125.90" routeLength="394.90" waitingTime="4.30" waitingCount="33" stopTime="0.00" timeLoss="86.41" rerouteNo="0" devices="tripinfo_81" vType="typeCar@81" speedFactor="1.00" vaporized=""/>
    <tripinfo id="82" depart="97.70" departLane="nc_0" departPos="5.10" departSpeed="2.61" departDelay="45.70" arrival="218.80" arrivalLane="cs_0" arrivalPos="192.80" arrivalSpeed="10.00" duration="121.10" routeLength="394.90" waitingTime="4.30" waitingCount="43" stopTime="0.00" timeLoss="81.57" rerouteNo="0" devices="tripinfo_82" vType="typeCar@82" speedFactor="1.00" vaporized=""/>
    <tripinfo id="84" depart="103.90" departLane="nc_0" departPos="5.10" departSpeed="4.72" departDelay="50.90" arrival="219.70" arrivalLane="cs_0" arrivalPos="192.80" arrivalSpeed="10.00" duration="115.80" routeLength="394.90" waitingTime="4.10" waitingCount="41" stopTime="0.00" timeLoss="76.25" rerouteNo="0" devices="tripinfo_84" vType="typeCar@84" speedFactor="1.00" vaporized=""/>
    <tripinfo id="83" depart="95.20" departLane="wc_0" departPos="5.10" departSpeed="2.21" departDelay="42.20" arrival="221.20" arrivalLane="ce_0" arrivalPos="192.80" arrivalSpeed="10.00" duration="126.00" routeLength="394.90" waitingTime="3.50" waitingCount="35" stopTime="0.00" timeLoss="86.46" rerouteNo="0" devices="tripinfo_83" vType="typeCar@83" speedFactor="1.00" vaporized=""/>
    <tripinfo id="86" depart="108.70" departLane="nc_0" departPos="5.10" departSpeed="3.92" departDelay="53.70" arrival="223.70" arrivalLane="cs_0" arrivalPos="192.80" arrivalSpeed="10.00" duration="115.00" routeLength="394.90" waitingTime="4.50" waitingCount="45" stopTime="0.00" timeLoss="75.49" rerouteNo="0" devices="tripinfo_86" vType="typeCar@86" speedFactor="1.00" vaporized=""/>
    <tripinfo id="88" depart="114.60" departLane="nc_0" departPos="5.10" departSpeed="4.02" departDelay="58.60" arrival="224.70" arrivalLane="cs_0" arrivalPos="192.80" arrivalSpeed="10.00" duration="110.10" routeLength="394.90" waitingTime="4.20" waitingCount="42" stopTime="0.00" timeLoss="70.61" rerouteNo="0" devices="tripinfo_88" vType="typeCar@88" speedFactor="1.00" vaporized=""/>
    <tripinfo id="85" depart="100.80" departLane="wc_0" departPos="5.10" departSpeed="4.61" departDelay="46.80" arrival="226.30" arrivalLane="ce_0" arrivalPos="192.80" arrivalSpeed="10.00" duration="125.50" routeLength="394.90" waitingTime="4.10" waitingCount="41" stopTime="0.00" timeLoss="85.98" rerouteNo="0" devices="tripinfo_85" vType="typeCar@85" speedFactor="1.00" vaporized=""/>
    <tripinfo id="87" depart="106.60" departLane="wc_0" departPos="5.10" departSpeed="3.61" departDelay="50.60" arrival="228.60" arrivalLane="ce_0" arrivalPos="192.80" arrivalSpeed="10.00" duration="122.00" routeLength="394.90" waitingTime="3.30" waitingCount="33" stopTime="0.00" timeLoss="82.52" rerouteNo="0" devices="tripinfo_87" vType="typeCar@87" speedFactor="1.00" vaporized=""/>
    <tripinfo id="89" depart="111.80" departLane="wc_0" departPos="5.10" departSpeed="2.41" departDelay="53.80" arrival="231.70" arrivalLane="ce_0" arrivalPos="192.80" arrivalSpeed="10.00" duration="119.90" routeLength="394.90" waitingTime="3.80" waitingCount="38" stopTime="0.00" timeLoss="80.37" rerouteNo="0" devices="tripinfo_89" vType="typeCar@89" speedFactor="1.00" vaporized=""/>
    <tripinfo id="90" depart="121.60" departLane="nc_0" departPos="5.10" departSpeed="2.62" departDelay="63.60" arrival="239.10" arrivalLane="cs_0" arrivalPos="192.80" arrivalSpeed="10.00" duration="117.50" routeLength="394.90" waitingTime="4.20" waitingCount="42" stopTime="0.00" timeLoss="78.03" rerouteNo="0" devices="tripinfo_90" vType="typeCar@90" speedFactor="1.00" vaporized=""/>
    <tripinfo id="92" depart="126.40" departLane="nc_0" departPos="5.10" departSpeed="5.02" departDelay="67.40" arrival="240.00" arrivalLane="cs_0" arrivalPos="192.80" arrivalSpeed="10.00" duration="113.60" routeLength="394.90" waitingTime="4.30" waitingCount="43" stopTime="0.00" timeLoss="74.05" rerouteNo="0" devices="tripinfo_92" vType="typeCar@92" speedFactor="1.00" vaporized=""/>
    <tripinfo id="91" depart="117.00" departLane="wc_0" departPos="5.10" departSpeed="5.21" departDelay="58.00" arrival="241.60" arrivalLane="ce_0" arrivalPos="192.80" arrivalSpeed="10.00" duration="124.60" routeLength="394.90" waitingTime="3.90" waitingCount="39" stopTime="0.00" timeLoss="85.15" rerouteNo="0" devices="tripinfo_91" vType="typeCar@91" speedFactor="1.00" vaporized=""/>
    <tripinfo id="93" depart="127.70" departLane="nc_0" departPos="5.10" departSpeed="6.52" departDelay="67.70" arrival="244.20" arrivalLane="cs_0" arrivalPos="192.80" arrivalSpeed="10.00" duration="116.50" routeLength="394.90" waitingTime="4.70" waitingCount="47" stopTime="0.00" timeLoss="77.00" rerouteNo="0" devices="tripinfo_93" vType="typeCar@93" speedFactor="1.00" vaporized=""/>
    <tripinfo id="94" depart="131.40" departLane="nc_0" departPos="5.10" departSpeed="0.02" departDelay="70.40" arrival="246.40" arrivalLane="cs_0" arrivalPos="192.80" arrivalSpeed="10.00" duration="115.00" routeLength="394.90" waitingTime="5.80" waitingCount="45" stopTime="0.00" timeLoss="75.44" rerouteNo="0" devices="tripinfo_94" vType="typeCar@94" speedFactor="1.00" vaporized=""/>
    <tripinfo id="95" depart="122.70" departLane="wc_0" departPos="5.10" departSpeed="3.11" departDelay="60.70" arrival="252.80" arrivalLane="ce_0" arrivalPos="192.80" arrivalSpeed="10.00" duration="130.10" routeLength="394.90" waitingTime="8.20" waitingCount="38" stopTime="0.00" timeLoss="90.57" rerouteNo="0" devices="tripinfo_95" vType="typeCar@95" speedFactor="1.00" vaporized=""/>
    <tripinfo id="97" depart="126.90" departLane="wc_0" departPos="5.10" departSpeed="1.31" departDelay="63.90" arrival="253.60" arrivalLane="ce_0" arrivalPos="192.80" arrivalSpeed="10.00" duration="126.70" routeLength="394.90" waitingTime="4.50" waitingCount="42" stopTime="0.00" timeLoss="87.21" rerouteNo="0" devices="tripinfo_97" vType="typeCar@97" speedFactor="1.00" vaporized=""/>
    <tripinfo id="98" depart="132.80" departLane="wc_0" departPos="5.10" departSpeed="0.16" departDelay="67.80" arrival="256.80" arrivalLane="ce_0" arrivalPos="192.80" arrivalSpeed="10.00" duration="124.00" routeLength="394.90" waitingTime="5.20" waitingCount="43" stopTime="0.00" timeLoss="84.44" rerouteNo="0" devices="tripinfo_98" vType="typeCar@98" speedFactor="1.00" vaporized=""/>
    <tripinfo id="96" depart="137.80" departLane="nc_0" departPos="5.10" departSpeed="5.25" departDelay="75.80" arrival="258.60" arrivalLane="cs_0" arrivalPos="192.80" arrivalSpeed="10.00" duration="120.80" routeLength="394.90" waitingTime="4.20" waitingCount="42" stopTime="0.00" timeLoss="81.28" rerouteNo="0" devices="tripinfo_96" vType="typeCar@96" speedFactor="1.00" vaporized=""/>
    <tripinfo id="99" depart="139.10" departLane="nc_0" departPos="5.10" departSpeed="4.35" departDelay="74.10" arrival="259.40" arrivalLane="cs_0" arrivalPos="192.80" arrivalSpeed="10.00" duration="120.30" routeLength="394.90" waitingTime="4.80" waitingCount="48" stopTime="0.00" timeLoss="80.85" rerouteNo="0" devices="tripinfo_99" vType="typeCar@99" speedFactor="1.00" vaporized=""/>
    <tripinfo id="100" depart="138.80" departLane="wc_0" departPos="5.10" departSpeed="3.31" departDelay="71.80" arrival="263.00" arrivalLane="ce_0" arrivalPos="192.80" arrivalSpeed="10.00" duration="124.20" routeLength="394.90" waitingTime="3.50" waitingCount="35" stopTime="0.00" timeLoss="84.66" rerouteNo="0" devices="tripinfo_100" vType="typeCar@100" speedFactor="1.00" vaporized=""/>
    <tripinfo id="102" depart="144.70" departLane="wc_0" departPos="5.10" departSpeed="0.21" departDelay="76.70" arrival="264.00" arrivalLane="ce_0" arrivalPos="192.80" arrivalSpeed="10.00" duration="119.30" routeLength="394.90" waitingTime="4.00" waitingCount="32" stopTime="0.00" timeLoss="79.77" rerouteNo="0" devices="tripinfo_102" vType="typeCar@102" speedFactor="1.00" vaporized=""/>
    <tripinfo id="101" depart="146.10" departLane="nc_0" departPos="5.10" departSpeed="2.95" departDelay="79.10" arrival="265.80" arrivalLane="cs_0" arrivalPos="192.80" arrivalSpeed="10.00" duration="119.70" routeLength="394.90" waitingTime="4.60" waitingCount="46" stopTime="0.00" timeLoss="80.16" rerouteNo="0" devices="tripinfo_101" vType="typeCar@101" speedFactor="1.00" vaporized=""/>
    <tripinfo id="103" depart="148.20" departLane="nc_0" departPos="5.10" departSpeed="5.25" departDelay="80.20" arrival="267.60" arrivalLane="cs_0" arrivalPos="192.80" arrivalSpeed="10.00" duration="119.40" routeLength="394.90" waitingTime="4.40" waitingCount="44" stopTime="0.00" timeLoss="79.93" rerouteNo="0" devices="tripinfo_103" vType="typeCar@103" speedFactor="1.00" vaporized=""/>
    <tripinfo id="104" depart="149.40" departLane="nc_0" departPos="5.10" departSpeed="6.45" departDelay="80.40" arrival="274.20" arrivalLane="cs_0" arrivalPos="192.80" arrivalSpeed="10.00" duration="124.80" routeLength="394.90" waitingTime="4.80" waitingCount="48" stopTime="0.00" timeLoss="85.26" rerouteNo="0" devices="tripinfo_104" vType="typeCar@104" speedFactor="1.00" vaporized=""/>
    <tripinfo id="106" depart="150.50" departLane="nc_0" departPos="5.10" departSpeed="4.15" departDelay="80.50" arrival="275.20" arrivalLane="cs_0" arrivalPos="192.80" arrivalSpeed="10.00" duration="124.70" routeLength="394.90" waitingTime="4.80" waitingCount="48" stopTime="0.00" timeLoss="85.23" rerouteNo="0" devices="tripinfo_106" vType="typeCar@106" speedFactor="1.00" vaporized=""/>
    <tripinfo id="109" depart="159.00" departLane="nc_0" departPos="5.10" departSpeed="0.05" departDelay="87.00" arrival="276.30" arrivalLane="cs_0" arrivalPos="192.80" arrivalSpeed="10.00" duration="117.30" routeLength="394.90" waitingTime="5.60" waitingCount="43" stopTime="0.00" timeLoss="77.73" rerouteNo="0" devices="tripinfo_109" vType="typeCar@109" speedFactor="1.00" vaporized=""/>
    <tripinfo id="111" depart="166.60" departLane="nc_0" departPos="5.10" departSpeed="3.78" departDelay="93.60" arrival="277.30" arrivalLane="cs_0" arrivalPos="192.80" arrivalSpeed="10.00" duration="110.70" routeLength="394.90" waitingTime="4.30" waitingCount="43" stopTime="0.00" timeLoss="71.17" rerouteNo="0" devices="tripinfo_111" vType="typeCar@111" speedFactor="1.00" vaporized=""/>
    <tripinfo id="105" depart="148.10" departLane="wc_0" departPos="5.10" departSpeed="5.90" departDelay="78.10" arrival="278.90" arrivalLane="ce_0" arrivalPos="192.80" arrivalSpeed="10.00" duration="130.80" routeLength="394.90" waitingTime="3.90" waitingCount="39" stopTime="0.00" timeLoss="91.26" rerouteNo="0" devices="tripinfo_105" vType="typeCar@105" speedFactor="1.00" vaporized=""/>
    <tripinfo id="107" depart="149.20" departLane="wc_0" departPos="5.10" departSpeed="4.40" departDelay="78.20" arrival="279.80" arrivalLane="ce_0" arrivalPos="192.80" arrivalSpeed="10.00" duration="130.60" routeLength="394.90" waitingTime="4.40" waitingCount="44" stopTime="0.00" timeLoss="91.13" rerouteNo="0" devices="tripinfo_107" vType="typeCar@107" speedFactor="1.00" vaporized=""/>
    <tripinfo id="113" depart="170.60" departLane="nc_0" departPos="5.10" departSpeed="2.18" departDelay="96.60" arrival="281.40" arrivalLane="cs_0" arrivalPos="192.80" arrivalSpeed="10.00" duration="110.80" routeLength="394.90" waitingTime="4.30" waitingCount="43" stopTime="0.00" timeLoss="71.27" rerouteNo="0" devices="tripinfo_113" vType="typeCar@113" speedFactor="1.00" vaporized=""/>
    <tripinfo id="114" depart="172.90" departLane="nc_0" departPos="5.10" departSpeed="5.88" departDelay="97.90" arrival="282.40" arrivalLane="cs_0" arrivalPos="192.80" arrivalSpeed="10.00" duration="109.50" routeLength="394.90" waitingTime="4.30" waitingCount="43" stopTime="0.00" timeLoss="70.04" rerouteNo="0" devices="tripinfo_114" vType="typeCar@114" speedFactor="1.00" vaporized=""/>
    <tripinfo id="108" depart="155.00" departLane="wc_0" departPos="5.10" departSpeed="3.40" departDelay="83.00" arrival="284.10" arrivalLane="ce_0" arrivalPos="192.80" arrivalSpeed="10.00" duration="129.10" routeLength="394.90" waitingTime="4.30" waitingCount="43" stopTime="0.00" timeLoss="89.55" rerouteNo="0" devices="tripinfo_108" vType="typeCar@108" speedFactor="1.00" vaporized=""/>
    <tripinfo id="116" depart="174.00" departLane="nc_0" departPos="5.10" departSpeed="5.18" departDelay="98.00" arrival="286.60" arrivalLane="cs_0" arrivalPos="192.80" arrivalSpeed="10.00" duration="112.60" routeLength="394.90" waitingTime="4.50" waitingCount="45" stopTime="0.00" timeLoss="73.08" rerouteNo="0" devices="tripinfo_116" vType="typeCar@116" speedFactor="1.00" vaporized=""/>
    <tripinfo id="118" depart="180.10" departLane="nc_0" departPos="5.10" departSpeed="0.28" departDelay="103.10" arrival="287.60" arrivalLane="cs_0" arrivalPos="192.80" arrivalSpeed="10.00" duration="107.50" routeLength="394.90" waitingTime="5.00" waitingCount="42" stopTime="0.00" timeLoss="68.01" rerouteNo="0" devices="tripinfo_118" vType="typeCar@118" speedFactor="1.00" vaporized=""/>
    <tripinfo id="110" depart="163.40" departLane="wc_0" departPos="5.10" departSpeed="3.00" departDelay="90.40" arrival="289.70" arrivalLane="ce_0" arrivalPos="192.80" arrivalSpeed="10.00" duration="126.30" routeLength="394.90" waitingTime="3.40" waitingCount="34" stopTime="0.00" timeLoss="86.77" rerouteNo="0" devices="tripinfo_110" vType="typeCar@110" speedFactor="1.00" vaporized=""/>
    <tripinfo id="112" depart="167.10" departLane="wc_0" departPos="5.10" departSpeed="5.30" departDelay="93.10" arrival="290.60" arrivalLane="ce_0" arrivalPos="192.80" arrivalSpeed="10.00" duration="123.50" routeLength="394.90" waitingTime="4.10" waitingCount="41" stopTime="0.00" timeLoss="84.01" rerouteNo="0" devices="tripinfo_112" vType="typeCar@112" speedFactor="1.00" vaporized=""/>
    <tripinfo id="120" depart="183.80" departLane="nc_0" departPos="5.10" departSpeed="4.34" departDelay="105.80" arrival="292.20" arrivalLane="cs_0" arrivalPos="192.80" arrivalSpeed="10.00" duration="108.40" routeLength="394.90" waitingTime="3.90" waitingCount="39" stopTime="0.00" timeLoss="68.92" rerouteNo="0" devices="tripinfo_120" vType="typeCar@120" speedFactor="1.00" vaporized=""/>
    <tripinfo id="122" depart="191.20" departLane="nc_0" departPos="5.10" departSpeed="2.54" departDelay="112.20" arrival="293.30" arrivalLane="cs_0" arrivalPos="192.80" arrivalSpeed="10.00" duration="102.10" routeLength="394.90" waitingTime="3.60" waitingCount="36" stopTime="0.00" timeLoss="62.55" rerouteNo="0" devices="tripinfo_122" vType="typeCar@122" speedFactor="1.00" vaporized=""/>
    <tripinfo id="115" depart="168.40" departLane="wc_0" departPos="5.10" departSpeed="6.80" departDelay="92.40" arrival="294.80" arrivalLane="ce_0" arrivalPos="192.80" arrivalSpeed="10.00" duration="126.40" routeLength="394.90" waitingTime="4.20" waitingCount="42" stopTime="0.00" timeLoss="86.95" rerouteNo="0" devices="tripinfo_115" vType="typeCar@115" speedFactor="1.00" vaporized=""/>
    <tripinfo id="117" depart="169.40" departLane="wc_0" departPos="5.10" departSpeed="3.40" departDelay="92.40" arrival="296.00" arrivalLane="ce_0" arrivalPos="192.80" arrivalSpeed="10.00" duration="126.60" routeLength="394.90" waitingTime="4.40" waitingCount="44" stopTime="0.00" timeLoss="87.03" rerouteNo="0" devices="tripinfo_117" vType="typeCar@117" speedFactor="1.00" vaporized=""/>
    <tripinfo id="124" depart="196.00" departLane="nc_0" departPos="5.10" departSpeed="0.14" departDelay="116.00" arrival="297.50" arrivalLane="cs_0" arrivalPos="192.80" arrivalSpeed="10.00" duration="101.50" routeLength="394.90" waitingTime="3.80" waitingCount="32" stopTime="0.00" timeLoss="61.95" rerouteNo="0" devices="tripinfo_124" vType="typeCar@124" speedFactor="1.00" vaporized=""/>
    <tripinfo id="126" depart="199.20" departLane="nc_0" departPos="5.10" departSpeed="5.90" departDelay="117.20" arrival="298.50" arrivalLane="cs_0" arrivalPos="192.80" arrivalSpeed="10.00" duration="99.30" routeLength="394.90" waitingTime="3.70" waitingCount="37" stopTime="0.00" timeLoss="59.82" rerouteNo="0" devices="tripinfo_126" vType="typeCar@126" speedFactor="1.00" vaporized=""/>
    <tripinfo id="119" depart="177.60" departLane="wc_0" departPos="5.10" departSpeed="3.08" departDelay="99.60" arrival="300.10" arrivalLane="ce_0" arrivalPos="192.80" arrivalSpeed="10.00" duration="122.50" routeLength="394.90" waitingTime="4.40" waitingCount="44" stopTime="0.00" timeLoss="83.03" rerouteNo="0" devices="tripinfo_119" vType="typeCar@119" speedFactor="1.00" vaporized=""/>
    <tripinfo id="121" depart="179.60" departLane="wc_0" departPos="5.10" departSpeed="2.68" departDelay="100.60" arrival="301.30" arrivalLane="ce_0" arrivalPos="192.80" arrivalSpeed="10.00" duration="121.70" routeLength="394.90" waitingTime="4.20" waitingCount="42" stopTime="0.00" timeLoss="82.19" rerouteNo="0" devices="tripinfo_121" vType="typeCar@121" speedFactor="1.00" vaporized=""/>
    <tripinfo id="128" depart="200.30" departLane="nc_0" departPos="5.10" departSpeed="6.00" departDelay="117.30" arrival="302.80" arrivalLane="cs_0" arrivalPos="192.80" arrivalSpeed="10.00" duration="102.50" routeLength="394.90" waitingTime="3.90" waitingCount="39" stopTime="0.00" timeLoss="63.03" rerouteNo="0" devices="tripinfo_128" vType="typeCar@128" speedFactor="1.00" vaporized=""/>
    <tripinfo id="130" depart="204.20" departLane="nc_0" departPos="5.10" departSpeed="0.10" departDelay="120.20" arrival="303.80" arrivalLane="cs_0" arrivalPos="192.80" arrivalSpeed="10.00" duration="99.60" routeLength="394.90" waitingTime="4.80" waitingCount="38" stopTime="0.00" timeLoss="60.11" rerouteNo="0" devices="tripinfo_130" vType="typeCar@130" speedFactor="1.00" vaporized=""/>
    <tripinfo id="123" depart="189.00" departLane="wc_0" departPos="5.10" departSpeed="3.31" departDelay="109.00" arrival="305.40" arrivalLane="ce_0" arrivalPos="192.80" arrivalSpeed="10.00" duration="116.40" routeLength="394.90" waitingTime="4.20" waitingCount="42" stopTime="0.00" timeLoss="76.86" rerouteNo="0" devices="tripinfo_123" vType="typeCar@123" speedFactor="1.00" vaporized=""/>
    <tripinfo id="125" depart="193.00" departLane="wc_0" departPos="5.10" departSpeed="4.91" departDelay="112.00" arrival="306.40" arrivalLane="ce_0" arrivalPos="192.80" arrivalSpeed="10.00" duration="113.40" routeLength="394.90" waitingTime="3.90" waitingCount="39" stopTime="0.00" timeLoss="73.94" rerouteNo="0" devices="tripinfo_125" vType="typeCar@125" speedFactor="1.00" vaporized=""/>
    <tripinfo id="131" depart="210.90" departLane="nc_0" departPos="5.10" departSpeed="2.21" departDelay="125.90" arrival="307.90" arrivalLane="cs_0" arrivalPos="192.80" arrivalSpeed="10.00" duration="97.00" routeLength="394.90" waitingTime="2.90" waitingCount="29" stopTime="0.00" timeLoss="57.54" rerouteNo="0" devices="tripinfo_131" vType="typeCar@131" speedFactor="1.00" vaporized=""/>
    <tripinfo id="133" depart="213.90" departLane="nc_0" departPos="5.10" departSpeed="4.01" departDelay="127.90" arrival="309.00" arrivalLane="cs_0" arrivalPos="192.80" arrivalSpeed="10.00" duration="95.10" routeLength="394.90" waitingTime="3.20" waitingCount="32" stopTime="0.00" timeLoss="55.64" rerouteNo="0" devices="tripinfo_133" vType="typeCar@133" speedFactor="1.00" vaporized=""/>
    <tripinfo id="127" depart="194.60" departLane="wc_0" departPos="5.10" departSpeed="0.11" departDelay="111.60" arrival="310.70" arrivalLane="ce_0" arrivalPos="192.80" arrivalSpeed="10.00" duration="116.10" routeLength="394.90" waitingTime="5.70" waitingCount="48" stopTime="0.00" timeLoss="76.52" rerouteNo="0" devices="tripinfo_127" vType="typeCar@127" speedFactor="1.00" vaporized=""/>
    <tripinfo id="129" depart="200.00" departLane="wc_0" departPos="5.10" departSpeed="5.52" departDelay="116.00" arrival="311.80" arrivalLane="ce_0" arrivalPos="192.80" arrivalSpeed="10.00" duration="111.80" routeLength="394.90" waitingTime="4.10" waitingCount="41" stopTime="0.00" timeLoss="72.30" rerouteNo="0" devices="tripinfo_129" vType="typeCar@129" speedFactor="1.00" vaporized=""/>
    <tripinfo id="134" depart="220.90" departLane="nc_0" departPos="5.10" departSpeed="0.21" departDelay="133.90" arrival="313.40" arrivalLane="cs_0" arrivalPos="192.80" arrivalSpeed="10.00" duration="92.50" routeLength="394.90" waitingTime="4.20" waitingCount="30" stopTime="0.00" timeLoss="53.00" rerouteNo="0" devices="tripinfo_134" vType="typeCar@134" speedFactor="1.00" vaporized=""/>
    <tripinfo id="136" depart="227.50" departLane="nc_0" departPos="5.10" departSpeed="5.50" departDelay="139.50" arrival="314.40" arrivalLane="cs_0" arrivalPos="192.80" arrivalSpeed="10.00" duration="86.90" routeLength="394.90" waitingTime="3.10" waitingCount="31" stopTime="0.00" timeLoss="47.45" rerouteNo="0" devices="tripinfo_136" vType="typeCar@136" speedFactor="1.00" vaporized=""/>
    <tripinfo id="132" depart="204.90" departLane="wc_0" departPos="5.10" departSpeed="1.82" departDelay="118.90" arrival="316.00" arrivalLane="ce_0" arrivalPos="192.80" arrivalSpeed="10.00" duration="111.10" routeLength="394.90" waitingTime="4.20" waitingCount="42" stopTime="0.00" timeLoss="71.55" rerouteNo="0" devices="tripinfo_132" vType="typeCar@132" speedFactor="1.00" vaporized=""/>
    <tripinfo id="135" depart="207.40" departLane="wc_0" departPos="5.10" departSpeed="2.12" departDelay="119.40" arrival="317.10" arrivalLane="ce_0" arrivalPos="192.80" arrivalSpeed="10.00" duration="109.70" routeLength="394.90" waitingTime="4.90" waitingCount="49" stopTime="0.00" timeLoss="70.18" rerouteNo="0" devices="tripinfo_135" vType="typeCar@135" speedFactor="1.00" vaporized=""/>
    <tripinfo id="138" depart="231.30" departLane="nc_0" departPos="5.10" departSpeed="1.70" departDelay="142.30" arrival="318.70" arrivalLane="cs_0" arrivalPos="192.80" arrivalSpeed="10.00" duration="87.40" routeLength="394.90" waitingTime="2.80" waitingCount="28" stopTime="0.00" timeLoss="47.86" rerouteNo="0" devices="tripinfo_138" vType="typeCar@138" speedFactor="1.00" vaporized=""/>
    <tripinfo id="139" depart="237.40" departLane="nc_0" departPos="5.10" departSpeed="4.00" departDelay="147.40" arrival="319.80" arrivalLane="cs_0" arrivalPos="192.80" arrivalSpeed="10.00" duration="82.40" routeLength="394.90" waitingTime="2.70" waitingCount="27" stopTime="0.00" timeLoss="42.89" rerouteNo="0" devices="tripinfo_139" vType="typeCar@139" speedFactor="1.00" vaporized=""/>
    <tripinfo id="137" depart="213.70" departLane="wc_0" departPos="5.10" departSpeed="4.65" departDelay="124.70" arrival="321.40" arrivalLane="ce_0" arrivalPos="192.80" arrivalSpeed="10.00" duration="107.70" routeLength="394.90" waitingTime="4.50" waitingCount="45" stopTime="0.00" timeLoss="68.13" rerouteNo="0" devices="tripinfo_137" vType="typeCar@137" speedFactor="1.00" vaporized=""/>
    <tripinfo id="141" depart="215.20" departLane="wc_0" departPos="5.10" departSpeed="1.95" departDelay="123.20" arrival="322.40" arrivalLane="ce_0" arrivalPos="192.80" arrivalSpeed="10.00" duration="107.20" routeLength="394.90" waitingTime="5.40" waitingCount="53" stopTime="0.00" timeLoss="67.65" rerouteNo="0" devices="tripinfo_141" vType="typeCar@141" speedFactor="1.00" vaporized=""/>
    <tripinfo id="140" depart="243.90" departLane="nc_0" departPos="5.10" departSpeed="2.70" departDelay="152.90" arrival="323.90" arrivalLane="cs_0" arrivalPos="192.80" arrivalSpeed="10.00" duration="80.00" routeLength="394.90" waitingTime="2.30" waitingCount="23" stopTime="0.00" timeLoss="40.47" rerouteNo="0" devices="tripinfo_140" vType="typeCar@140" speedFactor="1.00" vaporized=""/>
    <tripinfo id="142" depart="248.80" departLane="nc_0" departPos="5.10" departSpeed="4.60" departDelay="156.80" arrival="325.00" arrivalLane="cs_0" arrivalPos="192.80" arrivalSpeed="10.00" duration="76.20" routeLength="394.90" waitingTime="2.20" waitingCount="22" stopTime="0.00" timeLoss="36.74" rerouteNo="0" devices="tripinfo_142" vType="typeCar@142" speedFactor="1.00" vaporized=""/>
    <tripinfo id="144" depart="223.90" departLane="wc_0" departPos="5.10" departSpeed="3.40" departDelay="129.90" arrival="326.60" arrivalLane="ce_0" arrivalPos="192.80" arrivalSpeed="10.00" duration="102.70" routeLength="394.90" waitingTime="4.90" waitingCount="49" stopTime="0.00" timeLoss="63.15" rerouteNo="0" devices="tripinfo_144" vType="typeCar@144" speedFactor="1.00" vaporized=""/>
    <tripinfo id="146" depart="228.40" departLane="wc_0" departPos="5.10" departSpeed="4.57" departDelay="133.40" arrival="327.60" arrivalLane="ce_0" arrivalPos="192.80" arrivalSpeed="10.00" duration="99.20" routeLength="394.90" waitingTime="4.60" waitingCount="46" stopTime="0.00" timeLoss="59.66" rerouteNo="0" devices="tripinfo_146" vType="typeCar@146" speedFactor="1.00" vaporized=""/>
    <tripinfo id="143" depart="250.20" departLane="nc_0" departPos="5.10" departSpeed="6.40" departDelay="157.20" arrival="329.20" arrivalLane="cs_0" arrivalPos="192.80" arrivalSpeed="10.00" duration="79.00" routeLength="394.90" waitingTime="2.40" waitingCount="24" stopTime="0.00" timeLoss="39.57" rerouteNo="0" devices="tripinfo_143" vType="typeCar@143" speedFactor="1.00" vaporized=""/>
    <tripinfo id="145" depart="251.20" departLane="nc_0" departPos="5.10" departSpeed="7.00" departDelay="157.20" arrival="330.30" arrivalLane="cs_0" arrivalPos="192.80" arrivalSpeed="10.00" duration="79.10" routeLength="394.90" waitingTime="1.80" waitingCount="18" stopTime="0.00" timeLoss="39.65" rerouteNo="0" devices="tripinfo_145" vType="typeCar@145" speedFactor="1.00" vaporized=""/>
    <tripinfo id="148" depart="233.30" departLane="wc_0" departPos="5.10" departSpeed="0.07" departDelay="137.30" arrival="331.90" arrivalLane="ce_0" arrivalPos="192.80" arrivalSpeed="10.00" duration="98.60" routeLength="394.90" waitingTime="5.50" waitingCount="45" stopTime="0.00" timeLoss="59.02" rerouteNo="0" devices="tripinfo_148" vType="typeCar@148" speedFactor="1.00" vaporized=""/>
    <tripinfo id="149" depart="239.60" departLane="wc_0" departPos="5.10" departSpeed="0.18" departDelay="142.60" arrival="332.90" arrivalLane="ce_0" arrivalPos="192.80" arrivalSpeed="10.00" duration="93.30" routeLength="394.90" waitingTime="4.80" waitingCount="39" stopTime="0.00" timeLoss="53.77" rerouteNo="0" devices="tripinfo_149" vType="typeCar@149" speedFactor="1.00" vaporized=""/>
    <tripinfo id="147" depart="252.50" departLane="nc_0" departPos="5.10" departSpeed="0.50" departDelay="157.50" arrival="334.60" arrivalLane="cs_0" arrivalPos="192.80" arrivalSpeed="10.00" duration="82.10" routeLength="394.90" waitingTime="2.60" waitingCount="18" stopTime="0.00" timeLoss="42.53" rerouteNo="0" devices="tripinfo_147" vType="typeCar@147" speedFactor="1.00" vaporized=""/>
    <tripinfo id="151" depart="263.20" departLane="nc_0" departPos="5.10" departSpeed="3.70" departDelay="165.20" arrival="335.70" arrivalLane="cs_0" arrivalPos="192.80" arrivalSpeed="10.00" duration="72.50" routeLength="394.90" waitingTime="1.40" waitingCount="14" stopTime="0.00" timeLoss="32.97" rerouteNo="0" devices="tripinfo_151" vType="typeCar@151" speedFactor="1.00" vaporized=""/>
    <tripinfo id="150" depart="245.60" departLane="wc_0" departPos="5.10" departSpeed="5.55" departDelay="147.60" arrival="337.20" arrivalLane="ce_0" arrivalPos="192.80" arrivalSpeed="10.00" duration="91.60" routeLength="394.90" waitingTime="3.80" waitingCount="38" stopTime="0.00" timeLoss="52.15" rerouteNo="0" devices="tripinfo_150" vType="typeCar@150" speedFactor="1.00" vaporized=""/>
</tripinfos>
