<?xml version="1.0" encoding="UTF-8"?>

<!-- generated on 2022-11-30 12:24:35 by Eclipse SUMO sumo Version 1.14.1
<configuration xmlns:xsi="http://www.w3.org/2001/XMLSchema-instance" xsi:noNamespaceSchemaLocation="http://sumo.dlr.de/xsd/sumoConfiguration.xsd">

    <input>
        <net-file value="net.net.xml"/>
        <route-files value="routes.rou.xml"/>
    </input>

    <output>
        <tripinfo-output value="raw_data/(8,8,0)tripinfo.xml"/>
    </output>

    <time>
        <begin value="0"/>
        <step-length value="0.1"/>
    </time>

    <processing>
        <extrapolate-departpos value="true"/>
        <route-steps value="0"/>
        <ignore-route-errors value="true"/>
        <collision.action value="warn"/>
        <collision.stoptime value="1"/>
        <collision.mingap-factor value="0.1"/>
    </processing>

    <report>
        <verbose value="false"/>
        <log value="log.txt"/>
        <duration-log.statistics value="true"/>
        <no-step-log value="true"/>
    </report>

    <traci_server>
        <remote-port value="62961"/>
    </traci_server>

    <gui_only>
        <quit-on-end value="true"/>
        <start value="true"/>
    </gui_only>

</configuration>
-->

<tripinfos xmlns:xsi="http://www.w3.org/2001/XMLSchema-instance" xsi:noNamespaceSchemaLocation="http://sumo.dlr.de/xsd/tripinfo_file.xsd">
    <tripinfo id="1" depart="0.00" departLane="nc_0" departPos="5.10" departSpeed="10.00" departDelay="0.00" arrival="39.50" arrivalLane="cs_0" arrivalPos="192.80" arrivalSpeed="10.00" duration="39.50" routeLength="394.90" waitingTime="0.00" waitingCount="0" stopTime="0.00" timeLoss="0.00" rerouteNo="0" devices="tripinfo_1" vType="typeCar@1" speedFactor="1.00" vaporized=""/>
    <tripinfo id="3" depart="1.00" departLane="nc_0" departPos="5.10" departSpeed="10.00" departDelay="0.00" arrival="40.50" arrivalLane="cs_0" arrivalPos="192.80" arrivalSpeed="10.00" duration="39.50" routeLength="394.90" waitingTime="0.00" waitingCount="0" stopTime="0.00" timeLoss="0.00" rerouteNo="0" devices="tripinfo_3" vType="typeCar@3" speedFactor="1.00" vaporized=""/>
    <tripinfo id="5" depart="2.00" departLane="nc_0" departPos="5.10" departSpeed="10.00" departDelay="0.00" arrival="41.50" arrivalLane="cs_0" arrivalPos="192.80" arrivalSpeed="10.00" duration="39.50" routeLength="394.90" waitingTime="0.00" waitingCount="0" stopTime="0.00" timeLoss="0.00" rerouteNo="0" devices="tripinfo_5" vType="typeCar@5" speedFactor="1.00" vaporized=""/>
    <tripinfo id="6" depart="3.00" departLane="nc_0" departPos="5.10" departSpeed="10.00" departDelay="0.00" arrival="42.50" arrivalLane="cs_0" arrivalPos="192.80" arrivalSpeed="10.00" duration="39.50" routeLength="394.90" waitingTime="0.00" waitingCount="0" stopTime="0.00" timeLoss="0.00" rerouteNo="0" devices="tripinfo_6" vType="typeCar@6" speedFactor="1.00" vaporized=""/>
    <tripinfo id="8" depart="4.00" departLane="nc_0" departPos="5.10" departSpeed="10.00" departDelay="0.00" arrival="43.50" arrivalLane="cs_0" arrivalPos="192.80" arrivalSpeed="10.00" duration="39.50" routeLength="394.90" waitingTime="0.00" waitingCount="0" stopTime="0.00" timeLoss="0.00" rerouteNo="0" devices="tripinfo_8" vType="typeCar@8" speedFactor="1.00" vaporized=""/>
    <tripinfo id="10" depart="5.00" departLane="nc_0" departPos="5.10" departSpeed="10.00" departDelay="0.00" arrival="44.50" arrivalLane="cs_0" arrivalPos="192.80" arrivalSpeed="10.00" duration="39.50" routeLength="394.90" waitingTime="0.00" waitingCount="0" stopTime="0.00" timeLoss="0.00" rerouteNo="0" devices="tripinfo_10" vType="typeCar@10" speedFactor="1.00" vaporized=""/>
    <tripinfo id="12" depart="6.00" departLane="nc_0" departPos="5.10" departSpeed="10.00" departDelay="0.00" arrival="45.50" arrivalLane="cs_0" arrivalPos="192.80" arrivalSpeed="10.00" duration="39.50" routeLength="394.90" waitingTime="0.00" waitingCount="0" stopTime="0.00" timeLoss="0.00" rerouteNo="0" devices="tripinfo_12" vType="typeCar@12" speedFactor="1.00" vaporized=""/>
    <tripinfo id="0" depart="0.00" departLane="wc_0" departPos="5.10" departSpeed="10.00" departDelay="0.00" arrival="48.00" arrivalLane="ce_0" arrivalPos="192.80" arrivalSpeed="10.00" duration="48.00" routeLength="394.90" waitingTime="0.00" waitingCount="0" stopTime="0.00" timeLoss="8.51" rerouteNo="0" devices="tripinfo_0" vType="typeCar@0" speedFactor="1.00" vaporized=""/>
    <tripinfo id="2" depart="1.00" departLane="wc_0" departPos="5.10" departSpeed="10.00" departDelay="0.00" arrival="49.90" arrivalLane="ce_0" arrivalPos="192.80" arrivalSpeed="10.00" duration="48.90" routeLength="394.90" waitingTime="0.00" waitingCount="0" stopTime="0.00" timeLoss="9.36" rerouteNo="0" devices="tripinfo_2" vType="typeCar@2" speedFactor="1.00" vaporized=""/>
    <tripinfo id="14" depart="7.00" departLane="nc_0" departPos="5.10" departSpeed="10.00" departDelay="0.00" arrival="52.60" arrivalLane="cs_0" arrivalPos="192.80" arrivalSpeed="10.00" duration="45.60" routeLength="394.90" waitingTime="3.50" waitingCount="1" stopTime="0.00" timeLoss="6.05" rerouteNo="0" devices="tripinfo_14" vType="typeCar@14" speedFactor="1.00" vaporized=""/>
    <tripinfo id="16" depart="8.00" departLane="nc_0" departPos="5.10" departSpeed="10.00" departDelay="0.00" arrival="53.40" arrivalLane="cs_0" arrivalPos="192.80" arrivalSpeed="10.00" duration="45.40" routeLength="394.90" waitingTime="0.00" waitingCount="0" stopTime="0.00" timeLoss="5.89" rerouteNo="0" devices="tripinfo_16" vType="typeCar@16" speedFactor="1.00" vaporized=""/>
    <tripinfo id="4" depart="2.00" departLane="wc_0" departPos="5.10" departSpeed="10.00" departDelay="0.00" arrival="57.00" arrivalLane="ce_0" arrivalPos="192.80" arrivalSpeed="10.00" duration="55.00" routeLength="394.90" waitingTime="0.10" waitingCount="1" stopTime="0.00" timeLoss="15.48" rerouteNo="0" devices="tripinfo_4" vType="typeCar@4" speedFactor="1.00" vaporized=""/>
    <tripinfo id="17" depart="9.00" departLane="nc_0" departPos="5.10" departSpeed="10.00" departDelay="0.00" arrival="65.10" arrivalLane="cs_0" arrivalPos="192.80" arrivalSpeed="10.00" duration="56.10" routeLength="394.90" waitingTime="7.30" waitingCount="2" stopTime="0.00" timeLoss="16.55" rerouteNo="0" devices="tripinfo_17" vType="typeCar@17" speedFactor="1.00" vaporized=""/>
    <tripinfo id="18" depart="10.00" departLane="nc_0" departPos="5.10" departSpeed="10.00" departDelay="0.00" arrival="66.00" arrivalLane="cs_0" arrivalPos="192.80" arrivalSpeed="10.00" duration="56.00" routeLength="394.90" waitingTime="0.00" waitingCount="0" stopTime="0.00" timeLoss="16.50" rerouteNo="0" devices="tripinfo_18" vType="typeCar@18" speedFactor="1.00" vaporized=""/>
    <tripinfo id="7" depart="4.00" departLane="wc_0" departPos="5.10" departSpeed="10.00" departDelay="0.00" arrival="67.50" arrivalLane="ce_0" arrivalPos="192.80" arrivalSpeed="10.00" duration="63.50" routeLength="394.90" waitingTime="0.00" waitingCount="0" stopTime="0.00" timeLoss="23.97" rerouteNo="0" devices="tripinfo_7" vType="typeCar@7" speedFactor="1.00" vaporized=""/>
    <tripinfo id="20" depart="11.00" departLane="nc_0" departPos="5.10" departSpeed="10.00" departDelay="0.00" arrival="70.20" arrivalLane="cs_0" arrivalPos="192.80" arrivalSpeed="10.00" duration="59.20" routeLength="394.90" waitingTime="0.00" waitingCount="0" stopTime="0.00" timeLoss="19.70" rerouteNo="0" devices="tripinfo_20" vType="typeCar@20" speedFactor="1.00" vaporized=""/>
    <tripinfo id="9" depart="5.00" departLane="wc_0" departPos="5.10" departSpeed="10.00" departDelay="0.00" arrival="76.10" arrivalLane="ce_0" arrivalPos="192.80" arrivalSpeed="10.00" duration="71.10" routeLength="394.90" waitingTime="0.00" waitingCount="0" stopTime="0.00" timeLoss="31.62" rerouteNo="0" devices="tripinfo_9" vType="typeCar@9" speedFactor="1.00" vaporized=""/>
    <tripinfo id="21" depart="12.00" departLane="nc_0" departPos="5.10" departSpeed="10.00" departDelay="0.00" arrival="79.50" arrivalLane="cs_0" arrivalPos="192.80" arrivalSpeed="10.00" duration="67.50" routeLength="394.90" waitingTime="0.40" waitingCount="2" stopTime="0.00" timeLoss="27.95" rerouteNo="0" devices="tripinfo_21" vType="typeCar@21" speedFactor="1.00" vaporized=""/>
    <tripinfo id="23" depart="13.00" departLane="nc_0" departPos="5.10" departSpeed="10.00" departDelay="0.00" arrival="80.30" arrivalLane="cs_0" arrivalPos="192.80" arrivalSpeed="10.00" duration="67.30" routeLength="394.90" waitingTime="0.10" waitingCount="1" stopTime="0.00" timeLoss="27.80" rerouteNo="0" devices="tripinfo_23" vType="typeCar@23" speedFactor="1.00" vaporized=""/>
    <tripinfo id="11" depart="6.00" departLane="wc_0" departPos="5.10" departSpeed="10.00" departDelay="0.00" arrival="81.80" arrivalLane="ce_0" arrivalPos="192.80" arrivalSpeed="10.00" duration="75.80" routeLength="394.90" waitingTime="0.00" waitingCount="0" stopTime="0.00" timeLoss="36.24" rerouteNo="0" devices="tripinfo_11" vType="typeCar@11" speedFactor="1.00" vaporized=""/>
    <tripinfo id="13" depart="7.00" departLane="wc_0" departPos="5.10" departSpeed="10.00" departDelay="0.00" arrival="82.70" arrivalLane="ce_0" arrivalPos="192.80" arrivalSpeed="10.00" duration="75.70" routeLength="394.90" waitingTime="0.10" waitingCount="1" stopTime="0.00" timeLoss="36.22" rerouteNo="0" devices="tripinfo_13" vType="typeCar@13" speedFactor="1.00" vaporized=""/>
    <tripinfo id="15" depart="8.00" departLane="wc_0" departPos="5.10" departSpeed="10.00" departDelay="0.00" arrival="86.00" arrivalLane="ce_0" arrivalPos="192.80" arrivalSpeed="10.00" duration="78.00" routeLength="394.90" waitingTime="0.10" waitingCount="1" stopTime="0.00" timeLoss="38.45" rerouteNo="0" devices="tripinfo_15" vType="typeCar@15" speedFactor="1.00" vaporized=""/>
    <tripinfo id="24" depart="14.00" departLane="nc_0" departPos="5.10" departSpeed="10.00" departDelay="0.00" arrival="93.40" arrivalLane="cs_0" arrivalPos="192.80" arrivalSpeed="10.00" duration="79.40" routeLength="394.90" waitingTime="0.20" waitingCount="2" stopTime="0.00" timeLoss="39.92" rerouteNo="0" devices="tripinfo_24" vType="typeCar@24" speedFactor="1.00" vaporized=""/>
    <tripinfo id="25" depart="15.00" departLane="nc_0" departPos="5.10" departSpeed="10.00" departDelay="0.00" arrival="94.30" arrivalLane="cs_0" arrivalPos="192.80" arrivalSpeed="10.00" duration="79.30" routeLength="394.90" waitingTime="0.30" waitingCount="3" stopTime="0.00" timeLoss="39.82" rerouteNo="0" devices="tripinfo_25" vType="typeCar@25" speedFactor="1.00" vaporized=""/>
    <tripinfo id="19" depart="11.00" departLane="wc_0" departPos="5.10" departSpeed="10.00" departDelay="0.00" arrival="95.90" arrivalLane="ce_0" arrivalPos="192.80" arrivalSpeed="10.00" duration="84.90" routeLength="394.90" waitingTime="0.00" waitingCount="0" stopTime="0.00" timeLoss="45.42" rerouteNo="0" devices="tripinfo_19" vType="typeCar@19" speedFactor="1.00" vaporized=""/>
    <tripinfo id="22" depart="13.00" departLane="wc_0" departPos="5.10" departSpeed="10.00" departDelay="0.00" arrival="97.10" arrivalLane="ce_0" arrivalPos="192.80" arrivalSpeed="10.00" duration="84.10" routeLength="394.90" waitingTime="0.20" waitingCount="2" stopTime="0.00" timeLoss="44.59" rerouteNo="0" devices="tripinfo_22" vType="typeCar@22" speedFactor="1.00" vaporized=""/>
    <tripinfo id="28" depart="17.00" departLane="nc_0" departPos="5.10" departSpeed="10.00" departDelay="0.00" arrival="104.50" arrivalLane="cs_0" arrivalPos="192.80" arrivalSpeed="10.00" duration="87.50" routeLength="394.90" waitingTime="0.40" waitingCount="4" stopTime="0.00" timeLoss="47.93" rerouteNo="0" devices="tripinfo_28" vType="typeCar@28" speedFactor="1.00" vaporized=""/>
    <tripinfo id="29" depart="18.00" departLane="nc_0" departPos="5.10" departSpeed="10.00" departDelay="0.00" arrival="105.30" arrivalLane="cs_0" arrivalPos="192.80" arrivalSpeed="10.00" duration="87.30" routeLength="394.90" waitingTime="0.50" waitingCount="5" stopTime="0.00" timeLoss="47.81" rerouteNo="0" devices="tripinfo_29" vType="typeCar@29" speedFactor="1.00" vaporized=""/>
    <tripinfo id="26" depart="16.00" departLane="wc_0" departPos="5.10" departSpeed="10.00" departDelay="0.00" arrival="106.80" arrivalLane="ce_0" arrivalPos="192.80" arrivalSpeed="10.00" duration="90.80" routeLength="394.90" waitingTime="1.00" waitingCount="10" stopTime="0.00" timeLoss="51.28" rerouteNo="0" devices="tripinfo_26" vType="typeCar@26" speedFactor="1.00" vaporized=""/>
    <tripinfo id="30" depart="19.00" departLane="nc_0" departPos="5.10" departSpeed="10.00" departDelay="0.00" arrival="109.00" arrivalLane="cs_0" arrivalPos="192.80" arrivalSpeed="10.00" duration="90.00" routeLength="394.90" waitingTime="0.80" waitingCount="8" stopTime="0.00" timeLoss="50.45" rerouteNo="0" devices="tripinfo_30" vType="typeCar@30" speedFactor="1.00" vaporized=""/>
    <tripinfo id="32" depart="20.00" departLane="nc_0" departPos="5.10" departSpeed="10.00" departDelay="0.00" arrival="110.00" arrivalLane="cs_0" arrivalPos="192.80" arrivalSpeed="10.00" duration="90.00" routeLength="394.90" waitingTime="1.00" waitingCount="10" stopTime="0.00" timeLoss="50.49" rerouteNo="0" devices="tripinfo_32" vType="typeCar@32" speedFactor="1.00" vaporized=""/>
    <tripinfo id="27" depart="17.00" departLane="wc_0" departPos="5.10" departSpeed="10.00" departDelay="0.00" arrival="111.60" arrivalLane="ce_0" arrivalPos="192.80" arrivalSpeed="10.00" duration="94.60" routeLength="394.90" waitingTime="1.10" waitingCount="11" stopTime="0.00" timeLoss="55.05" rerouteNo="0" devices="tripinfo_27" vType="typeCar@27" speedFactor="1.00" vaporized=""/>
    <tripinfo id="31" depart="20.00" departLane="wc_0" departPos="5.10" departSpeed="10.00" departDelay="0.00" arrival="112.60" arrivalLane="ce_0" arrivalPos="192.80" arrivalSpeed="10.00" duration="92.60" routeLength="394.90" waitingTime="0.50" waitingCount="5" stopTime="0.00" timeLoss="53.04" rerouteNo="0" devices="tripinfo_31" vType="typeCar@31" speedFactor="1.00" vaporized=""/>
    <tripinfo id="33" depart="21.00" departLane="wc_0" departPos="5.10" departSpeed="10.00" departDelay="0.00" arrival="116.20" arrivalLane="ce_0" arrivalPos="192.80" arrivalSpeed="10.00" duration="95.20" routeLength="394.90" waitingTime="1.50" waitingCount="15" stopTime="0.00" timeLoss="55.69" rerouteNo="0" devices="tripinfo_33" vType="typeCar@33" speedFactor="1.00" vaporized=""/>
    <tripinfo id="35" depart="22.00" departLane="wc_0" departPos="5.10" departSpeed="10.00" departDelay="0.00" arrival="119.10" arrivalLane="ce_0" arrivalPos="192.80" arrivalSpeed="10.00" duration="97.10" routeLength="394.90" waitingTime="1.60" waitingCount="16" stopTime="0.00" timeLoss="57.62" rerouteNo="0" devices="tripinfo_35" vType="typeCar@35" speedFactor="1.00" vaporized=""/>
    <tripinfo id="34" depart="21.00" departLane="nc_0" departPos="5.10" departSpeed="10.00" departDelay="0.00" arrival="121.90" arrivalLane="cs_0" arrivalPos="192.80" arrivalSpeed="10.00" duration="100.90" routeLength="394.90" waitingTime="5.00" waitingCount="11" stopTime="0.00" timeLoss="61.35" rerouteNo="0" devices="tripinfo_34" vType="typeCar@34" speedFactor="1.00" vaporized=""/>
    <tripinfo id="36" depart="22.00" departLane="nc_0" departPos="5.10" departSpeed="10.00" departDelay="0.00" arrival="122.80" arrivalLane="cs_0" arrivalPos="192.80" arrivalSpeed="10.00" duration="100.80" routeLength="394.90" waitingTime="1.20" waitingCount="12" stopTime="0.00" timeLoss="61.26" rerouteNo="0" devices="tripinfo_36" vType="typeCar@36" speedFactor="1.00" vaporized=""/>
    <tripinfo id="38" depart="23.00" departLane="nc_0" departPos="5.10" departSpeed="10.00" departDelay="0.00" arrival="123.90" arrivalLane="cs_0" arrivalPos="192.80" arrivalSpeed="10.00" duration="100.90" routeLength="394.90" waitingTime="1.20" waitingCount="12" stopTime="0.00" timeLoss="61.35" rerouteNo="0" devices="tripinfo_38" vType="typeCar@38" speedFactor="1.00" vaporized=""/>
    <tripinfo id="37" depart="23.00" departLane="wc_0" departPos="5.10" departSpeed="10.00" departDelay="0.00" arrival="125.40" arrivalLane="ce_0" arrivalPos="192.80" arrivalSpeed="10.00" duration="102.40" routeLength="394.90" waitingTime="1.90" waitingCount="19" stopTime="0.00" timeLoss="62.91" rerouteNo="0" devices="tripinfo_37" vType="typeCar@37" speedFactor="1.00" vaporized=""/>
    <tripinfo id="39" depart="24.00" departLane="wc_0" departPos="5.10" departSpeed="10.00" departDelay="0.00" arrival="126.40" arrivalLane="ce_0" arrivalPos="192.80" arrivalSpeed="10.00" duration="102.40" routeLength="394.90" waitingTime="2.10" waitingCount="21" stopTime="0.00" timeLoss="62.91" rerouteNo="0" devices="tripinfo_39" vType="typeCar@39" speedFactor="1.00" vaporized=""/>
    <tripinfo id="40" depart="24.00" departLane="nc_0" departPos="5.10" departSpeed="10.00" departDelay="0.00" arrival="133.80" arrivalLane="cs_0" arrivalPos="192.80" arrivalSpeed="10.00" duration="109.80" routeLength="394.90" waitingTime="1.50" waitingCount="15" stopTime="0.00" timeLoss="70.26" rerouteNo="0" devices="tripinfo_40" vType="typeCar@40" speedFactor="1.00" vaporized=""/>
    <tripinfo id="42" depart="25.00" departLane="nc_0" departPos="5.10" departSpeed="10.00" departDelay="0.00" arrival="135.40" arrivalLane="cs_0" arrivalPos="192.80" arrivalSpeed="10.00" duration="110.40" routeLength="394.90" waitingTime="1.60" waitingCount="16" stopTime="0.00" timeLoss="70.91" rerouteNo="0" devices="tripinfo_42" vType="typeCar@42" speedFactor="1.00" vaporized=""/>
    <tripinfo id="45" depart="27.00" departLane="nc_0" departPos="5.10" departSpeed="10.00" departDelay="0.00" arrival="137.20" arrivalLane="cs_0" arrivalPos="192.80" arrivalSpeed="10.00" duration="110.20" routeLength="394.90" waitingTime="1.80" waitingCount="18" stopTime="0.00" timeLoss="70.69" rerouteNo="0" devices="tripinfo_45" vType="typeCar@45" speedFactor="1.00" vaporized=""/>
    <tripinfo id="41" depart="25.00" departLane="wc_0" departPos="5.10" departSpeed="10.00" departDelay="0.00" arrival="138.80" arrivalLane="ce_0" arrivalPos="192.80" arrivalSpeed="10.00" duration="113.80" routeLength="394.90" waitingTime="2.70" waitingCount="27" stopTime="0.00" timeLoss="74.24" rerouteNo="0" devices="tripinfo_41" vType="typeCar@41" speedFactor="1.00" vaporized=""/>
    <tripinfo id="43" depart="26.00" departLane="wc_0" departPos="5.10" departSpeed="10.00" departDelay="0.00" arrival="139.80" arrivalLane="ce_0" arrivalPos="192.80" arrivalSpeed="10.00" duration="113.80" routeLength="394.90" waitingTime="2.70" waitingCount="27" stopTime="0.00" timeLoss="74.29" rerouteNo="0" devices="tripinfo_43" vType="typeCar@43" speedFactor="1.00" vaporized=""/>
    <tripinfo id="44" depart="27.00" departLane="wc_0" departPos="5.10" departSpeed="10.00" departDelay="0.00" arrival="143.00" arrivalLane="ce_0" arrivalPos="192.80" arrivalSpeed="10.00" duration="116.00" routeLength="394.90" waitingTime="3.00" waitingCount="30" stopTime="0.00" timeLoss="76.45" rerouteNo="0" devices="tripinfo_44" vType="typeCar@44" speedFactor="1.00" vaporized=""/>
    <tripinfo id="47" depart="28.00" departLane="nc_0" departPos="5.10" departSpeed="10.00" departDelay="0.00" arrival="144.50" arrivalLane="cs_0" arrivalPos="192.80" arrivalSpeed="10.00" duration="116.50" routeLength="394.90" waitingTime="2.40" waitingCount="24" stopTime="0.00" timeLoss="77.02" rerouteNo="0" devices="tripinfo_47" vType="typeCar@47" speedFactor="1.00" vaporized=""/>
    <tripinfo id="49" depart="29.00" departLane="nc_0" departPos="5.10" departSpeed="10.00" departDelay="0.00" arrival="145.50" arrivalLane="cs_0" arrivalPos="192.80" arrivalSpeed="10.00" duration="116.50" routeLength="394.90" waitingTime="3.20" waitingCount="32" stopTime="0.00" timeLoss="77.02" rerouteNo="0" devices="tripinfo_49" vType="typeCar@49" speedFactor="1.00" vaporized=""/>
    <tripinfo id="46" depart="28.00" departLane="wc_0" departPos="5.10" departSpeed="10.00" departDelay="0.00" arrival="147.90" arrivalLane="ce_0" arrivalPos="192.80" arrivalSpeed="10.00" duration="119.90" routeLength="394.90" waitingTime="3.30" waitingCount="33" stopTime="0.00" timeLoss="80.32" rerouteNo="0" devices="tripinfo_46" vType="typeCar@46" speedFactor="1.00" vaporized=""/>
    <tripinfo id="48" depart="29.00" departLane="wc_0" departPos="5.10" departSpeed="10.00" departDelay="0.00" arrival="148.90" arrivalLane="ce_0" arrivalPos="192.80" arrivalSpeed="10.00" duration="119.90" routeLength="394.90" waitingTime="3.40" waitingCount="34" stopTime="0.00" timeLoss="80.42" rerouteNo="0" devices="tripinfo_48" vType="typeCar@48" speedFactor="1.00" vaporized=""/>
    <tripinfo id="50" depart="30.00" departLane="nc_0" departPos="5.10" departSpeed="10.00" departDelay="0.00" arrival="150.50" arrivalLane="cs_0" arrivalPos="192.80" arrivalSpeed="10.00" duration="120.50" routeLength="394.90" waitingTime="3.80" waitingCount="38" stopTime="0.00" timeLoss="80.96" rerouteNo="0" devices="tripinfo_50" vType="typeCar@50" speedFactor="1.00" vaporized=""/>
    <tripinfo id="52" depart="31.00" departLane="nc_0" departPos="5.10" departSpeed="7.50" departDelay="0.00" arrival="151.60" arrivalLane="cs_0" arrivalPos="192.80" arrivalSpeed="10.00" duration="120.60" routeLength="394.90" waitingTime="4.10" waitingCount="41" stopTime="0.00" timeLoss="81.05" rerouteNo="0" devices="tripinfo_52" vType="typeCar@52" speedFactor="1.00" vaporized=""/>
    <tripinfo id="51" depart="31.00" departLane="wc_0" departPos="5.10" departSpeed="3.30" departDelay="0.00" arrival="153.10" arrivalLane="ce_0" arrivalPos="192.80" arrivalSpeed="10.00" duration="122.10" routeLength="394.90" waitingTime="3.80" waitingCount="38" stopTime="0.00" timeLoss="82.59" rerouteNo="0" devices="tripinfo_51" vType="typeCar@51" speedFactor="1.00" vaporized=""/>
    <tripinfo id="54" depart="33.00" departLane="wc_0" departPos="5.10" departSpeed="2.10" departDelay="0.00" arrival="154.10" arrivalLane="ce_0" arrivalPos="192.80" arrivalSpeed="10.00" duration="121.10" routeLength="394.90" waitingTime="3.70" waitingCount="37" stopTime="0.00" timeLoss="81.60" rerouteNo="0" devices="tripinfo_54" vType="typeCar@54" speedFactor="1.00" vaporized=""/>
    <tripinfo id="53" depart="32.10" departLane="nc_0" departPos="5.10" departSpeed="3.60" departDelay="0.10" arrival="157.90" arrivalLane="cs_0" arrivalPos="192.80" arrivalSpeed="10.00" duration="125.80" routeLength="394.90" waitingTime="4.10" waitingCount="41" stopTime="0.00" timeLoss="86.27" rerouteNo="0" devices="tripinfo_53" vType="typeCar@53" speedFactor="1.00" vaporized=""/>
    <tripinfo id="55" depart="35.90" departLane="nc_0" departPos="5.10" departSpeed="3.80" departDelay="2.90" arrival="158.90" arrivalLane="cs_0" arrivalPos="192.80" arrivalSpeed="10.00" duration="123.00" routeLength="394.90" waitingTime="4.80" waitingCount="48" stopTime="0.00" timeLoss="83.53" rerouteNo="0" devices="tripinfo_55" vType="typeCar@55" speedFactor="1.00" vaporized=""/>
    <tripinfo id="57" depart="39.80" departLane="nc_0" departPos="5.10" departSpeed="2.70" departDelay="5.80" arrival="161.40" arrivalLane="cs_0" arrivalPos="192.80" arrivalSpeed="10.00" duration="121.60" routeLength="394.90" waitingTime="5.00" waitingCount="50" stopTime="0.00" timeLoss="82.10" rerouteNo="0" devices="tripinfo_57" vType="typeCar@57" speedFactor="1.00" vaporized=""/>
    <tripinfo id="56" depart="37.20" departLane="wc_0" departPos="5.10" departSpeed="3.50" departDelay="3.20" arrival="162.90" arrivalLane="ce_0" arrivalPos="192.80" arrivalSpeed="10.00" duration="125.70" routeLength="394.90" waitingTime="4.60" waitingCount="46" stopTime="0.00" timeLoss="86.22" rerouteNo="0" devices="tripinfo_56" vType="typeCar@56" speedFactor="1.00" vaporized=""/>
    <tripinfo id="58" depart="43.00" departLane="wc_0" departPos="5.10" departSpeed="1.70" departDelay="8.00" arrival="164.00" arrivalLane="ce_0" arrivalPos="192.80" arrivalSpeed="10.00" duration="121.00" routeLength="394.90" waitingTime="3.80" waitingCount="38" stopTime="0.00" timeLoss="81.46" rerouteNo="0" devices="tripinfo_58" vType="typeCar@58" speedFactor="1.00" vaporized=""/>
    <tripinfo id="60" depart="49.30" departLane="wc_0" departPos="5.10" departSpeed="1.81" departDelay="12.30" arrival="165.50" arrivalLane="ce_0" arrivalPos="192.80" arrivalSpeed="10.00" duration="116.20" routeLength="394.90" waitingTime="4.40" waitingCount="43" stopTime="0.00" timeLoss="76.64" rerouteNo="0" devices="tripinfo_60" vType="typeCar@60" speedFactor="1.00" vaporized=""/>
    <tripinfo id="59" depart="46.70" departLane="nc_0" departPos="5.10" departSpeed="3.01" departDelay="10.70" arrival="168.00" arrivalLane="cs_0" arrivalPos="192.80" arrivalSpeed="10.00" duration="121.30" routeLength="394.90" waitingTime="4.50" waitingCount="45" stopTime="0.00" timeLoss="81.84" rerouteNo="0" devices="tripinfo_59" vType="typeCar@59" speedFactor="1.00" vaporized=""/>
    <tripinfo id="61" depart="52.80" departLane="nc_0" departPos="5.10" departSpeed="3.71" departDelay="15.80" arrival="169.10" arrivalLane="cs_0" arrivalPos="192.80" arrivalSpeed="10.00" duration="116.30" routeLength="394.90" waitingTime="4.50" waitingCount="45" stopTime="0.00" timeLoss="76.77" rerouteNo="0" devices="tripinfo_61" vType="typeCar@61" speedFactor="1.00" vaporized=""/>
    <tripinfo id="63" depart="56.60" departLane="wc_0" departPos="5.10" departSpeed="3.63" departDelay="17.60" arrival="170.80" arrivalLane="ce_0" arrivalPos="192.80" arrivalSpeed="10.00" duration="114.20" routeLength="394.90" waitingTime="3.70" waitingCount="37" stopTime="0.00" timeLoss="74.70" rerouteNo="0" devices="tripinfo_63" vType="typeCar@63" speedFactor="1.00" vaporized=""/>
    <tripinfo id="65" depart="61.80" departLane="wc_0" departPos="5.10" departSpeed="3.23" departDelay="21.80" arrival="171.80" arrivalLane="ce_0" arrivalPos="192.80" arrivalSpeed="10.00" duration="110.00" routeLength="394.90" waitingTime="3.60" waitingCount="36" stopTime="0.00" timeLoss="70.49" rerouteNo="0" devices="tripinfo_65" vType="typeCar@65" speedFactor="1.00" vaporized=""/>
    <tripinfo id="67" depart="67.40" departLane="wc_0" departPos="5.10" departSpeed="3.92" departDelay="26.40" arrival="175.20" arrivalLane="ce_0" arrivalPos="192.80" arrivalSpeed="10.00" duration="107.80" routeLength="394.90" waitingTime="3.50" waitingCount="35" stopTime="0.00" timeLoss="68.27" rerouteNo="0" devices="tripinfo_67" vType="typeCar@67" speedFactor="1.00" vaporized=""/>
    <tripinfo id="62" depart="57.30" departLane="nc_0" departPos="5.10" departSpeed="0.41" departDelay="19.30" arrival="176.70" arrivalLane="cs_0" arrivalPos="192.80" arrivalSpeed="10.00" duration="119.40" routeLength="394.90" waitingTime="5.70" waitingCount="47" stopTime="0.00" timeLoss="79.86" rerouteNo="0" devices="tripinfo_62" vType="typeCar@62" speedFactor="1.00" vaporized=""/>
    <tripinfo id="64" depart="65.20" departLane="nc_0" departPos="5.10" departSpeed="2.86" departDelay="26.20" arrival="177.70" arrivalLane="cs_0" arrivalPos="192.80" arrivalSpeed="10.00" duration="112.50" routeLength="394.90" waitingTime="4.30" waitingCount="43" stopTime="0.00" timeLoss="72.99" rerouteNo="0" devices="tripinfo_64" vType="typeCar@64" speedFactor="1.00" vaporized=""/>
    <tripinfo id="66" depart="67.50" departLane="nc_0" departPos="5.10" departSpeed="2.56" departDelay="27.50" arrival="181.30" arrivalLane="cs_0" arrivalPos="192.80" arrivalSpeed="10.00" duration="113.80" routeLength="394.90" waitingTime="5.00" waitingCount="50" stopTime="0.00" timeLoss="74.29" rerouteNo="0" devices="tripinfo_66" vType="typeCar@66" speedFactor="1.00" vaporized=""/>
    <tripinfo id="68" depart="71.80" departLane="wc_0" departPos="5.10" departSpeed="4.32" departDelay="29.80" arrival="183.10" arrivalLane="ce_0" arrivalPos="192.80" arrivalSpeed="10.00" duration="111.30" routeLength="394.90" waitingTime="3.70" waitingCount="37" stopTime="0.00" timeLoss="71.74" rerouteNo="0" devices="tripinfo_68" vType="typeCar@68" speedFactor="1.00" vaporized=""/>
    <tripinfo id="71" depart="79.10" departLane="wc_0" departPos="5.10" departSpeed="2.22" departDelay="35.10" arrival="184.00" arrivalLane="ce_0" arrivalPos="192.80" arrivalSpeed="10.00" duration="104.90" routeLength="394.90" waitingTime="3.60" waitingCount="36" stopTime="0.00" timeLoss="65.39" rerouteNo="0" devices="tripinfo_71" vType="typeCar@71" speedFactor="1.00" vaporized=""/>
    <tripinfo id="73" depart="83.50" departLane="wc_0" departPos="5.10" departSpeed="5.02" departDelay="38.50" arrival="185.40" arrivalLane="ce_0" arrivalPos="192.80" arrivalSpeed="10.00" duration="101.90" routeLength="394.90" waitingTime="3.80" waitingCount="38" stopTime="0.00" timeLoss="62.38" rerouteNo="0" devices="tripinfo_73" vType="typeCar@73" speedFactor="1.00" vaporized=""/>
    <tripinfo id="69" depart="76.00" departLane="nc_0" departPos="5.10" departSpeed="0.06" departDelay="34.00" arrival="187.90" arrivalLane="cs_0" arrivalPos="192.80" arrivalSpeed="10.00" duration="111.90" routeLength="394.90" waitingTime="5.00" waitingCount="43" stopTime="0.00" timeLoss="72.36" rerouteNo="0" devices="tripinfo_69" vType="typeCar@69" speedFactor="1.00" vaporized=""/>
    <tripinfo id="70" depart="81.20" departLane="nc_0" departPos="5.10" departSpeed="5.50" departDelay="38.20" arrival="189.00" arrivalLane="cs_0" arrivalPos="192.80" arrivalSpeed="10.00" duration="107.80" routeLength="394.90" waitingTime="4.30" waitingCount="43" stopTime="0.00" timeLoss="68.26" rerouteNo="0" devices="tripinfo_70" vType="typeCar@70" speedFactor="1.00" vaporized=""/>
    <tripinfo id="75" depart="89.50" departLane="wc_0" departPos="5.10" departSpeed="3.02" departDelay="43.50" arrival="190.60" arrivalLane="ce_0" arrivalPos="192.80" arrivalSpeed="10.00" duration="101.10" routeLength="394.90" waitingTime="3.00" waitingCount="30" stopTime="0.00" timeLoss="61.61" rerouteNo="0" devices="tripinfo_75" vType="typeCar@75" speedFactor="1.00" vaporized=""/>
    <tripinfo id="77" depart="93.90" departLane="wc_0" departPos="5.10" departSpeed="5.02" departDelay="46.90" arrival="191.70" arrivalLane="ce_0" arrivalPos="192.80" arrivalSpeed="10.00" duration="97.80" routeLength="394.90" waitingTime="3.50" waitingCount="35" stopTime="0.00" timeLoss="58.26" rerouteNo="0" devices="tripinfo_77" vType="typeCar@77" speedFactor="1.00" vaporized=""/>
    <tripinfo id="80" depart="95.20" departLane="wc_0" departPos="5.10" departSpeed="6.52" departDelay="45.20" arrival="195.90" arrivalLane="ce_0" arrivalPos="192.80" arrivalSpeed="10.00" duration="100.70" routeLength="394.90" waitingTime="3.90" waitingCount="39" stopTime="0.00" timeLoss="61.19" rerouteNo="0" devices="tripinfo_80" vType="typeCar@80" speedFactor="1.00" vaporized=""/>
    <tripinfo id="72" depart="85.60" departLane="nc_0" departPos="5.10" departSpeed="0.30" departDelay="41.60" arrival="202.80" arrivalLane="cs_0" arrivalPos="192.80" arrivalSpeed="10.00" duration="117.20" routeLength="394.90" waitingTime="5.30" waitingCount="42" stopTime="0.00" timeLoss="77.65" rerouteNo="0" devices="tripinfo_72" vType="typeCar@72" speedFactor="1.00" vaporized=""/>
    <tripinfo id="74" depart="92.00" departLane="nc_0" departPos="5.10" departSpeed="5.45" departDelay="47.00" arrival="203.60" arrivalLane="cs_0" arrivalPos="192.80" arrivalSpeed="10.00" duration="111.60" routeLength="394.90" waitingTime="3.90" waitingCount="39" stopTime="0.00" timeLoss="72.11" rerouteNo="0" devices="tripinfo_74" vType="typeCar@74" speedFactor="1.00" vaporized=""/>
    <tripinfo id="82" depart="96.20" departLane="wc_0" departPos="5.10" departSpeed="7.92" departDelay="45.20" arrival="205.10" arrivalLane="ce_0" arrivalPos="192.80" arrivalSpeed="10.00" duration="108.90" routeLength="394.90" waitingTime="4.40" waitingCount="44" stopTime="0.00" timeLoss="69.43" rerouteNo="0" devices="tripinfo_82" vType="typeCar@82" speedFactor="1.00" vaporized=""/>
    <tripinfo id="76" depart="96.70" departLane="nc_0" departPos="5.10" departSpeed="2.75" departDelay="50.70" arrival="207.60" arrivalLane="cs_0" arrivalPos="192.80" arrivalSpeed="10.00" duration="110.90" routeLength="394.90" waitingTime="3.60" waitingCount="36" stopTime="0.00" timeLoss="71.43" rerouteNo="0" devices="tripinfo_76" vType="typeCar@76" speedFactor="1.00" vaporized=""/>
    <tripinfo id="78" depart="99.00" departLane="nc_0" departPos="5.10" departSpeed="5.65" departDelay="52.00" arrival="209.00" arrivalLane="cs_0" arrivalPos="192.80" arrivalSpeed="10.00" duration="110.00" routeLength="394.90" waitingTime="4.10" waitingCount="41" stopTime="0.00" timeLoss="70.50" rerouteNo="0" devices="tripinfo_78" vType="typeCar@78" speedFactor="1.00" vaporized=""/>
    <tripinfo id="84" depart="97.30" departLane="wc_0" departPos="5.10" departSpeed="2.42" departDelay="45.30" arrival="215.60" arrivalLane="ce_0" arrivalPos="192.80" arrivalSpeed="10.00" duration="118.30" routeLength="394.90" waitingTime="4.70" waitingCount="47" stopTime="0.00" timeLoss="78.83" rerouteNo="0" devices="tripinfo_84" vType="typeCar@84" speedFactor="1.00" vaporized=""/>
    <tripinfo id="86" depart="108.40" departLane="wc_0" departPos="5.10" departSpeed="2.55" departDelay="55.40" arrival="216.50" arrivalLane="ce_0" arrivalPos="192.80" arrivalSpeed="10.00" duration="108.10" routeLength="394.90" waitingTime="3.50" waitingCount="35" stopTime="0.00" timeLoss="68.61" rerouteNo="0" devices="tripinfo_86" vType="typeCar@86" speedFactor="1.00" vaporized=""/>
    <tripinfo id="79" depart="100.10" departLane="nc_0" departPos="5.10" departSpeed="5.75" departDelay="52.10" arrival="218.00" arrivalLane="cs_0" arrivalPos="192.80" arrivalSpeed="10.00" duration="117.90" routeLength="394.90" waitingTime="4.30" waitingCount="43" stopTime="0.00" timeLoss="78.44" rerouteNo="0" devices="tripinfo_79" vType="typeCar@79" speedFactor="1.00" vaporized=""/>
    <tripinfo id="81" depart="105.70" departLane="nc_0" departPos="5.10" departSpeed="0.15" departDelay="55.70" arrival="219.10" arrivalLane="cs_0" arrivalPos="192.80" arrivalSpeed="10.00" duration="113.40" routeLength="394.90" waitingTime="4.60" waitingCount="37" stopTime="0.00" timeLoss="73.89" rerouteNo="0" devices="tripinfo_81" vType="typeCar@81" speedFactor="1.00" vaporized=""/>
    <tripinfo id="88" depart="112.80" departLane="wc_0" departPos="5.10" departSpeed="5.35" departDelay="58.80" arrival="220.70" arrivalLane="ce_0" arrivalPos="192.80" arrivalSpeed="10.00" duration="107.90" routeLength="394.90" waitingTime="3.40" waitingCount="34" stopTime="0.00" timeLoss="68.39" rerouteNo="0" devices="tripinfo_88" vType="typeCar@88" speedFactor="1.00" vaporized=""/>
    <tripinfo id="90" depart="118.80" departLane="wc_0" departPos="5.10" departSpeed="0.15" departDelay="62.80" arrival="221.70" arrivalLane="ce_0" arrivalPos="192.80" arrivalSpeed="10.00" duration="102.90" routeLength="394.90" waitingTime="3.70" waitingCount="31" stopTime="0.00" timeLoss="63.39" rerouteNo="0" devices="tripinfo_90" vType="typeCar@90" speedFactor="1.00" vaporized=""/>
    <tripinfo id="83" depart="112.20" departLane="nc_0" departPos="5.10" departSpeed="5.41" departDelay="61.20" arrival="225.20" arrivalLane="cs_0" arrivalPos="192.80" arrivalSpeed="10.00" duration="113.00" routeLength="394.90" waitingTime="3.80" waitingCount="38" stopTime="0.00" timeLoss="73.48" rerouteNo="0" devices="tripinfo_83" vType="typeCar@83" speedFactor="1.00" vaporized=""/>
    <tripinfo id="92" depart="123.80" departLane="wc_0" departPos="5.10" departSpeed="5.70" departDelay="65.80" arrival="230.30" arrivalLane="ce_0" arrivalPos="192.80" arrivalSpeed="10.00" duration="106.50" routeLength="394.90" waitingTime="5.80" waitingCount="28" stopTime="0.00" timeLoss="67.06" rerouteNo="0" devices="tripinfo_92" vType="typeCar@92" speedFactor="1.00" vaporized=""/>
    <tripinfo id="85" depart="113.40" departLane="nc_0" departPos="5.10" departSpeed="3.41" departDelay="61.40" arrival="232.60" arrivalLane="cs_0" arrivalPos="192.80" arrivalSpeed="10.00" duration="119.20" routeLength="394.90" waitingTime="3.40" waitingCount="34" stopTime="0.00" timeLoss="79.70" rerouteNo="0" devices="tripinfo_85" vType="typeCar@85" speedFactor="1.00" vaporized=""/>
    <tripinfo id="87" depart="123.40" departLane="nc_0" departPos="5.10" departSpeed="3.00" departDelay="70.40" arrival="233.60" arrivalLane="cs_0" arrivalPos="192.80" arrivalSpeed="10.00" duration="110.20" routeLength="394.90" waitingTime="3.10" waitingCount="31" stopTime="0.00" timeLoss="70.67" rerouteNo="0" devices="tripinfo_87" vType="typeCar@87" speedFactor="1.00" vaporized=""/>
    <tripinfo id="94" depart="125.40" departLane="wc_0" departPos="5.10" departSpeed="0.10" departDelay="66.40" arrival="235.90" arrivalLane="ce_0" arrivalPos="192.80" arrivalSpeed="10.00" duration="110.50" routeLength="394.90" waitingTime="6.60" waitingCount="34" stopTime="0.00" timeLoss="70.96" rerouteNo="0" devices="tripinfo_94" vType="typeCar@94" speedFactor="1.00" vaporized=""/>
    <tripinfo id="96" depart="132.30" departLane="wc_0" departPos="5.10" departSpeed="5.20" departDelay="72.30" arrival="236.80" arrivalLane="ce_0" arrivalPos="192.80" arrivalSpeed="10.00" duration="104.50" routeLength="394.90" waitingTime="2.70" waitingCount="27" stopTime="0.00" timeLoss="64.98" rerouteNo="0" devices="tripinfo_96" vType="typeCar@96" speedFactor="1.00" vaporized=""/>
    <tripinfo id="89" depart="125.40" departLane="nc_0" departPos="5.10" departSpeed="4.20" departDelay="70.40" arrival="244.10" arrivalLane="cs_0" arrivalPos="192.80" arrivalSpeed="10.00" duration="118.70" routeLength="394.90" waitingTime="3.50" waitingCount="35" stopTime="0.00" timeLoss="79.25" rerouteNo="0" devices="tripinfo_89" vType="typeCar@89" speedFactor="1.00" vaporized=""/>
    <tripinfo id="91" depart="132.60" departLane="nc_0" departPos="5.10" departSpeed="3.40" departDelay="76.60" arrival="245.00" arrivalLane="cs_0" arrivalPos="192.80" arrivalSpeed="10.00" duration="112.40" routeLength="394.90" waitingTime="2.80" waitingCount="28" stopTime="0.00" timeLoss="72.91" rerouteNo="0" devices="tripinfo_91" vType="typeCar@91" speedFactor="1.00" vaporized=""/>
    <tripinfo id="98" depart="133.60" departLane="wc_0" departPos="5.10" departSpeed="6.70" departDelay="72.60" arrival="246.70" arrivalLane="ce_0" arrivalPos="192.80" arrivalSpeed="10.00" duration="113.10" routeLength="394.90" waitingTime="2.70" waitingCount="27" stopTime="0.00" timeLoss="73.57" rerouteNo="0" devices="tripinfo_98" vType="typeCar@98" speedFactor="1.00" vaporized=""/>
    <tripinfo id="93" depart="134.50" departLane="nc_0" departPos="5.10" departSpeed="5.90" departDelay="76.50" arrival="248.50" arrivalLane="cs_0" arrivalPos="192.80" arrivalSpeed="10.00" duration="114.00" routeLength="394.90" waitingTime="3.60" waitingCount="36" stopTime="0.00" timeLoss="74.56" rerouteNo="0" devices="tripinfo_93" vType="typeCar@93" speedFactor="1.00" vaporized=""/>
    <tripinfo id="95" depart="135.50" departLane="nc_0" departPos="5.10" departSpeed="7.30" departDelay="76.50" arrival="249.70" arrivalLane="cs_0" arrivalPos="192.80" arrivalSpeed="10.00" duration="114.20" routeLength="394.90" waitingTime="3.70" waitingCount="37" stopTime="0.00" timeLoss="74.73" rerouteNo="0" devices="tripinfo_95" vType="typeCar@95" speedFactor="1.00" vaporized=""/>
    <tripinfo id="100" depart="136.20" departLane="wc_0" departPos="5.10" departSpeed="0.10" departDelay="74.20" arrival="256.20" arrivalLane="ce_0" arrivalPos="192.80" arrivalSpeed="10.00" duration="120.00" routeLength="394.90" waitingTime="4.60" waitingCount="33" stopTime="0.00" timeLoss="80.48" rerouteNo="0" devices="tripinfo_100" vType="typeCar@100" speedFactor="1.00" vaporized=""/>
    <tripinfo id="102" depart="140.90" departLane="wc_0" departPos="5.10" departSpeed="5.75" departDelay="77.90" arrival="257.20" arrivalLane="ce_0" arrivalPos="192.80" arrivalSpeed="10.00" duration="116.30" routeLength="394.90" waitingTime="3.60" waitingCount="36" stopTime="0.00" timeLoss="76.74" rerouteNo="0" devices="tripinfo_102" vType="typeCar@102" speedFactor="1.00" vaporized=""/>
    <tripinfo id="97" depart="137.10" departLane="nc_0" departPos="5.10" departSpeed="0.10" departDelay="77.10" arrival="259.80" arrivalLane="cs_0" arrivalPos="192.80" arrivalSpeed="10.00" duration="122.70" routeLength="394.90" waitingTime="5.30" waitingCount="42" stopTime="0.00" timeLoss="83.20" rerouteNo="0" devices="tripinfo_97" vType="typeCar@97" speedFactor="1.00" vaporized=""/>
    <tripinfo id="103" depart="142.10" departLane="wc_0" departPos="5.10" departSpeed="2.95" departDelay="77.10" arrival="265.40" arrivalLane="ce_0" arrivalPos="192.80" arrivalSpeed="10.00" duration="123.30" routeLength="394.90" waitingTime="3.30" waitingCount="33" stopTime="0.00" timeLoss="83.76" rerouteNo="0" devices="tripinfo_103" vType="typeCar@103" speedFactor="1.00" vaporized=""/>
    <tripinfo id="99" depart="144.30" departLane="nc_0" departPos="5.10" departSpeed="2.93" departDelay="83.30" arrival="267.40" arrivalLane="cs_0" arrivalPos="192.80" arrivalSpeed="10.00" duration="123.10" routeLength="394.90" waitingTime="4.00" waitingCount="40" stopTime="0.00" timeLoss="83.60" rerouteNo="0" devices="tripinfo_99" vType="typeCar@99" speedFactor="1.00" vaporized=""/>
    <tripinfo id="105" depart="149.00" departLane="wc_0" departPos="5.10" departSpeed="4.07" departDelay="82.00" arrival="269.80" arrivalLane="ce_0" arrivalPos="192.80" arrivalSpeed="10.00" duration="120.80" routeLength="394.90" waitingTime="3.30" waitingCount="33" stopTime="0.00" timeLoss="81.25" rerouteNo="0" devices="tripinfo_105" vType="typeCar@105" speedFactor="1.00" vaporized=""/>
    <tripinfo id="101" depart="149.00" departLane="nc_0" departPos="5.10" departSpeed="2.63" departDelay="87.00" arrival="271.80" arrivalLane="cs_0" arrivalPos="192.80" arrivalSpeed="10.00" duration="122.80" routeLength="394.90" waitingTime="4.20" waitingCount="42" stopTime="0.00" timeLoss="83.24" rerouteNo="0" devices="tripinfo_101" vType="typeCar@101" speedFactor="1.00" vaporized=""/>
    <tripinfo id="104" depart="151.40" departLane="nc_0" departPos="5.10" departSpeed="5.83" departDelay="86.40" arrival="272.70" arrivalLane="cs_0" arrivalPos="192.80" arrivalSpeed="10.00" duration="121.30" routeLength="394.90" waitingTime="4.50" waitingCount="45" stopTime="0.00" timeLoss="81.81" rerouteNo="0" devices="tripinfo_104" vType="typeCar@104" speedFactor="1.00" vaporized=""/>
    <tripinfo id="107" depart="150.50" departLane="wc_0" departPos="5.10" departSpeed="6.17" departDelay="82.50" arrival="274.30" arrivalLane="ce_0" arrivalPos="192.80" arrivalSpeed="10.00" duration="123.80" routeLength="394.90" waitingTime="4.00" waitingCount="40" stopTime="0.00" timeLoss="84.33" rerouteNo="0" devices="tripinfo_107" vType="typeCar@107" speedFactor="1.00" vaporized=""/>
    <tripinfo id="109" depart="151.50" departLane="wc_0" departPos="5.10" departSpeed="7.57" departDelay="82.50" arrival="275.30" arrivalLane="ce_0" arrivalPos="192.80" arrivalSpeed="10.00" duration="123.80" routeLength="394.90" waitingTime="4.20" waitingCount="42" stopTime="0.00" timeLoss="84.31" rerouteNo="0" devices="tripinfo_109" vType="typeCar@109" speedFactor="1.00" vaporized=""/>
    <tripinfo id="111" depart="152.80" departLane="wc_0" departPos="5.10" departSpeed="1.07" departDelay="82.80" arrival="280.00" arrivalLane="ce_0" arrivalPos="192.80" arrivalSpeed="10.00" duration="127.20" routeLength="394.90" waitingTime="4.90" waitingCount="44" stopTime="0.00" timeLoss="87.72" rerouteNo="0" devices="tripinfo_111" vType="typeCar@111" speedFactor="1.00" vaporized=""/>
    <tripinfo id="106" depart="152.50" departLane="nc_0" departPos="5.10" departSpeed="5.93" departDelay="85.50" arrival="281.60" arrivalLane="cs_0" arrivalPos="192.80" arrivalSpeed="10.00" duration="129.10" routeLength="394.90" waitingTime="4.90" waitingCount="49" stopTime="0.00" timeLoss="89.64" rerouteNo="0" devices="tripinfo_106" vType="typeCar@106" speedFactor="1.00" vaporized=""/>
    <tripinfo id="108" depart="157.00" departLane="nc_0" departPos="5.10" departSpeed="0.23" departDelay="89.00" arrival="283.20" arrivalLane="cs_0" arrivalPos="192.80" arrivalSpeed="10.00" duration="126.20" routeLength="394.90" waitingTime="6.20" waitingCount="51" stopTime="0.00" timeLoss="86.67" rerouteNo="0" devices="tripinfo_108" vType="typeCar@108" speedFactor="1.00" vaporized=""/>
    <tripinfo id="110" depart="163.60" departLane="nc_0" departPos="5.10" departSpeed="5.25" departDelay="94.60" arrival="290.00" arrivalLane="cs_0" arrivalPos="192.80" arrivalSpeed="10.00" duration="126.40" routeLength="394.90" waitingTime="5.00" waitingCount="50" stopTime="0.00" timeLoss="86.93" rerouteNo="0" devices="tripinfo_110" vType="typeCar@110" speedFactor="1.00" vaporized=""/>
    <tripinfo id="112" depart="164.90" departLane="nc_0" departPos="5.10" departSpeed="2.75" departDelay="94.90" arrival="291.10" arrivalLane="cs_0" arrivalPos="192.80" arrivalSpeed="10.00" duration="126.20" routeLength="394.90" waitingTime="5.00" waitingCount="50" stopTime="0.00" timeLoss="86.72" rerouteNo="0" devices="tripinfo_112" vType="typeCar@112" speedFactor="1.00" vaporized=""/>
    <tripinfo id="115" depart="172.60" departLane="nc_0" departPos="5.10" departSpeed="4.41" departDelay="100.60" arrival="294.40" arrivalLane="cs_0" arrivalPos="192.80" arrivalSpeed="10.00" duration="121.80" routeLength="394.90" waitingTime="4.30" waitingCount="43" stopTime="0.00" timeLoss="82.35" rerouteNo="0" devices="tripinfo_115" vType="typeCar@115" speedFactor="1.00" vaporized=""/>
    <tripinfo id="113" depart="161.10" departLane="wc_0" departPos="5.10" departSpeed="4.53" departDelay="90.10" arrival="296.20" arrivalLane="ce_0" arrivalPos="192.80" arrivalSpeed="10.00" duration="135.10" routeLength="394.90" waitingTime="3.70" waitingCount="37" stopTime="0.00" timeLoss="95.62" rerouteNo="0" devices="tripinfo_113" vType="typeCar@113" speedFactor="1.00" vaporized=""/>
    <tripinfo id="114" depart="162.50" departLane="wc_0" departPos="5.10" departSpeed="6.33" departDelay="90.50" arrival="297.10" arrivalLane="ce_0" arrivalPos="192.80" arrivalSpeed="10.00" duration="134.60" routeLength="394.90" waitingTime="4.60" waitingCount="46" stopTime="0.00" timeLoss="95.11" rerouteNo="0" devices="tripinfo_114" vType="typeCar@114" speedFactor="1.00" vaporized=""/>
    <tripinfo id="117" depart="174.00" departLane="nc_0" departPos="5.10" departSpeed="3.01" departDelay="101.00" arrival="298.60" arrivalLane="cs_0" arrivalPos="192.80" arrivalSpeed="10.00" duration="124.60" routeLength="394.90" waitingTime="5.40" waitingCount="54" stopTime="0.00" timeLoss="85.11" rerouteNo="0" devices="tripinfo_117" vType="typeCar@117" speedFactor="1.00" vaporized=""/>
    <tripinfo id="119" depart="178.80" departLane="nc_0" departPos="5.10" departSpeed="4.24" departDelay="104.80" arrival="299.60" arrivalLane="cs_0" arrivalPos="192.80" arrivalSpeed="10.00" duration="120.80" routeLength="394.90" waitingTime="4.70" waitingCount="47" stopTime="0.00" timeLoss="81.34" rerouteNo="0" devices="tripinfo_119" vType="typeCar@119" speedFactor="1.00" vaporized=""/>
    <tripinfo id="120" depart="184.40" departLane="nc_0" departPos="5.10" departSpeed="1.04" departDelay="109.40" arrival="300.70" arrivalLane="cs_0" arrivalPos="192.80" arrivalSpeed="10.00" duration="116.30" routeLength="394.90" waitingTime="5.30" waitingCount="50" stopTime="0.00" timeLoss="76.77" rerouteNo="0" devices="tripinfo_120" vType="typeCar@120" speedFactor="1.00" vaporized=""/>
    <tripinfo id="122" depart="190.00" departLane="nc_0" departPos="5.10" departSpeed="5.41" departDelay="114.00" arrival="301.70" arrivalLane="cs_0" arrivalPos="192.80" arrivalSpeed="10.00" duration="111.70" routeLength="394.90" waitingTime="4.60" waitingCount="46" stopTime="0.00" timeLoss="72.21" rerouteNo="0" devices="tripinfo_122" vType="typeCar@122" speedFactor="1.00" vaporized=""/>
    <tripinfo id="116" depart="164.70" departLane="wc_0" departPos="5.10" departSpeed="0.13" departDelay="91.70" arrival="303.20" arrivalLane="ce_0" arrivalPos="192.80" arrivalSpeed="10.00" duration="138.50" routeLength="394.90" waitingTime="5.70" waitingCount="46" stopTime="0.00" timeLoss="98.99" rerouteNo="0" devices="tripinfo_116" vType="typeCar@116" speedFactor="1.00" vaporized=""/>
    <tripinfo id="118" depart="170.90" departLane="wc_0" departPos="5.10" departSpeed="5.55" departDelay="96.90" arrival="304.30" arrivalLane="ce_0" arrivalPos="192.80" arrivalSpeed="10.00" duration="133.40" routeLength="394.90" waitingTime="5.30" waitingCount="53" stopTime="0.00" timeLoss="93.87" rerouteNo="0" devices="tripinfo_118" vType="typeCar@118" speedFactor="1.00" vaporized=""/>
    <tripinfo id="124" depart="191.50" departLane="nc_0" departPos="5.10" departSpeed="0.31" departDelay="114.50" arrival="305.80" arrivalLane="cs_0" arrivalPos="192.80" arrivalSpeed="10.00" duration="114.30" routeLength="394.90" waitingTime="6.00" waitingCount="52" stopTime="0.00" timeLoss="74.75" rerouteNo="0" devices="tripinfo_124" vType="typeCar@124" speedFactor="1.00" vaporized=""/>
    <tripinfo id="126" depart="201.50" departLane="nc_0" departPos="5.10" departSpeed="4.30" departDelay="123.50" arrival="306.80" arrivalLane="cs_0" arrivalPos="192.80" arrivalSpeed="10.00" duration="105.30" routeLength="394.90" waitingTime="4.50" waitingCount="45" stopTime="0.00" timeLoss="65.77" rerouteNo="0" devices="tripinfo_126" vType="typeCar@126" speedFactor="1.00" vaporized=""/>
    <tripinfo id="121" depart="172.20" departLane="wc_0" departPos="5.10" departSpeed="1.45" departDelay="96.20" arrival="308.30" arrivalLane="ce_0" arrivalPos="192.80" arrivalSpeed="10.00" duration="136.10" routeLength="394.90" waitingTime="5.50" waitingCount="51" stopTime="0.00" timeLoss="96.61" rerouteNo="0" devices="tripinfo_121" vType="typeCar@121" speedFactor="1.00" vaporized=""/>
    <tripinfo id="123" depart="176.40" departLane="wc_0" departPos="5.10" departSpeed="5.67" departDelay="99.40" arrival="309.50" arrivalLane="ce_0" arrivalPos="192.80" arrivalSpeed="10.00" duration="133.10" routeLength="394.90" waitingTime="5.00" waitingCount="50" stopTime="0.00" timeLoss="93.58" rerouteNo="0" devices="tripinfo_123" vType="typeCar@123" speedFactor="1.00" vaporized=""/>
    <tripinfo id="128" depart="205.90" departLane="nc_0" departPos="5.10" departSpeed="3.10" departDelay="126.90" arrival="311.00" arrivalLane="cs_0" arrivalPos="192.80" arrivalSpeed="10.00" duration="105.10" routeLength="394.90" waitingTime="3.50" waitingCount="35" stopTime="0.00" timeLoss="65.57" rerouteNo="0" devices="tripinfo_128" vType="typeCar@128" speedFactor="1.00" vaporized=""/>
    <tripinfo id="130" depart="207.80" departLane="nc_0" departPos="5.10" departSpeed="5.60" departDelay="127.80" arrival="312.10" arrivalLane="cs_0" arrivalPos="192.80" arrivalSpeed="10.00" duration="104.30" routeLength="394.90" waitingTime="4.50" waitingCount="45" stopTime="0.00" timeLoss="64.78" rerouteNo="0" devices="tripinfo_130" vType="typeCar@130" speedFactor="1.00" vaporized=""/>
    <tripinfo id="125" depart="177.50" departLane="wc_0" departPos="5.10" departSpeed="3.37" departDelay="99.50" arrival="313.60" arrivalLane="ce_0" arrivalPos="192.80" arrivalSpeed="10.00" duration="136.10" routeLength="394.90" waitingTime="5.60" waitingCount="56" stopTime="0.00" timeLoss="96.61" rerouteNo="0" devices="tripinfo_125" vType="typeCar@125" speedFactor="1.00" vaporized=""/>
    <tripinfo id="127" depart="187.60" departLane="wc_0" departPos="5.10" departSpeed="0.07" departDelay="108.60" arrival="314.70" arrivalLane="ce_0" arrivalPos="192.80" arrivalSpeed="10.00" duration="127.10" routeLength="394.90" waitingTime="5.80" waitingCount="53" stopTime="0.00" timeLoss="87.61" rerouteNo="0" devices="tripinfo_127" vType="typeCar@127" speedFactor="1.00" vaporized=""/>
    <tripinfo id="132" depart="208.90" departLane="nc_0" departPos="5.10" departSpeed="7.30" departDelay="126.90" arrival="316.30" arrivalLane="cs_0" arrivalPos="192.80" arrivalSpeed="10.00" duration="107.40" routeLength="394.90" waitingTime="4.50" waitingCount="45" stopTime="0.00" timeLoss="67.85" rerouteNo="0" devices="tripinfo_132" vType="typeCar@132" speedFactor="1.00" vaporized=""/>
    <tripinfo id="134" depart="209.90" departLane="nc_0" departPos="5.10" departSpeed="5.50" departDelay="126.90" arrival="317.30" arrivalLane="cs_0" arrivalPos="192.80" arrivalSpeed="10.00" duration="107.40" routeLength="394.90" waitingTime="4.60" waitingCount="46" stopTime="0.00" timeLoss="67.94" rerouteNo="0" devices="tripinfo_134" vType="typeCar@134" speedFactor="1.00" vaporized=""/>
    <tripinfo id="129" depart="192.80" departLane="wc_0" departPos="5.10" departSpeed="4.50" departDelay="112.80" arrival="318.90" arrivalLane="ce_0" arrivalPos="192.80" arrivalSpeed="10.00" duration="126.10" routeLength="394.90" waitingTime="4.60" waitingCount="46" stopTime="0.00" timeLoss="86.56" rerouteNo="0" devices="tripinfo_129" vType="typeCar@129" speedFactor="1.00" vaporized=""/>
    <tripinfo id="131" depart="199.20" departLane="wc_0" departPos="5.10" departSpeed="0.50" departDelay="118.20" arrival="319.90" arrivalLane="ce_0" arrivalPos="192.80" arrivalSpeed="10.00" duration="120.70" routeLength="394.90" waitingTime="6.20" waitingCount="55" stopTime="0.00" timeLoss="81.14" rerouteNo="0" devices="tripinfo_131" vType="typeCar@131" speedFactor="1.00" vaporized=""/>
    <tripinfo id="136" depart="216.10" departLane="nc_0" departPos="5.10" departSpeed="0.10" departDelay="132.10" arrival="321.40" arrivalLane="cs_0" arrivalPos="192.80" arrivalSpeed="10.00" duration="105.30" routeLength="394.90" waitingTime="5.40" waitingCount="43" stopTime="0.00" timeLoss="65.78" rerouteNo="0" devices="tripinfo_136" vType="typeCar@136" speedFactor="1.00" vaporized=""/>
    <tripinfo id="137" depart="224.80" departLane="nc_0" departPos="5.10" departSpeed="4.23" departDelay="139.80" arrival="322.40" arrivalLane="cs_0" arrivalPos="192.80" arrivalSpeed="10.00" duration="97.60" routeLength="394.90" waitingTime="3.80" waitingCount="38" stopTime="0.00" timeLoss="58.14" rerouteNo="0" devices="tripinfo_137" vType="typeCar@137" speedFactor="1.00" vaporized=""/>
    <tripinfo id="133" depart="203.80" departLane="wc_0" departPos="5.10" departSpeed="5.85" departDelay="120.80" arrival="323.90" arrivalLane="ce_0" arrivalPos="192.80" arrivalSpeed="10.00" duration="120.10" routeLength="394.90" waitingTime="4.30" waitingCount="43" stopTime="0.00" timeLoss="80.66" rerouteNo="0" devices="tripinfo_133" vType="typeCar@133" speedFactor="1.00" vaporized=""/>
    <tripinfo id="135" depart="204.80" departLane="wc_0" departPos="5.10" departSpeed="7.25" departDelay="120.80" arrival="325.00" arrivalLane="ce_0" arrivalPos="192.80" arrivalSpeed="10.00" duration="120.20" routeLength="394.90" waitingTime="4.60" waitingCount="46" stopTime="0.00" timeLoss="80.64" rerouteNo="0" devices="tripinfo_135" vType="typeCar@135" speedFactor="1.00" vaporized=""/>
    <tripinfo id="139" depart="232.60" departLane="nc_0" departPos="5.10" departSpeed="2.83" departDelay="146.60" arrival="326.60" arrivalLane="cs_0" arrivalPos="192.80" arrivalSpeed="10.00" duration="94.00" routeLength="394.90" waitingTime="2.80" waitingCount="28" stopTime="0.00" timeLoss="54.50" rerouteNo="0" devices="tripinfo_139" vType="typeCar@139" speedFactor="1.00" vaporized=""/>
    <tripinfo id="140" depart="234.90" departLane="nc_0" departPos="5.10" departSpeed="1.73" departDelay="147.90" arrival="327.70" arrivalLane="cs_0" arrivalPos="192.80" arrivalSpeed="10.00" duration="92.80" routeLength="394.90" waitingTime="3.60" waitingCount="31" stopTime="0.00" timeLoss="53.28" rerouteNo="0" devices="tripinfo_140" vType="typeCar@140" speedFactor="1.00" vaporized=""/>
    <tripinfo id="138" depart="205.80" departLane="wc_0" departPos="5.10" departSpeed="7.85" departDelay="119.80" arrival="329.30" arrivalLane="ce_0" arrivalPos="192.80" arrivalSpeed="10.00" duration="123.50" routeLength="394.90" waitingTime="5.50" waitingCount="55" stopTime="0.00" timeLoss="84.08" rerouteNo="0" devices="tripinfo_138" vType="typeCar@138" speedFactor="1.00" vaporized=""/>
    <tripinfo id="141" depart="206.80" departLane="wc_0" departPos="5.10" departSpeed="2.85" departDelay="118.80" arrival="330.40" arrivalLane="ce_0" arrivalPos="192.80" arrivalSpeed="10.00" duration="123.60" routeLength="394.90" waitingTime="5.60" waitingCount="56" stopTime="0.00" timeLoss="84.07" rerouteNo="0" devices="tripinfo_141" vType="typeCar@141" speedFactor="1.00" vaporized=""/>
    <tripinfo id="142" depart="242.10" departLane="nc_0" departPos="5.10" departSpeed="4.02" departDelay="154.10" arrival="331.90" arrivalLane="cs_0" arrivalPos="192.80" arrivalSpeed="10.00" duration="89.80" routeLength="394.90" waitingTime="2.50" waitingCount="25" stopTime="0.00" timeLoss="50.31" rerouteNo="0" devices="tripinfo_142" vType="typeCar@142" speedFactor="1.00" vaporized=""/>
    <tripinfo id="144" depart="248.20" departLane="nc_0" departPos="5.10" departSpeed="3.12" departDelay="159.20" arrival="332.90" arrivalLane="cs_0" arrivalPos="192.80" arrivalSpeed="10.00" duration="84.70" routeLength="394.90" waitingTime="2.10" waitingCount="21" stopTime="0.00" timeLoss="45.20" rerouteNo="0" devices="tripinfo_144" vType="typeCar@144" speedFactor="1.00" vaporized=""/>
    <tripinfo id="143" depart="217.80" departLane="wc_0" departPos="5.10" departSpeed="0.27" departDelay="128.80" arrival="334.50" arrivalLane="ce_0" arrivalPos="192.80" arrivalSpeed="10.00" duration="116.70" routeLength="394.90" waitingTime="4.30" waitingCount="36" stopTime="0.00" timeLoss="77.13" rerouteNo="0" devices="tripinfo_143" vType="typeCar@143" speedFactor="1.00" vaporized=""/>
    <tripinfo id="145" depart="228.70" departLane="wc_0" departPos="5.10" departSpeed="3.90" departDelay="138.70" arrival="335.60" arrivalLane="ce_0" arrivalPos="192.80" arrivalSpeed="10.00" duration="106.90" routeLength="394.90" waitingTime="4.20" waitingCount="42" stopTime="0.00" timeLoss="67.35" rerouteNo="0" devices="tripinfo_145" vType="typeCar@145" speedFactor="1.00" vaporized=""/>
    <tripinfo id="146" depart="254.70" departLane="nc_0" departPos="5.10" departSpeed="2.62" departDelay="164.70" arrival="337.10" arrivalLane="cs_0" arrivalPos="192.80" arrivalSpeed="10.00" duration="82.40" routeLength="394.90" waitingTime="2.10" waitingCount="21" stopTime="0.00" timeLoss="42.87" rerouteNo="0" devices="tripinfo_146" vType="typeCar@146" speedFactor="1.00" vaporized=""/>
    <tripinfo id="147" depart="260.00" departLane="nc_0" departPos="5.10" departSpeed="1.72" departDelay="169.00" arrival="338.20" arrivalLane="cs_0" arrivalPos="192.80" arrivalSpeed="10.00" duration="78.20" routeLength="394.90" waitingTime="1.80" waitingCount="18" stopTime="0.00" timeLoss="38.68" rerouteNo="0" devices="tripinfo_147" vType="typeCar@147" speedFactor="1.00" vaporized=""/>
    <tripinfo id="148" depart="233.40" departLane="wc_0" departPos="5.10" departSpeed="4.40" departDelay="141.40" arrival="339.70" arrivalLane="ce_0" arrivalPos="192.80" arrivalSpeed="10.00" duration="106.30" routeLength="394.90" waitingTime="3.80" waitingCount="38" stopTime="0.00" timeLoss="66.81" rerouteNo="0" devices="tripinfo_148" vType="typeCar@148" speedFactor="1.00" vaporized=""/>
    <tripinfo id="151" depart="237.90" departLane="wc_0" departPos="5.10" departSpeed="4.30" departDelay="143.90" arrival="340.80" arrivalLane="ce_0" arrivalPos="192.80" arrivalSpeed="10.00" duration="102.90" routeLength="394.90" waitingTime="4.10" waitingCount="41" stopTime="0.00" timeLoss="63.41" rerouteNo="0" devices="tripinfo_151" vType="typeCar@151" speedFactor="1.00" vaporized=""/>
    <tripinfo id="149" depart="262.50" departLane="nc_0" departPos="5.10" departSpeed="6.02" departDelay="170.50" arrival="342.30" arrivalLane="cs_0" arrivalPos="192.80" arrivalSpeed="10.00" duration="79.80" routeLength="394.90" waitingTime="2.10" waitingCount="21" stopTime="0.00" timeLoss="40.34" rerouteNo="0" devices="tripinfo_149" vType="typeCar@149" speedFactor="1.00" vaporized=""/>
    <tripinfo id="150" depart="265.10" departLane="nc_0" departPos="5.10" departSpeed="0.22" departDelay="172.10" arrival="343.30" arrivalLane="cs_0" arrivalPos="192.80" arrivalSpeed="10.00" duration="78.20" routeLength="394.90" waitingTime="3.50" waitingCount="22" stopTime="0.00" timeLoss="38.72" rerouteNo="0" devices="tripinfo_150" vType="typeCar@150" speedFactor="1.00" vaporized=""/>
    <tripinfo id="153" depart="246.60" departLane="wc_0" departPos="5.10" departSpeed="1.60" departDelay="151.60" arrival="344.90" arrivalLane="ce_0" arrivalPos="192.80" arrivalSpeed="10.00" duration="98.30" routeLength="394.90" waitingTime="3.20" waitingCount="32" stopTime="0.00" timeLoss="58.77" rerouteNo="0" devices="tripinfo_153" vType="typeCar@153" speedFactor="1.00" vaporized=""/>
    <tripinfo id="155" depart="253.20" departLane="wc_0" departPos="5.10" departSpeed="4.60" departDelay="157.20" arrival="346.00" arrivalLane="ce_0" arrivalPos="192.80" arrivalSpeed="10.00" duration="92.80" routeLength="394.90" waitingTime="2.80" waitingCount="28" stopTime="0.00" timeLoss="53.25" rerouteNo="0" devices="tripinfo_155" vType="typeCar@155" speedFactor="1.00" vaporized=""/>
    <tripinfo id="152" depart="270.20" departLane="nc_0" departPos="5.10" departSpeed="0.72" departDelay="176.20" arrival="347.50" arrivalLane="cs_0" arrivalPos="192.80" arrivalSpeed="10.00" duration="77.30" routeLength="394.90" waitingTime="2.40" waitingCount="16" stopTime="0.00" timeLoss="37.75" rerouteNo="0" devices="tripinfo_152" vType="typeCar@152" speedFactor="1.00" vaporized=""/>
    <tripinfo id="154" depart="276.60" departLane="nc_0" departPos="5.10" departSpeed="5.13" departDelay="181.60" arrival="348.50" arrivalLane="cs_0" arrivalPos="192.80" arrivalSpeed="10.00" duration="71.90" routeLength="394.90" waitingTime="1.70" waitingCount="17" stopTime="0.00" timeLoss="32.39" rerouteNo="0" devices="tripinfo_154" vType="typeCar@154" speedFactor="1.00" vaporized=""/>
    <tripinfo id="156" depart="256.40" departLane="wc_0" departPos="5.10" departSpeed="4.60" departDelay="159.40" arrival="350.20" arrivalLane="ce_0" arrivalPos="192.80" arrivalSpeed="10.00" duration="93.80" routeLength="394.90" waitingTime="3.20" waitingCount="32" stopTime="0.00" timeLoss="54.25" rerouteNo="0" devices="tripinfo_156" vType="typeCar@156" speedFactor="1.00" vaporized=""/>
    <tripinfo id="157" depart="261.50" departLane="wc_0" departPos="5.10" departSpeed="3.90" departDelay="163.50" arrival="351.20" arrivalLane="ce_0" arrivalPos="192.80" arrivalSpeed="10.00" duration="89.70" routeLength="394.90" waitingTime="2.80" waitingCount="28" stopTime="0.00" timeLoss="50.20" rerouteNo="0" devices="tripinfo_157" vType="typeCar@157" speedFactor="1.00" vaporized=""/>
    <tripinfo id="158" depart="277.90" departLane="nc_0" departPos="5.10" departSpeed="2.63" departDelay="179.90" arrival="352.80" arrivalLane="cs_0" arrivalPos="192.80" arrivalSpeed="10.00" duration="74.90" routeLength="394.90" waitingTime="2.10" waitingCount="21" stopTime="0.00" timeLoss="35.35" rerouteNo="0" devices="tripinfo_158" vType="typeCar@158" speedFactor="1.00" vaporized=""/>
</tripinfos>
