<?xml version="1.0" encoding="UTF-8"?>

<!-- generated on 2022-11-30 12:30:21 by Eclipse SUMO sumo Version 1.14.1
<configuration xmlns:xsi="http://www.w3.org/2001/XMLSchema-instance" xsi:noNamespaceSchemaLocation="http://sumo.dlr.de/xsd/sumoConfiguration.xsd">

    <input>
        <net-file value="net.net.xml"/>
        <route-files value="routes.rou.xml"/>
    </input>

    <output>
        <tripinfo-output value="raw_data/(9,10,0)tripinfo.xml"/>
    </output>

    <time>
        <begin value="0"/>
        <step-length value="0.1"/>
    </time>

    <processing>
        <extrapolate-departpos value="true"/>
        <route-steps value="0"/>
        <ignore-route-errors value="true"/>
        <collision.action value="warn"/>
        <collision.stoptime value="1"/>
        <collision.mingap-factor value="0.1"/>
    </processing>

    <report>
        <verbose value="false"/>
        <log value="log.txt"/>
        <duration-log.statistics value="true"/>
        <no-step-log value="true"/>
    </report>

    <traci_server>
        <remote-port value="64091"/>
    </traci_server>

    <gui_only>
        <quit-on-end value="true"/>
        <start value="true"/>
    </gui_only>

</configuration>
-->

<tripinfos xmlns:xsi="http://www.w3.org/2001/XMLSchema-instance" xsi:noNamespaceSchemaLocation="http://sumo.dlr.de/xsd/tripinfo_file.xsd">
    <tripinfo id="0" depart="0.00" departLane="wc_0" departPos="5.10" departSpeed="10.00" departDelay="0.00" arrival="39.50" arrivalLane="ce_0" arrivalPos="192.80" arrivalSpeed="10.00" duration="39.50" routeLength="394.90" waitingTime="0.00" waitingCount="0" stopTime="0.00" timeLoss="0.00" rerouteNo="0" devices="tripinfo_0" vType="typeCar@0" speedFactor="1.00" vaporized=""/>
    <tripinfo id="2" depart="1.00" departLane="wc_0" departPos="5.10" departSpeed="10.00" departDelay="0.00" arrival="40.50" arrivalLane="ce_0" arrivalPos="192.80" arrivalSpeed="10.00" duration="39.50" routeLength="394.90" waitingTime="0.00" waitingCount="0" stopTime="0.00" timeLoss="0.00" rerouteNo="0" devices="tripinfo_2" vType="typeCar@2" speedFactor="1.00" vaporized=""/>
    <tripinfo id="1" depart="0.00" departLane="nc_0" departPos="5.10" departSpeed="10.00" departDelay="0.00" arrival="42.00" arrivalLane="cs_0" arrivalPos="192.80" arrivalSpeed="10.00" duration="42.00" routeLength="394.90" waitingTime="0.00" waitingCount="0" stopTime="0.00" timeLoss="2.50" rerouteNo="0" devices="tripinfo_1" vType="typeCar@1" speedFactor="1.00" vaporized=""/>
    <tripinfo id="3" depart="1.00" departLane="nc_0" departPos="5.10" departSpeed="10.00" departDelay="0.00" arrival="43.40" arrivalLane="cs_0" arrivalPos="192.80" arrivalSpeed="10.00" duration="42.40" routeLength="394.90" waitingTime="0.00" waitingCount="0" stopTime="0.00" timeLoss="2.87" rerouteNo="0" devices="tripinfo_3" vType="typeCar@3" speedFactor="1.00" vaporized=""/>
    <tripinfo id="4" depart="2.00" departLane="wc_0" departPos="5.10" departSpeed="10.00" departDelay="0.00" arrival="48.60" arrivalLane="ce_0" arrivalPos="192.80" arrivalSpeed="10.00" duration="46.60" routeLength="394.90" waitingTime="0.00" waitingCount="0" stopTime="0.00" timeLoss="7.11" rerouteNo="0" devices="tripinfo_4" vType="typeCar@4" speedFactor="1.00" vaporized=""/>
    <tripinfo id="5" depart="2.00" departLane="nc_0" departPos="5.10" departSpeed="10.00" departDelay="0.00" arrival="49.90" arrivalLane="cs_0" arrivalPos="192.80" arrivalSpeed="10.00" duration="47.90" routeLength="394.90" waitingTime="0.00" waitingCount="0" stopTime="0.00" timeLoss="8.40" rerouteNo="0" devices="tripinfo_5" vType="typeCar@5" speedFactor="1.00" vaporized=""/>
    <tripinfo id="6" depart="3.00" departLane="wc_0" departPos="5.10" departSpeed="10.00" departDelay="0.00" arrival="56.40" arrivalLane="ce_0" arrivalPos="192.80" arrivalSpeed="10.00" duration="53.40" routeLength="394.90" waitingTime="0.00" waitingCount="0" stopTime="0.00" timeLoss="13.90" rerouteNo="0" devices="tripinfo_6" vType="typeCar@6" speedFactor="1.00" vaporized=""/>
    <tripinfo id="7" depart="3.00" departLane="nc_0" departPos="5.10" departSpeed="10.00" departDelay="0.00" arrival="58.70" arrivalLane="cs_0" arrivalPos="192.80" arrivalSpeed="10.00" duration="55.70" routeLength="394.90" waitingTime="0.00" waitingCount="0" stopTime="0.00" timeLoss="16.15" rerouteNo="0" devices="tripinfo_7" vType="typeCar@7" speedFactor="1.00" vaporized=""/>
    <tripinfo id="8" depart="4.00" departLane="wc_0" departPos="5.10" departSpeed="10.00" departDelay="0.00" arrival="60.90" arrivalLane="ce_0" arrivalPos="192.80" arrivalSpeed="10.00" duration="56.90" routeLength="394.90" waitingTime="0.00" waitingCount="0" stopTime="0.00" timeLoss="17.33" rerouteNo="0" devices="tripinfo_8" vType="typeCar@8" speedFactor="1.00" vaporized=""/>
    <tripinfo id="9" depart="4.00" departLane="nc_0" departPos="5.10" departSpeed="10.00" departDelay="0.00" arrival="62.80" arrivalLane="cs_0" arrivalPos="192.80" arrivalSpeed="10.00" duration="58.80" routeLength="394.90" waitingTime="0.00" waitingCount="0" stopTime="0.00" timeLoss="19.27" rerouteNo="0" devices="tripinfo_9" vType="typeCar@9" speedFactor="1.00" vaporized=""/>
    <tripinfo id="11" depart="5.00" departLane="nc_0" departPos="5.10" departSpeed="10.00" departDelay="0.00" arrival="63.70" arrivalLane="cs_0" arrivalPos="192.80" arrivalSpeed="10.00" duration="58.70" routeLength="394.90" waitingTime="0.00" waitingCount="0" stopTime="0.00" timeLoss="19.19" rerouteNo="0" devices="tripinfo_11" vType="typeCar@11" speedFactor="1.00" vaporized=""/>
    <tripinfo id="10" depart="5.00" departLane="wc_0" departPos="5.10" departSpeed="10.00" departDelay="0.00" arrival="65.40" arrivalLane="ce_0" arrivalPos="192.80" arrivalSpeed="10.00" duration="60.40" routeLength="394.90" waitingTime="0.10" waitingCount="1" stopTime="0.00" timeLoss="20.82" rerouteNo="0" devices="tripinfo_10" vType="typeCar@10" speedFactor="1.00" vaporized=""/>
    <tripinfo id="12" depart="6.00" departLane="wc_0" departPos="5.10" departSpeed="10.00" departDelay="0.00" arrival="66.40" arrivalLane="ce_0" arrivalPos="192.80" arrivalSpeed="10.00" duration="60.40" routeLength="394.90" waitingTime="0.20" waitingCount="2" stopTime="0.00" timeLoss="20.88" rerouteNo="0" devices="tripinfo_12" vType="typeCar@12" speedFactor="1.00" vaporized=""/>
    <tripinfo id="13" depart="6.00" departLane="nc_0" departPos="5.10" departSpeed="10.00" departDelay="0.00" arrival="70.90" arrivalLane="cs_0" arrivalPos="192.80" arrivalSpeed="10.00" duration="64.90" routeLength="394.90" waitingTime="0.10" waitingCount="1" stopTime="0.00" timeLoss="25.34" rerouteNo="0" devices="tripinfo_13" vType="typeCar@13" speedFactor="1.00" vaporized=""/>
    <tripinfo id="15" depart="7.00" departLane="nc_0" departPos="5.10" departSpeed="10.00" departDelay="0.00" arrival="72.00" arrivalLane="cs_0" arrivalPos="192.80" arrivalSpeed="10.00" duration="65.00" routeLength="394.90" waitingTime="0.10" waitingCount="1" stopTime="0.00" timeLoss="25.43" rerouteNo="0" devices="tripinfo_15" vType="typeCar@15" speedFactor="1.00" vaporized=""/>
    <tripinfo id="17" depart="8.00" departLane="nc_0" departPos="5.10" departSpeed="10.00" departDelay="0.00" arrival="74.00" arrivalLane="cs_0" arrivalPos="192.80" arrivalSpeed="10.00" duration="66.00" routeLength="394.90" waitingTime="0.20" waitingCount="2" stopTime="0.00" timeLoss="26.45" rerouteNo="0" devices="tripinfo_17" vType="typeCar@17" speedFactor="1.00" vaporized=""/>
    <tripinfo id="19" depart="9.00" departLane="nc_0" departPos="5.10" departSpeed="10.00" departDelay="0.00" arrival="75.50" arrivalLane="cs_0" arrivalPos="192.80" arrivalSpeed="10.00" duration="66.50" routeLength="394.90" waitingTime="0.30" waitingCount="3" stopTime="0.00" timeLoss="27.00" rerouteNo="0" devices="tripinfo_19" vType="typeCar@19" speedFactor="1.00" vaporized=""/>
    <tripinfo id="14" depart="7.00" departLane="wc_0" departPos="5.10" departSpeed="10.00" departDelay="0.00" arrival="77.40" arrivalLane="ce_0" arrivalPos="192.80" arrivalSpeed="10.00" duration="70.40" routeLength="394.90" waitingTime="0.20" waitingCount="2" stopTime="0.00" timeLoss="30.85" rerouteNo="0" devices="tripinfo_14" vType="typeCar@14" speedFactor="1.00" vaporized=""/>
    <tripinfo id="16" depart="8.00" departLane="wc_0" departPos="5.10" departSpeed="10.00" departDelay="0.00" arrival="78.40" arrivalLane="ce_0" arrivalPos="192.80" arrivalSpeed="10.00" duration="70.40" routeLength="394.90" waitingTime="0.40" waitingCount="4" stopTime="0.00" timeLoss="30.89" rerouteNo="0" devices="tripinfo_16" vType="typeCar@16" speedFactor="1.00" vaporized=""/>
    <tripinfo id="21" depart="10.00" departLane="nc_0" departPos="5.10" departSpeed="10.00" departDelay="0.00" arrival="81.10" arrivalLane="cs_0" arrivalPos="192.80" arrivalSpeed="10.00" duration="71.10" routeLength="394.90" waitingTime="0.40" waitingCount="4" stopTime="0.00" timeLoss="31.53" rerouteNo="0" devices="tripinfo_21" vType="typeCar@21" speedFactor="1.00" vaporized=""/>
    <tripinfo id="18" depart="9.00" departLane="wc_0" departPos="5.10" departSpeed="10.00" departDelay="0.00" arrival="86.50" arrivalLane="ce_0" arrivalPos="192.80" arrivalSpeed="10.00" duration="77.50" routeLength="394.90" waitingTime="0.50" waitingCount="5" stopTime="0.00" timeLoss="37.95" rerouteNo="0" devices="tripinfo_18" vType="typeCar@18" speedFactor="1.00" vaporized=""/>
    <tripinfo id="23" depart="11.00" departLane="nc_0" departPos="5.10" departSpeed="10.00" departDelay="0.00" arrival="88.10" arrivalLane="cs_0" arrivalPos="192.80" arrivalSpeed="10.00" duration="77.10" routeLength="394.90" waitingTime="0.40" waitingCount="4" stopTime="0.00" timeLoss="37.60" rerouteNo="0" devices="tripinfo_23" vType="typeCar@23" speedFactor="1.00" vaporized=""/>
    <tripinfo id="25" depart="12.00" departLane="nc_0" departPos="5.10" departSpeed="10.00" departDelay="0.00" arrival="89.00" arrivalLane="cs_0" arrivalPos="192.80" arrivalSpeed="10.00" duration="77.00" routeLength="394.90" waitingTime="0.70" waitingCount="7" stopTime="0.00" timeLoss="37.50" rerouteNo="0" devices="tripinfo_25" vType="typeCar@25" speedFactor="1.00" vaporized=""/>
    <tripinfo id="20" depart="10.00" departLane="wc_0" departPos="5.10" departSpeed="10.00" departDelay="0.00" arrival="92.00" arrivalLane="ce_0" arrivalPos="192.80" arrivalSpeed="10.00" duration="82.00" routeLength="394.90" waitingTime="0.60" waitingCount="6" stopTime="0.00" timeLoss="42.52" rerouteNo="0" devices="tripinfo_20" vType="typeCar@20" speedFactor="1.00" vaporized=""/>
    <tripinfo id="22" depart="11.00" departLane="wc_0" departPos="5.10" departSpeed="10.00" departDelay="0.00" arrival="93.10" arrivalLane="ce_0" arrivalPos="192.80" arrivalSpeed="10.00" duration="82.10" routeLength="394.90" waitingTime="0.70" waitingCount="7" stopTime="0.00" timeLoss="42.55" rerouteNo="0" devices="tripinfo_22" vType="typeCar@22" speedFactor="1.00" vaporized=""/>
    <tripinfo id="27" depart="13.00" departLane="nc_0" departPos="5.10" departSpeed="10.00" departDelay="0.00" arrival="95.30" arrivalLane="cs_0" arrivalPos="192.80" arrivalSpeed="10.00" duration="82.30" routeLength="394.90" waitingTime="1.00" waitingCount="10" stopTime="0.00" timeLoss="42.78" rerouteNo="0" devices="tripinfo_27" vType="typeCar@27" speedFactor="1.00" vaporized=""/>
    <tripinfo id="29" depart="14.00" departLane="nc_0" departPos="5.10" departSpeed="10.00" departDelay="0.00" arrival="97.40" arrivalLane="cs_0" arrivalPos="192.80" arrivalSpeed="10.00" duration="83.40" routeLength="394.90" waitingTime="1.30" waitingCount="13" stopTime="0.00" timeLoss="43.86" rerouteNo="0" devices="tripinfo_29" vType="typeCar@29" speedFactor="1.00" vaporized=""/>
    <tripinfo id="31" depart="15.00" departLane="nc_0" departPos="5.10" departSpeed="10.00" departDelay="0.00" arrival="98.60" arrivalLane="cs_0" arrivalPos="192.80" arrivalSpeed="10.00" duration="83.60" routeLength="394.90" waitingTime="1.60" waitingCount="16" stopTime="0.00" timeLoss="44.03" rerouteNo="0" devices="tripinfo_31" vType="typeCar@31" speedFactor="1.00" vaporized=""/>
    <tripinfo id="24" depart="12.00" departLane="wc_0" departPos="5.10" departSpeed="10.00" departDelay="0.00" arrival="100.10" arrivalLane="ce_0" arrivalPos="192.80" arrivalSpeed="10.00" duration="88.10" routeLength="394.90" waitingTime="0.70" waitingCount="7" stopTime="0.00" timeLoss="48.54" rerouteNo="0" devices="tripinfo_24" vType="typeCar@24" speedFactor="1.00" vaporized=""/>
    <tripinfo id="26" depart="13.00" departLane="wc_0" departPos="5.10" departSpeed="10.00" departDelay="0.00" arrival="101.20" arrivalLane="ce_0" arrivalPos="192.80" arrivalSpeed="10.00" duration="88.20" routeLength="394.90" waitingTime="0.90" waitingCount="9" stopTime="0.00" timeLoss="48.65" rerouteNo="0" devices="tripinfo_26" vType="typeCar@26" speedFactor="1.00" vaporized=""/>
    <tripinfo id="34" depart="17.00" departLane="nc_0" departPos="5.10" departSpeed="10.00" departDelay="0.00" arrival="102.70" arrivalLane="cs_0" arrivalPos="192.80" arrivalSpeed="10.00" duration="85.70" routeLength="394.90" waitingTime="1.70" waitingCount="17" stopTime="0.00" timeLoss="46.17" rerouteNo="0" devices="tripinfo_34" vType="typeCar@34" speedFactor="1.00" vaporized=""/>
    <tripinfo id="36" depart="18.00" departLane="nc_0" departPos="5.10" departSpeed="10.00" departDelay="0.00" arrival="103.70" arrivalLane="cs_0" arrivalPos="192.80" arrivalSpeed="10.00" duration="85.70" routeLength="394.90" waitingTime="2.10" waitingCount="21" stopTime="0.00" timeLoss="46.17" rerouteNo="0" devices="tripinfo_36" vType="typeCar@36" speedFactor="1.00" vaporized=""/>
    <tripinfo id="38" depart="19.00" departLane="nc_0" departPos="5.10" departSpeed="10.00" departDelay="0.00" arrival="104.80" arrivalLane="cs_0" arrivalPos="192.80" arrivalSpeed="10.00" duration="85.80" routeLength="394.90" waitingTime="2.10" waitingCount="21" stopTime="0.00" timeLoss="46.24" rerouteNo="0" devices="tripinfo_38" vType="typeCar@38" speedFactor="1.00" vaporized=""/>
    <tripinfo id="28" depart="14.00" departLane="wc_0" departPos="5.10" departSpeed="10.00" departDelay="0.00" arrival="109.80" arrivalLane="ce_0" arrivalPos="192.80" arrivalSpeed="10.00" duration="95.80" routeLength="394.90" waitingTime="1.10" waitingCount="11" stopTime="0.00" timeLoss="56.25" rerouteNo="0" devices="tripinfo_28" vType="typeCar@28" speedFactor="1.00" vaporized=""/>
    <tripinfo id="30" depart="15.00" departLane="wc_0" departPos="5.10" departSpeed="10.00" departDelay="0.00" arrival="110.70" arrivalLane="ce_0" arrivalPos="192.80" arrivalSpeed="10.00" duration="95.70" routeLength="394.90" waitingTime="1.20" waitingCount="12" stopTime="0.00" timeLoss="56.16" rerouteNo="0" devices="tripinfo_30" vType="typeCar@30" speedFactor="1.00" vaporized=""/>
    <tripinfo id="32" depart="16.00" departLane="wc_0" departPos="5.10" departSpeed="10.00" departDelay="0.00" arrival="112.30" arrivalLane="ce_0" arrivalPos="192.80" arrivalSpeed="10.00" duration="96.30" routeLength="394.90" waitingTime="1.10" waitingCount="11" stopTime="0.00" timeLoss="56.73" rerouteNo="0" devices="tripinfo_32" vType="typeCar@32" speedFactor="1.00" vaporized=""/>
    <tripinfo id="40" depart="20.00" departLane="nc_0" departPos="5.10" departSpeed="10.00" departDelay="0.00" arrival="119.50" arrivalLane="cs_0" arrivalPos="192.80" arrivalSpeed="10.00" duration="99.50" routeLength="394.90" waitingTime="2.00" waitingCount="20" stopTime="0.00" timeLoss="60.00" rerouteNo="0" devices="tripinfo_40" vType="typeCar@40" speedFactor="1.00" vaporized=""/>
    <tripinfo id="42" depart="21.00" departLane="nc_0" departPos="5.10" departSpeed="10.00" departDelay="0.00" arrival="120.40" arrivalLane="cs_0" arrivalPos="192.80" arrivalSpeed="10.00" duration="99.40" routeLength="394.90" waitingTime="1.90" waitingCount="19" stopTime="0.00" timeLoss="59.86" rerouteNo="0" devices="tripinfo_42" vType="typeCar@42" speedFactor="1.00" vaporized=""/>
    <tripinfo id="33" depart="17.00" departLane="wc_0" departPos="5.10" departSpeed="10.00" departDelay="0.00" arrival="121.90" arrivalLane="ce_0" arrivalPos="192.80" arrivalSpeed="10.00" duration="104.90" routeLength="394.90" waitingTime="1.30" waitingCount="13" stopTime="0.00" timeLoss="65.41" rerouteNo="0" devices="tripinfo_33" vType="typeCar@33" speedFactor="1.00" vaporized=""/>
    <tripinfo id="35" depart="18.00" departLane="wc_0" departPos="5.10" departSpeed="10.00" departDelay="0.00" arrival="123.00" arrivalLane="ce_0" arrivalPos="192.80" arrivalSpeed="10.00" duration="105.00" routeLength="394.90" waitingTime="1.70" waitingCount="17" stopTime="0.00" timeLoss="65.45" rerouteNo="0" devices="tripinfo_35" vType="typeCar@35" speedFactor="1.00" vaporized=""/>
    <tripinfo id="44" depart="22.00" departLane="nc_0" departPos="5.10" departSpeed="7.80" departDelay="0.00" arrival="124.60" arrivalLane="cs_0" arrivalPos="192.80" arrivalSpeed="10.00" duration="102.60" routeLength="394.90" waitingTime="3.10" waitingCount="31" stopTime="0.00" timeLoss="63.03" rerouteNo="0" devices="tripinfo_44" vType="typeCar@44" speedFactor="1.00" vaporized=""/>
    <tripinfo id="46" depart="23.00" departLane="nc_0" departPos="5.10" departSpeed="8.40" departDelay="0.00" arrival="125.60" arrivalLane="cs_0" arrivalPos="192.80" arrivalSpeed="10.00" duration="102.60" routeLength="394.90" waitingTime="3.20" waitingCount="32" stopTime="0.00" timeLoss="63.11" rerouteNo="0" devices="tripinfo_46" vType="typeCar@46" speedFactor="1.00" vaporized=""/>
    <tripinfo id="48" depart="24.00" departLane="nc_0" departPos="5.10" departSpeed="6.60" departDelay="0.00" arrival="134.10" arrivalLane="cs_0" arrivalPos="192.80" arrivalSpeed="10.00" duration="110.10" routeLength="394.90" waitingTime="3.50" waitingCount="35" stopTime="0.00" timeLoss="70.53" rerouteNo="0" devices="tripinfo_48" vType="typeCar@48" speedFactor="1.00" vaporized=""/>
    <tripinfo id="50" depart="25.40" departLane="nc_0" departPos="5.10" departSpeed="0.40" departDelay="0.40" arrival="135.10" arrivalLane="cs_0" arrivalPos="192.80" arrivalSpeed="10.00" duration="109.70" routeLength="394.90" waitingTime="5.10" waitingCount="39" stopTime="0.00" timeLoss="70.18" rerouteNo="0" devices="tripinfo_50" vType="typeCar@50" speedFactor="1.00" vaporized=""/>
    <tripinfo id="37" depart="19.00" departLane="wc_0" departPos="5.10" departSpeed="10.00" departDelay="0.00" arrival="136.90" arrivalLane="ce_0" arrivalPos="192.80" arrivalSpeed="10.00" duration="117.90" routeLength="394.90" waitingTime="1.90" waitingCount="19" stopTime="0.00" timeLoss="78.34" rerouteNo="0" devices="tripinfo_37" vType="typeCar@37" speedFactor="1.00" vaporized=""/>
    <tripinfo id="39" depart="20.00" departLane="wc_0" departPos="5.10" departSpeed="10.00" departDelay="0.00" arrival="138.30" arrivalLane="ce_0" arrivalPos="192.80" arrivalSpeed="10.00" duration="118.30" routeLength="394.90" waitingTime="2.50" waitingCount="25" stopTime="0.00" timeLoss="78.74" rerouteNo="0" devices="tripinfo_39" vType="typeCar@39" speedFactor="1.00" vaporized=""/>
    <tripinfo id="53" depart="33.00" departLane="nc_0" departPos="5.10" departSpeed="5.23" departDelay="6.00" arrival="145.50" arrivalLane="cs_0" arrivalPos="192.80" arrivalSpeed="10.00" duration="112.50" routeLength="394.90" waitingTime="3.50" waitingCount="35" stopTime="0.00" timeLoss="73.01" rerouteNo="0" devices="tripinfo_53" vType="typeCar@53" speedFactor="1.00" vaporized=""/>
    <tripinfo id="55" depart="39.20" departLane="nc_0" departPos="5.10" departSpeed="2.23" departDelay="11.20" arrival="146.70" arrivalLane="cs_0" arrivalPos="192.80" arrivalSpeed="10.00" duration="107.50" routeLength="394.90" waitingTime="3.50" waitingCount="35" stopTime="0.00" timeLoss="67.98" rerouteNo="0" devices="tripinfo_55" vType="typeCar@55" speedFactor="1.00" vaporized=""/>
    <tripinfo id="57" depart="44.30" departLane="nc_0" departPos="5.10" departSpeed="2.33" departDelay="15.30" arrival="147.60" arrivalLane="cs_0" arrivalPos="192.80" arrivalSpeed="10.00" duration="103.30" routeLength="394.90" waitingTime="3.20" waitingCount="32" stopTime="0.00" timeLoss="63.81" rerouteNo="0" devices="tripinfo_57" vType="typeCar@57" speedFactor="1.00" vaporized=""/>
    <tripinfo id="59" depart="48.80" departLane="nc_0" departPos="5.10" departSpeed="5.43" departDelay="18.80" arrival="150.00" arrivalLane="cs_0" arrivalPos="192.80" arrivalSpeed="10.00" duration="101.20" routeLength="394.90" waitingTime="3.70" waitingCount="37" stopTime="0.00" timeLoss="61.73" rerouteNo="0" devices="tripinfo_59" vType="typeCar@59" speedFactor="1.00" vaporized=""/>
    <tripinfo id="41" depart="21.00" departLane="wc_0" departPos="5.10" departSpeed="10.00" departDelay="0.00" arrival="151.60" arrivalLane="ce_0" arrivalPos="192.80" arrivalSpeed="10.00" duration="130.60" routeLength="394.90" waitingTime="3.60" waitingCount="36" stopTime="0.00" timeLoss="91.11" rerouteNo="0" devices="tripinfo_41" vType="typeCar@41" speedFactor="1.00" vaporized=""/>
    <tripinfo id="43" depart="22.00" departLane="wc_0" departPos="5.10" departSpeed="10.00" departDelay="0.00" arrival="152.70" arrivalLane="ce_0" arrivalPos="192.80" arrivalSpeed="10.00" duration="130.70" routeLength="394.90" waitingTime="3.50" waitingCount="35" stopTime="0.00" timeLoss="91.16" rerouteNo="0" devices="tripinfo_43" vType="typeCar@43" speedFactor="1.00" vaporized=""/>
    <tripinfo id="45" depart="23.00" departLane="wc_0" departPos="5.10" departSpeed="8.00" departDelay="0.00" arrival="157.00" arrivalLane="ce_0" arrivalPos="192.80" arrivalSpeed="10.00" duration="134.00" routeLength="394.90" waitingTime="3.00" waitingCount="30" stopTime="0.00" timeLoss="94.44" rerouteNo="0" devices="tripinfo_45" vType="typeCar@45" speedFactor="1.00" vaporized=""/>
    <tripinfo id="61" depart="50.00" departLane="nc_0" departPos="5.10" departSpeed="6.63" departDelay="19.00" arrival="159.80" arrivalLane="cs_0" arrivalPos="192.80" arrivalSpeed="10.00" duration="109.80" routeLength="394.90" waitingTime="6.40" waitingCount="38" stopTime="0.00" timeLoss="70.33" rerouteNo="0" devices="tripinfo_61" vType="typeCar@61" speedFactor="1.00" vaporized=""/>
    <tripinfo id="63" depart="51.00" departLane="nc_0" departPos="5.10" departSpeed="7.23" departDelay="19.00" arrival="161.10" arrivalLane="cs_0" arrivalPos="192.80" arrivalSpeed="10.00" duration="110.10" routeLength="394.90" waitingTime="3.90" waitingCount="39" stopTime="0.00" timeLoss="70.63" rerouteNo="0" devices="tripinfo_63" vType="typeCar@63" speedFactor="1.00" vaporized=""/>
    <tripinfo id="65" depart="52.20" departLane="nc_0" departPos="5.10" departSpeed="1.23" departDelay="19.20" arrival="162.00" arrivalLane="cs_0" arrivalPos="192.80" arrivalSpeed="10.00" duration="109.80" routeLength="394.90" waitingTime="5.40" waitingCount="48" stopTime="0.00" timeLoss="70.29" rerouteNo="0" devices="tripinfo_65" vType="typeCar@65" speedFactor="1.00" vaporized=""/>
    <tripinfo id="67" depart="61.40" departLane="nc_0" departPos="5.10" departSpeed="2.85" departDelay="27.40" arrival="164.00" arrivalLane="cs_0" arrivalPos="192.80" arrivalSpeed="10.00" duration="102.60" routeLength="394.90" waitingTime="3.60" waitingCount="36" stopTime="0.00" timeLoss="63.05" rerouteNo="0" devices="tripinfo_67" vType="typeCar@67" speedFactor="1.00" vaporized=""/>
    <tripinfo id="47" depart="24.00" departLane="wc_0" departPos="5.10" departSpeed="4.60" departDelay="0.00" arrival="167.90" arrivalLane="ce_0" arrivalPos="192.80" arrivalSpeed="10.00" duration="143.90" routeLength="394.90" waitingTime="4.00" waitingCount="40" stopTime="0.00" timeLoss="104.38" rerouteNo="0" devices="tripinfo_47" vType="typeCar@47" speedFactor="1.00" vaporized=""/>
    <tripinfo id="49" depart="29.20" departLane="wc_0" departPos="5.10" departSpeed="1.00" departDelay="4.20" arrival="168.90" arrivalLane="ce_0" arrivalPos="192.80" arrivalSpeed="10.00" duration="139.70" routeLength="394.90" waitingTime="4.50" waitingCount="41" stopTime="0.00" timeLoss="100.23" rerouteNo="0" devices="tripinfo_49" vType="typeCar@49" speedFactor="1.00" vaporized=""/>
    <tripinfo id="70" depart="64.90" departLane="nc_0" departPos="5.10" departSpeed="5.22" departDelay="28.90" arrival="170.80" arrivalLane="cs_0" arrivalPos="192.80" arrivalSpeed="10.00" duration="105.90" routeLength="394.90" waitingTime="3.40" waitingCount="34" stopTime="0.00" timeLoss="66.38" rerouteNo="0" devices="tripinfo_70" vType="typeCar@70" speedFactor="1.00" vaporized=""/>
    <tripinfo id="72" depart="66.20" departLane="nc_0" departPos="5.10" departSpeed="4.32" departDelay="29.20" arrival="171.80" arrivalLane="cs_0" arrivalPos="192.80" arrivalSpeed="10.00" duration="105.60" routeLength="394.90" waitingTime="3.70" waitingCount="37" stopTime="0.00" timeLoss="66.09" rerouteNo="0" devices="tripinfo_72" vType="typeCar@72" speedFactor="1.00" vaporized=""/>
    <tripinfo id="51" depart="37.70" departLane="wc_0" departPos="5.10" departSpeed="2.72" departDelay="11.70" arrival="173.30" arrivalLane="ce_0" arrivalPos="192.80" arrivalSpeed="10.00" duration="135.60" routeLength="394.90" waitingTime="3.80" waitingCount="38" stopTime="0.00" timeLoss="96.08" rerouteNo="0" devices="tripinfo_51" vType="typeCar@51" speedFactor="1.00" vaporized=""/>
    <tripinfo id="52" depart="44.00" departLane="wc_0" departPos="5.10" departSpeed="1.62" departDelay="17.00" arrival="174.70" arrivalLane="ce_0" arrivalPos="192.80" arrivalSpeed="10.00" duration="130.70" routeLength="394.90" waitingTime="4.00" waitingCount="40" stopTime="0.00" timeLoss="91.19" rerouteNo="0" devices="tripinfo_52" vType="typeCar@52" speedFactor="1.00" vaporized=""/>
    <tripinfo id="74" depart="72.80" departLane="nc_0" departPos="5.10" departSpeed="3.32" departDelay="34.80" arrival="182.90" arrivalLane="cs_0" arrivalPos="192.80" arrivalSpeed="10.00" duration="110.10" routeLength="394.90" waitingTime="3.90" waitingCount="39" stopTime="0.00" timeLoss="70.58" rerouteNo="0" devices="tripinfo_74" vType="typeCar@74" speedFactor="1.00" vaporized=""/>
    <tripinfo id="76" depart="75.20" departLane="nc_0" departPos="5.10" departSpeed="0.12" departDelay="36.20" arrival="184.30" arrivalLane="cs_0" arrivalPos="192.80" arrivalSpeed="10.00" duration="109.10" routeLength="394.90" waitingTime="4.60" waitingCount="33" stopTime="0.00" timeLoss="69.53" rerouteNo="0" devices="tripinfo_76" vType="typeCar@76" speedFactor="1.00" vaporized=""/>
    <tripinfo id="78" depart="79.70" departLane="nc_0" departPos="5.10" departSpeed="5.96" departDelay="39.70" arrival="185.60" arrivalLane="cs_0" arrivalPos="192.80" arrivalSpeed="10.00" duration="105.90" routeLength="394.90" waitingTime="4.00" waitingCount="40" stopTime="0.00" timeLoss="66.39" rerouteNo="0" devices="tripinfo_78" vType="typeCar@78" speedFactor="1.00" vaporized=""/>
    <tripinfo id="80" depart="80.70" departLane="nc_0" departPos="5.10" departSpeed="6.56" departDelay="39.70" arrival="188.60" arrivalLane="cs_0" arrivalPos="192.80" arrivalSpeed="10.00" duration="107.90" routeLength="394.90" waitingTime="4.40" waitingCount="44" stopTime="0.00" timeLoss="68.34" rerouteNo="0" devices="tripinfo_80" vType="typeCar@80" speedFactor="1.00" vaporized=""/>
    <tripinfo id="54" depart="47.00" departLane="wc_0" departPos="5.10" departSpeed="5.40" departDelay="19.00" arrival="191.30" arrivalLane="ce_0" arrivalPos="192.80" arrivalSpeed="10.00" duration="144.30" routeLength="394.90" waitingTime="7.80" waitingCount="49" stopTime="0.00" timeLoss="104.86" rerouteNo="0" devices="tripinfo_54" vType="typeCar@54" speedFactor="1.00" vaporized=""/>
    <tripinfo id="56" depart="52.60" departLane="wc_0" departPos="5.10" departSpeed="1.40" departDelay="23.60" arrival="192.40" arrivalLane="ce_0" arrivalPos="192.80" arrivalSpeed="10.00" duration="139.80" routeLength="394.90" waitingTime="5.00" waitingCount="50" stopTime="0.00" timeLoss="100.24" rerouteNo="0" devices="tripinfo_56" vType="typeCar@56" speedFactor="1.00" vaporized=""/>
    <tripinfo id="58" depart="58.70" departLane="wc_0" departPos="5.10" departSpeed="4.60" departDelay="28.70" arrival="193.20" arrivalLane="ce_0" arrivalPos="192.80" arrivalSpeed="10.00" duration="134.50" routeLength="394.90" waitingTime="4.60" waitingCount="46" stopTime="0.00" timeLoss="95.06" rerouteNo="0" devices="tripinfo_58" vType="typeCar@58" speedFactor="1.00" vaporized=""/>
    <tripinfo id="60" depart="63.30" departLane="wc_0" departPos="5.10" departSpeed="0.00" departDelay="32.30" arrival="198.90" arrivalLane="ce_0" arrivalPos="192.80" arrivalSpeed="10.00" duration="135.60" routeLength="394.90" waitingTime="5.10" waitingCount="42" stopTime="0.00" timeLoss="96.09" rerouteNo="0" devices="tripinfo_60" vType="typeCar@60" speedFactor="1.00" vaporized=""/>
    <tripinfo id="82" depart="84.40" departLane="nc_0" departPos="5.10" departSpeed="0.06" departDelay="42.40" arrival="206.40" arrivalLane="cs_0" arrivalPos="192.80" arrivalSpeed="10.00" duration="122.00" routeLength="394.90" waitingTime="11.40" waitingCount="50" stopTime="0.00" timeLoss="82.50" rerouteNo="0" devices="tripinfo_82" vType="typeCar@82" speedFactor="1.00" vaporized=""/>
    <tripinfo id="84" depart="90.30" departLane="nc_0" departPos="5.10" departSpeed="5.38" departDelay="47.30" arrival="207.80" arrivalLane="cs_0" arrivalPos="192.80" arrivalSpeed="10.00" duration="117.50" routeLength="394.90" waitingTime="4.80" waitingCount="48" stopTime="0.00" timeLoss="78.02" rerouteNo="0" devices="tripinfo_84" vType="typeCar@84" speedFactor="1.00" vaporized=""/>
    <tripinfo id="86" depart="91.50" departLane="nc_0" departPos="5.10" departSpeed="6.58" departDelay="47.50" arrival="208.70" arrivalLane="cs_0" arrivalPos="192.80" arrivalSpeed="10.00" duration="117.20" routeLength="394.90" waitingTime="4.70" waitingCount="47" stopTime="0.00" timeLoss="77.63" rerouteNo="0" devices="tripinfo_86" vType="typeCar@86" speedFactor="1.00" vaporized=""/>
    <tripinfo id="62" depart="68.90" departLane="wc_0" departPos="5.10" departSpeed="5.30" departDelay="36.90" arrival="210.20" arrivalLane="ce_0" arrivalPos="192.80" arrivalSpeed="10.00" duration="141.30" routeLength="394.90" waitingTime="4.00" waitingCount="40" stopTime="0.00" timeLoss="101.82" rerouteNo="0" devices="tripinfo_62" vType="typeCar@62" speedFactor="1.00" vaporized=""/>
    <tripinfo id="64" depart="74.40" departLane="wc_0" departPos="5.10" departSpeed="2.60" departDelay="41.40" arrival="211.30" arrivalLane="ce_0" arrivalPos="192.80" arrivalSpeed="10.00" duration="136.90" routeLength="394.90" waitingTime="4.30" waitingCount="43" stopTime="0.00" timeLoss="97.36" rerouteNo="0" devices="tripinfo_64" vType="typeCar@64" speedFactor="1.00" vaporized=""/>
    <tripinfo id="88" depart="93.10" departLane="nc_0" departPos="5.10" departSpeed="0.18" departDelay="48.10" arrival="212.90" arrivalLane="cs_0" arrivalPos="192.80" arrivalSpeed="10.00" duration="119.80" routeLength="394.90" waitingTime="6.00" waitingCount="51" stopTime="0.00" timeLoss="80.29" rerouteNo="0" devices="tripinfo_88" vType="typeCar@88" speedFactor="1.00" vaporized=""/>
    <tripinfo id="90" depart="103.10" departLane="nc_0" departPos="5.10" departSpeed="1.55" departDelay="57.10" arrival="214.10" arrivalLane="cs_0" arrivalPos="192.80" arrivalSpeed="10.00" duration="111.00" routeLength="394.90" waitingTime="3.90" waitingCount="39" stopTime="0.00" timeLoss="71.43" rerouteNo="0" devices="tripinfo_90" vType="typeCar@90" speedFactor="1.00" vaporized=""/>
    <tripinfo id="92" depart="108.10" departLane="nc_0" departPos="5.10" departSpeed="3.75" departDelay="61.10" arrival="221.80" arrivalLane="cs_0" arrivalPos="192.80" arrivalSpeed="10.00" duration="113.70" routeLength="394.90" waitingTime="4.20" waitingCount="42" stopTime="0.00" timeLoss="74.20" rerouteNo="0" devices="tripinfo_92" vType="typeCar@92" speedFactor="1.00" vaporized=""/>
    <tripinfo id="94" depart="109.90" departLane="nc_0" departPos="5.10" departSpeed="5.95" departDelay="61.90" arrival="222.70" arrivalLane="cs_0" arrivalPos="192.80" arrivalSpeed="10.00" duration="112.80" routeLength="394.90" waitingTime="4.10" waitingCount="41" stopTime="0.00" timeLoss="73.32" rerouteNo="0" devices="tripinfo_94" vType="typeCar@94" speedFactor="1.00" vaporized=""/>
    <tripinfo id="96" depart="110.90" departLane="nc_0" departPos="5.10" departSpeed="5.75" departDelay="61.90" arrival="225.00" arrivalLane="cs_0" arrivalPos="192.80" arrivalSpeed="10.00" duration="114.10" routeLength="394.90" waitingTime="4.70" waitingCount="47" stopTime="0.00" timeLoss="74.55" rerouteNo="0" devices="tripinfo_96" vType="typeCar@96" speedFactor="1.00" vaporized=""/>
    <tripinfo id="66" depart="79.90" departLane="wc_0" departPos="5.10" departSpeed="4.70" departDelay="45.90" arrival="226.50" arrivalLane="ce_0" arrivalPos="192.80" arrivalSpeed="10.00" duration="146.60" routeLength="394.90" waitingTime="4.80" waitingCount="48" stopTime="0.00" timeLoss="107.12" rerouteNo="0" devices="tripinfo_66" vType="typeCar@66" speedFactor="1.00" vaporized=""/>
    <tripinfo id="68" depart="84.20" departLane="wc_0" departPos="5.10" departSpeed="4.00" departDelay="49.20" arrival="227.50" arrivalLane="ce_0" arrivalPos="192.80" arrivalSpeed="10.00" duration="143.30" routeLength="394.90" waitingTime="4.70" waitingCount="47" stopTime="0.00" timeLoss="103.77" rerouteNo="0" devices="tripinfo_68" vType="typeCar@68" speedFactor="1.00" vaporized=""/>
    <tripinfo id="69" depart="85.70" departLane="wc_0" departPos="5.10" departSpeed="3.70" departDelay="49.70" arrival="229.80" arrivalLane="ce_0" arrivalPos="192.80" arrivalSpeed="10.00" duration="144.10" routeLength="394.90" waitingTime="5.80" waitingCount="58" stopTime="0.00" timeLoss="104.56" rerouteNo="0" devices="tripinfo_69" vType="typeCar@69" speedFactor="1.00" vaporized=""/>
    <tripinfo id="98" depart="116.80" departLane="nc_0" departPos="5.10" departSpeed="0.25" departDelay="66.80" arrival="231.40" arrivalLane="cs_0" arrivalPos="192.80" arrivalSpeed="10.00" duration="114.60" routeLength="394.90" waitingTime="5.20" waitingCount="42" stopTime="0.00" timeLoss="75.08" rerouteNo="0" devices="tripinfo_98" vType="typeCar@98" speedFactor="1.00" vaporized=""/>
    <tripinfo id="71" depart="91.00" departLane="wc_0" departPos="5.10" departSpeed="4.40" departDelay="54.00" arrival="237.90" arrivalLane="ce_0" arrivalPos="192.80" arrivalSpeed="10.00" duration="146.90" routeLength="394.90" waitingTime="5.50" waitingCount="55" stopTime="0.00" timeLoss="107.41" rerouteNo="0" devices="tripinfo_71" vType="typeCar@71" speedFactor="1.00" vaporized=""/>
    <tripinfo id="100" depart="123.10" departLane="nc_0" departPos="5.10" departSpeed="5.17" departDelay="72.10" arrival="245.90" arrivalLane="cs_0" arrivalPos="192.80" arrivalSpeed="10.00" duration="122.80" routeLength="394.90" waitingTime="4.10" waitingCount="41" stopTime="0.00" timeLoss="83.24" rerouteNo="0" devices="tripinfo_100" vType="typeCar@100" speedFactor="1.00" vaporized=""/>
    <tripinfo id="102" depart="124.40" departLane="nc_0" departPos="5.10" departSpeed="6.67" departDelay="72.40" arrival="246.80" arrivalLane="cs_0" arrivalPos="192.80" arrivalSpeed="10.00" duration="122.40" routeLength="394.90" waitingTime="4.40" waitingCount="44" stopTime="0.00" timeLoss="82.87" rerouteNo="0" devices="tripinfo_102" vType="typeCar@102" speedFactor="1.00" vaporized=""/>
    <tripinfo id="104" depart="125.70" departLane="nc_0" departPos="5.10" departSpeed="0.97" departDelay="72.70" arrival="250.30" arrivalLane="cs_0" arrivalPos="192.80" arrivalSpeed="10.00" duration="124.60" routeLength="394.90" waitingTime="5.20" waitingCount="45" stopTime="0.00" timeLoss="85.08" rerouteNo="0" devices="tripinfo_104" vType="typeCar@104" speedFactor="1.00" vaporized=""/>
    <tripinfo id="107" depart="136.90" departLane="nc_0" departPos="5.10" departSpeed="3.80" departDelay="81.90" arrival="253.80" arrivalLane="cs_0" arrivalPos="192.80" arrivalSpeed="10.00" duration="116.90" routeLength="394.90" waitingTime="3.70" waitingCount="37" stopTime="0.00" timeLoss="77.34" rerouteNo="0" devices="tripinfo_107" vType="typeCar@107" speedFactor="1.00" vaporized=""/>
    <tripinfo id="73" depart="92.40" departLane="wc_0" departPos="5.10" departSpeed="5.40" departDelay="54.40" arrival="259.10" arrivalLane="ce_0" arrivalPos="192.80" arrivalSpeed="10.00" duration="166.70" routeLength="394.90" waitingTime="8.00" waitingCount="59" stopTime="0.00" timeLoss="127.18" rerouteNo="0" devices="tripinfo_73" vType="typeCar@73" speedFactor="1.00" vaporized=""/>
    <tripinfo id="75" depart="98.10" departLane="wc_0" departPos="5.10" departSpeed="0.10" departDelay="59.10" arrival="260.40" arrivalLane="ce_0" arrivalPos="192.80" arrivalSpeed="10.00" duration="162.30" routeLength="394.90" waitingTime="6.60" waitingCount="58" stopTime="0.00" timeLoss="122.76" rerouteNo="0" devices="tripinfo_75" vType="typeCar@75" speedFactor="1.00" vaporized=""/>
    <tripinfo id="77" depart="104.90" departLane="wc_0" departPos="5.10" departSpeed="5.14" departDelay="64.90" arrival="261.30" arrivalLane="ce_0" arrivalPos="192.80" arrivalSpeed="10.00" duration="156.40" routeLength="394.90" waitingTime="5.50" waitingCount="55" stopTime="0.00" timeLoss="116.94" rerouteNo="0" devices="tripinfo_77" vType="typeCar@77" speedFactor="1.00" vaporized=""/>
    <tripinfo id="109" depart="138.60" departLane="nc_0" departPos="5.10" departSpeed="5.70" departDelay="82.60" arrival="262.90" arrivalLane="cs_0" arrivalPos="192.80" arrivalSpeed="10.00" duration="124.30" routeLength="394.90" waitingTime="4.40" waitingCount="44" stopTime="0.00" timeLoss="84.78" rerouteNo="0" devices="tripinfo_109" vType="typeCar@109" speedFactor="1.00" vaporized=""/>
    <tripinfo id="111" depart="139.70" departLane="nc_0" departPos="5.10" departSpeed="6.60" departDelay="82.70" arrival="263.90" arrivalLane="cs_0" arrivalPos="192.80" arrivalSpeed="10.00" duration="124.20" routeLength="394.90" waitingTime="4.50" waitingCount="45" stopTime="1.10" timeLoss="83.63" rerouteNo="0" devices="tripinfo_111" vType="typeCar@111" speedFactor="1.00" vaporized=""/>
    <tripinfo id="79" depart="109.10" departLane="wc_0" departPos="5.10" departSpeed="0.14" departDelay="68.10" arrival="265.60" arrivalLane="ce_0" arrivalPos="192.80" arrivalSpeed="10.00" duration="156.50" routeLength="394.90" waitingTime="6.00" waitingCount="51" stopTime="0.00" timeLoss="116.94" rerouteNo="0" devices="tripinfo_79" vType="typeCar@79" speedFactor="1.00" vaporized=""/>
    <tripinfo id="81" depart="118.00" departLane="wc_0" departPos="5.10" departSpeed="2.32" departDelay="76.00" arrival="266.60" arrivalLane="ce_0" arrivalPos="192.80" arrivalSpeed="10.00" duration="148.60" routeLength="394.90" waitingTime="5.40" waitingCount="54" stopTime="0.00" timeLoss="109.12" rerouteNo="0" devices="tripinfo_81" vType="typeCar@81" speedFactor="1.00" vaporized=""/>
    <tripinfo id="113" depart="143.10" departLane="nc_0" departPos="5.10" departSpeed="0.00" departDelay="85.10" arrival="269.70" arrivalLane="cs_0" arrivalPos="192.80" arrivalSpeed="10.00" duration="126.60" routeLength="394.90" waitingTime="5.70" waitingCount="43" stopTime="1.10" timeLoss="86.01" rerouteNo="0" devices="tripinfo_113" vType="typeCar@113" speedFactor="1.00" vaporized=""/>
    <tripinfo id="115" depart="149.30" departLane="nc_0" departPos="5.10" departSpeed="5.75" departDelay="90.30" arrival="270.80" arrivalLane="cs_0" arrivalPos="192.80" arrivalSpeed="10.00" duration="121.50" routeLength="394.90" waitingTime="4.50" waitingCount="45" stopTime="0.00" timeLoss="81.96" rerouteNo="0" devices="tripinfo_115" vType="typeCar@115" speedFactor="1.00" vaporized=""/>
    <tripinfo id="83" depart="124.60" departLane="wc_0" departPos="5.10" departSpeed="2.92" departDelay="81.60" arrival="272.30" arrivalLane="ce_0" arrivalPos="192.80" arrivalSpeed="10.00" duration="147.70" routeLength="394.90" waitingTime="5.50" waitingCount="55" stopTime="0.00" timeLoss="108.21" rerouteNo="0" devices="tripinfo_83" vType="typeCar@83" speedFactor="1.00" vaporized=""/>
    <tripinfo id="85" depart="132.90" departLane="wc_0" departPos="5.10" departSpeed="3.82" departDelay="88.90" arrival="273.40" arrivalLane="ce_0" arrivalPos="192.80" arrivalSpeed="10.00" duration="140.50" routeLength="394.90" waitingTime="6.30" waitingCount="63" stopTime="0.00" timeLoss="100.95" rerouteNo="0" devices="tripinfo_85" vType="typeCar@85" speedFactor="1.00" vaporized=""/>
    <tripinfo id="117" depart="153.30" departLane="nc_0" departPos="5.10" departSpeed="0.95" departDelay="93.30" arrival="277.30" arrivalLane="cs_0" arrivalPos="192.80" arrivalSpeed="10.00" duration="124.00" routeLength="394.90" waitingTime="3.50" waitingCount="34" stopTime="0.00" timeLoss="84.50" rerouteNo="0" devices="tripinfo_117" vType="typeCar@117" speedFactor="1.00" vaporized=""/>
    <tripinfo id="119" depart="156.20" departLane="nc_0" departPos="5.10" departSpeed="1.40" departDelay="95.20" arrival="278.50" arrivalLane="cs_0" arrivalPos="192.80" arrivalSpeed="10.00" duration="122.30" routeLength="394.90" waitingTime="4.90" waitingCount="46" stopTime="0.00" timeLoss="82.73" rerouteNo="0" devices="tripinfo_119" vType="typeCar@119" speedFactor="1.00" vaporized=""/>
    <tripinfo id="87" depart="138.40" departLane="wc_0" departPos="5.10" departSpeed="2.72" departDelay="93.40" arrival="284.60" arrivalLane="ce_0" arrivalPos="192.80" arrivalSpeed="10.00" duration="146.20" routeLength="394.90" waitingTime="6.00" waitingCount="60" stopTime="0.00" timeLoss="106.69" rerouteNo="0" devices="tripinfo_87" vType="typeCar@87" speedFactor="1.00" vaporized=""/>
    <tripinfo id="89" depart="144.80" departLane="wc_0" departPos="5.10" departSpeed="3.42" departDelay="98.80" arrival="285.60" arrivalLane="ce_0" arrivalPos="192.80" arrivalSpeed="10.00" duration="140.80" routeLength="394.90" waitingTime="5.80" waitingCount="58" stopTime="0.00" timeLoss="101.33" rerouteNo="0" devices="tripinfo_89" vType="typeCar@89" speedFactor="1.00" vaporized=""/>
    <tripinfo id="121" depart="160.40" departLane="nc_0" departPos="5.10" departSpeed="5.55" departDelay="98.40" arrival="293.40" arrivalLane="cs_0" arrivalPos="192.80" arrivalSpeed="10.00" duration="133.00" routeLength="394.90" waitingTime="4.60" waitingCount="46" stopTime="0.00" timeLoss="93.50" rerouteNo="0" devices="tripinfo_121" vType="typeCar@121" speedFactor="1.00" vaporized=""/>
    <tripinfo id="124" depart="161.60" departLane="nc_0" departPos="5.10" departSpeed="7.55" departDelay="97.60" arrival="294.30" arrivalLane="cs_0" arrivalPos="192.80" arrivalSpeed="10.00" duration="132.70" routeLength="394.90" waitingTime="5.20" waitingCount="52" stopTime="0.00" timeLoss="93.19" rerouteNo="0" devices="tripinfo_124" vType="typeCar@124" speedFactor="1.00" vaporized=""/>
    <tripinfo id="126" depart="162.70" departLane="nc_0" departPos="5.10" departSpeed="2.05" departDelay="97.70" arrival="295.30" arrivalLane="cs_0" arrivalPos="192.80" arrivalSpeed="10.00" duration="132.60" routeLength="394.90" waitingTime="6.30" waitingCount="61" stopTime="0.00" timeLoss="93.05" rerouteNo="0" devices="tripinfo_126" vType="typeCar@126" speedFactor="1.00" vaporized=""/>
    <tripinfo id="91" depart="149.10" departLane="wc_0" departPos="5.10" departSpeed="5.12" departDelay="102.10" arrival="296.90" arrivalLane="ce_0" arrivalPos="192.80" arrivalSpeed="10.00" duration="147.80" routeLength="394.90" waitingTime="5.50" waitingCount="55" stopTime="0.00" timeLoss="108.28" rerouteNo="0" devices="tripinfo_91" vType="typeCar@91" speedFactor="1.00" vaporized=""/>
    <tripinfo id="93" depart="154.70" departLane="wc_0" departPos="5.10" departSpeed="2.72" departDelay="106.70" arrival="297.80" arrivalLane="ce_0" arrivalPos="192.80" arrivalSpeed="10.00" duration="143.10" routeLength="394.90" waitingTime="5.20" waitingCount="52" stopTime="0.00" timeLoss="103.60" rerouteNo="0" devices="tripinfo_93" vType="typeCar@93" speedFactor="1.00" vaporized=""/>
    <tripinfo id="95" depart="157.00" departLane="wc_0" departPos="5.10" departSpeed="5.62" departDelay="108.00" arrival="299.30" arrivalLane="ce_0" arrivalPos="192.80" arrivalSpeed="10.00" duration="142.30" routeLength="394.90" waitingTime="5.60" waitingCount="56" stopTime="0.00" timeLoss="102.79" rerouteNo="0" devices="tripinfo_95" vType="typeCar@95" speedFactor="1.00" vaporized=""/>
    <tripinfo id="129" depart="173.50" departLane="nc_0" departPos="5.10" departSpeed="1.27" departDelay="106.50" arrival="300.90" arrivalLane="cs_0" arrivalPos="192.80" arrivalSpeed="10.00" duration="127.40" routeLength="394.90" waitingTime="5.70" waitingCount="51" stopTime="0.00" timeLoss="87.86" rerouteNo="0" devices="tripinfo_129" vType="typeCar@129" speedFactor="1.00" vaporized=""/>
    <tripinfo id="131" depart="177.80" departLane="nc_0" departPos="5.10" departSpeed="5.74" departDelay="109.80" arrival="301.90" arrivalLane="cs_0" arrivalPos="192.80" arrivalSpeed="10.00" duration="124.10" routeLength="394.90" waitingTime="5.30" waitingCount="53" stopTime="0.00" timeLoss="84.62" rerouteNo="0" devices="tripinfo_131" vType="typeCar@131" speedFactor="1.00" vaporized=""/>
    <tripinfo id="97" depart="158.10" departLane="wc_0" departPos="5.10" departSpeed="5.72" departDelay="108.10" arrival="303.50" arrivalLane="ce_0" arrivalPos="192.80" arrivalSpeed="10.00" duration="145.40" routeLength="394.90" waitingTime="6.80" waitingCount="68" stopTime="0.00" timeLoss="105.84" rerouteNo="0" devices="tripinfo_97" vType="typeCar@97" speedFactor="1.00" vaporized=""/>
    <tripinfo id="99" depart="164.50" departLane="wc_0" departPos="5.10" departSpeed="0.12" departDelay="113.50" arrival="304.50" arrivalLane="ce_0" arrivalPos="192.80" arrivalSpeed="10.00" duration="140.00" routeLength="394.90" waitingTime="7.50" waitingCount="64" stopTime="0.00" timeLoss="100.42" rerouteNo="0" devices="tripinfo_99" vType="typeCar@99" speedFactor="1.00" vaporized=""/>
    <tripinfo id="133" depart="179.00" departLane="nc_0" departPos="5.10" departSpeed="2.14" departDelay="110.00" arrival="306.10" arrivalLane="cs_0" arrivalPos="192.80" arrivalSpeed="10.00" duration="127.10" routeLength="394.90" waitingTime="5.40" waitingCount="54" stopTime="0.00" timeLoss="87.60" rerouteNo="0" devices="tripinfo_133" vType="typeCar@133" speedFactor="1.00" vaporized=""/>
    <tripinfo id="135" depart="191.30" departLane="nc_0" departPos="5.10" departSpeed="0.22" departDelay="121.30" arrival="307.70" arrivalLane="cs_0" arrivalPos="192.80" arrivalSpeed="10.00" duration="116.40" routeLength="394.90" waitingTime="5.40" waitingCount="43" stopTime="0.00" timeLoss="76.89" rerouteNo="0" devices="tripinfo_135" vType="typeCar@135" speedFactor="1.00" vaporized=""/>
    <tripinfo id="101" depart="172.60" departLane="wc_0" departPos="5.10" departSpeed="4.85" departDelay="120.60" arrival="310.30" arrivalLane="ce_0" arrivalPos="192.80" arrivalSpeed="10.00" duration="137.70" routeLength="394.90" waitingTime="5.70" waitingCount="57" stopTime="0.00" timeLoss="98.17" rerouteNo="0" devices="tripinfo_101" vType="typeCar@101" speedFactor="1.00" vaporized=""/>
    <tripinfo id="103" depart="175.00" departLane="wc_0" departPos="5.10" departSpeed="0.05" departDelay="122.00" arrival="312.60" arrivalLane="ce_0" arrivalPos="192.80" arrivalSpeed="10.00" duration="137.60" routeLength="394.90" waitingTime="7.00" waitingCount="57" stopTime="0.00" timeLoss="98.05" rerouteNo="0" devices="tripinfo_103" vType="typeCar@103" speedFactor="1.00" vaporized=""/>
    <tripinfo id="105" depart="183.50" departLane="wc_0" departPos="5.10" departSpeed="1.71" departDelay="129.50" arrival="313.70" arrivalLane="ce_0" arrivalPos="192.80" arrivalSpeed="10.00" duration="130.20" routeLength="394.90" waitingTime="6.20" waitingCount="57" stopTime="0.00" timeLoss="90.66" rerouteNo="0" devices="tripinfo_105" vType="typeCar@105" speedFactor="1.00" vaporized=""/>
    <tripinfo id="137" depart="195.50" departLane="nc_0" departPos="5.10" departSpeed="5.93" departDelay="124.50" arrival="316.80" arrivalLane="cs_0" arrivalPos="192.80" arrivalSpeed="10.00" duration="121.30" routeLength="394.90" waitingTime="9.80" waitingCount="46" stopTime="0.00" timeLoss="81.76" rerouteNo="0" devices="tripinfo_137" vType="typeCar@137" speedFactor="1.00" vaporized=""/>
    <tripinfo id="139" depart="196.60" departLane="nc_0" departPos="5.10" departSpeed="7.63" departDelay="124.60" arrival="317.70" arrivalLane="cs_0" arrivalPos="192.80" arrivalSpeed="10.00" duration="121.10" routeLength="394.90" waitingTime="4.90" waitingCount="49" stopTime="0.00" timeLoss="81.61" rerouteNo="0" devices="tripinfo_139" vType="typeCar@139" speedFactor="1.00" vaporized=""/>
    <tripinfo id="141" depart="197.50" departLane="nc_0" departPos="5.10" departSpeed="6.33" departDelay="124.50" arrival="319.00" arrivalLane="cs_0" arrivalPos="192.80" arrivalSpeed="10.00" duration="121.50" routeLength="394.90" waitingTime="5.20" waitingCount="52" stopTime="0.00" timeLoss="82.07" rerouteNo="0" devices="tripinfo_141" vType="typeCar@141" speedFactor="1.00" vaporized=""/>
    <tripinfo id="143" depart="200.80" departLane="nc_0" departPos="5.10" departSpeed="0.23" departDelay="126.80" arrival="322.00" arrivalLane="cs_0" arrivalPos="192.80" arrivalSpeed="10.00" duration="121.20" routeLength="394.90" waitingTime="6.40" waitingCount="53" stopTime="0.00" timeLoss="81.66" rerouteNo="0" devices="tripinfo_143" vType="typeCar@143" speedFactor="1.00" vaporized=""/>
    <tripinfo id="106" depart="193.20" departLane="wc_0" departPos="5.10" departSpeed="1.64" departDelay="138.20" arrival="327.90" arrivalLane="ce_0" arrivalPos="192.80" arrivalSpeed="10.00" duration="134.70" routeLength="394.90" waitingTime="4.70" waitingCount="47" stopTime="0.00" timeLoss="95.17" rerouteNo="0" devices="tripinfo_106" vType="typeCar@106" speedFactor="1.00" vaporized=""/>
    <tripinfo id="108" depart="195.80" departLane="wc_0" departPos="5.10" departSpeed="1.44" departDelay="139.80" arrival="328.70" arrivalLane="ce_0" arrivalPos="192.80" arrivalSpeed="10.00" duration="132.90" routeLength="394.90" waitingTime="5.90" waitingCount="57" stopTime="0.00" timeLoss="93.42" rerouteNo="0" devices="tripinfo_108" vType="typeCar@108" speedFactor="1.00" vaporized=""/>
    <tripinfo id="145" depart="211.70" departLane="nc_0" departPos="5.10" departSpeed="3.75" departDelay="136.70" arrival="330.30" arrivalLane="cs_0" arrivalPos="192.80" arrivalSpeed="10.00" duration="118.60" routeLength="394.90" waitingTime="4.60" waitingCount="46" stopTime="0.00" timeLoss="79.07" rerouteNo="0" devices="tripinfo_145" vType="typeCar@145" speedFactor="1.00" vaporized=""/>
    <tripinfo id="147" depart="215.90" departLane="nc_0" departPos="5.10" departSpeed="4.35" departDelay="139.90" arrival="331.40" arrivalLane="cs_0" arrivalPos="192.80" arrivalSpeed="10.00" duration="115.50" routeLength="394.90" waitingTime="4.60" waitingCount="46" stopTime="0.00" timeLoss="75.94" rerouteNo="0" devices="tripinfo_147" vType="typeCar@147" speedFactor="1.00" vaporized=""/>
    <tripinfo id="110" depart="205.60" departLane="wc_0" departPos="5.10" departSpeed="0.07" departDelay="148.60" arrival="332.90" arrivalLane="ce_0" arrivalPos="192.80" arrivalSpeed="10.00" duration="127.30" routeLength="394.90" waitingTime="5.30" waitingCount="47" stopTime="0.00" timeLoss="87.73" rerouteNo="0" devices="tripinfo_110" vType="typeCar@110" speedFactor="1.00" vaporized=""/>
    <tripinfo id="112" depart="210.70" departLane="wc_0" departPos="5.10" departSpeed="5.50" departDelay="152.70" arrival="333.90" arrivalLane="ce_0" arrivalPos="192.80" arrivalSpeed="10.00" duration="123.20" routeLength="394.90" waitingTime="4.80" waitingCount="48" stopTime="0.00" timeLoss="83.68" rerouteNo="0" devices="tripinfo_112" vType="typeCar@112" speedFactor="1.00" vaporized=""/>
    <tripinfo id="114" depart="215.10" departLane="wc_0" departPos="5.10" departSpeed="0.30" departDelay="156.10" arrival="336.40" arrivalLane="ce_0" arrivalPos="192.80" arrivalSpeed="10.00" duration="121.30" routeLength="394.90" waitingTime="5.30" waitingCount="43" stopTime="0.00" timeLoss="81.79" rerouteNo="0" devices="tripinfo_114" vType="typeCar@114" speedFactor="1.00" vaporized=""/>
    <tripinfo id="116" depart="220.60" departLane="wc_0" departPos="5.10" departSpeed="2.00" departDelay="160.60" arrival="339.60" arrivalLane="ce_0" arrivalPos="192.80" arrivalSpeed="10.00" duration="119.00" routeLength="394.90" waitingTime="5.10" waitingCount="49" stopTime="0.00" timeLoss="79.47" rerouteNo="0" devices="tripinfo_116" vType="typeCar@116" speedFactor="1.00" vaporized=""/>
    <tripinfo id="118" depart="227.90" departLane="wc_0" departPos="5.10" departSpeed="0.85" departDelay="166.90" arrival="340.70" arrivalLane="ce_0" arrivalPos="192.80" arrivalSpeed="10.00" duration="112.80" routeLength="394.90" waitingTime="4.00" waitingCount="39" stopTime="0.00" timeLoss="73.29" rerouteNo="0" devices="tripinfo_118" vType="typeCar@118" speedFactor="1.00" vaporized=""/>
    <tripinfo id="149" depart="217.30" departLane="nc_0" departPos="5.10" departSpeed="3.75" departDelay="140.30" arrival="342.30" arrivalLane="cs_0" arrivalPos="192.80" arrivalSpeed="10.00" duration="125.00" routeLength="394.90" waitingTime="4.80" waitingCount="48" stopTime="0.00" timeLoss="85.44" rerouteNo="0" devices="tripinfo_149" vType="typeCar@149" speedFactor="1.00" vaporized=""/>
    <tripinfo id="151" depart="225.40" departLane="nc_0" departPos="5.10" departSpeed="0.05" departDelay="147.40" arrival="343.30" arrivalLane="cs_0" arrivalPos="192.80" arrivalSpeed="10.00" duration="117.90" routeLength="394.90" waitingTime="5.70" waitingCount="47" stopTime="0.00" timeLoss="78.41" rerouteNo="0" devices="tripinfo_151" vType="typeCar@151" speedFactor="1.00" vaporized=""/>
    <tripinfo id="120" depart="235.00" departLane="wc_0" departPos="5.10" departSpeed="0.40" departDelay="173.00" arrival="349.90" arrivalLane="ce_0" arrivalPos="192.80" arrivalSpeed="10.00" duration="114.90" routeLength="394.90" waitingTime="4.20" waitingCount="36" stopTime="0.00" timeLoss="75.36" rerouteNo="0" devices="tripinfo_120" vType="typeCar@120" speedFactor="1.00" vaporized=""/>
    <tripinfo id="122" depart="244.60" departLane="wc_0" departPos="5.10" departSpeed="4.30" departDelay="181.60" arrival="350.70" arrivalLane="ce_0" arrivalPos="192.80" arrivalSpeed="10.00" duration="106.10" routeLength="394.90" waitingTime="3.70" waitingCount="37" stopTime="0.00" timeLoss="66.61" rerouteNo="0" devices="tripinfo_122" vType="typeCar@122" speedFactor="1.00" vaporized=""/>
    <tripinfo id="123" depart="248.50" departLane="wc_0" departPos="5.10" departSpeed="4.80" departDelay="184.50" arrival="351.80" arrivalLane="ce_0" arrivalPos="192.80" arrivalSpeed="10.00" duration="103.30" routeLength="394.90" waitingTime="3.90" waitingCount="39" stopTime="0.00" timeLoss="63.78" rerouteNo="0" devices="tripinfo_123" vType="typeCar@123" speedFactor="1.00" vaporized=""/>
    <tripinfo id="125" depart="252.00" departLane="wc_0" departPos="5.10" departSpeed="0.10" departDelay="187.00" arrival="352.90" arrivalLane="ce_0" arrivalPos="192.80" arrivalSpeed="10.00" duration="100.90" routeLength="394.90" waitingTime="3.80" waitingCount="34" stopTime="0.00" timeLoss="61.38" rerouteNo="0" devices="tripinfo_125" vType="typeCar@125" speedFactor="1.00" vaporized=""/>
    <tripinfo id="127" depart="256.50" departLane="wc_0" departPos="5.10" departSpeed="5.60" departDelay="190.50" arrival="353.90" arrivalLane="ce_0" arrivalPos="192.80" arrivalSpeed="10.00" duration="97.40" routeLength="394.90" waitingTime="4.00" waitingCount="40" stopTime="0.00" timeLoss="57.94" rerouteNo="0" devices="tripinfo_127" vType="typeCar@127" speedFactor="1.00" vaporized=""/>
    <tripinfo id="128" depart="257.60" departLane="wc_0" departPos="5.10" departSpeed="7.30" departDelay="190.60" arrival="354.90" arrivalLane="ce_0" arrivalPos="192.80" arrivalSpeed="10.00" duration="97.30" routeLength="394.90" waitingTime="4.10" waitingCount="41" stopTime="0.00" timeLoss="57.86" rerouteNo="0" devices="tripinfo_128" vType="typeCar@128" speedFactor="1.00" vaporized=""/>
    <tripinfo id="130" depart="258.80" departLane="wc_0" departPos="5.10" departSpeed="1.30" departDelay="190.80" arrival="356.00" arrivalLane="ce_0" arrivalPos="192.80" arrivalSpeed="10.00" duration="97.20" routeLength="394.90" waitingTime="4.80" waitingCount="42" stopTime="0.00" timeLoss="57.70" rerouteNo="0" devices="tripinfo_130" vType="typeCar@130" speedFactor="1.00" vaporized=""/>
    <tripinfo id="153" depart="234.50" departLane="nc_0" departPos="5.10" departSpeed="3.78" departDelay="155.50" arrival="358.90" arrivalLane="cs_0" arrivalPos="192.80" arrivalSpeed="10.00" duration="124.40" routeLength="394.90" waitingTime="4.10" waitingCount="41" stopTime="0.00" timeLoss="84.85" rerouteNo="0" devices="tripinfo_153" vType="typeCar@153" speedFactor="1.00" vaporized=""/>
    <tripinfo id="132" depart="269.20" departLane="wc_0" departPos="5.10" departSpeed="4.11" departDelay="200.20" arrival="364.20" arrivalLane="ce_0" arrivalPos="192.80" arrivalSpeed="10.00" duration="95.00" routeLength="394.90" waitingTime="3.10" waitingCount="31" stopTime="0.00" timeLoss="55.49" rerouteNo="0" devices="tripinfo_132" vType="typeCar@132" speedFactor="1.00" vaporized=""/>
    <tripinfo id="134" depart="275.10" departLane="wc_0" departPos="5.10" departSpeed="1.01" departDelay="205.10" arrival="365.20" arrivalLane="ce_0" arrivalPos="192.80" arrivalSpeed="10.00" duration="90.10" routeLength="394.90" waitingTime="4.10" waitingCount="34" stopTime="0.00" timeLoss="50.60" rerouteNo="0" devices="tripinfo_134" vType="typeCar@134" speedFactor="1.00" vaporized=""/>
    <tripinfo id="136" depart="281.40" departLane="wc_0" departPos="5.10" departSpeed="5.12" departDelay="210.40" arrival="366.20" arrivalLane="ce_0" arrivalPos="192.80" arrivalSpeed="10.00" duration="84.80" routeLength="394.90" waitingTime="2.80" waitingCount="28" stopTime="0.00" timeLoss="45.31" rerouteNo="0" devices="tripinfo_136" vType="typeCar@136" speedFactor="1.00" vaporized=""/>
    <tripinfo id="138" depart="285.80" departLane="wc_0" departPos="5.10" departSpeed="3.92" departDelay="213.80" arrival="367.30" arrivalLane="ce_0" arrivalPos="192.80" arrivalSpeed="10.00" duration="81.50" routeLength="394.90" waitingTime="2.30" waitingCount="23" stopTime="0.00" timeLoss="41.94" rerouteNo="0" devices="tripinfo_138" vType="typeCar@138" speedFactor="1.00" vaporized=""/>
    <tripinfo id="140" depart="287.30" departLane="wc_0" departPos="5.10" departSpeed="6.02" departDelay="214.30" arrival="368.30" arrivalLane="ce_0" arrivalPos="192.80" arrivalSpeed="10.00" duration="81.00" routeLength="394.90" waitingTime="2.50" waitingCount="25" stopTime="0.00" timeLoss="41.46" rerouteNo="0" devices="tripinfo_140" vType="typeCar@140" speedFactor="1.00" vaporized=""/>
    <tripinfo id="142" depart="288.40" departLane="wc_0" departPos="5.10" departSpeed="7.72" departDelay="214.40" arrival="369.30" arrivalLane="ce_0" arrivalPos="192.80" arrivalSpeed="10.00" duration="80.90" routeLength="394.90" waitingTime="2.60" waitingCount="26" stopTime="0.00" timeLoss="41.45" rerouteNo="0" devices="tripinfo_142" vType="typeCar@142" speedFactor="1.00" vaporized=""/>
    <tripinfo id="144" depart="289.50" departLane="wc_0" departPos="5.10" departSpeed="2.22" departDelay="214.50" arrival="370.30" arrivalLane="ce_0" arrivalPos="192.80" arrivalSpeed="10.00" duration="80.80" routeLength="394.90" waitingTime="3.40" waitingCount="32" stopTime="0.00" timeLoss="41.34" rerouteNo="0" devices="tripinfo_144" vType="typeCar@144" speedFactor="1.00" vaporized=""/>
    <tripinfo id="146" depart="298.00" departLane="wc_0" departPos="5.10" departSpeed="4.15" departDelay="222.00" arrival="372.90" arrivalLane="ce_0" arrivalPos="192.80" arrivalSpeed="10.00" duration="74.90" routeLength="394.90" waitingTime="1.90" waitingCount="19" stopTime="0.00" timeLoss="35.36" rerouteNo="0" devices="tripinfo_146" vType="typeCar@146" speedFactor="1.00" vaporized=""/>
    <tripinfo id="148" depart="299.50" departLane="wc_0" departPos="5.10" departSpeed="3.85" departDelay="222.50" arrival="374.90" arrivalLane="ce_0" arrivalPos="192.80" arrivalSpeed="10.00" duration="75.40" routeLength="394.90" waitingTime="2.20" waitingCount="22" stopTime="0.00" timeLoss="35.95" rerouteNo="0" devices="tripinfo_148" vType="typeCar@148" speedFactor="1.00" vaporized=""/>
    <tripinfo id="150" depart="305.60" departLane="wc_0" departPos="5.10" departSpeed="3.75" departDelay="227.60" arrival="376.00" arrivalLane="ce_0" arrivalPos="192.80" arrivalSpeed="10.00" duration="70.40" routeLength="394.90" waitingTime="1.80" waitingCount="18" stopTime="0.00" timeLoss="30.91" rerouteNo="0" devices="tripinfo_150" vType="typeCar@150" speedFactor="1.00" vaporized=""/>
    <tripinfo id="152" depart="312.00" departLane="wc_0" departPos="5.10" departSpeed="2.15" departDelay="233.00" arrival="377.10" arrivalLane="ce_0" arrivalPos="192.80" arrivalSpeed="10.00" duration="65.10" routeLength="394.90" waitingTime="1.50" waitingCount="15" stopTime="0.00" timeLoss="25.54" rerouteNo="0" devices="tripinfo_152" vType="typeCar@152" speedFactor="1.00" vaporized=""/>
    <tripinfo id="154" depart="315.30" departLane="wc_0" departPos="5.10" departSpeed="5.65" departDelay="235.30" arrival="378.10" arrivalLane="ce_0" arrivalPos="192.80" arrivalSpeed="10.00" duration="62.80" routeLength="394.90" waitingTime="1.40" waitingCount="14" stopTime="0.00" timeLoss="23.28" rerouteNo="0" devices="tripinfo_154" vType="typeCar@154" speedFactor="1.00" vaporized=""/>
    <tripinfo id="156" depart="316.40" departLane="wc_0" departPos="5.10" departSpeed="4.95" departDelay="235.40" arrival="379.30" arrivalLane="ce_0" arrivalPos="192.80" arrivalSpeed="10.00" duration="62.90" routeLength="394.90" waitingTime="1.60" waitingCount="16" stopTime="0.00" timeLoss="23.38" rerouteNo="0" devices="tripinfo_156" vType="typeCar@156" speedFactor="1.00" vaporized=""/>
    <tripinfo id="157" depart="322.60" departLane="wc_0" departPos="5.10" departSpeed="2.75" departDelay="240.60" arrival="380.50" arrivalLane="ce_0" arrivalPos="192.80" arrivalSpeed="10.00" duration="57.90" routeLength="394.90" waitingTime="1.00" waitingCount="10" stopTime="0.00" timeLoss="18.38" rerouteNo="0" devices="tripinfo_157" vType="typeCar@157" speedFactor="1.00" vaporized=""/>
    <tripinfo id="155" depart="239.20" departLane="nc_0" departPos="5.10" departSpeed="0.28" departDelay="159.20" arrival="382.80" arrivalLane="cs_0" arrivalPos="192.80" arrivalSpeed="10.00" duration="143.60" routeLength="394.90" waitingTime="5.20" waitingCount="41" stopTime="0.00" timeLoss="104.03" rerouteNo="0" devices="tripinfo_155" vType="typeCar@155" speedFactor="1.00" vaporized=""/>
    <tripinfo id="158" depart="245.80" departLane="nc_0" departPos="5.10" departSpeed="5.29" departDelay="163.80" arrival="384.20" arrivalLane="cs_0" arrivalPos="192.80" arrivalSpeed="10.00" duration="138.40" routeLength="394.90" waitingTime="5.50" waitingCount="55" stopTime="0.00" timeLoss="98.93" rerouteNo="0" devices="tripinfo_158" vType="typeCar@158" speedFactor="1.00" vaporized=""/>
    <tripinfo id="159" depart="324.90" departLane="wc_0" departPos="5.10" departSpeed="5.65" departDelay="241.90" arrival="385.60" arrivalLane="ce_0" arrivalPos="192.80" arrivalSpeed="10.00" duration="60.70" routeLength="394.90" waitingTime="1.00" waitingCount="10" stopTime="0.00" timeLoss="21.24" rerouteNo="0" devices="tripinfo_159" vType="typeCar@159" speedFactor="1.00" vaporized=""/>
    <tripinfo id="161" depart="326.00" departLane="wc_0" departPos="5.10" departSpeed="6.55" departDelay="242.00" arrival="386.70" arrivalLane="ce_0" arrivalPos="192.80" arrivalSpeed="10.00" duration="60.70" routeLength="394.90" waitingTime="1.20" waitingCount="12" stopTime="0.00" timeLoss="21.18" rerouteNo="0" devices="tripinfo_161" vType="typeCar@161" speedFactor="1.00" vaporized=""/>
    <tripinfo id="160" depart="247.60" departLane="nc_0" departPos="5.10" departSpeed="0.29" departDelay="164.60" arrival="388.30" arrivalLane="cs_0" arrivalPos="192.80" arrivalSpeed="10.00" duration="140.70" routeLength="394.90" waitingTime="6.20" waitingCount="52" stopTime="0.00" timeLoss="101.18" rerouteNo="0" devices="tripinfo_160" vType="typeCar@160" speedFactor="1.00" vaporized=""/>
    <tripinfo id="162" depart="253.90" departLane="nc_0" departPos="5.10" departSpeed="5.21" departDelay="169.90" arrival="389.40" arrivalLane="cs_0" arrivalPos="192.80" arrivalSpeed="10.00" duration="135.50" routeLength="394.90" waitingTime="4.80" waitingCount="48" stopTime="0.00" timeLoss="95.94" rerouteNo="0" devices="tripinfo_162" vType="typeCar@162" speedFactor="1.00" vaporized=""/>
    <tripinfo id="163" depart="329.20" departLane="wc_0" departPos="5.10" departSpeed="0.15" departDelay="244.20" arrival="390.90" arrivalLane="ce_0" arrivalPos="192.80" arrivalSpeed="10.00" duration="61.70" routeLength="394.90" waitingTime="1.70" waitingCount="9" stopTime="0.00" timeLoss="22.15" rerouteNo="0" devices="tripinfo_163" vType="typeCar@163" speedFactor="1.00" vaporized=""/>
    <tripinfo id="165" depart="332.70" departLane="wc_0" departPos="5.10" departSpeed="3.00" departDelay="246.70" arrival="392.00" arrivalLane="ce_0" arrivalPos="192.80" arrivalSpeed="10.00" duration="59.30" routeLength="394.90" waitingTime="0.70" waitingCount="7" stopTime="0.00" timeLoss="19.83" rerouteNo="0" devices="tripinfo_165" vType="typeCar@165" speedFactor="1.00" vaporized=""/>
    <tripinfo id="164" depart="255.20" departLane="nc_0" departPos="5.10" departSpeed="6.71" departDelay="170.20" arrival="393.60" arrivalLane="cs_0" arrivalPos="192.80" arrivalSpeed="10.00" duration="138.40" routeLength="394.90" waitingTime="5.80" waitingCount="58" stopTime="0.00" timeLoss="98.89" rerouteNo="0" devices="tripinfo_164" vType="typeCar@164" speedFactor="1.00" vaporized=""/>
    <tripinfo id="166" depart="256.30" departLane="nc_0" departPos="5.10" departSpeed="2.81" departDelay="170.30" arrival="394.60" arrivalLane="cs_0" arrivalPos="192.80" arrivalSpeed="10.00" duration="138.30" routeLength="394.90" waitingTime="5.60" waitingCount="56" stopTime="0.00" timeLoss="98.80" rerouteNo="0" devices="tripinfo_166" vType="typeCar@166" speedFactor="1.00" vaporized=""/>
    <tripinfo id="167" depart="336.70" departLane="wc_0" departPos="5.10" departSpeed="5.01" departDelay="249.70" arrival="396.10" arrivalLane="ce_0" arrivalPos="192.80" arrivalSpeed="10.00" duration="59.40" routeLength="394.90" waitingTime="0.80" waitingCount="8" stopTime="0.00" timeLoss="19.90" rerouteNo="0" devices="tripinfo_167" vType="typeCar@167" speedFactor="1.00" vaporized=""/>
    <tripinfo id="169" depart="338.00" departLane="wc_0" departPos="5.10" departSpeed="6.51" departDelay="250.00" arrival="397.10" arrivalLane="ce_0" arrivalPos="192.80" arrivalSpeed="10.00" duration="59.10" routeLength="394.90" waitingTime="0.70" waitingCount="7" stopTime="0.00" timeLoss="19.63" rerouteNo="0" devices="tripinfo_169" vType="typeCar@169" speedFactor="1.00" vaporized=""/>
    <tripinfo id="168" depart="263.30" departLane="nc_0" departPos="5.10" departSpeed="4.24" departDelay="176.30" arrival="398.70" arrivalLane="cs_0" arrivalPos="192.80" arrivalSpeed="10.00" duration="135.40" routeLength="394.90" waitingTime="6.30" waitingCount="63" stopTime="0.00" timeLoss="95.84" rerouteNo="0" devices="tripinfo_168" vType="typeCar@168" speedFactor="1.00" vaporized=""/>
    <tripinfo id="170" depart="264.80" departLane="nc_0" departPos="5.10" departSpeed="6.34" departDelay="176.80" arrival="399.70" arrivalLane="cs_0" arrivalPos="192.80" arrivalSpeed="10.00" duration="134.90" routeLength="394.90" waitingTime="6.30" waitingCount="63" stopTime="0.00" timeLoss="95.39" rerouteNo="0" devices="tripinfo_170" vType="typeCar@170" speedFactor="1.00" vaporized=""/>
    <tripinfo id="171" depart="339.00" departLane="wc_0" departPos="5.10" departSpeed="7.91" departDelay="250.00" arrival="401.30" arrivalLane="ce_0" arrivalPos="192.80" arrivalSpeed="10.00" duration="62.30" routeLength="394.90" waitingTime="0.80" waitingCount="8" stopTime="0.00" timeLoss="22.77" rerouteNo="0" devices="tripinfo_171" vType="typeCar@171" speedFactor="1.00" vaporized=""/>
    <tripinfo id="173" depart="339.90" departLane="wc_0" departPos="5.10" departSpeed="9.01" departDelay="249.90" arrival="402.40" arrivalLane="ce_0" arrivalPos="192.80" arrivalSpeed="10.00" duration="62.50" routeLength="394.90" waitingTime="1.10" waitingCount="11" stopTime="0.00" timeLoss="23.03" rerouteNo="0" devices="tripinfo_173" vType="typeCar@173" speedFactor="1.00" vaporized=""/>
    <tripinfo id="172" depart="268.30" departLane="nc_0" departPos="5.10" departSpeed="0.04" departDelay="179.30" arrival="404.00" arrivalLane="cs_0" arrivalPos="192.80" arrivalSpeed="10.00" duration="135.70" routeLength="394.90" waitingTime="7.50" waitingCount="63" stopTime="0.00" timeLoss="96.12" rerouteNo="0" devices="tripinfo_172" vType="typeCar@172" speedFactor="1.00" vaporized=""/>
    <tripinfo id="174" depart="282.00" departLane="nc_0" departPos="5.10" departSpeed="2.90" departDelay="192.00" arrival="405.00" arrivalLane="cs_0" arrivalPos="192.80" arrivalSpeed="10.00" duration="123.00" routeLength="394.90" waitingTime="5.20" waitingCount="52" stopTime="0.00" timeLoss="83.48" rerouteNo="0" devices="tripinfo_174" vType="typeCar@174" speedFactor="1.00" vaporized=""/>
    <tripinfo id="175" depart="340.60" departLane="wc_0" departPos="5.10" departSpeed="7.91" departDelay="249.60" arrival="406.50" arrivalLane="ce_0" arrivalPos="192.80" arrivalSpeed="10.00" duration="65.90" routeLength="394.90" waitingTime="1.10" waitingCount="11" stopTime="0.00" timeLoss="26.42" rerouteNo="0" devices="tripinfo_175" vType="typeCar@175" speedFactor="1.00" vaporized=""/>
    <tripinfo id="177" depart="341.80" departLane="wc_0" departPos="5.10" departSpeed="1.91" departDelay="249.80" arrival="407.70" arrivalLane="ce_0" arrivalPos="192.80" arrivalSpeed="10.00" duration="65.90" routeLength="394.90" waitingTime="1.30" waitingCount="13" stopTime="0.00" timeLoss="26.34" rerouteNo="0" devices="tripinfo_177" vType="typeCar@177" speedFactor="1.00" vaporized=""/>
    <tripinfo id="176" depart="284.30" departLane="nc_0" departPos="5.10" departSpeed="5.80" departDelay="193.30" arrival="409.20" arrivalLane="cs_0" arrivalPos="192.80" arrivalSpeed="10.00" duration="124.90" routeLength="394.90" waitingTime="5.70" waitingCount="57" stopTime="0.00" timeLoss="85.38" rerouteNo="0" devices="tripinfo_176" vType="typeCar@176" speedFactor="1.00" vaporized=""/>
    <tripinfo id="178" depart="285.40" departLane="nc_0" departPos="5.10" departSpeed="6.70" departDelay="193.40" arrival="410.20" arrivalLane="cs_0" arrivalPos="192.80" arrivalSpeed="10.00" duration="124.80" routeLength="394.90" waitingTime="5.80" waitingCount="58" stopTime="0.00" timeLoss="85.36" rerouteNo="0" devices="tripinfo_178" vType="typeCar@178" speedFactor="1.00" vaporized=""/>
    <tripinfo id="179" depart="349.20" departLane="wc_0" departPos="5.10" departSpeed="4.54" departDelay="256.20" arrival="411.80" arrivalLane="ce_0" arrivalPos="192.80" arrivalSpeed="10.00" duration="62.60" routeLength="394.90" waitingTime="0.60" waitingCount="6" stopTime="0.00" timeLoss="23.12" rerouteNo="0" devices="tripinfo_179" vType="typeCar@179" speedFactor="1.00" vaporized=""/>
    <tripinfo id="181" depart="350.60" departLane="wc_0" departPos="5.10" departSpeed="6.34" departDelay="256.60" arrival="413.00" arrivalLane="ce_0" arrivalPos="192.80" arrivalSpeed="10.00" duration="62.40" routeLength="394.90" waitingTime="0.50" waitingCount="5" stopTime="0.00" timeLoss="22.88" rerouteNo="0" devices="tripinfo_181" vType="typeCar@181" speedFactor="1.00" vaporized=""/>
    <tripinfo id="180" depart="287.50" departLane="nc_0" departPos="5.10" departSpeed="0.20" departDelay="194.50" arrival="414.60" arrivalLane="cs_0" arrivalPos="192.80" arrivalSpeed="10.00" duration="127.10" routeLength="394.90" waitingTime="7.80" waitingCount="67" stopTime="0.00" timeLoss="87.54" rerouteNo="0" devices="tripinfo_180" vType="typeCar@180" speedFactor="1.00" vaporized=""/>
    <tripinfo id="182" depart="295.10" departLane="nc_0" departPos="5.10" departSpeed="5.03" departDelay="201.10" arrival="415.60" arrivalLane="cs_0" arrivalPos="192.80" arrivalSpeed="10.00" duration="120.50" routeLength="394.90" waitingTime="5.80" waitingCount="58" stopTime="0.00" timeLoss="80.96" rerouteNo="0" devices="tripinfo_182" vType="typeCar@182" speedFactor="1.00" vaporized=""/>
    <tripinfo id="183" depart="351.60" departLane="wc_0" departPos="5.10" departSpeed="7.74" departDelay="256.60" arrival="417.10" arrivalLane="ce_0" arrivalPos="192.80" arrivalSpeed="10.00" duration="65.50" routeLength="394.90" waitingTime="1.00" waitingCount="10" stopTime="0.00" timeLoss="25.98" rerouteNo="0" devices="tripinfo_183" vType="typeCar@183" speedFactor="1.00" vaporized=""/>
    <tripinfo id="185" depart="352.50" departLane="wc_0" departPos="5.10" departSpeed="8.84" departDelay="256.50" arrival="418.20" arrivalLane="ce_0" arrivalPos="192.80" arrivalSpeed="10.00" duration="65.70" routeLength="394.90" waitingTime="1.00" waitingCount="10" stopTime="0.00" timeLoss="26.19" rerouteNo="0" devices="tripinfo_185" vType="typeCar@185" speedFactor="1.00" vaporized=""/>
    <tripinfo id="184" depart="296.40" departLane="nc_0" departPos="5.10" departSpeed="6.53" departDelay="201.40" arrival="419.70" arrivalLane="cs_0" arrivalPos="192.80" arrivalSpeed="10.00" duration="123.30" routeLength="394.90" waitingTime="5.80" waitingCount="58" stopTime="0.00" timeLoss="83.82" rerouteNo="0" devices="tripinfo_184" vType="typeCar@184" speedFactor="1.00" vaporized=""/>
    <tripinfo id="187" depart="298.00" departLane="nc_0" departPos="5.10" departSpeed="0.13" departDelay="201.00" arrival="420.70" arrivalLane="cs_0" arrivalPos="192.80" arrivalSpeed="10.00" duration="122.70" routeLength="394.90" waitingTime="7.30" waitingCount="62" stopTime="0.00" timeLoss="83.21" rerouteNo="0" devices="tripinfo_187" vType="typeCar@187" speedFactor="1.00" vaporized=""/>
    <tripinfo id="186" depart="353.30" departLane="wc_0" departPos="5.10" departSpeed="9.64" departDelay="256.30" arrival="422.20" arrivalLane="ce_0" arrivalPos="192.80" arrivalSpeed="10.00" duration="68.90" routeLength="394.90" waitingTime="1.30" waitingCount="13" stopTime="0.00" timeLoss="29.49" rerouteNo="0" devices="tripinfo_186" vType="typeCar@186" speedFactor="1.00" vaporized=""/>
    <tripinfo id="188" depart="354.00" departLane="wc_0" departPos="5.10" departSpeed="8.54" departDelay="256.00" arrival="423.40" arrivalLane="ce_0" arrivalPos="192.80" arrivalSpeed="10.00" duration="69.40" routeLength="394.90" waitingTime="1.50" waitingCount="15" stopTime="0.00" timeLoss="29.85" rerouteNo="0" devices="tripinfo_188" vType="typeCar@188" speedFactor="1.00" vaporized=""/>
    <tripinfo id="189" depart="303.40" departLane="nc_0" departPos="5.10" departSpeed="5.54" departDelay="205.40" arrival="425.00" arrivalLane="cs_0" arrivalPos="192.80" arrivalSpeed="10.00" duration="121.60" routeLength="394.90" waitingTime="6.20" waitingCount="62" stopTime="0.00" timeLoss="82.05" rerouteNo="0" devices="tripinfo_189" vType="typeCar@189" speedFactor="1.00" vaporized=""/>
    <tripinfo id="191" depart="304.50" departLane="nc_0" departPos="5.10" departSpeed="4.84" departDelay="205.50" arrival="426.10" arrivalLane="cs_0" arrivalPos="192.80" arrivalSpeed="10.00" duration="121.60" routeLength="394.90" waitingTime="6.20" waitingCount="62" stopTime="0.00" timeLoss="82.06" rerouteNo="0" devices="tripinfo_191" vType="typeCar@191" speedFactor="1.00" vaporized=""/>
    <tripinfo id="190" depart="355.00" departLane="wc_0" departPos="5.10" departSpeed="3.54" departDelay="256.00" arrival="427.60" arrivalLane="ce_0" arrivalPos="192.80" arrivalSpeed="10.00" duration="72.60" routeLength="394.90" waitingTime="1.70" waitingCount="17" stopTime="0.00" timeLoss="33.12" rerouteNo="0" devices="tripinfo_190" vType="typeCar@190" speedFactor="1.00" vaporized=""/>
</tripinfos>
