<?xml version="1.0" encoding="UTF-8"?>

<!-- generated on 2022-11-30 12:27:17 by Eclipse SUMO sumo Version 1.14.1
<configuration xmlns:xsi="http://www.w3.org/2001/XMLSchema-instance" xsi:noNamespaceSchemaLocation="http://sumo.dlr.de/xsd/sumoConfiguration.xsd">

    <input>
        <net-file value="net.net.xml"/>
        <route-files value="routes.rou.xml"/>
    </input>

    <output>
        <tripinfo-output value="raw_data/(9,4,0)tripinfo.xml"/>
    </output>

    <time>
        <begin value="0"/>
        <step-length value="0.1"/>
    </time>

    <processing>
        <extrapolate-departpos value="true"/>
        <route-steps value="0"/>
        <ignore-route-errors value="true"/>
        <collision.action value="warn"/>
        <collision.stoptime value="1"/>
        <collision.mingap-factor value="0.1"/>
    </processing>

    <report>
        <verbose value="false"/>
        <log value="log.txt"/>
        <duration-log.statistics value="true"/>
        <no-step-log value="true"/>
    </report>

    <traci_server>
        <remote-port value="63770"/>
    </traci_server>

    <gui_only>
        <quit-on-end value="true"/>
        <start value="true"/>
    </gui_only>

</configuration>
-->

<tripinfos xmlns:xsi="http://www.w3.org/2001/XMLSchema-instance" xsi:noNamespaceSchemaLocation="http://sumo.dlr.de/xsd/tripinfo_file.xsd">
    <tripinfo id="0" depart="0.00" departLane="nc_0" departPos="5.10" departSpeed="10.00" departDelay="0.00" arrival="39.50" arrivalLane="cs_0" arrivalPos="192.80" arrivalSpeed="10.00" duration="39.50" routeLength="394.90" waitingTime="0.00" waitingCount="0" stopTime="0.00" timeLoss="0.00" rerouteNo="0" devices="tripinfo_0" vType="typeCar@0" speedFactor="1.00" vaporized=""/>
    <tripinfo id="2" depart="1.00" departLane="nc_0" departPos="5.10" departSpeed="10.00" departDelay="0.00" arrival="40.50" arrivalLane="cs_0" arrivalPos="192.80" arrivalSpeed="10.00" duration="39.50" routeLength="394.90" waitingTime="0.00" waitingCount="0" stopTime="0.00" timeLoss="0.00" rerouteNo="0" devices="tripinfo_2" vType="typeCar@2" speedFactor="1.00" vaporized=""/>
    <tripinfo id="3" depart="2.00" departLane="nc_0" departPos="5.10" departSpeed="10.00" departDelay="0.00" arrival="41.50" arrivalLane="cs_0" arrivalPos="192.80" arrivalSpeed="10.00" duration="39.50" routeLength="394.90" waitingTime="0.00" waitingCount="0" stopTime="0.00" timeLoss="0.00" rerouteNo="0" devices="tripinfo_3" vType="typeCar@3" speedFactor="1.00" vaporized=""/>
    <tripinfo id="4" depart="3.00" departLane="nc_0" departPos="5.10" departSpeed="10.00" departDelay="0.00" arrival="42.50" arrivalLane="cs_0" arrivalPos="192.80" arrivalSpeed="10.00" duration="39.50" routeLength="394.90" waitingTime="0.00" waitingCount="0" stopTime="0.00" timeLoss="0.00" rerouteNo="0" devices="tripinfo_4" vType="typeCar@4" speedFactor="1.00" vaporized=""/>
    <tripinfo id="5" depart="4.00" departLane="nc_0" departPos="5.10" departSpeed="10.00" departDelay="0.00" arrival="43.50" arrivalLane="cs_0" arrivalPos="192.80" arrivalSpeed="10.00" duration="39.50" routeLength="394.90" waitingTime="0.00" waitingCount="0" stopTime="0.00" timeLoss="0.00" rerouteNo="0" devices="tripinfo_5" vType="typeCar@5" speedFactor="1.00" vaporized=""/>
    <tripinfo id="7" depart="5.00" departLane="nc_0" departPos="5.10" departSpeed="10.00" departDelay="0.00" arrival="44.50" arrivalLane="cs_0" arrivalPos="192.80" arrivalSpeed="10.00" duration="39.50" routeLength="394.90" waitingTime="0.00" waitingCount="0" stopTime="0.00" timeLoss="0.00" rerouteNo="0" devices="tripinfo_7" vType="typeCar@7" speedFactor="1.00" vaporized=""/>
    <tripinfo id="9" depart="6.00" departLane="nc_0" departPos="5.10" departSpeed="10.00" departDelay="0.00" arrival="45.50" arrivalLane="cs_0" arrivalPos="192.80" arrivalSpeed="10.00" duration="39.50" routeLength="394.90" waitingTime="0.00" waitingCount="0" stopTime="0.00" timeLoss="0.00" rerouteNo="0" devices="tripinfo_9" vType="typeCar@9" speedFactor="1.00" vaporized=""/>
    <tripinfo id="10" depart="7.00" departLane="nc_0" departPos="5.10" departSpeed="10.00" departDelay="0.00" arrival="46.50" arrivalLane="cs_0" arrivalPos="192.80" arrivalSpeed="10.00" duration="39.50" routeLength="394.90" waitingTime="0.00" waitingCount="0" stopTime="0.00" timeLoss="0.00" rerouteNo="0" devices="tripinfo_10" vType="typeCar@10" speedFactor="1.00" vaporized=""/>
    <tripinfo id="12" depart="8.00" departLane="nc_0" departPos="5.10" departSpeed="10.00" departDelay="0.00" arrival="47.50" arrivalLane="cs_0" arrivalPos="192.80" arrivalSpeed="10.00" duration="39.50" routeLength="394.90" waitingTime="0.00" waitingCount="0" stopTime="0.00" timeLoss="0.00" rerouteNo="0" devices="tripinfo_12" vType="typeCar@12" speedFactor="1.00" vaporized=""/>
    <tripinfo id="13" depart="9.00" departLane="nc_0" departPos="5.10" departSpeed="10.00" departDelay="0.00" arrival="48.50" arrivalLane="cs_0" arrivalPos="192.80" arrivalSpeed="10.00" duration="39.50" routeLength="394.90" waitingTime="0.00" waitingCount="0" stopTime="0.00" timeLoss="0.00" rerouteNo="0" devices="tripinfo_13" vType="typeCar@13" speedFactor="1.00" vaporized=""/>
    <tripinfo id="14" depart="10.00" departLane="nc_0" departPos="5.10" departSpeed="10.00" departDelay="0.00" arrival="49.50" arrivalLane="cs_0" arrivalPos="192.80" arrivalSpeed="10.00" duration="39.50" routeLength="394.90" waitingTime="0.00" waitingCount="0" stopTime="0.00" timeLoss="0.00" rerouteNo="0" devices="tripinfo_14" vType="typeCar@14" speedFactor="1.00" vaporized=""/>
    <tripinfo id="16" depart="11.00" departLane="nc_0" departPos="5.10" departSpeed="10.00" departDelay="0.00" arrival="50.50" arrivalLane="cs_0" arrivalPos="192.80" arrivalSpeed="10.00" duration="39.50" routeLength="394.90" waitingTime="0.00" waitingCount="0" stopTime="0.00" timeLoss="0.00" rerouteNo="0" devices="tripinfo_16" vType="typeCar@16" speedFactor="1.00" vaporized=""/>
    <tripinfo id="17" depart="12.00" departLane="nc_0" departPos="5.10" departSpeed="10.00" departDelay="0.00" arrival="51.50" arrivalLane="cs_0" arrivalPos="192.80" arrivalSpeed="10.00" duration="39.50" routeLength="394.90" waitingTime="0.00" waitingCount="0" stopTime="0.00" timeLoss="0.00" rerouteNo="0" devices="tripinfo_17" vType="typeCar@17" speedFactor="1.00" vaporized=""/>
    <tripinfo id="19" depart="13.00" departLane="nc_0" departPos="5.10" departSpeed="10.00" departDelay="0.00" arrival="52.50" arrivalLane="cs_0" arrivalPos="192.80" arrivalSpeed="10.00" duration="39.50" routeLength="394.90" waitingTime="0.00" waitingCount="0" stopTime="0.00" timeLoss="0.01" rerouteNo="0" devices="tripinfo_19" vType="typeCar@19" speedFactor="1.00" vaporized=""/>
    <tripinfo id="20" depart="14.00" departLane="nc_0" departPos="5.10" departSpeed="10.00" departDelay="0.00" arrival="53.50" arrivalLane="cs_0" arrivalPos="192.80" arrivalSpeed="10.00" duration="39.50" routeLength="394.90" waitingTime="0.00" waitingCount="0" stopTime="0.00" timeLoss="0.01" rerouteNo="0" devices="tripinfo_20" vType="typeCar@20" speedFactor="1.00" vaporized=""/>
    <tripinfo id="21" depart="15.00" departLane="nc_0" departPos="5.10" departSpeed="10.00" departDelay="0.00" arrival="54.50" arrivalLane="cs_0" arrivalPos="192.80" arrivalSpeed="10.00" duration="39.50" routeLength="394.90" waitingTime="0.00" waitingCount="0" stopTime="0.00" timeLoss="0.01" rerouteNo="0" devices="tripinfo_21" vType="typeCar@21" speedFactor="1.00" vaporized=""/>
    <tripinfo id="23" depart="17.00" departLane="nc_0" departPos="5.10" departSpeed="10.00" departDelay="0.00" arrival="57.20" arrivalLane="cs_0" arrivalPos="192.80" arrivalSpeed="10.00" duration="40.20" routeLength="394.90" waitingTime="0.00" waitingCount="0" stopTime="0.00" timeLoss="0.67" rerouteNo="0" devices="tripinfo_23" vType="typeCar@23" speedFactor="1.00" vaporized=""/>
    <tripinfo id="24" depart="18.00" departLane="nc_0" departPos="5.10" departSpeed="10.00" departDelay="0.00" arrival="58.20" arrivalLane="cs_0" arrivalPos="192.80" arrivalSpeed="10.00" duration="40.20" routeLength="394.90" waitingTime="0.00" waitingCount="0" stopTime="0.00" timeLoss="0.67" rerouteNo="0" devices="tripinfo_24" vType="typeCar@24" speedFactor="1.00" vaporized=""/>
    <tripinfo id="25" depart="19.00" departLane="nc_0" departPos="5.10" departSpeed="10.00" departDelay="0.00" arrival="60.80" arrivalLane="cs_0" arrivalPos="192.80" arrivalSpeed="10.00" duration="41.80" routeLength="394.90" waitingTime="0.00" waitingCount="0" stopTime="0.00" timeLoss="2.32" rerouteNo="0" devices="tripinfo_25" vType="typeCar@25" speedFactor="1.00" vaporized=""/>
    <tripinfo id="26" depart="20.00" departLane="nc_0" departPos="5.10" departSpeed="10.00" departDelay="0.00" arrival="62.40" arrivalLane="cs_0" arrivalPos="192.80" arrivalSpeed="10.00" duration="42.40" routeLength="394.90" waitingTime="0.00" waitingCount="0" stopTime="0.00" timeLoss="2.89" rerouteNo="0" devices="tripinfo_26" vType="typeCar@26" speedFactor="1.00" vaporized=""/>
    <tripinfo id="28" depart="21.00" departLane="nc_0" departPos="5.10" departSpeed="10.00" departDelay="0.00" arrival="64.10" arrivalLane="cs_0" arrivalPos="192.80" arrivalSpeed="10.00" duration="43.10" routeLength="394.90" waitingTime="0.00" waitingCount="0" stopTime="0.00" timeLoss="3.58" rerouteNo="0" devices="tripinfo_28" vType="typeCar@28" speedFactor="1.00" vaporized=""/>
    <tripinfo id="30" depart="22.00" departLane="nc_0" departPos="5.10" departSpeed="10.00" departDelay="0.00" arrival="65.10" arrivalLane="cs_0" arrivalPos="192.80" arrivalSpeed="10.00" duration="43.10" routeLength="394.90" waitingTime="0.00" waitingCount="0" stopTime="0.00" timeLoss="3.60" rerouteNo="0" devices="tripinfo_30" vType="typeCar@30" speedFactor="1.00" vaporized=""/>
    <tripinfo id="32" depart="23.00" departLane="nc_0" departPos="5.10" departSpeed="10.00" departDelay="0.00" arrival="67.10" arrivalLane="cs_0" arrivalPos="192.80" arrivalSpeed="10.00" duration="44.10" routeLength="394.90" waitingTime="0.00" waitingCount="0" stopTime="0.00" timeLoss="4.53" rerouteNo="0" devices="tripinfo_32" vType="typeCar@32" speedFactor="1.00" vaporized=""/>
    <tripinfo id="1" depart="1.00" departLane="wc_0" departPos="5.10" departSpeed="10.00" departDelay="0.00" arrival="69.30" arrivalLane="ce_0" arrivalPos="192.80" arrivalSpeed="10.00" duration="68.30" routeLength="394.90" waitingTime="0.50" waitingCount="1" stopTime="0.00" timeLoss="28.79" rerouteNo="0" devices="tripinfo_1" vType="typeCar@1" speedFactor="1.00" vaporized=""/>
    <tripinfo id="33" depart="24.00" departLane="nc_0" departPos="5.10" departSpeed="10.00" departDelay="0.00" arrival="69.90" arrivalLane="cs_0" arrivalPos="192.80" arrivalSpeed="10.00" duration="45.90" routeLength="394.90" waitingTime="0.00" waitingCount="0" stopTime="0.00" timeLoss="6.39" rerouteNo="0" devices="tripinfo_33" vType="typeCar@33" speedFactor="1.00" vaporized=""/>
    <tripinfo id="6" depart="5.00" departLane="wc_0" departPos="5.10" departSpeed="10.00" departDelay="0.00" arrival="72.80" arrivalLane="ce_0" arrivalPos="192.80" arrivalSpeed="10.00" duration="67.80" routeLength="394.90" waitingTime="0.80" waitingCount="8" stopTime="0.00" timeLoss="28.31" rerouteNo="0" devices="tripinfo_6" vType="typeCar@6" speedFactor="1.00" vaporized=""/>
    <tripinfo id="8" depart="6.00" departLane="wc_0" departPos="5.10" departSpeed="10.00" departDelay="0.00" arrival="75.40" arrivalLane="ce_0" arrivalPos="192.80" arrivalSpeed="10.00" duration="69.40" routeLength="394.90" waitingTime="1.60" waitingCount="16" stopTime="0.00" timeLoss="29.84" rerouteNo="0" devices="tripinfo_8" vType="typeCar@8" speedFactor="1.00" vaporized=""/>
    <tripinfo id="35" depart="25.00" departLane="nc_0" departPos="5.10" departSpeed="10.00" departDelay="0.00" arrival="78.20" arrivalLane="cs_0" arrivalPos="192.80" arrivalSpeed="10.00" duration="53.20" routeLength="394.90" waitingTime="3.90" waitingCount="1" stopTime="0.00" timeLoss="13.71" rerouteNo="0" devices="tripinfo_35" vType="typeCar@35" speedFactor="1.00" vaporized=""/>
    <tripinfo id="37" depart="27.00" departLane="nc_0" departPos="5.10" departSpeed="10.00" departDelay="0.00" arrival="79.20" arrivalLane="cs_0" arrivalPos="192.80" arrivalSpeed="10.00" duration="52.20" routeLength="394.90" waitingTime="0.10" waitingCount="1" stopTime="0.00" timeLoss="12.64" rerouteNo="0" devices="tripinfo_37" vType="typeCar@37" speedFactor="1.00" vaporized=""/>
    <tripinfo id="39" depart="28.00" departLane="nc_0" departPos="5.10" departSpeed="10.00" departDelay="0.00" arrival="80.20" arrivalLane="cs_0" arrivalPos="192.80" arrivalSpeed="10.00" duration="52.20" routeLength="394.90" waitingTime="0.00" waitingCount="0" stopTime="0.00" timeLoss="12.64" rerouteNo="0" devices="tripinfo_39" vType="typeCar@39" speedFactor="1.00" vaporized=""/>
    <tripinfo id="41" depart="29.00" departLane="nc_0" departPos="5.10" departSpeed="10.00" departDelay="0.00" arrival="81.20" arrivalLane="cs_0" arrivalPos="192.80" arrivalSpeed="10.00" duration="52.20" routeLength="394.90" waitingTime="0.10" waitingCount="1" stopTime="0.00" timeLoss="12.72" rerouteNo="0" devices="tripinfo_41" vType="typeCar@41" speedFactor="1.00" vaporized=""/>
    <tripinfo id="11" depart="8.00" departLane="wc_0" departPos="5.10" departSpeed="10.00" departDelay="0.00" arrival="83.00" arrivalLane="ce_0" arrivalPos="192.80" arrivalSpeed="10.00" duration="75.00" routeLength="394.90" waitingTime="1.40" waitingCount="14" stopTime="0.00" timeLoss="35.44" rerouteNo="0" devices="tripinfo_11" vType="typeCar@11" speedFactor="1.00" vaporized=""/>
    <tripinfo id="15" depart="11.00" departLane="wc_0" departPos="5.10" departSpeed="10.00" departDelay="0.00" arrival="84.00" arrivalLane="ce_0" arrivalPos="192.80" arrivalSpeed="10.00" duration="73.00" routeLength="394.90" waitingTime="2.00" waitingCount="20" stopTime="0.00" timeLoss="33.47" rerouteNo="0" devices="tripinfo_15" vType="typeCar@15" speedFactor="1.00" vaporized=""/>
    <tripinfo id="18" depart="13.00" departLane="wc_0" departPos="5.10" departSpeed="10.00" departDelay="0.00" arrival="87.70" arrivalLane="ce_0" arrivalPos="192.80" arrivalSpeed="10.00" duration="74.70" routeLength="394.90" waitingTime="2.00" waitingCount="20" stopTime="0.00" timeLoss="35.21" rerouteNo="0" devices="tripinfo_18" vType="typeCar@18" speedFactor="1.00" vaporized=""/>
    <tripinfo id="42" depart="30.00" departLane="nc_0" departPos="5.10" departSpeed="10.00" departDelay="0.00" arrival="95.60" arrivalLane="cs_0" arrivalPos="192.80" arrivalSpeed="10.00" duration="65.60" routeLength="394.90" waitingTime="0.50" waitingCount="5" stopTime="0.00" timeLoss="26.08" rerouteNo="0" devices="tripinfo_42" vType="typeCar@42" speedFactor="1.00" vaporized=""/>
    <tripinfo id="43" depart="31.00" departLane="nc_0" departPos="5.10" departSpeed="10.00" departDelay="0.00" arrival="96.50" arrivalLane="cs_0" arrivalPos="192.80" arrivalSpeed="10.00" duration="65.50" routeLength="394.90" waitingTime="0.60" waitingCount="6" stopTime="0.00" timeLoss="26.00" rerouteNo="0" devices="tripinfo_43" vType="typeCar@43" speedFactor="1.00" vaporized=""/>
    <tripinfo id="44" depart="32.00" departLane="nc_0" departPos="5.10" departSpeed="10.00" departDelay="0.00" arrival="97.60" arrivalLane="cs_0" arrivalPos="192.80" arrivalSpeed="10.00" duration="65.60" routeLength="394.90" waitingTime="0.80" waitingCount="8" stopTime="0.00" timeLoss="26.12" rerouteNo="0" devices="tripinfo_44" vType="typeCar@44" speedFactor="1.00" vaporized=""/>
    <tripinfo id="22" depart="17.00" departLane="wc_0" departPos="5.10" departSpeed="10.00" departDelay="0.00" arrival="104.10" arrivalLane="ce_0" arrivalPos="192.80" arrivalSpeed="10.00" duration="87.10" routeLength="394.90" waitingTime="1.80" waitingCount="18" stopTime="0.00" timeLoss="47.59" rerouteNo="0" devices="tripinfo_22" vType="typeCar@22" speedFactor="1.00" vaporized=""/>
    <tripinfo id="46" depart="33.00" departLane="nc_0" departPos="5.10" departSpeed="10.00" departDelay="0.00" arrival="106.10" arrivalLane="cs_0" arrivalPos="192.80" arrivalSpeed="10.00" duration="73.10" routeLength="394.90" waitingTime="1.60" waitingCount="16" stopTime="0.00" timeLoss="33.61" rerouteNo="0" devices="tripinfo_46" vType="typeCar@46" speedFactor="1.00" vaporized=""/>
    <tripinfo id="27" depart="21.00" departLane="wc_0" departPos="5.10" departSpeed="10.00" departDelay="0.00" arrival="108.30" arrivalLane="ce_0" arrivalPos="192.80" arrivalSpeed="10.00" duration="87.30" routeLength="394.90" waitingTime="1.60" waitingCount="16" stopTime="0.00" timeLoss="47.74" rerouteNo="0" devices="tripinfo_27" vType="typeCar@27" speedFactor="1.00" vaporized=""/>
    <tripinfo id="48" depart="34.00" departLane="nc_0" departPos="5.10" departSpeed="10.00" departDelay="0.00" arrival="110.00" arrivalLane="cs_0" arrivalPos="192.80" arrivalSpeed="10.00" duration="76.00" routeLength="394.90" waitingTime="1.60" waitingCount="16" stopTime="0.00" timeLoss="36.52" rerouteNo="0" devices="tripinfo_48" vType="typeCar@48" speedFactor="1.00" vaporized=""/>
    <tripinfo id="50" depart="36.00" departLane="nc_0" departPos="5.10" departSpeed="10.00" departDelay="0.00" arrival="111.00" arrivalLane="cs_0" arrivalPos="192.80" arrivalSpeed="10.00" duration="75.00" routeLength="394.90" waitingTime="1.80" waitingCount="18" stopTime="0.00" timeLoss="35.47" rerouteNo="0" devices="tripinfo_50" vType="typeCar@50" speedFactor="1.00" vaporized=""/>
    <tripinfo id="29" depart="22.00" departLane="wc_0" departPos="5.10" departSpeed="10.00" departDelay="0.00" arrival="112.50" arrivalLane="ce_0" arrivalPos="192.80" arrivalSpeed="10.00" duration="90.50" routeLength="394.90" waitingTime="1.60" waitingCount="16" stopTime="0.00" timeLoss="50.99" rerouteNo="0" devices="tripinfo_29" vType="typeCar@29" speedFactor="1.00" vaporized=""/>
    <tripinfo id="31" depart="23.00" departLane="wc_0" departPos="5.10" departSpeed="10.00" departDelay="0.00" arrival="113.50" arrivalLane="ce_0" arrivalPos="192.80" arrivalSpeed="10.00" duration="90.50" routeLength="394.90" waitingTime="1.60" waitingCount="16" stopTime="0.00" timeLoss="50.99" rerouteNo="0" devices="tripinfo_31" vType="typeCar@31" speedFactor="1.00" vaporized=""/>
    <tripinfo id="51" depart="37.00" departLane="nc_0" departPos="5.10" departSpeed="10.00" departDelay="0.00" arrival="116.00" arrivalLane="cs_0" arrivalPos="192.80" arrivalSpeed="10.00" duration="79.00" routeLength="394.90" waitingTime="1.80" waitingCount="18" stopTime="0.00" timeLoss="39.43" rerouteNo="0" devices="tripinfo_51" vType="typeCar@51" speedFactor="1.00" vaporized=""/>
    <tripinfo id="34" depart="25.00" departLane="wc_0" departPos="5.10" departSpeed="10.00" departDelay="0.00" arrival="123.70" arrivalLane="ce_0" arrivalPos="192.80" arrivalSpeed="10.00" duration="98.70" routeLength="394.90" waitingTime="1.00" waitingCount="10" stopTime="0.00" timeLoss="59.17" rerouteNo="0" devices="tripinfo_34" vType="typeCar@34" speedFactor="1.00" vaporized=""/>
    <tripinfo id="52" depart="38.00" departLane="nc_0" departPos="5.10" departSpeed="10.00" departDelay="0.00" arrival="129.90" arrivalLane="cs_0" arrivalPos="192.80" arrivalSpeed="10.00" duration="91.90" routeLength="394.90" waitingTime="2.10" waitingCount="21" stopTime="0.00" timeLoss="52.34" rerouteNo="0" devices="tripinfo_52" vType="typeCar@52" speedFactor="1.00" vaporized=""/>
    <tripinfo id="54" depart="39.00" departLane="nc_0" departPos="5.10" departSpeed="10.00" departDelay="0.00" arrival="130.90" arrivalLane="cs_0" arrivalPos="192.80" arrivalSpeed="10.00" duration="91.90" routeLength="394.90" waitingTime="2.50" waitingCount="25" stopTime="0.00" timeLoss="52.40" rerouteNo="0" devices="tripinfo_54" vType="typeCar@54" speedFactor="1.00" vaporized=""/>
    <tripinfo id="36" depart="26.00" departLane="wc_0" departPos="5.10" departSpeed="10.00" departDelay="0.00" arrival="133.60" arrivalLane="ce_0" arrivalPos="192.80" arrivalSpeed="10.00" duration="107.60" routeLength="394.90" waitingTime="5.30" waitingCount="14" stopTime="0.00" timeLoss="68.05" rerouteNo="0" devices="tripinfo_36" vType="typeCar@36" speedFactor="1.00" vaporized=""/>
    <tripinfo id="38" depart="28.00" departLane="wc_0" departPos="5.10" departSpeed="10.00" departDelay="0.00" arrival="134.50" arrivalLane="ce_0" arrivalPos="192.80" arrivalSpeed="10.00" duration="106.50" routeLength="394.90" waitingTime="2.00" waitingCount="20" stopTime="0.00" timeLoss="66.95" rerouteNo="0" devices="tripinfo_38" vType="typeCar@38" speedFactor="1.00" vaporized=""/>
    <tripinfo id="55" depart="40.00" departLane="nc_0" departPos="5.10" departSpeed="10.00" departDelay="0.00" arrival="135.80" arrivalLane="cs_0" arrivalPos="192.80" arrivalSpeed="10.00" duration="95.80" routeLength="394.90" waitingTime="2.30" waitingCount="23" stopTime="0.00" timeLoss="56.32" rerouteNo="0" devices="tripinfo_55" vType="typeCar@55" speedFactor="1.00" vaporized=""/>
    <tripinfo id="56" depart="41.00" departLane="nc_0" departPos="5.10" departSpeed="10.00" departDelay="0.00" arrival="136.90" arrivalLane="cs_0" arrivalPos="192.80" arrivalSpeed="10.00" duration="95.90" routeLength="394.90" waitingTime="2.70" waitingCount="27" stopTime="0.00" timeLoss="56.36" rerouteNo="0" devices="tripinfo_56" vType="typeCar@56" speedFactor="1.00" vaporized=""/>
    <tripinfo id="40" depart="29.00" departLane="wc_0" departPos="5.10" departSpeed="10.00" departDelay="0.00" arrival="138.40" arrivalLane="ce_0" arrivalPos="192.80" arrivalSpeed="10.00" duration="109.40" routeLength="394.90" waitingTime="2.30" waitingCount="23" stopTime="0.00" timeLoss="69.88" rerouteNo="0" devices="tripinfo_40" vType="typeCar@40" speedFactor="1.00" vaporized=""/>
    <tripinfo id="45" depart="33.00" departLane="wc_0" departPos="5.10" departSpeed="10.00" departDelay="0.00" arrival="141.00" arrivalLane="ce_0" arrivalPos="192.80" arrivalSpeed="10.00" duration="108.00" routeLength="394.90" waitingTime="2.20" waitingCount="22" stopTime="0.00" timeLoss="68.51" rerouteNo="0" devices="tripinfo_45" vType="typeCar@45" speedFactor="1.00" vaporized=""/>
    <tripinfo id="58" depart="42.00" departLane="nc_0" departPos="5.10" departSpeed="10.00" departDelay="0.00" arrival="143.30" arrivalLane="cs_0" arrivalPos="192.80" arrivalSpeed="10.00" duration="101.30" routeLength="394.90" waitingTime="2.80" waitingCount="28" stopTime="0.00" timeLoss="61.81" rerouteNo="0" devices="tripinfo_58" vType="typeCar@58" speedFactor="1.00" vaporized=""/>
    <tripinfo id="47" depart="34.00" departLane="wc_0" departPos="5.10" departSpeed="10.00" departDelay="0.00" arrival="149.00" arrivalLane="ce_0" arrivalPos="192.80" arrivalSpeed="10.00" duration="115.00" routeLength="394.90" waitingTime="2.40" waitingCount="24" stopTime="0.00" timeLoss="75.42" rerouteNo="0" devices="tripinfo_47" vType="typeCar@47" speedFactor="1.00" vaporized=""/>
    <tripinfo id="59" depart="43.00" departLane="nc_0" departPos="5.10" departSpeed="10.00" departDelay="0.00" arrival="150.80" arrivalLane="cs_0" arrivalPos="192.80" arrivalSpeed="10.00" duration="107.80" routeLength="394.90" waitingTime="3.00" waitingCount="30" stopTime="0.00" timeLoss="68.23" rerouteNo="0" devices="tripinfo_59" vType="typeCar@59" speedFactor="1.00" vaporized=""/>
    <tripinfo id="49" depart="35.00" departLane="wc_0" departPos="5.10" departSpeed="10.00" departDelay="0.00" arrival="153.90" arrivalLane="ce_0" arrivalPos="192.80" arrivalSpeed="10.00" duration="118.90" routeLength="394.90" waitingTime="2.60" waitingCount="26" stopTime="0.00" timeLoss="79.34" rerouteNo="0" devices="tripinfo_49" vType="typeCar@49" speedFactor="1.00" vaporized=""/>
    <tripinfo id="61" depart="44.00" departLane="nc_0" departPos="5.10" departSpeed="10.00" departDelay="0.00" arrival="156.00" arrivalLane="cs_0" arrivalPos="192.80" arrivalSpeed="10.00" duration="112.00" routeLength="394.90" waitingTime="3.20" waitingCount="32" stopTime="0.00" timeLoss="72.47" rerouteNo="0" devices="tripinfo_61" vType="typeCar@61" speedFactor="1.00" vaporized=""/>
    <tripinfo id="63" depart="45.00" departLane="nc_0" departPos="5.10" departSpeed="10.00" departDelay="0.00" arrival="157.20" arrivalLane="cs_0" arrivalPos="192.80" arrivalSpeed="10.00" duration="112.20" routeLength="394.90" waitingTime="3.40" waitingCount="34" stopTime="0.00" timeLoss="72.67" rerouteNo="0" devices="tripinfo_63" vType="typeCar@63" speedFactor="1.00" vaporized=""/>
    <tripinfo id="53" depart="39.00" departLane="wc_0" departPos="5.10" departSpeed="10.00" departDelay="0.00" arrival="160.50" arrivalLane="ce_0" arrivalPos="192.80" arrivalSpeed="10.00" duration="121.50" routeLength="394.90" waitingTime="2.30" waitingCount="23" stopTime="0.00" timeLoss="81.93" rerouteNo="0" devices="tripinfo_53" vType="typeCar@53" speedFactor="1.00" vaporized=""/>
    <tripinfo id="57" depart="42.00" departLane="wc_0" departPos="5.10" departSpeed="10.00" departDelay="0.00" arrival="161.50" arrivalLane="ce_0" arrivalPos="192.80" arrivalSpeed="10.00" duration="119.50" routeLength="394.90" waitingTime="2.70" waitingCount="27" stopTime="0.00" timeLoss="79.95" rerouteNo="0" devices="tripinfo_57" vType="typeCar@57" speedFactor="1.00" vaporized=""/>
    <tripinfo id="64" depart="46.00" departLane="nc_0" departPos="5.10" departSpeed="10.00" departDelay="0.00" arrival="168.80" arrivalLane="cs_0" arrivalPos="192.80" arrivalSpeed="10.00" duration="122.80" routeLength="394.90" waitingTime="3.40" waitingCount="34" stopTime="0.00" timeLoss="83.31" rerouteNo="0" devices="tripinfo_64" vType="typeCar@64" speedFactor="1.00" vaporized=""/>
    <tripinfo id="66" depart="47.00" departLane="nc_0" departPos="5.10" departSpeed="6.50" departDelay="0.00" arrival="169.80" arrivalLane="cs_0" arrivalPos="192.80" arrivalSpeed="10.00" duration="122.80" routeLength="394.90" waitingTime="4.00" waitingCount="40" stopTime="0.00" timeLoss="83.23" rerouteNo="0" devices="tripinfo_66" vType="typeCar@66" speedFactor="1.00" vaporized=""/>
    <tripinfo id="60" depart="44.00" departLane="wc_0" departPos="5.10" departSpeed="10.00" departDelay="0.00" arrival="171.20" arrivalLane="ce_0" arrivalPos="192.80" arrivalSpeed="10.00" duration="127.20" routeLength="394.90" waitingTime="2.20" waitingCount="22" stopTime="0.00" timeLoss="87.72" rerouteNo="0" devices="tripinfo_60" vType="typeCar@60" speedFactor="1.00" vaporized=""/>
    <tripinfo id="62" depart="45.00" departLane="wc_0" departPos="5.10" departSpeed="10.00" departDelay="0.00" arrival="172.30" arrivalLane="ce_0" arrivalPos="192.80" arrivalSpeed="10.00" duration="127.30" routeLength="394.90" waitingTime="2.60" waitingCount="26" stopTime="0.00" timeLoss="87.75" rerouteNo="0" devices="tripinfo_62" vType="typeCar@62" speedFactor="1.00" vaporized=""/>
    <tripinfo id="67" depart="48.60" departLane="nc_0" departPos="5.10" departSpeed="0.10" departDelay="0.60" arrival="175.30" arrivalLane="cs_0" arrivalPos="192.80" arrivalSpeed="10.00" duration="126.70" routeLength="394.90" waitingTime="5.20" waitingCount="37" stopTime="0.00" timeLoss="87.16" rerouteNo="0" devices="tripinfo_67" vType="typeCar@67" speedFactor="1.00" vaporized=""/>
    <tripinfo id="68" depart="54.30" departLane="nc_0" departPos="5.10" departSpeed="5.63" departDelay="5.30" arrival="176.30" arrivalLane="cs_0" arrivalPos="192.80" arrivalSpeed="10.00" duration="122.00" routeLength="394.90" waitingTime="3.80" waitingCount="38" stopTime="0.00" timeLoss="82.53" rerouteNo="0" devices="tripinfo_68" vType="typeCar@68" speedFactor="1.00" vaporized=""/>
    <tripinfo id="65" depart="47.00" departLane="wc_0" departPos="5.10" departSpeed="10.00" departDelay="0.00" arrival="177.90" arrivalLane="ce_0" arrivalPos="192.80" arrivalSpeed="10.00" duration="130.90" routeLength="394.90" waitingTime="3.10" waitingCount="31" stopTime="0.00" timeLoss="91.36" rerouteNo="0" devices="tripinfo_65" vType="typeCar@65" speedFactor="1.00" vaporized=""/>
    <tripinfo id="69" depart="50.00" departLane="wc_0" departPos="5.10" departSpeed="1.80" departDelay="0.00" arrival="179.30" arrivalLane="ce_0" arrivalPos="192.80" arrivalSpeed="10.00" duration="129.30" routeLength="394.90" waitingTime="3.20" waitingCount="32" stopTime="0.00" timeLoss="89.82" rerouteNo="0" devices="tripinfo_69" vType="typeCar@69" speedFactor="1.00" vaporized=""/>
    <tripinfo id="70" depart="55.40" departLane="nc_0" departPos="5.10" departSpeed="7.33" departDelay="5.40" arrival="186.60" arrivalLane="cs_0" arrivalPos="192.80" arrivalSpeed="10.00" duration="131.20" routeLength="394.90" waitingTime="4.50" waitingCount="45" stopTime="0.00" timeLoss="91.70" rerouteNo="0" devices="tripinfo_70" vType="typeCar@70" speedFactor="1.00" vaporized=""/>
    <tripinfo id="71" depart="56.30" departLane="nc_0" departPos="5.10" departSpeed="7.63" departDelay="5.30" arrival="187.80" arrivalLane="cs_0" arrivalPos="192.80" arrivalSpeed="10.00" duration="131.50" routeLength="394.90" waitingTime="4.80" waitingCount="48" stopTime="0.00" timeLoss="92.04" rerouteNo="0" devices="tripinfo_71" vType="typeCar@71" speedFactor="1.00" vaporized=""/>
    <tripinfo id="73" depart="57.50" departLane="nc_0" departPos="5.10" departSpeed="1.63" departDelay="5.50" arrival="188.70" arrivalLane="cs_0" arrivalPos="192.80" arrivalSpeed="10.00" duration="131.20" routeLength="394.90" waitingTime="5.80" waitingCount="55" stopTime="0.00" timeLoss="91.74" rerouteNo="0" devices="tripinfo_73" vType="typeCar@73" speedFactor="1.00" vaporized=""/>
    <tripinfo id="75" depart="67.20" departLane="nc_0" departPos="5.10" departSpeed="3.95" departDelay="14.20" arrival="189.80" arrivalLane="cs_0" arrivalPos="192.80" arrivalSpeed="10.00" duration="122.60" routeLength="394.90" waitingTime="5.40" waitingCount="54" stopTime="0.00" timeLoss="83.13" rerouteNo="0" devices="tripinfo_75" vType="typeCar@75" speedFactor="1.00" vaporized=""/>
    <tripinfo id="76" depart="68.70" departLane="nc_0" departPos="5.10" departSpeed="6.05" departDelay="13.70" arrival="190.90" arrivalLane="cs_0" arrivalPos="192.80" arrivalSpeed="10.00" duration="122.20" routeLength="394.90" waitingTime="5.70" waitingCount="57" stopTime="0.00" timeLoss="82.73" rerouteNo="0" devices="tripinfo_76" vType="typeCar@76" speedFactor="1.00" vaporized=""/>
    <tripinfo id="77" depart="69.90" departLane="nc_0" departPos="5.10" departSpeed="2.45" departDelay="13.90" arrival="192.00" arrivalLane="cs_0" arrivalPos="192.80" arrivalSpeed="10.00" duration="122.10" routeLength="394.90" waitingTime="5.90" waitingCount="59" stopTime="0.00" timeLoss="82.60" rerouteNo="0" devices="tripinfo_77" vType="typeCar@77" speedFactor="1.00" vaporized=""/>
    <tripinfo id="78" depart="81.20" departLane="nc_0" departPos="5.10" departSpeed="2.92" departDelay="24.20" arrival="193.00" arrivalLane="cs_0" arrivalPos="192.80" arrivalSpeed="10.00" duration="111.80" routeLength="394.90" waitingTime="4.80" waitingCount="48" stopTime="0.00" timeLoss="72.34" rerouteNo="0" devices="tripinfo_78" vType="typeCar@78" speedFactor="1.00" vaporized=""/>
    <tripinfo id="72" depart="52.00" departLane="wc_0" departPos="5.10" departSpeed="7.00" departDelay="0.00" arrival="195.40" arrivalLane="ce_0" arrivalPos="192.80" arrivalSpeed="10.00" duration="143.40" routeLength="394.90" waitingTime="9.20" waitingCount="46" stopTime="0.00" timeLoss="103.84" rerouteNo="0" devices="tripinfo_72" vType="typeCar@72" speedFactor="1.00" vaporized=""/>
    <tripinfo id="74" depart="53.00" departLane="wc_0" departPos="5.10" departSpeed="4.40" departDelay="0.00" arrival="196.30" arrivalLane="ce_0" arrivalPos="192.80" arrivalSpeed="10.00" duration="143.30" routeLength="394.90" waitingTime="5.20" waitingCount="52" stopTime="0.00" timeLoss="103.73" rerouteNo="0" devices="tripinfo_74" vType="typeCar@74" speedFactor="1.00" vaporized=""/>
    <tripinfo id="80" depart="85.80" departLane="nc_0" departPos="5.10" departSpeed="3.12" departDelay="27.80" arrival="197.70" arrivalLane="cs_0" arrivalPos="192.80" arrivalSpeed="10.00" duration="111.90" routeLength="394.90" waitingTime="3.90" waitingCount="39" stopTime="0.00" timeLoss="72.42" rerouteNo="0" devices="tripinfo_80" vType="typeCar@80" speedFactor="1.00" vaporized=""/>
    <tripinfo id="81" depart="91.50" departLane="nc_0" departPos="5.10" departSpeed="4.00" departDelay="32.50" arrival="198.80" arrivalLane="cs_0" arrivalPos="192.80" arrivalSpeed="10.00" duration="107.30" routeLength="394.90" waitingTime="4.70" waitingCount="47" stopTime="0.00" timeLoss="67.83" rerouteNo="0" devices="tripinfo_81" vType="typeCar@81" speedFactor="1.00" vaporized=""/>
    <tripinfo id="82" depart="96.90" departLane="nc_0" departPos="5.10" departSpeed="4.20" departDelay="36.90" arrival="200.80" arrivalLane="cs_0" arrivalPos="192.80" arrivalSpeed="10.00" duration="103.90" routeLength="394.90" waitingTime="4.70" waitingCount="47" stopTime="0.00" timeLoss="64.43" rerouteNo="0" devices="tripinfo_82" vType="typeCar@82" speedFactor="1.00" vaporized=""/>
    <tripinfo id="83" depart="98.40" departLane="nc_0" departPos="5.10" departSpeed="6.30" departDelay="37.40" arrival="202.30" arrivalLane="cs_0" arrivalPos="192.80" arrivalSpeed="10.00" duration="103.90" routeLength="394.90" waitingTime="4.20" waitingCount="42" stopTime="0.00" timeLoss="64.39" rerouteNo="0" devices="tripinfo_83" vType="typeCar@83" speedFactor="1.00" vaporized=""/>
    <tripinfo id="85" depart="99.40" departLane="nc_0" departPos="5.10" departSpeed="6.90" departDelay="37.40" arrival="204.10" arrivalLane="cs_0" arrivalPos="192.80" arrivalSpeed="10.00" duration="104.70" routeLength="394.90" waitingTime="4.60" waitingCount="46" stopTime="0.00" timeLoss="65.17" rerouteNo="0" devices="tripinfo_85" vType="typeCar@85" speedFactor="1.00" vaporized=""/>
    <tripinfo id="87" depart="101.10" departLane="nc_0" departPos="5.10" departSpeed="0.00" departDelay="37.10" arrival="205.40" arrivalLane="cs_0" arrivalPos="192.80" arrivalSpeed="10.00" duration="104.30" routeLength="394.90" waitingTime="6.20" waitingCount="49" stopTime="1.10" timeLoss="63.67" rerouteNo="0" devices="tripinfo_87" vType="typeCar@87" speedFactor="1.00" vaporized=""/>
    <tripinfo id="89" depart="116.70" departLane="nc_0" departPos="5.10" departSpeed="0.03" departDelay="51.70" arrival="207.20" arrivalLane="cs_0" arrivalPos="192.80" arrivalSpeed="10.00" duration="90.50" routeLength="394.90" waitingTime="4.20" waitingCount="33" stopTime="1.10" timeLoss="49.85" rerouteNo="0" devices="tripinfo_89" vType="typeCar@89" speedFactor="1.00" vaporized=""/>
    <tripinfo id="91" depart="122.80" departLane="nc_0" departPos="5.10" departSpeed="4.30" departDelay="55.80" arrival="208.30" arrivalLane="cs_0" arrivalPos="192.80" arrivalSpeed="10.00" duration="85.50" routeLength="394.90" waitingTime="3.00" waitingCount="30" stopTime="0.00" timeLoss="46.02" rerouteNo="0" devices="tripinfo_91" vType="typeCar@91" speedFactor="1.00" vaporized=""/>
    <tripinfo id="93" depart="126.80" departLane="nc_0" departPos="5.10" departSpeed="0.30" departDelay="58.80" arrival="209.50" arrivalLane="cs_0" arrivalPos="192.80" arrivalSpeed="10.00" duration="82.70" routeLength="394.90" waitingTime="3.40" waitingCount="29" stopTime="0.00" timeLoss="43.20" rerouteNo="0" devices="tripinfo_93" vType="typeCar@93" speedFactor="1.00" vaporized=""/>
    <tripinfo id="94" depart="130.10" departLane="nc_0" departPos="5.10" departSpeed="0.90" departDelay="61.10" arrival="210.60" arrivalLane="cs_0" arrivalPos="192.80" arrivalSpeed="10.00" duration="80.50" routeLength="394.90" waitingTime="3.10" waitingCount="28" stopTime="0.00" timeLoss="40.99" rerouteNo="0" devices="tripinfo_94" vType="typeCar@94" speedFactor="1.00" vaporized=""/>
    <tripinfo id="95" depart="135.70" departLane="nc_0" departPos="5.10" departSpeed="2.10" departDelay="65.70" arrival="211.60" arrivalLane="cs_0" arrivalPos="192.80" arrivalSpeed="10.00" duration="75.90" routeLength="394.90" waitingTime="2.50" waitingCount="24" stopTime="0.00" timeLoss="36.41" rerouteNo="0" devices="tripinfo_95" vType="typeCar@95" speedFactor="1.00" vaporized=""/>
    <tripinfo id="97" depart="140.90" departLane="nc_0" departPos="5.10" departSpeed="5.33" departDelay="69.90" arrival="213.30" arrivalLane="cs_0" arrivalPos="192.80" arrivalSpeed="10.00" duration="72.40" routeLength="394.90" waitingTime="2.00" waitingCount="20" stopTime="0.00" timeLoss="32.90" rerouteNo="0" devices="tripinfo_97" vType="typeCar@97" speedFactor="1.00" vaporized=""/>
    <tripinfo id="98" depart="142.90" departLane="nc_0" departPos="5.10" departSpeed="0.13" departDelay="70.90" arrival="214.20" arrivalLane="cs_0" arrivalPos="192.80" arrivalSpeed="10.00" duration="71.30" routeLength="394.90" waitingTime="3.30" waitingCount="22" stopTime="0.00" timeLoss="31.82" rerouteNo="0" devices="tripinfo_98" vType="typeCar@98" speedFactor="1.00" vaporized=""/>
    <tripinfo id="99" depart="152.10" departLane="nc_0" departPos="5.10" departSpeed="4.16" departDelay="79.10" arrival="215.50" arrivalLane="cs_0" arrivalPos="192.80" arrivalSpeed="10.00" duration="63.40" routeLength="394.90" waitingTime="1.50" waitingCount="15" stopTime="0.00" timeLoss="23.87" rerouteNo="0" devices="tripinfo_99" vType="typeCar@99" speedFactor="1.00" vaporized=""/>
    <tripinfo id="101" depart="157.80" departLane="nc_0" departPos="5.10" departSpeed="2.06" departDelay="83.80" arrival="217.00" arrivalLane="cs_0" arrivalPos="192.80" arrivalSpeed="10.00" duration="59.20" routeLength="394.90" waitingTime="1.10" waitingCount="11" stopTime="0.00" timeLoss="19.66" rerouteNo="0" devices="tripinfo_101" vType="typeCar@101" speedFactor="1.00" vaporized=""/>
    <tripinfo id="102" depart="162.40" departLane="nc_0" departPos="5.10" departSpeed="4.66" departDelay="87.40" arrival="218.20" arrivalLane="cs_0" arrivalPos="192.80" arrivalSpeed="10.00" duration="55.80" routeLength="394.90" waitingTime="0.90" waitingCount="9" stopTime="0.00" timeLoss="16.33" rerouteNo="0" devices="tripinfo_102" vType="typeCar@102" speedFactor="1.00" vaporized=""/>
    <tripinfo id="103" depart="163.80" departLane="nc_0" departPos="5.10" departSpeed="6.46" departDelay="87.80" arrival="219.40" arrivalLane="cs_0" arrivalPos="192.80" arrivalSpeed="10.00" duration="55.60" routeLength="394.90" waitingTime="1.00" waitingCount="10" stopTime="0.00" timeLoss="16.07" rerouteNo="0" devices="tripinfo_103" vType="typeCar@103" speedFactor="1.00" vaporized=""/>
    <tripinfo id="105" depart="164.80" departLane="nc_0" departPos="5.10" departSpeed="7.06" departDelay="87.80" arrival="220.40" arrivalLane="cs_0" arrivalPos="192.80" arrivalSpeed="10.00" duration="55.60" routeLength="394.90" waitingTime="1.10" waitingCount="11" stopTime="0.00" timeLoss="16.08" rerouteNo="0" devices="tripinfo_105" vType="typeCar@105" speedFactor="1.00" vaporized=""/>
    <tripinfo id="107" depart="166.10" departLane="nc_0" departPos="5.10" departSpeed="0.56" departDelay="88.10" arrival="221.40" arrivalLane="cs_0" arrivalPos="192.80" arrivalSpeed="10.00" duration="55.30" routeLength="394.90" waitingTime="2.20" waitingCount="12" stopTime="0.00" timeLoss="15.76" rerouteNo="0" devices="tripinfo_107" vType="typeCar@107" speedFactor="1.00" vaporized=""/>
    <tripinfo id="109" depart="176.40" departLane="nc_0" departPos="5.10" departSpeed="3.88" departDelay="97.40" arrival="222.40" arrivalLane="cs_0" arrivalPos="192.80" arrivalSpeed="10.00" duration="46.00" routeLength="394.90" waitingTime="0.00" waitingCount="0" stopTime="0.00" timeLoss="6.49" rerouteNo="0" devices="tripinfo_109" vType="typeCar@109" speedFactor="1.00" vaporized=""/>
    <tripinfo id="111" depart="178.10" departLane="nc_0" departPos="5.10" departSpeed="5.78" departDelay="98.10" arrival="223.50" arrivalLane="cs_0" arrivalPos="192.80" arrivalSpeed="10.00" duration="45.40" routeLength="394.90" waitingTime="0.00" waitingCount="0" stopTime="0.00" timeLoss="5.85" rerouteNo="0" devices="tripinfo_111" vType="typeCar@111" speedFactor="1.00" vaporized=""/>
    <tripinfo id="79" depart="58.00" departLane="wc_0" departPos="5.10" departSpeed="2.60" departDelay="0.00" arrival="225.30" arrivalLane="ce_0" arrivalPos="192.80" arrivalSpeed="10.00" duration="167.30" routeLength="394.90" waitingTime="5.40" waitingCount="54" stopTime="0.00" timeLoss="127.81" rerouteNo="0" devices="tripinfo_79" vType="typeCar@79" speedFactor="1.00" vaporized=""/>
    <tripinfo id="84" depart="63.60" departLane="wc_0" departPos="5.10" departSpeed="1.00" departDelay="1.60" arrival="226.80" arrivalLane="ce_0" arrivalPos="192.80" arrivalSpeed="10.00" duration="163.20" routeLength="394.90" waitingTime="7.20" waitingCount="66" stopTime="0.00" timeLoss="123.64" rerouteNo="0" devices="tripinfo_84" vType="typeCar@84" speedFactor="1.00" vaporized=""/>
    <tripinfo id="113" depart="179.20" departLane="nc_0" departPos="5.10" departSpeed="7.48" departDelay="97.20" arrival="228.20" arrivalLane="cs_0" arrivalPos="192.80" arrivalSpeed="10.00" duration="49.00" routeLength="394.90" waitingTime="0.00" waitingCount="0" stopTime="0.00" timeLoss="9.53" rerouteNo="0" devices="tripinfo_113" vType="typeCar@113" speedFactor="1.00" vaporized=""/>
    <tripinfo id="115" depart="180.10" departLane="nc_0" departPos="5.10" departSpeed="8.58" departDelay="97.10" arrival="229.30" arrivalLane="cs_0" arrivalPos="192.80" arrivalSpeed="10.00" duration="49.20" routeLength="394.90" waitingTime="0.20" waitingCount="2" stopTime="0.00" timeLoss="9.67" rerouteNo="0" devices="tripinfo_115" vType="typeCar@115" speedFactor="1.00" vaporized=""/>
    <tripinfo id="86" depart="68.40" departLane="wc_0" departPos="5.10" departSpeed="4.00" departDelay="5.40" arrival="230.80" arrivalLane="ce_0" arrivalPos="192.80" arrivalSpeed="10.00" duration="162.40" routeLength="394.90" waitingTime="6.60" waitingCount="66" stopTime="0.00" timeLoss="122.89" rerouteNo="0" devices="tripinfo_86" vType="typeCar@86" speedFactor="1.00" vaporized=""/>
    <tripinfo id="88" depart="76.70" departLane="wc_0" departPos="5.10" departSpeed="2.50" departDelay="11.70" arrival="231.80" arrivalLane="ce_0" arrivalPos="192.80" arrivalSpeed="10.00" duration="155.10" routeLength="394.90" waitingTime="7.20" waitingCount="72" stopTime="0.00" timeLoss="115.61" rerouteNo="0" devices="tripinfo_88" vType="typeCar@88" speedFactor="1.00" vaporized=""/>
    <tripinfo id="117" depart="180.90" departLane="nc_0" departPos="5.10" departSpeed="9.38" departDelay="96.90" arrival="233.30" arrivalLane="cs_0" arrivalPos="192.80" arrivalSpeed="10.00" duration="52.40" routeLength="394.90" waitingTime="0.30" waitingCount="3" stopTime="0.00" timeLoss="12.97" rerouteNo="0" devices="tripinfo_117" vType="typeCar@117" speedFactor="1.00" vaporized=""/>
    <tripinfo id="118" depart="181.60" departLane="nc_0" departPos="5.10" departSpeed="9.08" departDelay="96.60" arrival="234.50" arrivalLane="cs_0" arrivalPos="192.80" arrivalSpeed="10.00" duration="52.90" routeLength="394.90" waitingTime="0.40" waitingCount="4" stopTime="0.00" timeLoss="13.36" rerouteNo="0" devices="tripinfo_118" vType="typeCar@118" speedFactor="1.00" vaporized=""/>
    <tripinfo id="90" depart="85.00" departLane="wc_0" departPos="5.10" departSpeed="2.60" departDelay="18.00" arrival="236.00" arrivalLane="ce_0" arrivalPos="192.80" arrivalSpeed="10.00" duration="151.00" routeLength="394.90" waitingTime="6.70" waitingCount="67" stopTime="0.00" timeLoss="111.50" rerouteNo="0" devices="tripinfo_90" vType="typeCar@90" speedFactor="1.00" vaporized=""/>
    <tripinfo id="92" depart="90.50" departLane="wc_0" departPos="5.10" departSpeed="2.30" departDelay="22.50" arrival="237.10" arrivalLane="ce_0" arrivalPos="192.80" arrivalSpeed="10.00" duration="146.60" routeLength="394.90" waitingTime="6.90" waitingCount="69" stopTime="0.00" timeLoss="107.08" rerouteNo="0" devices="tripinfo_92" vType="typeCar@92" speedFactor="1.00" vaporized=""/>
    <tripinfo id="119" depart="182.40" departLane="nc_0" departPos="5.10" departSpeed="9.08" departDelay="96.40" arrival="238.60" arrivalLane="cs_0" arrivalPos="192.80" arrivalSpeed="10.00" duration="56.20" routeLength="394.90" waitingTime="0.40" waitingCount="4" stopTime="0.00" timeLoss="16.73" rerouteNo="0" devices="tripinfo_119" vType="typeCar@119" speedFactor="1.00" vaporized=""/>
    <tripinfo id="120" depart="183.20" departLane="nc_0" departPos="5.10" departSpeed="8.28" departDelay="96.20" arrival="239.80" arrivalLane="cs_0" arrivalPos="192.80" arrivalSpeed="10.00" duration="56.60" routeLength="394.90" waitingTime="0.60" waitingCount="6" stopTime="0.00" timeLoss="17.13" rerouteNo="0" devices="tripinfo_120" vType="typeCar@120" speedFactor="1.00" vaporized=""/>
    <tripinfo id="96" depart="94.60" departLane="wc_0" departPos="5.10" departSpeed="5.41" departDelay="23.60" arrival="241.40" arrivalLane="ce_0" arrivalPos="192.80" arrivalSpeed="10.00" duration="146.80" routeLength="394.90" waitingTime="7.40" waitingCount="74" stopTime="0.00" timeLoss="107.33" rerouteNo="0" devices="tripinfo_96" vType="typeCar@96" speedFactor="1.00" vaporized=""/>
    <tripinfo id="100" depart="95.80" departLane="wc_0" departPos="5.10" departSpeed="6.61" departDelay="21.80" arrival="242.50" arrivalLane="ce_0" arrivalPos="192.80" arrivalSpeed="10.00" duration="146.70" routeLength="394.90" waitingTime="6.40" waitingCount="64" stopTime="0.00" timeLoss="107.16" rerouteNo="0" devices="tripinfo_100" vType="typeCar@100" speedFactor="1.00" vaporized=""/>
    <tripinfo id="122" depart="184.00" departLane="nc_0" departPos="5.10" departSpeed="8.28" departDelay="96.00" arrival="244.00" arrivalLane="cs_0" arrivalPos="192.80" arrivalSpeed="10.00" duration="60.00" routeLength="394.90" waitingTime="0.80" waitingCount="8" stopTime="0.00" timeLoss="20.52" rerouteNo="0" devices="tripinfo_122" vType="typeCar@122" speedFactor="1.00" vaporized=""/>
    <tripinfo id="123" depart="184.90" departLane="nc_0" departPos="5.10" departSpeed="7.78" departDelay="95.90" arrival="245.10" arrivalLane="cs_0" arrivalPos="192.80" arrivalSpeed="10.00" duration="60.20" routeLength="394.90" waitingTime="0.80" waitingCount="8" stopTime="0.00" timeLoss="20.74" rerouteNo="0" devices="tripinfo_123" vType="typeCar@123" speedFactor="1.00" vaporized=""/>
    <tripinfo id="104" depart="96.80" departLane="wc_0" departPos="5.10" departSpeed="4.81" departDelay="19.80" arrival="246.70" arrivalLane="ce_0" arrivalPos="192.80" arrivalSpeed="10.00" duration="149.90" routeLength="394.90" waitingTime="7.60" waitingCount="76" stopTime="0.00" timeLoss="110.36" rerouteNo="0" devices="tripinfo_104" vType="typeCar@104" speedFactor="1.00" vaporized=""/>
    <tripinfo id="106" depart="105.90" departLane="wc_0" departPos="5.10" departSpeed="0.11" departDelay="27.90" arrival="247.80" arrivalLane="ce_0" arrivalPos="192.80" arrivalSpeed="10.00" duration="141.90" routeLength="394.90" waitingTime="8.40" waitingCount="71" stopTime="0.00" timeLoss="102.34" rerouteNo="0" devices="tripinfo_106" vType="typeCar@106" speedFactor="1.00" vaporized=""/>
    <tripinfo id="124" depart="185.80" departLane="nc_0" departPos="5.10" departSpeed="5.68" departDelay="95.80" arrival="249.30" arrivalLane="cs_0" arrivalPos="192.80" arrivalSpeed="10.00" duration="63.50" routeLength="394.90" waitingTime="0.90" waitingCount="9" stopTime="0.00" timeLoss="24.01" rerouteNo="0" devices="tripinfo_124" vType="typeCar@124" speedFactor="1.00" vaporized=""/>
    <tripinfo id="125" depart="187.20" departLane="nc_0" departPos="5.10" departSpeed="5.88" departDelay="96.20" arrival="250.40" arrivalLane="cs_0" arrivalPos="192.80" arrivalSpeed="10.00" duration="63.20" routeLength="394.90" waitingTime="1.30" waitingCount="13" stopTime="0.00" timeLoss="23.69" rerouteNo="0" devices="tripinfo_125" vType="typeCar@125" speedFactor="1.00" vaporized=""/>
    <tripinfo id="108" depart="117.70" departLane="wc_0" departPos="5.10" departSpeed="2.33" departDelay="38.70" arrival="252.00" arrivalLane="ce_0" arrivalPos="192.80" arrivalSpeed="10.00" duration="134.30" routeLength="394.90" waitingTime="6.20" waitingCount="62" stopTime="0.00" timeLoss="94.74" rerouteNo="0" devices="tripinfo_108" vType="typeCar@108" speedFactor="1.00" vaporized=""/>
    <tripinfo id="110" depart="121.50" departLane="wc_0" departPos="5.10" departSpeed="5.35" departDelay="41.50" arrival="253.00" arrivalLane="ce_0" arrivalPos="192.80" arrivalSpeed="10.00" duration="131.50" routeLength="394.90" waitingTime="6.90" waitingCount="69" stopTime="0.00" timeLoss="92.02" rerouteNo="0" devices="tripinfo_110" vType="typeCar@110" speedFactor="1.00" vaporized=""/>
    <tripinfo id="126" depart="191.40" departLane="nc_0" departPos="5.10" departSpeed="0.08" departDelay="99.40" arrival="254.60" arrivalLane="cs_0" arrivalPos="192.80" arrivalSpeed="10.00" duration="63.20" routeLength="394.90" waitingTime="1.30" waitingCount="8" stopTime="0.00" timeLoss="23.63" rerouteNo="0" devices="tripinfo_126" vType="typeCar@126" speedFactor="1.00" vaporized=""/>
    <tripinfo id="127" depart="194.40" departLane="nc_0" departPos="5.10" departSpeed="5.90" departDelay="101.40" arrival="255.60" arrivalLane="cs_0" arrivalPos="192.80" arrivalSpeed="10.00" duration="61.20" routeLength="394.90" waitingTime="0.90" waitingCount="9" stopTime="0.00" timeLoss="21.65" rerouteNo="0" devices="tripinfo_127" vType="typeCar@127" speedFactor="1.00" vaporized=""/>
    <tripinfo id="112" depart="122.70" departLane="wc_0" departPos="5.10" departSpeed="4.95" departDelay="41.70" arrival="257.10" arrivalLane="ce_0" arrivalPos="192.80" arrivalSpeed="10.00" duration="134.40" routeLength="394.90" waitingTime="6.70" waitingCount="67" stopTime="0.00" timeLoss="94.90" rerouteNo="0" devices="tripinfo_112" vType="typeCar@112" speedFactor="1.00" vaporized=""/>
    <tripinfo id="114" depart="130.40" departLane="wc_0" departPos="5.10" departSpeed="0.05" departDelay="47.40" arrival="258.20" arrivalLane="ce_0" arrivalPos="192.80" arrivalSpeed="10.00" duration="127.80" routeLength="394.90" waitingTime="7.40" waitingCount="62" stopTime="0.00" timeLoss="88.30" rerouteNo="0" devices="tripinfo_114" vType="typeCar@114" speedFactor="1.00" vaporized=""/>
    <tripinfo id="129" depart="195.50" departLane="nc_0" departPos="5.10" departSpeed="7.60" departDelay="101.50" arrival="259.80" arrivalLane="cs_0" arrivalPos="192.80" arrivalSpeed="10.00" duration="64.30" routeLength="394.90" waitingTime="1.00" waitingCount="10" stopTime="0.00" timeLoss="24.82" rerouteNo="0" devices="tripinfo_129" vType="typeCar@129" speedFactor="1.00" vaporized=""/>
    <tripinfo id="130" depart="196.40" departLane="nc_0" departPos="5.10" departSpeed="8.70" departDelay="101.40" arrival="260.90" arrivalLane="cs_0" arrivalPos="192.80" arrivalSpeed="10.00" duration="64.50" routeLength="394.90" waitingTime="1.00" waitingCount="10" stopTime="0.00" timeLoss="24.97" rerouteNo="0" devices="tripinfo_130" vType="typeCar@130" speedFactor="1.00" vaporized=""/>
    <tripinfo id="116" depart="137.10" departLane="wc_0" departPos="5.10" departSpeed="2.73" departDelay="53.10" arrival="262.50" arrivalLane="ce_0" arrivalPos="192.80" arrivalSpeed="10.00" duration="125.40" routeLength="394.90" waitingTime="5.80" waitingCount="58" stopTime="0.00" timeLoss="85.86" rerouteNo="0" devices="tripinfo_116" vType="typeCar@116" speedFactor="1.00" vaporized=""/>
    <tripinfo id="121" depart="143.80" departLane="wc_0" departPos="5.10" departSpeed="2.83" departDelay="55.80" arrival="263.60" arrivalLane="ce_0" arrivalPos="192.80" arrivalSpeed="10.00" duration="119.80" routeLength="394.90" waitingTime="5.70" waitingCount="57" stopTime="0.00" timeLoss="80.32" rerouteNo="0" devices="tripinfo_121" vType="typeCar@121" speedFactor="1.00" vaporized=""/>
    <tripinfo id="132" depart="197.20" departLane="nc_0" departPos="5.10" departSpeed="9.50" departDelay="100.20" arrival="265.20" arrivalLane="cs_0" arrivalPos="192.80" arrivalSpeed="10.00" duration="68.00" routeLength="394.90" waitingTime="1.10" waitingCount="11" stopTime="0.00" timeLoss="28.53" rerouteNo="0" devices="tripinfo_132" vType="typeCar@132" speedFactor="1.00" vaporized=""/>
    <tripinfo id="133" depart="197.90" departLane="nc_0" departPos="5.10" departSpeed="9.20" departDelay="99.90" arrival="266.40" arrivalLane="cs_0" arrivalPos="192.80" arrivalSpeed="10.00" duration="68.50" routeLength="394.90" waitingTime="1.20" waitingCount="12" stopTime="0.00" timeLoss="28.97" rerouteNo="0" devices="tripinfo_133" vType="typeCar@133" speedFactor="1.00" vaporized=""/>
    <tripinfo id="128" depart="147.70" departLane="wc_0" departPos="5.10" departSpeed="4.93" departDelay="53.70" arrival="267.90" arrivalLane="ce_0" arrivalPos="192.80" arrivalSpeed="10.00" duration="120.20" routeLength="394.90" waitingTime="6.00" waitingCount="60" stopTime="0.00" timeLoss="80.68" rerouteNo="0" devices="tripinfo_128" vType="typeCar@128" speedFactor="1.00" vaporized=""/>
    <tripinfo id="131" depart="151.20" departLane="wc_0" departPos="5.10" departSpeed="0.23" departDelay="55.20" arrival="269.00" arrivalLane="ce_0" arrivalPos="192.80" arrivalSpeed="10.00" duration="117.80" routeLength="394.90" waitingTime="7.60" waitingCount="63" stopTime="0.00" timeLoss="78.27" rerouteNo="0" devices="tripinfo_131" vType="typeCar@131" speedFactor="1.00" vaporized=""/>
    <tripinfo id="134" depart="198.70" departLane="nc_0" departPos="5.10" departSpeed="8.40" departDelay="99.70" arrival="270.50" arrivalLane="cs_0" arrivalPos="192.80" arrivalSpeed="10.00" duration="71.80" routeLength="394.90" waitingTime="1.10" waitingCount="11" stopTime="0.00" timeLoss="32.34" rerouteNo="0" devices="tripinfo_134" vType="typeCar@134" speedFactor="1.00" vaporized=""/>
</tripinfos>
