<?xml version="1.0" encoding="UTF-8"?>

<!-- generated on 2022-11-30 12:27:43 by Eclipse SUMO sumo Version 1.14.1
<configuration xmlns:xsi="http://www.w3.org/2001/XMLSchema-instance" xsi:noNamespaceSchemaLocation="http://sumo.dlr.de/xsd/sumoConfiguration.xsd">

    <input>
        <net-file value="net.net.xml"/>
        <route-files value="routes.rou.xml"/>
    </input>

    <output>
        <tripinfo-output value="raw_data/(9,5,0)tripinfo.xml"/>
    </output>

    <time>
        <begin value="0"/>
        <step-length value="0.1"/>
    </time>

    <processing>
        <extrapolate-departpos value="true"/>
        <route-steps value="0"/>
        <ignore-route-errors value="true"/>
        <collision.action value="warn"/>
        <collision.stoptime value="1"/>
        <collision.mingap-factor value="0.1"/>
    </processing>

    <report>
        <verbose value="false"/>
        <log value="log.txt"/>
        <duration-log.statistics value="true"/>
        <no-step-log value="true"/>
    </report>

    <traci_server>
        <remote-port value="63936"/>
    </traci_server>

    <gui_only>
        <quit-on-end value="true"/>
        <start value="true"/>
    </gui_only>

</configuration>
-->

<tripinfos xmlns:xsi="http://www.w3.org/2001/XMLSchema-instance" xsi:noNamespaceSchemaLocation="http://sumo.dlr.de/xsd/tripinfo_file.xsd">
    <tripinfo id="0" depart="0.00" departLane="nc_0" departPos="5.10" departSpeed="10.00" departDelay="0.00" arrival="39.50" arrivalLane="cs_0" arrivalPos="192.80" arrivalSpeed="10.00" duration="39.50" routeLength="394.90" waitingTime="0.00" waitingCount="0" stopTime="0.00" timeLoss="0.00" rerouteNo="0" devices="tripinfo_0" vType="typeCar@0" speedFactor="1.00" vaporized=""/>
    <tripinfo id="2" depart="1.00" departLane="nc_0" departPos="5.10" departSpeed="10.00" departDelay="0.00" arrival="40.50" arrivalLane="cs_0" arrivalPos="192.80" arrivalSpeed="10.00" duration="39.50" routeLength="394.90" waitingTime="0.00" waitingCount="0" stopTime="0.00" timeLoss="0.00" rerouteNo="0" devices="tripinfo_2" vType="typeCar@2" speedFactor="1.00" vaporized=""/>
    <tripinfo id="3" depart="2.00" departLane="nc_0" departPos="5.10" departSpeed="10.00" departDelay="0.00" arrival="41.50" arrivalLane="cs_0" arrivalPos="192.80" arrivalSpeed="10.00" duration="39.50" routeLength="394.90" waitingTime="0.00" waitingCount="0" stopTime="0.00" timeLoss="0.00" rerouteNo="0" devices="tripinfo_3" vType="typeCar@3" speedFactor="1.00" vaporized=""/>
    <tripinfo id="4" depart="3.00" departLane="nc_0" departPos="5.10" departSpeed="10.00" departDelay="0.00" arrival="42.50" arrivalLane="cs_0" arrivalPos="192.80" arrivalSpeed="10.00" duration="39.50" routeLength="394.90" waitingTime="0.00" waitingCount="0" stopTime="0.00" timeLoss="0.00" rerouteNo="0" devices="tripinfo_4" vType="typeCar@4" speedFactor="1.00" vaporized=""/>
    <tripinfo id="6" depart="4.00" departLane="nc_0" departPos="5.10" departSpeed="10.00" departDelay="0.00" arrival="43.50" arrivalLane="cs_0" arrivalPos="192.80" arrivalSpeed="10.00" duration="39.50" routeLength="394.90" waitingTime="0.00" waitingCount="0" stopTime="0.00" timeLoss="0.00" rerouteNo="0" devices="tripinfo_6" vType="typeCar@6" speedFactor="1.00" vaporized=""/>
    <tripinfo id="8" depart="5.00" departLane="nc_0" departPos="5.10" departSpeed="10.00" departDelay="0.00" arrival="44.50" arrivalLane="cs_0" arrivalPos="192.80" arrivalSpeed="10.00" duration="39.50" routeLength="394.90" waitingTime="0.00" waitingCount="0" stopTime="0.00" timeLoss="0.00" rerouteNo="0" devices="tripinfo_8" vType="typeCar@8" speedFactor="1.00" vaporized=""/>
    <tripinfo id="10" depart="6.00" departLane="nc_0" departPos="5.10" departSpeed="10.00" departDelay="0.00" arrival="45.50" arrivalLane="cs_0" arrivalPos="192.80" arrivalSpeed="10.00" duration="39.50" routeLength="394.90" waitingTime="0.00" waitingCount="0" stopTime="0.00" timeLoss="0.00" rerouteNo="0" devices="tripinfo_10" vType="typeCar@10" speedFactor="1.00" vaporized=""/>
    <tripinfo id="11" depart="7.00" departLane="nc_0" departPos="5.10" departSpeed="10.00" departDelay="0.00" arrival="46.50" arrivalLane="cs_0" arrivalPos="192.80" arrivalSpeed="10.00" duration="39.50" routeLength="394.90" waitingTime="0.00" waitingCount="0" stopTime="0.00" timeLoss="0.00" rerouteNo="0" devices="tripinfo_11" vType="typeCar@11" speedFactor="1.00" vaporized=""/>
    <tripinfo id="13" depart="8.00" departLane="nc_0" departPos="5.10" departSpeed="10.00" departDelay="0.00" arrival="47.50" arrivalLane="cs_0" arrivalPos="192.80" arrivalSpeed="10.00" duration="39.50" routeLength="394.90" waitingTime="0.00" waitingCount="0" stopTime="0.00" timeLoss="0.00" rerouteNo="0" devices="tripinfo_13" vType="typeCar@13" speedFactor="1.00" vaporized=""/>
    <tripinfo id="14" depart="9.00" departLane="nc_0" departPos="5.10" departSpeed="10.00" departDelay="0.00" arrival="48.50" arrivalLane="cs_0" arrivalPos="192.80" arrivalSpeed="10.00" duration="39.50" routeLength="394.90" waitingTime="0.00" waitingCount="0" stopTime="0.00" timeLoss="0.00" rerouteNo="0" devices="tripinfo_14" vType="typeCar@14" speedFactor="1.00" vaporized=""/>
    <tripinfo id="15" depart="10.00" departLane="nc_0" departPos="5.10" departSpeed="10.00" departDelay="0.00" arrival="49.50" arrivalLane="cs_0" arrivalPos="192.80" arrivalSpeed="10.00" duration="39.50" routeLength="394.90" waitingTime="0.00" waitingCount="0" stopTime="0.00" timeLoss="0.00" rerouteNo="0" devices="tripinfo_15" vType="typeCar@15" speedFactor="1.00" vaporized=""/>
    <tripinfo id="17" depart="11.00" departLane="nc_0" departPos="5.10" departSpeed="10.00" departDelay="0.00" arrival="50.50" arrivalLane="cs_0" arrivalPos="192.80" arrivalSpeed="10.00" duration="39.50" routeLength="394.90" waitingTime="0.00" waitingCount="0" stopTime="0.00" timeLoss="0.00" rerouteNo="0" devices="tripinfo_17" vType="typeCar@17" speedFactor="1.00" vaporized=""/>
    <tripinfo id="18" depart="12.00" departLane="nc_0" departPos="5.10" departSpeed="10.00" departDelay="0.00" arrival="51.50" arrivalLane="cs_0" arrivalPos="192.80" arrivalSpeed="10.00" duration="39.50" routeLength="394.90" waitingTime="0.00" waitingCount="0" stopTime="0.00" timeLoss="0.00" rerouteNo="0" devices="tripinfo_18" vType="typeCar@18" speedFactor="1.00" vaporized=""/>
    <tripinfo id="20" depart="13.00" departLane="nc_0" departPos="5.10" departSpeed="10.00" departDelay="0.00" arrival="52.50" arrivalLane="cs_0" arrivalPos="192.80" arrivalSpeed="10.00" duration="39.50" routeLength="394.90" waitingTime="0.00" waitingCount="0" stopTime="0.00" timeLoss="0.01" rerouteNo="0" devices="tripinfo_20" vType="typeCar@20" speedFactor="1.00" vaporized=""/>
    <tripinfo id="21" depart="14.00" departLane="nc_0" departPos="5.10" departSpeed="10.00" departDelay="0.00" arrival="53.50" arrivalLane="cs_0" arrivalPos="192.80" arrivalSpeed="10.00" duration="39.50" routeLength="394.90" waitingTime="0.00" waitingCount="0" stopTime="0.00" timeLoss="0.01" rerouteNo="0" devices="tripinfo_21" vType="typeCar@21" speedFactor="1.00" vaporized=""/>
    <tripinfo id="22" depart="15.00" departLane="nc_0" departPos="5.10" departSpeed="10.00" departDelay="0.00" arrival="54.50" arrivalLane="cs_0" arrivalPos="192.80" arrivalSpeed="10.00" duration="39.50" routeLength="394.90" waitingTime="0.00" waitingCount="0" stopTime="0.00" timeLoss="0.01" rerouteNo="0" devices="tripinfo_22" vType="typeCar@22" speedFactor="1.00" vaporized=""/>
    <tripinfo id="1" depart="1.00" departLane="wc_0" departPos="5.10" departSpeed="10.00" departDelay="0.00" arrival="58.20" arrivalLane="ce_0" arrivalPos="192.80" arrivalSpeed="10.00" duration="57.20" routeLength="394.90" waitingTime="0.00" waitingCount="0" stopTime="0.00" timeLoss="17.69" rerouteNo="0" devices="tripinfo_1" vType="typeCar@1" speedFactor="1.00" vaporized=""/>
    <tripinfo id="24" depart="17.00" departLane="nc_0" departPos="5.10" departSpeed="10.00" departDelay="0.00" arrival="66.40" arrivalLane="cs_0" arrivalPos="192.80" arrivalSpeed="10.00" duration="49.40" routeLength="394.90" waitingTime="6.70" waitingCount="3" stopTime="0.00" timeLoss="9.92" rerouteNo="0" devices="tripinfo_24" vType="typeCar@24" speedFactor="1.00" vaporized=""/>
    <tripinfo id="25" depart="18.00" departLane="nc_0" departPos="5.10" departSpeed="10.00" departDelay="0.00" arrival="67.30" arrivalLane="cs_0" arrivalPos="192.80" arrivalSpeed="10.00" duration="49.30" routeLength="394.90" waitingTime="0.00" waitingCount="0" stopTime="0.00" timeLoss="9.77" rerouteNo="0" devices="tripinfo_25" vType="typeCar@25" speedFactor="1.00" vaporized=""/>
    <tripinfo id="26" depart="19.00" departLane="nc_0" departPos="5.10" departSpeed="10.00" departDelay="0.00" arrival="69.20" arrivalLane="cs_0" arrivalPos="192.80" arrivalSpeed="10.00" duration="50.20" routeLength="394.90" waitingTime="0.00" waitingCount="0" stopTime="0.00" timeLoss="10.66" rerouteNo="0" devices="tripinfo_26" vType="typeCar@26" speedFactor="1.00" vaporized=""/>
    <tripinfo id="27" depart="20.00" departLane="nc_0" departPos="5.10" departSpeed="10.00" departDelay="0.00" arrival="70.10" arrivalLane="cs_0" arrivalPos="192.80" arrivalSpeed="10.00" duration="50.10" routeLength="394.90" waitingTime="0.00" waitingCount="0" stopTime="0.00" timeLoss="10.56" rerouteNo="0" devices="tripinfo_27" vType="typeCar@27" speedFactor="1.00" vaporized=""/>
    <tripinfo id="5" depart="4.00" departLane="wc_0" departPos="5.10" departSpeed="10.00" departDelay="0.00" arrival="71.80" arrivalLane="ce_0" arrivalPos="192.80" arrivalSpeed="10.00" duration="67.80" routeLength="394.90" waitingTime="0.00" waitingCount="0" stopTime="0.00" timeLoss="28.27" rerouteNo="0" devices="tripinfo_5" vType="typeCar@5" speedFactor="1.00" vaporized=""/>
    <tripinfo id="7" depart="5.00" departLane="wc_0" departPos="5.10" departSpeed="10.00" departDelay="0.00" arrival="72.70" arrivalLane="ce_0" arrivalPos="192.80" arrivalSpeed="10.00" duration="67.70" routeLength="394.90" waitingTime="0.90" waitingCount="9" stopTime="0.00" timeLoss="28.16" rerouteNo="0" devices="tripinfo_7" vType="typeCar@7" speedFactor="1.00" vaporized=""/>
    <tripinfo id="9" depart="6.00" departLane="wc_0" departPos="5.10" departSpeed="10.00" departDelay="0.00" arrival="74.20" arrivalLane="ce_0" arrivalPos="192.80" arrivalSpeed="10.00" duration="68.20" routeLength="394.90" waitingTime="0.90" waitingCount="9" stopTime="0.00" timeLoss="28.66" rerouteNo="0" devices="tripinfo_9" vType="typeCar@9" speedFactor="1.00" vaporized=""/>
    <tripinfo id="29" depart="21.00" departLane="nc_0" departPos="5.10" departSpeed="10.00" departDelay="0.00" arrival="75.70" arrivalLane="cs_0" arrivalPos="192.80" arrivalSpeed="10.00" duration="54.70" routeLength="394.90" waitingTime="0.00" waitingCount="0" stopTime="0.00" timeLoss="15.17" rerouteNo="0" devices="tripinfo_29" vType="typeCar@29" speedFactor="1.00" vaporized=""/>
    <tripinfo id="31" depart="22.00" departLane="nc_0" departPos="5.10" departSpeed="10.00" departDelay="0.00" arrival="77.50" arrivalLane="cs_0" arrivalPos="192.80" arrivalSpeed="10.00" duration="55.50" routeLength="394.90" waitingTime="0.00" waitingCount="0" stopTime="0.00" timeLoss="15.97" rerouteNo="0" devices="tripinfo_31" vType="typeCar@31" speedFactor="1.00" vaporized=""/>
    <tripinfo id="12" depart="8.00" departLane="wc_0" departPos="5.10" departSpeed="10.00" departDelay="0.00" arrival="84.00" arrivalLane="ce_0" arrivalPos="192.80" arrivalSpeed="10.00" duration="76.00" routeLength="394.90" waitingTime="1.80" waitingCount="18" stopTime="0.00" timeLoss="36.43" rerouteNo="0" devices="tripinfo_12" vType="typeCar@12" speedFactor="1.00" vaporized=""/>
    <tripinfo id="16" depart="11.00" departLane="wc_0" departPos="5.10" departSpeed="10.00" departDelay="0.00" arrival="84.80" arrivalLane="ce_0" arrivalPos="192.80" arrivalSpeed="10.00" duration="73.80" routeLength="394.90" waitingTime="1.90" waitingCount="19" stopTime="0.00" timeLoss="34.28" rerouteNo="0" devices="tripinfo_16" vType="typeCar@16" speedFactor="1.00" vaporized=""/>
    <tripinfo id="19" depart="13.00" departLane="wc_0" departPos="5.10" departSpeed="10.00" departDelay="0.00" arrival="86.40" arrivalLane="ce_0" arrivalPos="192.80" arrivalSpeed="10.00" duration="73.40" routeLength="394.90" waitingTime="1.10" waitingCount="11" stopTime="0.00" timeLoss="33.85" rerouteNo="0" devices="tripinfo_19" vType="typeCar@19" speedFactor="1.00" vaporized=""/>
    <tripinfo id="33" depart="23.00" departLane="nc_0" departPos="5.10" departSpeed="10.00" departDelay="0.00" arrival="87.90" arrivalLane="cs_0" arrivalPos="192.80" arrivalSpeed="10.00" duration="64.90" routeLength="394.90" waitingTime="0.00" waitingCount="0" stopTime="0.00" timeLoss="25.41" rerouteNo="0" devices="tripinfo_33" vType="typeCar@33" speedFactor="1.00" vaporized=""/>
    <tripinfo id="34" depart="24.00" departLane="nc_0" departPos="5.10" departSpeed="10.00" departDelay="0.00" arrival="89.00" arrivalLane="cs_0" arrivalPos="192.80" arrivalSpeed="10.00" duration="65.00" routeLength="394.90" waitingTime="0.00" waitingCount="0" stopTime="0.00" timeLoss="25.46" rerouteNo="0" devices="tripinfo_34" vType="typeCar@34" speedFactor="1.00" vaporized=""/>
    <tripinfo id="23" depart="17.00" departLane="wc_0" departPos="5.10" departSpeed="10.00" departDelay="0.00" arrival="90.50" arrivalLane="ce_0" arrivalPos="192.80" arrivalSpeed="10.00" duration="73.50" routeLength="394.90" waitingTime="0.90" waitingCount="9" stopTime="0.00" timeLoss="34.00" rerouteNo="0" devices="tripinfo_23" vType="typeCar@23" speedFactor="1.00" vaporized=""/>
    <tripinfo id="28" depart="21.00" departLane="wc_0" departPos="5.10" departSpeed="10.00" departDelay="0.00" arrival="91.90" arrivalLane="ce_0" arrivalPos="192.80" arrivalSpeed="10.00" duration="70.90" routeLength="394.90" waitingTime="1.00" waitingCount="10" stopTime="0.00" timeLoss="31.37" rerouteNo="0" devices="tripinfo_28" vType="typeCar@28" speedFactor="1.00" vaporized=""/>
    <tripinfo id="36" depart="25.00" departLane="nc_0" departPos="5.10" departSpeed="10.00" departDelay="0.00" arrival="99.10" arrivalLane="cs_0" arrivalPos="192.80" arrivalSpeed="10.00" duration="74.10" routeLength="394.90" waitingTime="0.20" waitingCount="2" stopTime="0.00" timeLoss="34.52" rerouteNo="0" devices="tripinfo_36" vType="typeCar@36" speedFactor="1.00" vaporized=""/>
    <tripinfo id="30" depart="22.00" departLane="wc_0" departPos="5.10" departSpeed="10.00" departDelay="0.00" arrival="101.10" arrivalLane="ce_0" arrivalPos="192.80" arrivalSpeed="10.00" duration="79.10" routeLength="394.90" waitingTime="1.10" waitingCount="11" stopTime="0.00" timeLoss="39.53" rerouteNo="0" devices="tripinfo_30" vType="typeCar@30" speedFactor="1.00" vaporized=""/>
    <tripinfo id="38" depart="27.00" departLane="nc_0" departPos="5.10" departSpeed="10.00" departDelay="0.00" arrival="102.80" arrivalLane="cs_0" arrivalPos="192.80" arrivalSpeed="10.00" duration="75.80" routeLength="394.90" waitingTime="0.70" waitingCount="7" stopTime="0.00" timeLoss="36.26" rerouteNo="0" devices="tripinfo_38" vType="typeCar@38" speedFactor="1.00" vaporized=""/>
    <tripinfo id="40" depart="28.00" departLane="nc_0" departPos="5.10" departSpeed="10.00" departDelay="0.00" arrival="103.70" arrivalLane="cs_0" arrivalPos="192.80" arrivalSpeed="10.00" duration="75.70" routeLength="394.90" waitingTime="1.20" waitingCount="12" stopTime="0.00" timeLoss="36.13" rerouteNo="0" devices="tripinfo_40" vType="typeCar@40" speedFactor="1.00" vaporized=""/>
    <tripinfo id="32" depart="23.00" departLane="wc_0" departPos="5.10" departSpeed="10.00" departDelay="0.00" arrival="105.20" arrivalLane="ce_0" arrivalPos="192.80" arrivalSpeed="10.00" duration="82.20" routeLength="394.90" waitingTime="1.40" waitingCount="14" stopTime="0.00" timeLoss="42.68" rerouteNo="0" devices="tripinfo_32" vType="typeCar@32" speedFactor="1.00" vaporized=""/>
    <tripinfo id="42" depart="29.00" departLane="nc_0" departPos="5.10" departSpeed="10.00" departDelay="0.00" arrival="107.80" arrivalLane="cs_0" arrivalPos="192.80" arrivalSpeed="10.00" duration="78.80" routeLength="394.90" waitingTime="1.40" waitingCount="14" stopTime="0.00" timeLoss="39.26" rerouteNo="0" devices="tripinfo_42" vType="typeCar@42" speedFactor="1.00" vaporized=""/>
    <tripinfo id="43" depart="30.00" departLane="nc_0" departPos="5.10" departSpeed="10.00" departDelay="0.00" arrival="108.80" arrivalLane="cs_0" arrivalPos="192.80" arrivalSpeed="10.00" duration="78.80" routeLength="394.90" waitingTime="1.50" waitingCount="15" stopTime="0.00" timeLoss="39.29" rerouteNo="0" devices="tripinfo_43" vType="typeCar@43" speedFactor="1.00" vaporized=""/>
    <tripinfo id="35" depart="25.00" departLane="wc_0" departPos="5.10" departSpeed="10.00" departDelay="0.00" arrival="110.70" arrivalLane="ce_0" arrivalPos="192.80" arrivalSpeed="10.00" duration="85.70" routeLength="394.90" waitingTime="1.90" waitingCount="19" stopTime="0.00" timeLoss="46.15" rerouteNo="0" devices="tripinfo_35" vType="typeCar@35" speedFactor="1.00" vaporized=""/>
    <tripinfo id="37" depart="26.00" departLane="wc_0" departPos="5.10" departSpeed="10.00" departDelay="0.00" arrival="111.60" arrivalLane="ce_0" arrivalPos="192.80" arrivalSpeed="10.00" duration="85.60" routeLength="394.90" waitingTime="1.90" waitingCount="19" stopTime="0.00" timeLoss="46.10" rerouteNo="0" devices="tripinfo_37" vType="typeCar@37" speedFactor="1.00" vaporized=""/>
    <tripinfo id="39" depart="28.00" departLane="wc_0" departPos="5.10" departSpeed="10.00" departDelay="0.00" arrival="113.40" arrivalLane="ce_0" arrivalPos="192.80" arrivalSpeed="10.00" duration="85.40" routeLength="394.90" waitingTime="1.60" waitingCount="16" stopTime="0.00" timeLoss="45.88" rerouteNo="0" devices="tripinfo_39" vType="typeCar@39" speedFactor="1.00" vaporized=""/>
    <tripinfo id="41" depart="29.00" departLane="wc_0" departPos="5.10" departSpeed="10.00" departDelay="0.00" arrival="120.20" arrivalLane="ce_0" arrivalPos="192.80" arrivalSpeed="10.00" duration="91.20" routeLength="394.90" waitingTime="1.80" waitingCount="18" stopTime="0.00" timeLoss="51.66" rerouteNo="0" devices="tripinfo_41" vType="typeCar@41" speedFactor="1.00" vaporized=""/>
    <tripinfo id="44" depart="31.00" departLane="nc_0" departPos="5.10" departSpeed="10.00" departDelay="0.00" arrival="122.10" arrivalLane="cs_0" arrivalPos="192.80" arrivalSpeed="10.00" duration="91.10" routeLength="394.90" waitingTime="1.60" waitingCount="16" stopTime="0.00" timeLoss="51.54" rerouteNo="0" devices="tripinfo_44" vType="typeCar@44" speedFactor="1.00" vaporized=""/>
    <tripinfo id="45" depart="32.00" departLane="nc_0" departPos="5.10" departSpeed="10.00" departDelay="0.00" arrival="123.00" arrivalLane="cs_0" arrivalPos="192.80" arrivalSpeed="10.00" duration="91.00" routeLength="394.90" waitingTime="1.70" waitingCount="17" stopTime="0.00" timeLoss="51.46" rerouteNo="0" devices="tripinfo_45" vType="typeCar@45" speedFactor="1.00" vaporized=""/>
    <tripinfo id="46" depart="33.00" departLane="wc_0" departPos="5.10" departSpeed="10.00" departDelay="0.00" arrival="124.50" arrivalLane="ce_0" arrivalPos="192.80" arrivalSpeed="10.00" duration="91.50" routeLength="394.90" waitingTime="1.90" waitingCount="19" stopTime="0.00" timeLoss="51.99" rerouteNo="0" devices="tripinfo_46" vType="typeCar@46" speedFactor="1.00" vaporized=""/>
    <tripinfo id="47" depart="33.00" departLane="nc_0" departPos="5.10" departSpeed="10.00" departDelay="0.00" arrival="127.10" arrivalLane="cs_0" arrivalPos="192.80" arrivalSpeed="10.00" duration="94.10" routeLength="394.90" waitingTime="2.00" waitingCount="20" stopTime="0.00" timeLoss="54.53" rerouteNo="0" devices="tripinfo_47" vType="typeCar@47" speedFactor="1.00" vaporized=""/>
    <tripinfo id="49" depart="34.00" departLane="nc_0" departPos="5.10" departSpeed="10.00" departDelay="0.00" arrival="128.10" arrivalLane="cs_0" arrivalPos="192.80" arrivalSpeed="10.00" duration="94.10" routeLength="394.90" waitingTime="2.00" waitingCount="20" stopTime="0.00" timeLoss="54.56" rerouteNo="0" devices="tripinfo_49" vType="typeCar@49" speedFactor="1.00" vaporized=""/>
    <tripinfo id="48" depart="34.00" departLane="wc_0" departPos="5.10" departSpeed="10.00" departDelay="0.00" arrival="129.80" arrivalLane="ce_0" arrivalPos="192.80" arrivalSpeed="10.00" duration="95.80" routeLength="394.90" waitingTime="2.80" waitingCount="28" stopTime="0.00" timeLoss="56.25" rerouteNo="0" devices="tripinfo_48" vType="typeCar@48" speedFactor="1.00" vaporized=""/>
    <tripinfo id="50" depart="35.00" departLane="wc_0" departPos="5.10" departSpeed="10.00" departDelay="0.00" arrival="130.80" arrivalLane="ce_0" arrivalPos="192.80" arrivalSpeed="10.00" duration="95.80" routeLength="394.90" waitingTime="2.80" waitingCount="28" stopTime="0.00" timeLoss="56.27" rerouteNo="0" devices="tripinfo_50" vType="typeCar@50" speedFactor="1.00" vaporized=""/>
    <tripinfo id="54" depart="39.00" departLane="wc_0" departPos="5.10" departSpeed="10.00" departDelay="0.00" arrival="132.70" arrivalLane="ce_0" arrivalPos="192.80" arrivalSpeed="10.00" duration="93.70" routeLength="394.90" waitingTime="2.50" waitingCount="25" stopTime="0.00" timeLoss="54.21" rerouteNo="0" devices="tripinfo_54" vType="typeCar@54" speedFactor="1.00" vaporized=""/>
    <tripinfo id="58" depart="42.00" departLane="wc_0" departPos="5.10" departSpeed="10.00" departDelay="0.00" arrival="140.00" arrivalLane="ce_0" arrivalPos="192.80" arrivalSpeed="10.00" duration="98.00" routeLength="394.90" waitingTime="2.50" waitingCount="25" stopTime="0.00" timeLoss="58.45" rerouteNo="0" devices="tripinfo_58" vType="typeCar@58" speedFactor="1.00" vaporized=""/>
    <tripinfo id="51" depart="36.00" departLane="nc_0" departPos="5.10" departSpeed="10.00" departDelay="0.00" arrival="142.50" arrivalLane="cs_0" arrivalPos="192.80" arrivalSpeed="10.00" duration="106.50" routeLength="394.90" waitingTime="2.20" waitingCount="22" stopTime="0.00" timeLoss="66.95" rerouteNo="0" devices="tripinfo_51" vType="typeCar@51" speedFactor="1.00" vaporized=""/>
    <tripinfo id="52" depart="37.00" departLane="nc_0" departPos="5.10" departSpeed="10.00" departDelay="0.00" arrival="143.40" arrivalLane="cs_0" arrivalPos="192.80" arrivalSpeed="10.00" duration="106.40" routeLength="394.90" waitingTime="2.70" waitingCount="27" stopTime="0.00" timeLoss="66.87" rerouteNo="0" devices="tripinfo_52" vType="typeCar@52" speedFactor="1.00" vaporized=""/>
    <tripinfo id="61" depart="44.00" departLane="wc_0" departPos="5.10" departSpeed="10.00" departDelay="0.00" arrival="144.90" arrivalLane="ce_0" arrivalPos="192.80" arrivalSpeed="10.00" duration="100.90" routeLength="394.90" waitingTime="2.80" waitingCount="28" stopTime="0.00" timeLoss="61.33" rerouteNo="0" devices="tripinfo_61" vType="typeCar@61" speedFactor="1.00" vaporized=""/>
    <tripinfo id="63" depart="45.00" departLane="wc_0" departPos="5.10" departSpeed="10.00" departDelay="0.00" arrival="145.90" arrivalLane="ce_0" arrivalPos="192.80" arrivalSpeed="10.00" duration="100.90" routeLength="394.90" waitingTime="2.80" waitingCount="28" stopTime="0.00" timeLoss="61.34" rerouteNo="0" devices="tripinfo_63" vType="typeCar@63" speedFactor="1.00" vaporized=""/>
    <tripinfo id="53" depart="38.00" departLane="nc_0" departPos="5.10" departSpeed="10.00" departDelay="0.00" arrival="147.40" arrivalLane="cs_0" arrivalPos="192.80" arrivalSpeed="10.00" duration="109.40" routeLength="394.90" waitingTime="3.50" waitingCount="35" stopTime="0.00" timeLoss="69.88" rerouteNo="0" devices="tripinfo_53" vType="typeCar@53" speedFactor="1.00" vaporized=""/>
    <tripinfo id="55" depart="39.00" departLane="nc_0" departPos="5.10" departSpeed="10.00" departDelay="0.00" arrival="148.40" arrivalLane="cs_0" arrivalPos="192.80" arrivalSpeed="10.00" duration="109.40" routeLength="394.90" waitingTime="4.00" waitingCount="40" stopTime="0.00" timeLoss="69.91" rerouteNo="0" devices="tripinfo_55" vType="typeCar@55" speedFactor="1.00" vaporized=""/>
    <tripinfo id="66" depart="47.00" departLane="wc_0" departPos="5.10" departSpeed="7.00" departDelay="0.00" arrival="150.00" arrivalLane="ce_0" arrivalPos="192.80" arrivalSpeed="10.00" duration="103.00" routeLength="394.90" waitingTime="3.70" waitingCount="37" stopTime="0.00" timeLoss="63.42" rerouteNo="0" devices="tripinfo_66" vType="typeCar@66" speedFactor="1.00" vaporized=""/>
    <tripinfo id="70" depart="50.00" departLane="wc_0" departPos="5.10" departSpeed="0.00" departDelay="0.00" arrival="151.10" arrivalLane="ce_0" arrivalPos="192.80" arrivalSpeed="10.00" duration="101.10" routeLength="394.90" waitingTime="3.40" waitingCount="34" stopTime="0.00" timeLoss="61.57" rerouteNo="0" devices="tripinfo_70" vType="typeCar@70" speedFactor="1.00" vaporized=""/>
    <tripinfo id="56" depart="40.00" departLane="nc_0" departPos="5.10" departSpeed="10.00" departDelay="0.00" arrival="152.60" arrivalLane="cs_0" arrivalPos="192.80" arrivalSpeed="10.00" duration="112.60" routeLength="394.90" waitingTime="4.60" waitingCount="46" stopTime="0.00" timeLoss="73.08" rerouteNo="0" devices="tripinfo_56" vType="typeCar@56" speedFactor="1.00" vaporized=""/>
    <tripinfo id="57" depart="41.00" departLane="nc_0" departPos="5.10" departSpeed="8.50" departDelay="0.00" arrival="153.90" arrivalLane="cs_0" arrivalPos="192.80" arrivalSpeed="10.00" duration="112.90" routeLength="394.90" waitingTime="5.00" waitingCount="50" stopTime="0.00" timeLoss="73.33" rerouteNo="0" devices="tripinfo_57" vType="typeCar@57" speedFactor="1.00" vaporized=""/>
    <tripinfo id="73" depart="52.00" departLane="wc_0" departPos="5.10" departSpeed="6.00" departDelay="0.00" arrival="159.30" arrivalLane="ce_0" arrivalPos="192.80" arrivalSpeed="10.00" duration="107.30" routeLength="394.90" waitingTime="3.70" waitingCount="37" stopTime="0.00" timeLoss="67.76" rerouteNo="0" devices="tripinfo_73" vType="typeCar@73" speedFactor="1.00" vaporized=""/>
    <tripinfo id="75" depart="55.40" departLane="wc_0" departPos="5.10" departSpeed="3.40" departDelay="2.40" arrival="160.20" arrivalLane="ce_0" arrivalPos="192.80" arrivalSpeed="10.00" duration="104.80" routeLength="394.90" waitingTime="3.90" waitingCount="39" stopTime="0.00" timeLoss="65.28" rerouteNo="0" devices="tripinfo_75" vType="typeCar@75" speedFactor="1.00" vaporized=""/>
    <tripinfo id="59" depart="42.00" departLane="nc_0" departPos="5.10" departSpeed="5.90" departDelay="0.00" arrival="162.70" arrivalLane="cs_0" arrivalPos="192.80" arrivalSpeed="10.00" duration="120.70" routeLength="394.90" waitingTime="5.50" waitingCount="55" stopTime="0.00" timeLoss="81.20" rerouteNo="0" devices="tripinfo_59" vType="typeCar@59" speedFactor="1.00" vaporized=""/>
    <tripinfo id="60" depart="47.50" departLane="nc_0" departPos="5.10" departSpeed="2.40" departDelay="4.50" arrival="163.80" arrivalLane="cs_0" arrivalPos="192.80" arrivalSpeed="10.00" duration="116.30" routeLength="394.90" waitingTime="5.60" waitingCount="56" stopTime="0.00" timeLoss="76.75" rerouteNo="0" devices="tripinfo_60" vType="typeCar@60" speedFactor="1.00" vaporized=""/>
    <tripinfo id="77" depart="60.20" departLane="wc_0" departPos="5.10" departSpeed="5.00" departDelay="6.20" arrival="165.60" arrivalLane="ce_0" arrivalPos="192.80" arrivalSpeed="10.00" duration="105.40" routeLength="394.90" waitingTime="4.00" waitingCount="40" stopTime="0.00" timeLoss="65.91" rerouteNo="0" devices="tripinfo_77" vType="typeCar@77" speedFactor="1.00" vaporized=""/>
    <tripinfo id="81" depart="61.50" departLane="wc_0" departPos="5.10" departSpeed="6.50" departDelay="3.50" arrival="166.60" arrivalLane="ce_0" arrivalPos="192.80" arrivalSpeed="10.00" duration="105.10" routeLength="394.90" waitingTime="4.20" waitingCount="42" stopTime="0.00" timeLoss="65.57" rerouteNo="0" devices="tripinfo_81" vType="typeCar@81" speedFactor="1.00" vaporized=""/>
    <tripinfo id="86" depart="62.60" departLane="wc_0" departPos="5.10" departSpeed="2.60" departDelay="0.60" arrival="168.80" arrivalLane="ce_0" arrivalPos="192.80" arrivalSpeed="10.00" duration="106.20" routeLength="394.90" waitingTime="4.50" waitingCount="44" stopTime="0.00" timeLoss="66.66" rerouteNo="0" devices="tripinfo_86" vType="typeCar@86" speedFactor="1.00" vaporized=""/>
    <tripinfo id="62" depart="51.80" departLane="nc_0" departPos="5.10" departSpeed="4.90" departDelay="7.80" arrival="170.40" arrivalLane="cs_0" arrivalPos="192.80" arrivalSpeed="10.00" duration="118.60" routeLength="394.90" waitingTime="5.60" waitingCount="56" stopTime="0.00" timeLoss="79.12" rerouteNo="0" devices="tripinfo_62" vType="typeCar@62" speedFactor="1.00" vaporized=""/>
    <tripinfo id="64" depart="57.20" departLane="nc_0" departPos="5.10" departSpeed="3.50" departDelay="12.20" arrival="171.40" arrivalLane="cs_0" arrivalPos="192.80" arrivalSpeed="10.00" duration="114.20" routeLength="394.90" waitingTime="4.80" waitingCount="48" stopTime="0.00" timeLoss="74.73" rerouteNo="0" devices="tripinfo_64" vType="typeCar@64" speedFactor="1.00" vaporized=""/>
    <tripinfo id="88" depart="71.70" departLane="wc_0" departPos="5.10" departSpeed="3.65" departDelay="8.70" arrival="173.00" arrivalLane="ce_0" arrivalPos="192.80" arrivalSpeed="10.00" duration="101.30" routeLength="394.90" waitingTime="3.60" waitingCount="36" stopTime="0.00" timeLoss="61.80" rerouteNo="0" devices="tripinfo_88" vType="typeCar@88" speedFactor="1.00" vaporized=""/>
    <tripinfo id="90" depart="73.50" departLane="wc_0" departPos="5.10" departSpeed="5.85" departDelay="8.50" arrival="174.10" arrivalLane="ce_0" arrivalPos="192.80" arrivalSpeed="10.00" duration="100.60" routeLength="394.90" waitingTime="4.10" waitingCount="41" stopTime="0.00" timeLoss="61.14" rerouteNo="0" devices="tripinfo_90" vType="typeCar@90" speedFactor="1.00" vaporized=""/>
    <tripinfo id="92" depart="74.50" departLane="wc_0" departPos="5.10" departSpeed="6.45" departDelay="7.50" arrival="177.80" arrivalLane="ce_0" arrivalPos="192.80" arrivalSpeed="10.00" duration="103.30" routeLength="394.90" waitingTime="4.60" waitingCount="46" stopTime="0.00" timeLoss="63.82" rerouteNo="0" devices="tripinfo_92" vType="typeCar@92" speedFactor="1.00" vaporized=""/>
    <tripinfo id="65" depart="59.00" departLane="nc_0" departPos="5.10" departSpeed="5.70" departDelay="13.00" arrival="178.10" arrivalLane="cs_0" arrivalPos="192.80" arrivalSpeed="10.00" duration="119.10" routeLength="394.90" waitingTime="5.10" waitingCount="51" stopTime="0.00" timeLoss="79.54" rerouteNo="0" devices="tripinfo_65" vType="typeCar@65" speedFactor="1.00" vaporized=""/>
    <tripinfo id="67" depart="61.70" departLane="nc_0" departPos="5.10" departSpeed="0.20" departDelay="14.70" arrival="179.70" arrivalLane="cs_0" arrivalPos="192.80" arrivalSpeed="10.00" duration="118.00" routeLength="394.90" waitingTime="7.20" waitingCount="61" stopTime="0.00" timeLoss="78.50" rerouteNo="0" devices="tripinfo_67" vType="typeCar@67" speedFactor="1.00" vaporized=""/>
    <tripinfo id="68" depart="70.50" departLane="nc_0" departPos="5.10" departSpeed="4.62" departDelay="22.50" arrival="181.10" arrivalLane="cs_0" arrivalPos="192.80" arrivalSpeed="10.00" duration="110.60" routeLength="394.90" waitingTime="5.20" waitingCount="52" stopTime="0.00" timeLoss="71.10" rerouteNo="0" devices="tripinfo_68" vType="typeCar@68" speedFactor="1.00" vaporized=""/>
    <tripinfo id="69" depart="74.90" departLane="nc_0" departPos="5.10" departSpeed="4.22" departDelay="25.90" arrival="183.10" arrivalLane="cs_0" arrivalPos="192.80" arrivalSpeed="10.00" duration="108.20" routeLength="394.90" waitingTime="4.70" waitingCount="47" stopTime="0.00" timeLoss="68.67" rerouteNo="0" devices="tripinfo_69" vType="typeCar@69" speedFactor="1.00" vaporized=""/>
    <tripinfo id="94" depart="78.50" departLane="wc_0" departPos="5.10" departSpeed="0.05" departDelay="10.50" arrival="184.60" arrivalLane="ce_0" arrivalPos="192.80" arrivalSpeed="10.00" duration="106.10" routeLength="394.90" waitingTime="5.80" waitingCount="46" stopTime="0.00" timeLoss="66.56" rerouteNo="0" devices="tripinfo_94" vType="typeCar@94" speedFactor="1.00" vaporized=""/>
    <tripinfo id="97" depart="88.70" departLane="wc_0" departPos="5.10" departSpeed="3.88" departDelay="18.70" arrival="185.70" arrivalLane="ce_0" arrivalPos="192.80" arrivalSpeed="10.00" duration="97.00" routeLength="394.90" waitingTime="3.70" waitingCount="37" stopTime="0.00" timeLoss="57.51" rerouteNo="0" devices="tripinfo_97" vType="typeCar@97" speedFactor="1.00" vaporized=""/>
    <tripinfo id="71" depart="76.40" departLane="nc_0" departPos="5.10" departSpeed="6.32" departDelay="26.40" arrival="193.10" arrivalLane="cs_0" arrivalPos="192.80" arrivalSpeed="10.00" duration="116.70" routeLength="394.90" waitingTime="4.90" waitingCount="49" stopTime="0.00" timeLoss="77.18" rerouteNo="0" devices="tripinfo_71" vType="typeCar@71" speedFactor="1.00" vaporized=""/>
    <tripinfo id="72" depart="77.40" departLane="nc_0" departPos="5.10" departSpeed="5.32" departDelay="26.40" arrival="194.60" arrivalLane="cs_0" arrivalPos="192.80" arrivalSpeed="10.00" duration="117.20" routeLength="394.90" waitingTime="5.30" waitingCount="53" stopTime="0.00" timeLoss="77.73" rerouteNo="0" devices="tripinfo_72" vType="typeCar@72" speedFactor="1.00" vaporized=""/>
    <tripinfo id="74" depart="84.20" departLane="nc_0" departPos="5.10" departSpeed="0.12" departDelay="32.20" arrival="195.50" arrivalLane="cs_0" arrivalPos="192.80" arrivalSpeed="10.00" duration="111.30" routeLength="394.90" waitingTime="6.20" waitingCount="51" stopTime="0.00" timeLoss="71.80" rerouteNo="0" devices="tripinfo_74" vType="typeCar@74" speedFactor="1.00" vaporized=""/>
    <tripinfo id="76" depart="91.10" departLane="nc_0" departPos="5.10" departSpeed="5.25" departDelay="38.10" arrival="196.60" arrivalLane="cs_0" arrivalPos="192.80" arrivalSpeed="10.00" duration="105.50" routeLength="394.90" waitingTime="4.60" waitingCount="46" stopTime="0.00" timeLoss="65.96" rerouteNo="0" devices="tripinfo_76" vType="typeCar@76" speedFactor="1.00" vaporized=""/>
    <tripinfo id="78" depart="92.30" departLane="nc_0" departPos="5.10" departSpeed="4.85" departDelay="37.30" arrival="197.70" arrivalLane="cs_0" arrivalPos="192.80" arrivalSpeed="10.00" duration="105.40" routeLength="394.90" waitingTime="5.10" waitingCount="51" stopTime="0.00" timeLoss="65.86" rerouteNo="0" devices="tripinfo_78" vType="typeCar@78" speedFactor="1.00" vaporized=""/>
    <tripinfo id="79" depart="99.30" departLane="nc_0" departPos="5.10" departSpeed="2.65" departDelay="43.30" arrival="198.70" arrivalLane="cs_0" arrivalPos="192.80" arrivalSpeed="10.00" duration="99.40" routeLength="394.90" waitingTime="4.60" waitingCount="46" stopTime="0.00" timeLoss="59.89" rerouteNo="0" devices="tripinfo_79" vType="typeCar@79" speedFactor="1.00" vaporized=""/>
    <tripinfo id="80" depart="103.50" departLane="nc_0" departPos="5.10" departSpeed="0.05" departDelay="46.50" arrival="199.80" arrivalLane="cs_0" arrivalPos="192.80" arrivalSpeed="10.00" duration="96.30" routeLength="394.90" waitingTime="5.50" waitingCount="42" stopTime="0.00" timeLoss="56.74" rerouteNo="0" devices="tripinfo_80" vType="typeCar@80" speedFactor="1.00" vaporized=""/>
    <tripinfo id="99" depart="90.60" departLane="wc_0" departPos="5.10" departSpeed="0.78" departDelay="19.60" arrival="201.30" arrivalLane="ce_0" arrivalPos="192.80" arrivalSpeed="10.00" duration="110.70" routeLength="394.90" waitingTime="4.60" waitingCount="40" stopTime="0.00" timeLoss="71.19" rerouteNo="0" devices="tripinfo_99" vType="typeCar@99" speedFactor="1.00" vaporized=""/>
    <tripinfo id="82" depart="110.50" departLane="nc_0" departPos="5.10" departSpeed="5.21" departDelay="52.50" arrival="203.80" arrivalLane="cs_0" arrivalPos="192.80" arrivalSpeed="10.00" duration="93.30" routeLength="394.90" waitingTime="3.70" waitingCount="37" stopTime="0.00" timeLoss="53.79" rerouteNo="0" devices="tripinfo_82" vType="typeCar@82" speedFactor="1.00" vaporized=""/>
    <tripinfo id="83" depart="111.80" departLane="nc_0" departPos="5.10" departSpeed="4.31" departDelay="52.80" arrival="205.80" arrivalLane="cs_0" arrivalPos="192.80" arrivalSpeed="10.00" duration="94.00" routeLength="394.90" waitingTime="4.00" waitingCount="40" stopTime="0.00" timeLoss="54.51" rerouteNo="0" devices="tripinfo_83" vType="typeCar@83" speedFactor="1.00" vaporized=""/>
    <tripinfo id="84" depart="119.10" departLane="nc_0" departPos="5.10" departSpeed="3.01" departDelay="59.10" arrival="206.80" arrivalLane="cs_0" arrivalPos="192.80" arrivalSpeed="10.00" duration="87.70" routeLength="394.90" waitingTime="3.50" waitingCount="35" stopTime="0.00" timeLoss="48.20" rerouteNo="0" devices="tripinfo_84" vType="typeCar@84" speedFactor="1.00" vaporized=""/>
    <tripinfo id="85" depart="121.10" departLane="nc_0" departPos="5.10" departSpeed="2.61" departDelay="60.10" arrival="207.90" arrivalLane="cs_0" arrivalPos="192.80" arrivalSpeed="10.00" duration="86.80" routeLength="394.90" waitingTime="3.80" waitingCount="38" stopTime="0.00" timeLoss="47.27" rerouteNo="0" devices="tripinfo_85" vType="typeCar@85" speedFactor="1.00" vaporized=""/>
    <tripinfo id="87" depart="130.80" departLane="nc_0" departPos="5.10" departSpeed="3.34" departDelay="68.80" arrival="208.90" arrivalLane="cs_0" arrivalPos="192.80" arrivalSpeed="10.00" duration="78.10" routeLength="394.90" waitingTime="2.70" waitingCount="27" stopTime="0.00" timeLoss="38.61" rerouteNo="0" devices="tripinfo_87" vType="typeCar@87" speedFactor="1.00" vaporized=""/>
    <tripinfo id="89" depart="132.80" departLane="nc_0" departPos="5.10" departSpeed="1.34" departDelay="68.80" arrival="209.90" arrivalLane="cs_0" arrivalPos="192.80" arrivalSpeed="10.00" duration="77.10" routeLength="394.90" waitingTime="3.50" waitingCount="30" stopTime="0.00" timeLoss="37.62" rerouteNo="0" devices="tripinfo_89" vType="typeCar@89" speedFactor="1.00" vaporized=""/>
    <tripinfo id="91" depart="138.30" departLane="nc_0" departPos="5.10" departSpeed="5.47" departDelay="73.30" arrival="211.00" arrivalLane="cs_0" arrivalPos="192.80" arrivalSpeed="10.00" duration="72.70" routeLength="394.90" waitingTime="2.40" waitingCount="24" stopTime="0.00" timeLoss="33.17" rerouteNo="0" devices="tripinfo_91" vType="typeCar@91" speedFactor="1.00" vaporized=""/>
    <tripinfo id="101" depart="96.40" departLane="wc_0" departPos="5.10" departSpeed="5.54" departDelay="24.40" arrival="213.10" arrivalLane="ce_0" arrivalPos="192.80" arrivalSpeed="10.00" duration="116.70" routeLength="394.90" waitingTime="3.40" waitingCount="34" stopTime="0.00" timeLoss="77.18" rerouteNo="0" devices="tripinfo_101" vType="typeCar@101" speedFactor="1.00" vaporized=""/>
    <tripinfo id="93" depart="139.40" departLane="nc_0" departPos="5.10" departSpeed="4.77" departDelay="72.40" arrival="215.10" arrivalLane="cs_0" arrivalPos="192.80" arrivalSpeed="10.00" duration="75.70" routeLength="394.90" waitingTime="2.50" waitingCount="25" stopTime="0.00" timeLoss="36.18" rerouteNo="0" devices="tripinfo_93" vType="typeCar@93" speedFactor="1.00" vaporized=""/>
    <tripinfo id="95" depart="145.90" departLane="nc_0" departPos="5.10" departSpeed="2.67" departDelay="77.90" arrival="216.30" arrivalLane="cs_0" arrivalPos="192.80" arrivalSpeed="10.00" duration="70.40" routeLength="394.90" waitingTime="2.10" waitingCount="21" stopTime="0.00" timeLoss="30.86" rerouteNo="0" devices="tripinfo_95" vType="typeCar@95" speedFactor="1.00" vaporized=""/>
    <tripinfo id="96" depart="151.80" departLane="nc_0" departPos="5.10" departSpeed="1.97" departDelay="82.80" arrival="218.30" arrivalLane="cs_0" arrivalPos="192.80" arrivalSpeed="10.00" duration="66.50" routeLength="394.90" waitingTime="1.60" waitingCount="16" stopTime="0.00" timeLoss="27.02" rerouteNo="0" devices="tripinfo_96" vType="typeCar@96" speedFactor="1.00" vaporized=""/>
    <tripinfo id="98" depart="154.20" departLane="nc_0" departPos="5.10" departSpeed="5.97" departDelay="84.20" arrival="219.30" arrivalLane="cs_0" arrivalPos="192.80" arrivalSpeed="10.00" duration="65.10" routeLength="394.90" waitingTime="1.50" waitingCount="15" stopTime="0.00" timeLoss="25.60" rerouteNo="0" devices="tripinfo_98" vType="typeCar@98" speedFactor="1.00" vaporized=""/>
    <tripinfo id="100" depart="155.20" departLane="nc_0" departPos="5.10" departSpeed="6.57" departDelay="84.20" arrival="220.30" arrivalLane="cs_0" arrivalPos="192.80" arrivalSpeed="10.00" duration="65.10" routeLength="394.90" waitingTime="1.70" waitingCount="17" stopTime="0.00" timeLoss="25.61" rerouteNo="0" devices="tripinfo_100" vType="typeCar@100" speedFactor="1.00" vaporized=""/>
    <tripinfo id="102" depart="158.70" departLane="nc_0" departPos="5.10" departSpeed="0.27" departDelay="86.70" arrival="221.30" arrivalLane="cs_0" arrivalPos="192.80" arrivalSpeed="10.00" duration="62.60" routeLength="394.90" waitingTime="2.50" waitingCount="14" stopTime="0.00" timeLoss="23.12" rerouteNo="0" devices="tripinfo_102" vType="typeCar@102" speedFactor="1.00" vaporized=""/>
    <tripinfo id="103" depart="164.80" departLane="nc_0" departPos="5.10" departSpeed="5.39" departDelay="91.80" arrival="222.70" arrivalLane="cs_0" arrivalPos="192.80" arrivalSpeed="10.00" duration="57.90" routeLength="394.90" waitingTime="1.00" waitingCount="10" stopTime="0.00" timeLoss="18.36" rerouteNo="0" devices="tripinfo_103" vType="typeCar@103" speedFactor="1.00" vaporized=""/>
    <tripinfo id="105" depart="166.00" departLane="nc_0" departPos="5.10" departSpeed="6.59" departDelay="92.00" arrival="224.50" arrivalLane="cs_0" arrivalPos="192.80" arrivalSpeed="10.00" duration="58.50" routeLength="394.90" waitingTime="1.00" waitingCount="10" stopTime="0.00" timeLoss="19.01" rerouteNo="0" devices="tripinfo_105" vType="typeCar@105" speedFactor="1.00" vaporized=""/>
    <tripinfo id="106" depart="167.20" departLane="nc_0" departPos="5.10" departSpeed="2.19" departDelay="92.20" arrival="226.00" arrivalLane="cs_0" arrivalPos="192.80" arrivalSpeed="10.00" duration="58.80" routeLength="394.90" waitingTime="1.00" waitingCount="10" stopTime="0.00" timeLoss="19.30" rerouteNo="0" devices="tripinfo_106" vType="typeCar@106" speedFactor="1.00" vaporized=""/>
    <tripinfo id="108" depart="172.60" departLane="nc_0" departPos="5.10" departSpeed="5.21" departDelay="96.60" arrival="227.40" arrivalLane="cs_0" arrivalPos="192.80" arrivalSpeed="10.00" duration="54.80" routeLength="394.90" waitingTime="0.60" waitingCount="6" stopTime="0.00" timeLoss="15.29" rerouteNo="0" devices="tripinfo_108" vType="typeCar@108" speedFactor="1.00" vaporized=""/>
    <tripinfo id="110" depart="173.80" departLane="nc_0" departPos="5.10" departSpeed="4.01" departDelay="96.80" arrival="229.00" arrivalLane="cs_0" arrivalPos="192.80" arrivalSpeed="10.00" duration="55.20" routeLength="394.90" waitingTime="0.90" waitingCount="9" stopTime="0.00" timeLoss="15.70" rerouteNo="0" devices="tripinfo_110" vType="typeCar@110" speedFactor="1.00" vaporized=""/>
    <tripinfo id="112" depart="180.70" departLane="nc_0" departPos="5.10" departSpeed="3.91" departDelay="102.70" arrival="230.00" arrivalLane="cs_0" arrivalPos="192.80" arrivalSpeed="10.00" duration="49.30" routeLength="394.90" waitingTime="0.20" waitingCount="2" stopTime="0.00" timeLoss="9.79" rerouteNo="0" devices="tripinfo_112" vType="typeCar@112" speedFactor="1.00" vaporized=""/>
    <tripinfo id="114" depart="182.40" departLane="nc_0" departPos="5.10" departSpeed="5.81" departDelay="103.40" arrival="231.10" arrivalLane="cs_0" arrivalPos="192.80" arrivalSpeed="10.00" duration="48.70" routeLength="394.90" waitingTime="0.20" waitingCount="2" stopTime="0.00" timeLoss="9.22" rerouteNo="0" devices="tripinfo_114" vType="typeCar@114" speedFactor="1.00" vaporized=""/>
    <tripinfo id="116" depart="183.50" departLane="nc_0" departPos="5.10" departSpeed="7.51" departDelay="103.50" arrival="232.20" arrivalLane="cs_0" arrivalPos="192.80" arrivalSpeed="10.00" duration="48.70" routeLength="394.90" waitingTime="0.20" waitingCount="2" stopTime="0.00" timeLoss="9.22" rerouteNo="0" devices="tripinfo_116" vType="typeCar@116" speedFactor="1.00" vaporized=""/>
    <tripinfo id="118" depart="184.40" departLane="nc_0" departPos="5.10" departSpeed="8.61" departDelay="102.40" arrival="233.20" arrivalLane="cs_0" arrivalPos="192.80" arrivalSpeed="10.00" duration="48.80" routeLength="394.90" waitingTime="0.20" waitingCount="2" stopTime="0.00" timeLoss="9.33" rerouteNo="0" devices="tripinfo_118" vType="typeCar@118" speedFactor="1.00" vaporized=""/>
    <tripinfo id="104" depart="97.50" departLane="wc_0" departPos="5.10" departSpeed="7.24" departDelay="23.50" arrival="235.40" arrivalLane="ce_0" arrivalPos="192.80" arrivalSpeed="10.00" duration="137.90" routeLength="394.90" waitingTime="4.00" waitingCount="40" stopTime="0.00" timeLoss="98.38" rerouteNo="0" devices="tripinfo_104" vType="typeCar@104" speedFactor="1.00" vaporized=""/>
    <tripinfo id="107" depart="98.80" departLane="wc_0" departPos="5.10" departSpeed="0.74" departDelay="22.80" arrival="236.80" arrivalLane="ce_0" arrivalPos="192.80" arrivalSpeed="10.00" duration="138.00" routeLength="394.90" waitingTime="6.80" waitingCount="60" stopTime="0.00" timeLoss="98.48" rerouteNo="0" devices="tripinfo_107" vType="typeCar@107" speedFactor="1.00" vaporized=""/>
    <tripinfo id="120" depart="185.20" departLane="nc_0" departPos="5.10" departSpeed="7.81" departDelay="102.20" arrival="238.30" arrivalLane="cs_0" arrivalPos="192.80" arrivalSpeed="10.00" duration="53.10" routeLength="394.90" waitingTime="0.20" waitingCount="2" stopTime="0.00" timeLoss="13.61" rerouteNo="0" devices="tripinfo_120" vType="typeCar@120" speedFactor="1.00" vaporized=""/>
    <tripinfo id="122" depart="186.20" departLane="nc_0" departPos="5.10" departSpeed="2.81" departDelay="102.20" arrival="239.30" arrivalLane="cs_0" arrivalPos="192.80" arrivalSpeed="10.00" duration="53.10" routeLength="394.90" waitingTime="0.50" waitingCount="5" stopTime="0.00" timeLoss="13.59" rerouteNo="0" devices="tripinfo_122" vType="typeCar@122" speedFactor="1.00" vaporized=""/>
    <tripinfo id="109" depart="108.10" departLane="wc_0" departPos="5.10" departSpeed="4.26" departDelay="31.10" arrival="240.80" arrivalLane="ce_0" arrivalPos="192.80" arrivalSpeed="10.00" duration="132.70" routeLength="394.90" waitingTime="5.00" waitingCount="50" stopTime="0.00" timeLoss="93.22" rerouteNo="0" devices="tripinfo_109" vType="typeCar@109" speedFactor="1.00" vaporized=""/>
    <tripinfo id="111" depart="109.60" departLane="wc_0" departPos="5.10" departSpeed="2.36" departDelay="31.60" arrival="241.90" arrivalLane="ce_0" arrivalPos="192.80" arrivalSpeed="10.00" duration="132.30" routeLength="394.90" waitingTime="5.70" waitingCount="57" stopTime="0.00" timeLoss="92.77" rerouteNo="0" devices="tripinfo_111" vType="typeCar@111" speedFactor="1.00" vaporized=""/>
    <tripinfo id="123" depart="191.30" departLane="nc_0" departPos="5.10" departSpeed="4.94" departDelay="106.30" arrival="243.50" arrivalLane="cs_0" arrivalPos="192.80" arrivalSpeed="10.00" duration="52.20" routeLength="394.90" waitingTime="0.20" waitingCount="2" stopTime="0.00" timeLoss="12.68" rerouteNo="0" devices="tripinfo_123" vType="typeCar@123" speedFactor="1.00" vaporized=""/>
    <tripinfo id="125" depart="192.60" departLane="nc_0" departPos="5.10" departSpeed="6.44" departDelay="106.60" arrival="244.60" arrivalLane="cs_0" arrivalPos="192.80" arrivalSpeed="10.00" duration="52.00" routeLength="394.90" waitingTime="0.20" waitingCount="2" stopTime="0.00" timeLoss="12.49" rerouteNo="0" devices="tripinfo_125" vType="typeCar@125" speedFactor="1.00" vaporized=""/>
    <tripinfo id="113" depart="115.60" departLane="wc_0" departPos="5.10" departSpeed="4.79" departDelay="36.60" arrival="246.10" arrivalLane="ce_0" arrivalPos="192.80" arrivalSpeed="10.00" duration="130.50" routeLength="394.90" waitingTime="5.10" waitingCount="51" stopTime="0.00" timeLoss="90.98" rerouteNo="0" devices="tripinfo_113" vType="typeCar@113" speedFactor="1.00" vaporized=""/>
    <tripinfo id="115" depart="117.00" departLane="wc_0" departPos="5.10" departSpeed="6.59" departDelay="37.00" arrival="247.20" arrivalLane="ce_0" arrivalPos="192.80" arrivalSpeed="10.00" duration="130.20" routeLength="394.90" waitingTime="5.00" waitingCount="50" stopTime="0.00" timeLoss="90.68" rerouteNo="0" devices="tripinfo_115" vType="typeCar@115" speedFactor="1.00" vaporized=""/>
    <tripinfo id="126" depart="193.60" departLane="nc_0" departPos="5.10" departSpeed="7.84" departDelay="106.60" arrival="248.70" arrivalLane="cs_0" arrivalPos="192.80" arrivalSpeed="10.00" duration="55.10" routeLength="394.90" waitingTime="0.30" waitingCount="3" stopTime="0.00" timeLoss="15.64" rerouteNo="0" devices="tripinfo_126" vType="typeCar@126" speedFactor="1.00" vaporized=""/>
    <tripinfo id="128" depart="194.50" departLane="nc_0" departPos="5.10" departSpeed="8.94" departDelay="106.50" arrival="249.80" arrivalLane="cs_0" arrivalPos="192.80" arrivalSpeed="10.00" duration="55.30" routeLength="394.90" waitingTime="0.40" waitingCount="4" stopTime="0.00" timeLoss="15.81" rerouteNo="0" devices="tripinfo_128" vType="typeCar@128" speedFactor="1.00" vaporized=""/>
    <tripinfo id="117" depart="118.00" departLane="wc_0" departPos="5.10" departSpeed="6.39" departDelay="37.00" arrival="251.30" arrivalLane="ce_0" arrivalPos="192.80" arrivalSpeed="10.00" duration="133.30" routeLength="394.90" waitingTime="6.00" waitingCount="60" stopTime="0.00" timeLoss="93.85" rerouteNo="0" devices="tripinfo_117" vType="typeCar@117" speedFactor="1.00" vaporized=""/>
    <tripinfo id="119" depart="120.70" departLane="wc_0" departPos="5.10" departSpeed="0.09" departDelay="37.70" arrival="252.40" arrivalLane="ce_0" arrivalPos="192.80" arrivalSpeed="10.00" duration="131.70" routeLength="394.90" waitingTime="6.90" waitingCount="59" stopTime="0.00" timeLoss="92.21" rerouteNo="0" devices="tripinfo_119" vType="typeCar@119" speedFactor="1.00" vaporized=""/>
    <tripinfo id="130" depart="195.20" departLane="nc_0" departPos="5.10" departSpeed="9.44" departDelay="106.20" arrival="253.90" arrivalLane="cs_0" arrivalPos="192.80" arrivalSpeed="10.00" duration="58.70" routeLength="394.90" waitingTime="0.40" waitingCount="4" stopTime="0.00" timeLoss="19.22" rerouteNo="0" devices="tripinfo_130" vType="typeCar@130" speedFactor="1.00" vaporized=""/>
    <tripinfo id="131" depart="196.00" departLane="nc_0" departPos="5.10" departSpeed="7.84" departDelay="106.00" arrival="255.00" arrivalLane="cs_0" arrivalPos="192.80" arrivalSpeed="10.00" duration="59.00" routeLength="394.90" waitingTime="0.50" waitingCount="5" stopTime="0.00" timeLoss="19.51" rerouteNo="0" devices="tripinfo_131" vType="typeCar@131" speedFactor="1.00" vaporized=""/>
    <tripinfo id="121" depart="131.10" departLane="wc_0" departPos="5.10" departSpeed="4.20" departDelay="47.10" arrival="256.50" arrivalLane="ce_0" arrivalPos="192.80" arrivalSpeed="10.00" duration="125.40" routeLength="394.90" waitingTime="5.00" waitingCount="50" stopTime="0.00" timeLoss="85.89" rerouteNo="0" devices="tripinfo_121" vType="typeCar@121" speedFactor="1.00" vaporized=""/>
    <tripinfo id="124" depart="132.60" departLane="wc_0" departPos="5.10" departSpeed="6.30" departDelay="46.60" arrival="257.60" arrivalLane="ce_0" arrivalPos="192.80" arrivalSpeed="10.00" duration="125.00" routeLength="394.90" waitingTime="4.60" waitingCount="46" stopTime="0.00" timeLoss="85.51" rerouteNo="0" devices="tripinfo_124" vType="typeCar@124" speedFactor="1.00" vaporized=""/>
    <tripinfo id="132" depart="197.00" departLane="nc_0" departPos="5.10" departSpeed="2.84" departDelay="106.00" arrival="259.10" arrivalLane="cs_0" arrivalPos="192.80" arrivalSpeed="10.00" duration="62.10" routeLength="394.90" waitingTime="1.00" waitingCount="10" stopTime="0.00" timeLoss="22.59" rerouteNo="0" devices="tripinfo_132" vType="typeCar@132" speedFactor="1.00" vaporized=""/>
    <tripinfo id="134" depart="201.40" departLane="nc_0" departPos="5.10" departSpeed="5.27" departDelay="109.40" arrival="260.10" arrivalLane="cs_0" arrivalPos="192.80" arrivalSpeed="10.00" duration="58.70" routeLength="394.90" waitingTime="0.90" waitingCount="9" stopTime="0.00" timeLoss="19.22" rerouteNo="0" devices="tripinfo_134" vType="typeCar@134" speedFactor="1.00" vaporized=""/>
    <tripinfo id="127" depart="133.60" departLane="wc_0" departPos="5.10" departSpeed="7.70" departDelay="45.60" arrival="261.60" arrivalLane="ce_0" arrivalPos="192.80" arrivalSpeed="10.00" duration="128.00" routeLength="394.90" waitingTime="5.40" waitingCount="54" stopTime="0.00" timeLoss="88.53" rerouteNo="0" devices="tripinfo_127" vType="typeCar@127" speedFactor="1.00" vaporized=""/>
    <tripinfo id="129" depart="134.50" departLane="wc_0" departPos="5.10" departSpeed="4.80" departDelay="45.50" arrival="262.60" arrivalLane="ce_0" arrivalPos="192.80" arrivalSpeed="10.00" duration="128.10" routeLength="394.90" waitingTime="6.20" waitingCount="62" stopTime="0.00" timeLoss="88.62" rerouteNo="0" devices="tripinfo_129" vType="typeCar@129" speedFactor="1.00" vaporized=""/>
    <tripinfo id="135" depart="202.60" departLane="nc_0" departPos="5.10" departSpeed="6.47" departDelay="109.60" arrival="264.20" arrivalLane="cs_0" arrivalPos="192.80" arrivalSpeed="10.00" duration="61.60" routeLength="394.90" waitingTime="0.70" waitingCount="7" stopTime="0.00" timeLoss="22.05" rerouteNo="0" devices="tripinfo_135" vType="typeCar@135" speedFactor="1.00" vaporized=""/>
    <tripinfo id="137" depart="203.60" departLane="nc_0" departPos="5.10" departSpeed="7.87" departDelay="109.60" arrival="265.30" arrivalLane="cs_0" arrivalPos="192.80" arrivalSpeed="10.00" duration="61.70" routeLength="394.90" waitingTime="0.80" waitingCount="8" stopTime="0.00" timeLoss="22.21" rerouteNo="0" devices="tripinfo_137" vType="typeCar@137" speedFactor="1.00" vaporized=""/>
    <tripinfo id="133" depart="143.80" departLane="wc_0" departPos="5.10" departSpeed="1.50" departDelay="51.80" arrival="266.90" arrivalLane="ce_0" arrivalPos="192.80" arrivalSpeed="10.00" duration="123.10" routeLength="394.90" waitingTime="5.30" waitingCount="53" stopTime="0.00" timeLoss="83.56" rerouteNo="0" devices="tripinfo_133" vType="typeCar@133" speedFactor="1.00" vaporized=""/>
    <tripinfo id="136" depart="146.40" departLane="wc_0" departPos="5.10" departSpeed="2.10" departDelay="52.40" arrival="268.00" arrivalLane="ce_0" arrivalPos="192.80" arrivalSpeed="10.00" duration="121.60" routeLength="394.90" waitingTime="6.20" waitingCount="61" stopTime="0.00" timeLoss="82.05" rerouteNo="0" devices="tripinfo_136" vType="typeCar@136" speedFactor="1.00" vaporized=""/>
    <tripinfo id="139" depart="204.50" departLane="nc_0" departPos="5.10" departSpeed="8.97" departDelay="109.50" arrival="269.50" arrivalLane="cs_0" arrivalPos="192.80" arrivalSpeed="10.00" duration="65.00" routeLength="394.90" waitingTime="0.80" waitingCount="8" stopTime="0.00" timeLoss="25.48" rerouteNo="0" devices="tripinfo_139" vType="typeCar@139" speedFactor="1.00" vaporized=""/>
    <tripinfo id="142" depart="205.30" departLane="nc_0" departPos="5.10" departSpeed="9.77" departDelay="108.30" arrival="270.60" arrivalLane="cs_0" arrivalPos="192.80" arrivalSpeed="10.00" duration="65.30" routeLength="394.90" waitingTime="0.90" waitingCount="9" stopTime="0.00" timeLoss="25.86" rerouteNo="0" devices="tripinfo_142" vType="typeCar@142" speedFactor="1.00" vaporized=""/>
    <tripinfo id="138" depart="151.10" departLane="wc_0" departPos="5.10" departSpeed="5.41" departDelay="56.10" arrival="272.20" arrivalLane="ce_0" arrivalPos="192.80" arrivalSpeed="10.00" duration="121.10" routeLength="394.90" waitingTime="5.60" waitingCount="56" stopTime="0.00" timeLoss="81.57" rerouteNo="0" devices="tripinfo_138" vType="typeCar@138" speedFactor="1.00" vaporized=""/>
    <tripinfo id="140" depart="152.30" departLane="wc_0" departPos="5.10" departSpeed="6.61" departDelay="56.30" arrival="273.20" arrivalLane="ce_0" arrivalPos="192.80" arrivalSpeed="10.00" duration="120.90" routeLength="394.90" waitingTime="5.70" waitingCount="57" stopTime="0.00" timeLoss="81.38" rerouteNo="0" devices="tripinfo_140" vType="typeCar@140" speedFactor="1.00" vaporized=""/>
    <tripinfo id="143" depart="206.00" departLane="nc_0" departPos="5.10" departSpeed="9.47" departDelay="108.00" arrival="274.80" arrivalLane="cs_0" arrivalPos="192.80" arrivalSpeed="10.00" duration="68.80" routeLength="394.90" waitingTime="1.00" waitingCount="10" stopTime="0.00" timeLoss="29.28" rerouteNo="0" devices="tripinfo_143" vType="typeCar@143" speedFactor="1.00" vaporized=""/>
    <tripinfo id="144" depart="206.80" departLane="nc_0" departPos="5.10" departSpeed="8.67" departDelay="107.80" arrival="275.90" arrivalLane="cs_0" arrivalPos="192.80" arrivalSpeed="10.00" duration="69.10" routeLength="394.90" waitingTime="1.00" waitingCount="10" stopTime="0.00" timeLoss="29.57" rerouteNo="0" devices="tripinfo_144" vType="typeCar@144" speedFactor="1.00" vaporized=""/>
    <tripinfo id="141" depart="156.00" departLane="wc_0" departPos="5.10" departSpeed="0.11" departDelay="59.00" arrival="277.50" arrivalLane="ce_0" arrivalPos="192.80" arrivalSpeed="10.00" duration="121.50" routeLength="394.90" waitingTime="7.50" waitingCount="64" stopTime="0.00" timeLoss="81.96" rerouteNo="0" devices="tripinfo_141" vType="typeCar@141" speedFactor="1.00" vaporized=""/>
</tripinfos>
