<?xml version="1.0" encoding="UTF-8"?>

<!-- generated on 2022-11-30 12:28:07 by Eclipse SUMO sumo Version 1.14.1
<configuration xmlns:xsi="http://www.w3.org/2001/XMLSchema-instance" xsi:noNamespaceSchemaLocation="http://sumo.dlr.de/xsd/sumoConfiguration.xsd">

    <input>
        <net-file value="net.net.xml"/>
        <route-files value="routes.rou.xml"/>
    </input>

    <output>
        <tripinfo-output value="raw_data/(9,6,0)tripinfo.xml"/>
    </output>

    <time>
        <begin value="0"/>
        <step-length value="0.1"/>
    </time>

    <processing>
        <extrapolate-departpos value="true"/>
        <route-steps value="0"/>
        <ignore-route-errors value="true"/>
        <collision.action value="warn"/>
        <collision.stoptime value="1"/>
        <collision.mingap-factor value="0.1"/>
    </processing>

    <report>
        <verbose value="false"/>
        <log value="log.txt"/>
        <duration-log.statistics value="true"/>
        <no-step-log value="true"/>
    </report>

    <traci_server>
        <remote-port value="63958"/>
    </traci_server>

    <gui_only>
        <quit-on-end value="true"/>
        <start value="true"/>
    </gui_only>

</configuration>
-->

<tripinfos xmlns:xsi="http://www.w3.org/2001/XMLSchema-instance" xsi:noNamespaceSchemaLocation="http://sumo.dlr.de/xsd/tripinfo_file.xsd">
    <tripinfo id="0" depart="0.00" departLane="nc_0" departPos="5.10" departSpeed="10.00" departDelay="0.00" arrival="39.50" arrivalLane="cs_0" arrivalPos="192.80" arrivalSpeed="10.00" duration="39.50" routeLength="394.90" waitingTime="0.00" waitingCount="0" stopTime="0.00" timeLoss="0.00" rerouteNo="0" devices="tripinfo_0" vType="typeCar@0" speedFactor="1.00" vaporized=""/>
    <tripinfo id="2" depart="1.00" departLane="nc_0" departPos="5.10" departSpeed="10.00" departDelay="0.00" arrival="40.50" arrivalLane="cs_0" arrivalPos="192.80" arrivalSpeed="10.00" duration="39.50" routeLength="394.90" waitingTime="0.00" waitingCount="0" stopTime="0.00" timeLoss="0.00" rerouteNo="0" devices="tripinfo_2" vType="typeCar@2" speedFactor="1.00" vaporized=""/>
    <tripinfo id="3" depart="2.00" departLane="nc_0" departPos="5.10" departSpeed="10.00" departDelay="0.00" arrival="41.50" arrivalLane="cs_0" arrivalPos="192.80" arrivalSpeed="10.00" duration="39.50" routeLength="394.90" waitingTime="0.00" waitingCount="0" stopTime="0.00" timeLoss="0.00" rerouteNo="0" devices="tripinfo_3" vType="typeCar@3" speedFactor="1.00" vaporized=""/>
    <tripinfo id="4" depart="3.00" departLane="nc_0" departPos="5.10" departSpeed="10.00" departDelay="0.00" arrival="42.50" arrivalLane="cs_0" arrivalPos="192.80" arrivalSpeed="10.00" duration="39.50" routeLength="394.90" waitingTime="0.00" waitingCount="0" stopTime="0.00" timeLoss="0.00" rerouteNo="0" devices="tripinfo_4" vType="typeCar@4" speedFactor="1.00" vaporized=""/>
    <tripinfo id="6" depart="4.00" departLane="nc_0" departPos="5.10" departSpeed="10.00" departDelay="0.00" arrival="43.50" arrivalLane="cs_0" arrivalPos="192.80" arrivalSpeed="10.00" duration="39.50" routeLength="394.90" waitingTime="0.00" waitingCount="0" stopTime="0.00" timeLoss="0.00" rerouteNo="0" devices="tripinfo_6" vType="typeCar@6" speedFactor="1.00" vaporized=""/>
    <tripinfo id="8" depart="5.00" departLane="nc_0" departPos="5.10" departSpeed="10.00" departDelay="0.00" arrival="44.50" arrivalLane="cs_0" arrivalPos="192.80" arrivalSpeed="10.00" duration="39.50" routeLength="394.90" waitingTime="0.00" waitingCount="0" stopTime="0.00" timeLoss="0.00" rerouteNo="0" devices="tripinfo_8" vType="typeCar@8" speedFactor="1.00" vaporized=""/>
    <tripinfo id="10" depart="6.00" departLane="nc_0" departPos="5.10" departSpeed="10.00" departDelay="0.00" arrival="45.50" arrivalLane="cs_0" arrivalPos="192.80" arrivalSpeed="10.00" duration="39.50" routeLength="394.90" waitingTime="0.00" waitingCount="0" stopTime="0.00" timeLoss="0.00" rerouteNo="0" devices="tripinfo_10" vType="typeCar@10" speedFactor="1.00" vaporized=""/>
    <tripinfo id="11" depart="7.00" departLane="nc_0" departPos="5.10" departSpeed="10.00" departDelay="0.00" arrival="46.50" arrivalLane="cs_0" arrivalPos="192.80" arrivalSpeed="10.00" duration="39.50" routeLength="394.90" waitingTime="0.00" waitingCount="0" stopTime="0.00" timeLoss="0.00" rerouteNo="0" devices="tripinfo_11" vType="typeCar@11" speedFactor="1.00" vaporized=""/>
    <tripinfo id="13" depart="8.00" departLane="nc_0" departPos="5.10" departSpeed="10.00" departDelay="0.00" arrival="47.50" arrivalLane="cs_0" arrivalPos="192.80" arrivalSpeed="10.00" duration="39.50" routeLength="394.90" waitingTime="0.00" waitingCount="0" stopTime="0.00" timeLoss="0.00" rerouteNo="0" devices="tripinfo_13" vType="typeCar@13" speedFactor="1.00" vaporized=""/>
    <tripinfo id="14" depart="9.00" departLane="nc_0" departPos="5.10" departSpeed="10.00" departDelay="0.00" arrival="48.50" arrivalLane="cs_0" arrivalPos="192.80" arrivalSpeed="10.00" duration="39.50" routeLength="394.90" waitingTime="0.00" waitingCount="0" stopTime="0.00" timeLoss="0.00" rerouteNo="0" devices="tripinfo_14" vType="typeCar@14" speedFactor="1.00" vaporized=""/>
    <tripinfo id="15" depart="10.00" departLane="nc_0" departPos="5.10" departSpeed="10.00" departDelay="0.00" arrival="49.50" arrivalLane="cs_0" arrivalPos="192.80" arrivalSpeed="10.00" duration="39.50" routeLength="394.90" waitingTime="0.00" waitingCount="0" stopTime="0.00" timeLoss="0.00" rerouteNo="0" devices="tripinfo_15" vType="typeCar@15" speedFactor="1.00" vaporized=""/>
    <tripinfo id="17" depart="11.00" departLane="nc_0" departPos="5.10" departSpeed="10.00" departDelay="0.00" arrival="50.50" arrivalLane="cs_0" arrivalPos="192.80" arrivalSpeed="10.00" duration="39.50" routeLength="394.90" waitingTime="0.00" waitingCount="0" stopTime="0.00" timeLoss="0.00" rerouteNo="0" devices="tripinfo_17" vType="typeCar@17" speedFactor="1.00" vaporized=""/>
    <tripinfo id="18" depart="12.00" departLane="nc_0" departPos="5.10" departSpeed="10.00" departDelay="0.00" arrival="51.50" arrivalLane="cs_0" arrivalPos="192.80" arrivalSpeed="10.00" duration="39.50" routeLength="394.90" waitingTime="0.00" waitingCount="0" stopTime="0.00" timeLoss="0.00" rerouteNo="0" devices="tripinfo_18" vType="typeCar@18" speedFactor="1.00" vaporized=""/>
    <tripinfo id="20" depart="13.00" departLane="nc_0" departPos="5.10" departSpeed="10.00" departDelay="0.00" arrival="54.40" arrivalLane="cs_0" arrivalPos="192.80" arrivalSpeed="10.00" duration="41.40" routeLength="394.90" waitingTime="0.00" waitingCount="0" stopTime="0.00" timeLoss="1.87" rerouteNo="0" devices="tripinfo_20" vType="typeCar@20" speedFactor="1.00" vaporized=""/>
    <tripinfo id="1" depart="1.00" departLane="wc_0" departPos="5.10" departSpeed="10.00" departDelay="0.00" arrival="56.70" arrivalLane="ce_0" arrivalPos="192.80" arrivalSpeed="10.00" duration="55.70" routeLength="394.90" waitingTime="0.00" waitingCount="0" stopTime="0.00" timeLoss="16.19" rerouteNo="0" devices="tripinfo_1" vType="typeCar@1" speedFactor="1.00" vaporized=""/>
    <tripinfo id="21" depart="14.00" departLane="nc_0" departPos="5.10" departSpeed="10.00" departDelay="0.00" arrival="59.00" arrivalLane="cs_0" arrivalPos="192.80" arrivalSpeed="10.00" duration="45.00" routeLength="394.90" waitingTime="0.00" waitingCount="0" stopTime="0.00" timeLoss="5.50" rerouteNo="0" devices="tripinfo_21" vType="typeCar@21" speedFactor="1.00" vaporized=""/>
    <tripinfo id="22" depart="15.00" departLane="nc_0" departPos="5.10" departSpeed="10.00" departDelay="0.00" arrival="60.90" arrivalLane="cs_0" arrivalPos="192.80" arrivalSpeed="10.00" duration="45.90" routeLength="394.90" waitingTime="0.00" waitingCount="0" stopTime="0.00" timeLoss="6.36" rerouteNo="0" devices="tripinfo_22" vType="typeCar@22" speedFactor="1.00" vaporized=""/>
    <tripinfo id="5" depart="4.00" departLane="wc_0" departPos="5.10" departSpeed="10.00" departDelay="0.00" arrival="63.30" arrivalLane="ce_0" arrivalPos="192.80" arrivalSpeed="10.00" duration="59.30" routeLength="394.90" waitingTime="0.00" waitingCount="0" stopTime="0.00" timeLoss="19.80" rerouteNo="0" devices="tripinfo_5" vType="typeCar@5" speedFactor="1.00" vaporized=""/>
    <tripinfo id="7" depart="5.00" departLane="wc_0" departPos="5.10" departSpeed="10.00" departDelay="0.00" arrival="64.90" arrivalLane="ce_0" arrivalPos="192.80" arrivalSpeed="10.00" duration="59.90" routeLength="394.90" waitingTime="0.20" waitingCount="2" stopTime="0.00" timeLoss="20.41" rerouteNo="0" devices="tripinfo_7" vType="typeCar@7" speedFactor="1.00" vaporized=""/>
    <tripinfo id="25" depart="17.00" departLane="nc_0" departPos="5.10" departSpeed="10.00" departDelay="0.00" arrival="67.20" arrivalLane="cs_0" arrivalPos="192.80" arrivalSpeed="10.00" duration="50.20" routeLength="394.90" waitingTime="0.00" waitingCount="0" stopTime="0.00" timeLoss="10.68" rerouteNo="0" devices="tripinfo_25" vType="typeCar@25" speedFactor="1.00" vaporized=""/>
    <tripinfo id="26" depart="18.00" departLane="nc_0" departPos="5.10" departSpeed="10.00" departDelay="0.00" arrival="68.10" arrivalLane="cs_0" arrivalPos="192.80" arrivalSpeed="10.00" duration="50.10" routeLength="394.90" waitingTime="0.00" waitingCount="0" stopTime="0.00" timeLoss="10.58" rerouteNo="0" devices="tripinfo_26" vType="typeCar@26" speedFactor="1.00" vaporized=""/>
    <tripinfo id="27" depart="19.00" departLane="nc_0" departPos="5.10" departSpeed="10.00" departDelay="0.00" arrival="69.60" arrivalLane="cs_0" arrivalPos="192.80" arrivalSpeed="10.00" duration="50.60" routeLength="394.90" waitingTime="0.00" waitingCount="0" stopTime="0.00" timeLoss="11.10" rerouteNo="0" devices="tripinfo_27" vType="typeCar@27" speedFactor="1.00" vaporized=""/>
    <tripinfo id="28" depart="20.00" departLane="nc_0" departPos="5.10" departSpeed="10.00" departDelay="0.00" arrival="74.80" arrivalLane="cs_0" arrivalPos="192.80" arrivalSpeed="10.00" duration="54.80" routeLength="394.90" waitingTime="0.20" waitingCount="2" stopTime="0.00" timeLoss="15.26" rerouteNo="0" devices="tripinfo_28" vType="typeCar@28" speedFactor="1.00" vaporized=""/>
    <tripinfo id="30" depart="21.00" departLane="nc_0" departPos="5.10" departSpeed="10.00" departDelay="0.00" arrival="78.60" arrivalLane="cs_0" arrivalPos="192.80" arrivalSpeed="10.00" duration="57.60" routeLength="394.90" waitingTime="0.40" waitingCount="4" stopTime="0.00" timeLoss="18.11" rerouteNo="0" devices="tripinfo_30" vType="typeCar@30" speedFactor="1.00" vaporized=""/>
    <tripinfo id="9" depart="6.00" departLane="wc_0" departPos="5.10" departSpeed="10.00" departDelay="0.00" arrival="86.50" arrivalLane="ce_0" arrivalPos="192.80" arrivalSpeed="10.00" duration="80.50" routeLength="394.90" waitingTime="0.30" waitingCount="3" stopTime="0.00" timeLoss="40.98" rerouteNo="0" devices="tripinfo_9" vType="typeCar@9" speedFactor="1.00" vaporized=""/>
    <tripinfo id="12" depart="8.00" departLane="wc_0" departPos="5.10" departSpeed="10.00" departDelay="0.00" arrival="87.80" arrivalLane="ce_0" arrivalPos="192.80" arrivalSpeed="10.00" duration="79.80" routeLength="394.90" waitingTime="1.20" waitingCount="12" stopTime="0.00" timeLoss="40.29" rerouteNo="0" devices="tripinfo_12" vType="typeCar@12" speedFactor="1.00" vaporized=""/>
    <tripinfo id="16" depart="11.00" departLane="wc_0" departPos="5.10" departSpeed="10.00" departDelay="0.00" arrival="88.90" arrivalLane="ce_0" arrivalPos="192.80" arrivalSpeed="10.00" duration="77.90" routeLength="394.90" waitingTime="1.40" waitingCount="14" stopTime="0.00" timeLoss="38.42" rerouteNo="0" devices="tripinfo_16" vType="typeCar@16" speedFactor="1.00" vaporized=""/>
    <tripinfo id="32" depart="22.00" departLane="nc_0" departPos="5.10" departSpeed="10.00" departDelay="0.00" arrival="90.50" arrivalLane="cs_0" arrivalPos="192.80" arrivalSpeed="10.00" duration="68.50" routeLength="394.90" waitingTime="0.50" waitingCount="5" stopTime="0.00" timeLoss="28.94" rerouteNo="0" devices="tripinfo_32" vType="typeCar@32" speedFactor="1.00" vaporized=""/>
    <tripinfo id="34" depart="23.00" departLane="nc_0" departPos="5.10" departSpeed="10.00" departDelay="0.00" arrival="91.50" arrivalLane="cs_0" arrivalPos="192.80" arrivalSpeed="10.00" duration="68.50" routeLength="394.90" waitingTime="0.80" waitingCount="8" stopTime="0.00" timeLoss="28.99" rerouteNo="0" devices="tripinfo_34" vType="typeCar@34" speedFactor="1.00" vaporized=""/>
    <tripinfo id="19" depart="13.00" departLane="wc_0" departPos="5.10" departSpeed="10.00" departDelay="0.00" arrival="93.10" arrivalLane="ce_0" arrivalPos="192.80" arrivalSpeed="10.00" duration="80.10" routeLength="394.90" waitingTime="1.80" waitingCount="18" stopTime="0.00" timeLoss="40.54" rerouteNo="0" devices="tripinfo_19" vType="typeCar@19" speedFactor="1.00" vaporized=""/>
    <tripinfo id="23" depart="16.00" departLane="wc_0" departPos="5.10" departSpeed="10.00" departDelay="0.00" arrival="94.10" arrivalLane="ce_0" arrivalPos="192.80" arrivalSpeed="10.00" duration="78.10" routeLength="394.90" waitingTime="1.10" waitingCount="11" stopTime="0.00" timeLoss="38.58" rerouteNo="0" devices="tripinfo_23" vType="typeCar@23" speedFactor="1.00" vaporized=""/>
    <tripinfo id="35" depart="24.00" departLane="nc_0" departPos="5.10" departSpeed="10.00" departDelay="0.00" arrival="95.60" arrivalLane="cs_0" arrivalPos="192.80" arrivalSpeed="10.00" duration="71.60" routeLength="394.90" waitingTime="0.90" waitingCount="9" stopTime="0.00" timeLoss="32.09" rerouteNo="0" devices="tripinfo_35" vType="typeCar@35" speedFactor="1.00" vaporized=""/>
    <tripinfo id="37" depart="25.00" departLane="nc_0" departPos="5.10" departSpeed="10.00" departDelay="0.00" arrival="96.80" arrivalLane="cs_0" arrivalPos="192.80" arrivalSpeed="10.00" duration="71.80" routeLength="394.90" waitingTime="1.10" waitingCount="11" stopTime="0.00" timeLoss="32.23" rerouteNo="0" devices="tripinfo_37" vType="typeCar@37" speedFactor="1.00" vaporized=""/>
    <tripinfo id="24" depart="17.00" departLane="wc_0" departPos="5.10" departSpeed="10.00" departDelay="0.00" arrival="98.30" arrivalLane="ce_0" arrivalPos="192.80" arrivalSpeed="10.00" duration="81.30" routeLength="394.90" waitingTime="1.30" waitingCount="13" stopTime="0.00" timeLoss="41.73" rerouteNo="0" devices="tripinfo_24" vType="typeCar@24" speedFactor="1.00" vaporized=""/>
    <tripinfo id="29" depart="21.00" departLane="wc_0" departPos="5.10" departSpeed="10.00" departDelay="0.00" arrival="99.40" arrivalLane="ce_0" arrivalPos="192.80" arrivalSpeed="10.00" duration="78.40" routeLength="394.90" waitingTime="1.70" waitingCount="17" stopTime="0.00" timeLoss="38.88" rerouteNo="0" devices="tripinfo_29" vType="typeCar@29" speedFactor="1.00" vaporized=""/>
    <tripinfo id="39" depart="27.00" departLane="nc_0" departPos="5.10" departSpeed="10.00" departDelay="0.00" arrival="101.80" arrivalLane="cs_0" arrivalPos="192.80" arrivalSpeed="10.00" duration="74.80" routeLength="394.90" waitingTime="1.40" waitingCount="14" stopTime="0.00" timeLoss="35.30" rerouteNo="0" devices="tripinfo_39" vType="typeCar@39" speedFactor="1.00" vaporized=""/>
    <tripinfo id="41" depart="28.00" departLane="nc_0" departPos="5.10" departSpeed="10.00" departDelay="0.00" arrival="102.90" arrivalLane="cs_0" arrivalPos="192.80" arrivalSpeed="10.00" duration="74.90" routeLength="394.90" waitingTime="1.40" waitingCount="14" stopTime="0.00" timeLoss="35.33" rerouteNo="0" devices="tripinfo_41" vType="typeCar@41" speedFactor="1.00" vaporized=""/>
    <tripinfo id="43" depart="29.00" departLane="nc_0" departPos="5.10" departSpeed="10.00" departDelay="0.00" arrival="104.00" arrivalLane="cs_0" arrivalPos="192.80" arrivalSpeed="10.00" duration="75.00" routeLength="394.90" waitingTime="1.80" waitingCount="18" stopTime="0.00" timeLoss="35.44" rerouteNo="0" devices="tripinfo_43" vType="typeCar@43" speedFactor="1.00" vaporized=""/>
    <tripinfo id="31" depart="22.00" departLane="wc_0" departPos="5.10" departSpeed="10.00" departDelay="0.00" arrival="110.50" arrivalLane="ce_0" arrivalPos="192.80" arrivalSpeed="10.00" duration="88.50" routeLength="394.90" waitingTime="1.80" waitingCount="18" stopTime="0.00" timeLoss="49.00" rerouteNo="0" devices="tripinfo_31" vType="typeCar@31" speedFactor="1.00" vaporized=""/>
    <tripinfo id="33" depart="23.00" departLane="wc_0" departPos="5.10" departSpeed="10.00" departDelay="0.00" arrival="111.60" arrivalLane="ce_0" arrivalPos="192.80" arrivalSpeed="10.00" duration="88.60" routeLength="394.90" waitingTime="2.50" waitingCount="25" stopTime="0.00" timeLoss="49.02" rerouteNo="0" devices="tripinfo_33" vType="typeCar@33" speedFactor="1.00" vaporized=""/>
    <tripinfo id="36" depart="25.00" departLane="wc_0" departPos="5.10" departSpeed="10.00" departDelay="0.00" arrival="112.60" arrivalLane="ce_0" arrivalPos="192.80" arrivalSpeed="10.00" duration="87.60" routeLength="394.90" waitingTime="2.50" waitingCount="25" stopTime="0.00" timeLoss="48.03" rerouteNo="0" devices="tripinfo_36" vType="typeCar@36" speedFactor="1.00" vaporized=""/>
    <tripinfo id="44" depart="30.00" departLane="nc_0" departPos="5.10" departSpeed="10.00" departDelay="0.00" arrival="114.10" arrivalLane="cs_0" arrivalPos="192.80" arrivalSpeed="10.00" duration="84.10" routeLength="394.90" waitingTime="1.80" waitingCount="18" stopTime="0.00" timeLoss="44.55" rerouteNo="0" devices="tripinfo_44" vType="typeCar@44" speedFactor="1.00" vaporized=""/>
    <tripinfo id="46" depart="31.00" departLane="nc_0" departPos="5.10" departSpeed="10.00" departDelay="0.00" arrival="115.70" arrivalLane="cs_0" arrivalPos="192.80" arrivalSpeed="10.00" duration="84.70" routeLength="394.90" waitingTime="1.90" waitingCount="19" stopTime="0.00" timeLoss="45.18" rerouteNo="0" devices="tripinfo_46" vType="typeCar@46" speedFactor="1.00" vaporized=""/>
    <tripinfo id="47" depart="32.00" departLane="nc_0" departPos="5.10" departSpeed="10.00" departDelay="0.00" arrival="117.90" arrivalLane="cs_0" arrivalPos="192.80" arrivalSpeed="10.00" duration="85.90" routeLength="394.90" waitingTime="2.20" waitingCount="22" stopTime="0.00" timeLoss="46.38" rerouteNo="0" devices="tripinfo_47" vType="typeCar@47" speedFactor="1.00" vaporized=""/>
    <tripinfo id="38" depart="26.00" departLane="wc_0" departPos="5.10" departSpeed="10.00" departDelay="0.00" arrival="119.40" arrivalLane="ce_0" arrivalPos="192.80" arrivalSpeed="10.00" duration="93.40" routeLength="394.90" waitingTime="3.00" waitingCount="30" stopTime="0.00" timeLoss="53.91" rerouteNo="0" devices="tripinfo_38" vType="typeCar@38" speedFactor="1.00" vaporized=""/>
    <tripinfo id="40" depart="28.00" departLane="wc_0" departPos="5.10" departSpeed="10.00" departDelay="0.00" arrival="120.50" arrivalLane="ce_0" arrivalPos="192.80" arrivalSpeed="10.00" duration="92.50" routeLength="394.90" waitingTime="3.20" waitingCount="32" stopTime="0.00" timeLoss="52.95" rerouteNo="0" devices="tripinfo_40" vType="typeCar@40" speedFactor="1.00" vaporized=""/>
    <tripinfo id="49" depart="33.00" departLane="nc_0" departPos="5.10" departSpeed="10.00" departDelay="0.00" arrival="124.40" arrivalLane="cs_0" arrivalPos="192.80" arrivalSpeed="10.00" duration="91.40" routeLength="394.90" waitingTime="2.20" waitingCount="22" stopTime="0.00" timeLoss="51.90" rerouteNo="0" devices="tripinfo_49" vType="typeCar@49" speedFactor="1.00" vaporized=""/>
    <tripinfo id="42" depart="29.00" departLane="wc_0" departPos="5.10" departSpeed="10.00" departDelay="0.00" arrival="130.80" arrivalLane="ce_0" arrivalPos="192.80" arrivalSpeed="10.00" duration="101.80" routeLength="394.90" waitingTime="3.20" waitingCount="32" stopTime="0.00" timeLoss="62.26" rerouteNo="0" devices="tripinfo_42" vType="typeCar@42" speedFactor="1.00" vaporized=""/>
    <tripinfo id="51" depart="34.00" departLane="nc_0" departPos="5.10" departSpeed="10.00" departDelay="0.00" arrival="132.70" arrivalLane="cs_0" arrivalPos="192.80" arrivalSpeed="10.00" duration="98.70" routeLength="394.90" waitingTime="2.40" waitingCount="24" stopTime="0.00" timeLoss="59.16" rerouteNo="0" devices="tripinfo_51" vType="typeCar@51" speedFactor="1.00" vaporized=""/>
    <tripinfo id="53" depart="36.00" departLane="nc_0" departPos="5.10" departSpeed="10.00" departDelay="0.00" arrival="133.60" arrivalLane="cs_0" arrivalPos="192.80" arrivalSpeed="10.00" duration="97.60" routeLength="394.90" waitingTime="1.90" waitingCount="19" stopTime="0.00" timeLoss="58.08" rerouteNo="0" devices="tripinfo_53" vType="typeCar@53" speedFactor="1.00" vaporized=""/>
    <tripinfo id="45" depart="31.00" departLane="wc_0" departPos="5.10" departSpeed="10.00" departDelay="0.00" arrival="135.20" arrivalLane="ce_0" arrivalPos="192.80" arrivalSpeed="10.00" duration="104.20" routeLength="394.90" waitingTime="3.00" waitingCount="30" stopTime="0.00" timeLoss="64.70" rerouteNo="0" devices="tripinfo_45" vType="typeCar@45" speedFactor="1.00" vaporized=""/>
    <tripinfo id="48" depart="33.00" departLane="wc_0" departPos="5.10" departSpeed="10.00" departDelay="0.00" arrival="136.30" arrivalLane="ce_0" arrivalPos="192.80" arrivalSpeed="10.00" duration="103.30" routeLength="394.90" waitingTime="3.40" waitingCount="34" stopTime="0.00" timeLoss="63.74" rerouteNo="0" devices="tripinfo_48" vType="typeCar@48" speedFactor="1.00" vaporized=""/>
    <tripinfo id="50" depart="34.00" departLane="wc_0" departPos="5.10" departSpeed="10.00" departDelay="0.00" arrival="138.20" arrivalLane="ce_0" arrivalPos="192.80" arrivalSpeed="10.00" duration="104.20" routeLength="394.90" waitingTime="3.60" waitingCount="36" stopTime="0.00" timeLoss="64.71" rerouteNo="0" devices="tripinfo_50" vType="typeCar@50" speedFactor="1.00" vaporized=""/>
    <tripinfo id="54" depart="37.00" departLane="nc_0" departPos="5.10" departSpeed="10.00" departDelay="0.00" arrival="145.80" arrivalLane="cs_0" arrivalPos="192.80" arrivalSpeed="10.00" duration="108.80" routeLength="394.90" waitingTime="2.00" waitingCount="20" stopTime="0.00" timeLoss="69.27" rerouteNo="0" devices="tripinfo_54" vType="typeCar@54" speedFactor="1.00" vaporized=""/>
    <tripinfo id="55" depart="38.00" departLane="nc_0" departPos="5.10" departSpeed="9.30" departDelay="0.00" arrival="147.20" arrivalLane="cs_0" arrivalPos="192.80" arrivalSpeed="10.00" duration="109.20" routeLength="394.90" waitingTime="2.20" waitingCount="22" stopTime="0.00" timeLoss="69.67" rerouteNo="0" devices="tripinfo_55" vType="typeCar@55" speedFactor="1.00" vaporized=""/>
    <tripinfo id="57" depart="39.00" departLane="nc_0" departPos="5.10" departSpeed="5.90" departDelay="0.00" arrival="148.80" arrivalLane="cs_0" arrivalPos="192.80" arrivalSpeed="10.00" duration="109.80" routeLength="394.90" waitingTime="2.40" waitingCount="24" stopTime="0.00" timeLoss="70.28" rerouteNo="0" devices="tripinfo_57" vType="typeCar@57" speedFactor="1.00" vaporized=""/>
    <tripinfo id="52" depart="35.00" departLane="wc_0" departPos="5.10" departSpeed="10.00" departDelay="0.00" arrival="150.60" arrivalLane="ce_0" arrivalPos="192.80" arrivalSpeed="10.00" duration="115.60" routeLength="394.90" waitingTime="3.70" waitingCount="37" stopTime="0.00" timeLoss="76.04" rerouteNo="0" devices="tripinfo_52" vType="typeCar@52" speedFactor="1.00" vaporized=""/>
    <tripinfo id="56" depart="39.00" departLane="wc_0" departPos="5.10" departSpeed="2.50" departDelay="0.00" arrival="151.60" arrivalLane="ce_0" arrivalPos="192.80" arrivalSpeed="10.00" duration="112.60" routeLength="394.90" waitingTime="3.60" waitingCount="36" stopTime="0.00" timeLoss="73.03" rerouteNo="0" devices="tripinfo_56" vType="typeCar@56" speedFactor="1.00" vaporized=""/>
    <tripinfo id="59" depart="42.50" departLane="nc_0" departPos="5.10" departSpeed="2.00" departDelay="2.50" arrival="153.10" arrivalLane="cs_0" arrivalPos="192.80" arrivalSpeed="10.00" duration="110.60" routeLength="394.90" waitingTime="2.30" waitingCount="23" stopTime="0.00" timeLoss="71.08" rerouteNo="0" devices="tripinfo_59" vType="typeCar@59" speedFactor="1.00" vaporized=""/>
    <tripinfo id="61" depart="44.90" departLane="nc_0" departPos="5.10" departSpeed="6.00" departDelay="3.90" arrival="154.20" arrivalLane="cs_0" arrivalPos="192.80" arrivalSpeed="10.00" duration="109.30" routeLength="394.90" waitingTime="3.00" waitingCount="30" stopTime="0.00" timeLoss="69.83" rerouteNo="0" devices="tripinfo_61" vType="typeCar@61" speedFactor="1.00" vaporized=""/>
    <tripinfo id="58" depart="40.40" departLane="wc_0" departPos="5.10" departSpeed="6.70" departDelay="0.40" arrival="155.80" arrivalLane="ce_0" arrivalPos="192.80" arrivalSpeed="10.00" duration="115.40" routeLength="394.90" waitingTime="4.00" waitingCount="40" stopTime="0.00" timeLoss="75.91" rerouteNo="0" devices="tripinfo_58" vType="typeCar@58" speedFactor="1.00" vaporized=""/>
    <tripinfo id="60" depart="41.40" departLane="wc_0" departPos="5.10" departSpeed="8.10" departDelay="0.40" arrival="156.90" arrivalLane="ce_0" arrivalPos="192.80" arrivalSpeed="10.00" duration="115.50" routeLength="394.90" waitingTime="3.90" waitingCount="39" stopTime="0.00" timeLoss="75.98" rerouteNo="0" devices="tripinfo_60" vType="typeCar@60" speedFactor="1.00" vaporized=""/>
    <tripinfo id="63" depart="45.90" departLane="nc_0" departPos="5.10" departSpeed="7.40" departDelay="3.90" arrival="161.30" arrivalLane="cs_0" arrivalPos="192.80" arrivalSpeed="10.00" duration="115.40" routeLength="394.90" waitingTime="3.50" waitingCount="35" stopTime="0.00" timeLoss="75.84" rerouteNo="0" devices="tripinfo_63" vType="typeCar@63" speedFactor="1.00" vaporized=""/>
    <tripinfo id="64" depart="46.90" departLane="nc_0" departPos="5.10" departSpeed="4.80" departDelay="3.90" arrival="162.60" arrivalLane="cs_0" arrivalPos="192.80" arrivalSpeed="10.00" duration="115.70" routeLength="394.90" waitingTime="3.90" waitingCount="39" stopTime="0.00" timeLoss="76.23" rerouteNo="0" devices="tripinfo_64" vType="typeCar@64" speedFactor="1.00" vaporized=""/>
    <tripinfo id="62" depart="42.20" departLane="wc_0" departPos="5.10" departSpeed="8.90" departDelay="0.20" arrival="168.90" arrivalLane="ce_0" arrivalPos="192.80" arrivalSpeed="10.00" duration="126.70" routeLength="394.90" waitingTime="4.60" waitingCount="46" stopTime="0.00" timeLoss="87.20" rerouteNo="0" devices="tripinfo_62" vType="typeCar@62" speedFactor="1.00" vaporized=""/>
    <tripinfo id="65" depart="44.00" departLane="wc_0" departPos="5.10" departSpeed="0.70" departDelay="0.00" arrival="169.80" arrivalLane="ce_0" arrivalPos="192.80" arrivalSpeed="10.00" duration="125.80" routeLength="394.90" waitingTime="5.20" waitingCount="52" stopTime="0.00" timeLoss="86.24" rerouteNo="0" devices="tripinfo_65" vType="typeCar@65" speedFactor="1.00" vaporized=""/>
    <tripinfo id="66" depart="53.90" departLane="nc_0" departPos="5.10" departSpeed="1.80" departDelay="9.90" arrival="172.40" arrivalLane="cs_0" arrivalPos="192.80" arrivalSpeed="10.00" duration="118.50" routeLength="394.90" waitingTime="4.10" waitingCount="41" stopTime="0.00" timeLoss="78.95" rerouteNo="0" devices="tripinfo_66" vType="typeCar@66" speedFactor="1.00" vaporized=""/>
    <tripinfo id="68" depart="58.30" departLane="nc_0" departPos="5.10" departSpeed="1.40" departDelay="13.30" arrival="174.40" arrivalLane="cs_0" arrivalPos="192.80" arrivalSpeed="10.00" duration="116.10" routeLength="394.90" waitingTime="3.90" waitingCount="39" stopTime="0.00" timeLoss="76.55" rerouteNo="0" devices="tripinfo_68" vType="typeCar@68" speedFactor="1.00" vaporized=""/>
    <tripinfo id="67" depart="48.90" departLane="wc_0" departPos="5.10" departSpeed="2.60" departDelay="3.90" arrival="180.50" arrivalLane="ce_0" arrivalPos="192.80" arrivalSpeed="10.00" duration="131.60" routeLength="394.90" waitingTime="5.30" waitingCount="52" stopTime="0.00" timeLoss="92.05" rerouteNo="0" devices="tripinfo_67" vType="typeCar@67" speedFactor="1.00" vaporized=""/>
    <tripinfo id="70" depart="57.40" departLane="wc_0" departPos="5.10" departSpeed="1.22" departDelay="10.40" arrival="181.30" arrivalLane="ce_0" arrivalPos="192.80" arrivalSpeed="10.00" duration="123.90" routeLength="394.90" waitingTime="4.50" waitingCount="45" stopTime="0.00" timeLoss="84.38" rerouteNo="0" devices="tripinfo_70" vType="typeCar@70" speedFactor="1.00" vaporized=""/>
    <tripinfo id="69" depart="65.80" departLane="nc_0" departPos="5.10" departSpeed="0.00" departDelay="19.80" arrival="182.90" arrivalLane="cs_0" arrivalPos="192.80" arrivalSpeed="10.00" duration="117.10" routeLength="394.90" waitingTime="4.50" waitingCount="36" stopTime="0.00" timeLoss="77.53" rerouteNo="0" devices="tripinfo_69" vType="typeCar@69" speedFactor="1.00" vaporized=""/>
    <tripinfo id="71" depart="73.00" departLane="nc_0" departPos="5.10" departSpeed="2.10" departDelay="26.00" arrival="183.90" arrivalLane="cs_0" arrivalPos="192.80" arrivalSpeed="10.00" duration="110.90" routeLength="394.90" waitingTime="3.50" waitingCount="35" stopTime="0.00" timeLoss="71.42" rerouteNo="0" devices="tripinfo_71" vType="typeCar@71" speedFactor="1.00" vaporized=""/>
    <tripinfo id="74" depart="60.00" departLane="wc_0" departPos="5.10" departSpeed="2.10" departDelay="10.00" arrival="185.50" arrivalLane="ce_0" arrivalPos="192.80" arrivalSpeed="10.00" duration="125.50" routeLength="394.90" waitingTime="5.00" waitingCount="48" stopTime="0.00" timeLoss="85.96" rerouteNo="0" devices="tripinfo_74" vType="typeCar@74" speedFactor="1.00" vaporized=""/>
    <tripinfo id="77" depart="73.00" departLane="wc_0" departPos="5.10" departSpeed="2.31" departDelay="21.00" arrival="186.50" arrivalLane="ce_0" arrivalPos="192.80" arrivalSpeed="10.00" duration="113.50" routeLength="394.90" waitingTime="3.50" waitingCount="35" stopTime="0.00" timeLoss="74.00" rerouteNo="0" devices="tripinfo_77" vType="typeCar@77" speedFactor="1.00" vaporized=""/>
    <tripinfo id="72" depart="77.90" departLane="nc_0" departPos="5.10" departSpeed="5.20" departDelay="29.90" arrival="189.40" arrivalLane="cs_0" arrivalPos="192.80" arrivalSpeed="10.00" duration="111.50" routeLength="394.90" waitingTime="3.60" waitingCount="36" stopTime="0.00" timeLoss="72.03" rerouteNo="0" devices="tripinfo_72" vType="typeCar@72" speedFactor="1.00" vaporized=""/>
    <tripinfo id="79" depart="76.50" departLane="wc_0" departPos="5.10" departSpeed="5.61" departDelay="23.50" arrival="196.00" arrivalLane="ce_0" arrivalPos="192.80" arrivalSpeed="10.00" duration="119.50" routeLength="394.90" waitingTime="4.20" waitingCount="42" stopTime="0.00" timeLoss="79.99" rerouteNo="0" devices="tripinfo_79" vType="typeCar@79" speedFactor="1.00" vaporized=""/>
    <tripinfo id="73" depart="79.20" departLane="nc_0" departPos="5.10" departSpeed="6.70" departDelay="30.20" arrival="198.00" arrivalLane="cs_0" arrivalPos="192.80" arrivalSpeed="10.00" duration="118.80" routeLength="394.90" waitingTime="3.90" waitingCount="39" stopTime="0.00" timeLoss="79.33" rerouteNo="0" devices="tripinfo_73" vType="typeCar@73" speedFactor="1.00" vaporized=""/>
    <tripinfo id="75" depart="80.20" departLane="nc_0" departPos="5.10" departSpeed="4.90" departDelay="30.20" arrival="199.10" arrivalLane="cs_0" arrivalPos="192.80" arrivalSpeed="10.00" duration="118.90" routeLength="394.90" waitingTime="4.40" waitingCount="44" stopTime="0.00" timeLoss="79.46" rerouteNo="0" devices="tripinfo_75" vType="typeCar@75" speedFactor="1.00" vaporized=""/>
    <tripinfo id="81" depart="80.50" departLane="wc_0" departPos="5.10" departSpeed="1.61" departDelay="26.50" arrival="202.00" arrivalLane="ce_0" arrivalPos="192.80" arrivalSpeed="10.00" duration="121.50" routeLength="394.90" waitingTime="3.40" waitingCount="34" stopTime="0.00" timeLoss="81.99" rerouteNo="0" devices="tripinfo_81" vType="typeCar@81" speedFactor="1.00" vaporized=""/>
    <tripinfo id="83" depart="83.00" departLane="wc_0" departPos="5.10" departSpeed="5.91" departDelay="27.00" arrival="203.00" arrivalLane="ce_0" arrivalPos="192.80" arrivalSpeed="10.00" duration="120.00" routeLength="394.90" waitingTime="4.20" waitingCount="42" stopTime="0.00" timeLoss="80.50" rerouteNo="0" devices="tripinfo_83" vType="typeCar@83" speedFactor="1.00" vaporized=""/>
    <tripinfo id="76" depart="86.40" departLane="nc_0" departPos="5.10" departSpeed="1.90" departDelay="35.40" arrival="205.90" arrivalLane="cs_0" arrivalPos="192.80" arrivalSpeed="10.00" duration="119.50" routeLength="394.90" waitingTime="4.10" waitingCount="41" stopTime="0.00" timeLoss="79.96" rerouteNo="0" devices="tripinfo_76" vType="typeCar@76" speedFactor="1.00" vaporized=""/>
    <tripinfo id="78" depart="88.80" departLane="nc_0" departPos="5.10" departSpeed="5.90" departDelay="36.80" arrival="207.00" arrivalLane="cs_0" arrivalPos="192.80" arrivalSpeed="10.00" duration="118.20" routeLength="394.90" waitingTime="4.50" waitingCount="45" stopTime="0.00" timeLoss="78.66" rerouteNo="0" devices="tripinfo_78" vType="typeCar@78" speedFactor="1.00" vaporized=""/>
    <tripinfo id="86" depart="84.10" departLane="wc_0" departPos="5.10" departSpeed="7.61" departDelay="26.10" arrival="208.50" arrivalLane="ce_0" arrivalPos="192.80" arrivalSpeed="10.00" duration="124.40" routeLength="394.90" waitingTime="4.00" waitingCount="40" stopTime="0.00" timeLoss="84.94" rerouteNo="0" devices="tripinfo_86" vType="typeCar@86" speedFactor="1.00" vaporized=""/>
    <tripinfo id="80" depart="89.90" departLane="nc_0" departPos="5.10" departSpeed="6.00" departDelay="36.90" arrival="211.10" arrivalLane="cs_0" arrivalPos="192.80" arrivalSpeed="10.00" duration="121.20" routeLength="394.90" waitingTime="4.70" waitingCount="47" stopTime="0.00" timeLoss="81.68" rerouteNo="0" devices="tripinfo_80" vType="typeCar@80" speedFactor="1.00" vaporized=""/>
    <tripinfo id="82" depart="93.60" departLane="nc_0" departPos="5.10" departSpeed="0.30" departDelay="38.60" arrival="212.20" arrivalLane="cs_0" arrivalPos="192.80" arrivalSpeed="10.00" duration="118.60" routeLength="394.90" waitingTime="5.30" waitingCount="43" stopTime="0.00" timeLoss="79.03" rerouteNo="0" devices="tripinfo_82" vType="typeCar@82" speedFactor="1.00" vaporized=""/>
    <tripinfo id="91" depart="85.00" departLane="wc_0" departPos="5.10" departSpeed="7.11" departDelay="23.00" arrival="214.00" arrivalLane="ce_0" arrivalPos="192.80" arrivalSpeed="10.00" duration="129.00" routeLength="394.90" waitingTime="4.30" waitingCount="43" stopTime="0.00" timeLoss="89.57" rerouteNo="0" devices="tripinfo_91" vType="typeCar@91" speedFactor="1.00" vaporized=""/>
    <tripinfo id="93" depart="86.20" departLane="wc_0" departPos="5.10" departSpeed="1.11" departDelay="23.20" arrival="215.00" arrivalLane="ce_0" arrivalPos="192.80" arrivalSpeed="10.00" duration="128.80" routeLength="394.90" waitingTime="6.20" waitingCount="54" stopTime="0.00" timeLoss="89.25" rerouteNo="0" devices="tripinfo_93" vType="typeCar@93" speedFactor="1.00" vaporized=""/>
    <tripinfo id="95" depart="98.60" departLane="wc_0" departPos="5.10" departSpeed="2.73" departDelay="33.60" arrival="217.50" arrivalLane="ce_0" arrivalPos="192.80" arrivalSpeed="10.00" duration="118.90" routeLength="394.90" waitingTime="4.10" waitingCount="41" stopTime="0.00" timeLoss="79.38" rerouteNo="0" devices="tripinfo_95" vType="typeCar@95" speedFactor="1.00" vaporized=""/>
    <tripinfo id="84" depart="100.30" departLane="nc_0" departPos="5.10" departSpeed="4.81" departDelay="44.30" arrival="220.10" arrivalLane="cs_0" arrivalPos="192.80" arrivalSpeed="10.00" duration="119.80" routeLength="394.90" waitingTime="4.50" waitingCount="45" stopTime="0.00" timeLoss="80.27" rerouteNo="0" devices="tripinfo_84" vType="typeCar@84" speedFactor="1.00" vaporized=""/>
    <tripinfo id="85" depart="102.50" departLane="nc_0" departPos="5.10" departSpeed="0.21" departDelay="45.50" arrival="221.10" arrivalLane="cs_0" arrivalPos="192.80" arrivalSpeed="10.00" duration="118.60" routeLength="394.90" waitingTime="5.70" waitingCount="46" stopTime="0.00" timeLoss="79.10" rerouteNo="0" devices="tripinfo_85" vType="typeCar@85" speedFactor="1.00" vaporized=""/>
    <tripinfo id="87" depart="107.90" departLane="nc_0" departPos="5.10" departSpeed="5.54" departDelay="49.90" arrival="229.00" arrivalLane="cs_0" arrivalPos="192.80" arrivalSpeed="10.00" duration="121.10" routeLength="394.90" waitingTime="4.30" waitingCount="43" stopTime="0.00" timeLoss="81.62" rerouteNo="0" devices="tripinfo_87" vType="typeCar@87" speedFactor="1.00" vaporized=""/>
    <tripinfo id="88" depart="109.00" departLane="nc_0" departPos="5.10" departSpeed="4.84" departDelay="50.00" arrival="229.90" arrivalLane="cs_0" arrivalPos="192.80" arrivalSpeed="10.00" duration="120.90" routeLength="394.90" waitingTime="5.20" waitingCount="52" stopTime="0.00" timeLoss="81.38" rerouteNo="0" devices="tripinfo_88" vType="typeCar@88" speedFactor="1.00" vaporized=""/>
    <tripinfo id="97" depart="102.30" departLane="wc_0" departPos="5.10" departSpeed="5.03" departDelay="35.30" arrival="231.60" arrivalLane="ce_0" arrivalPos="192.80" arrivalSpeed="10.00" duration="129.30" routeLength="394.90" waitingTime="4.30" waitingCount="43" stopTime="0.00" timeLoss="89.75" rerouteNo="0" devices="tripinfo_97" vType="typeCar@97" speedFactor="1.00" vaporized=""/>
    <tripinfo id="99" depart="103.60" departLane="wc_0" departPos="5.10" departSpeed="6.53" departDelay="35.60" arrival="232.60" arrivalLane="ce_0" arrivalPos="192.80" arrivalSpeed="10.00" duration="129.00" routeLength="394.90" waitingTime="4.70" waitingCount="47" stopTime="0.00" timeLoss="89.44" rerouteNo="0" devices="tripinfo_99" vType="typeCar@99" speedFactor="1.00" vaporized=""/>
    <tripinfo id="89" depart="117.00" departLane="nc_0" departPos="5.10" departSpeed="0.04" departDelay="57.00" arrival="234.10" arrivalLane="cs_0" arrivalPos="192.80" arrivalSpeed="10.00" duration="117.10" routeLength="394.90" waitingTime="5.70" waitingCount="44" stopTime="0.00" timeLoss="77.56" rerouteNo="0" devices="tripinfo_89" vType="typeCar@89" speedFactor="1.00" vaporized=""/>
    <tripinfo id="90" depart="122.10" departLane="nc_0" departPos="5.10" departSpeed="5.80" departDelay="61.10" arrival="235.10" arrivalLane="cs_0" arrivalPos="192.80" arrivalSpeed="10.00" duration="113.00" routeLength="394.90" waitingTime="5.10" waitingCount="51" stopTime="0.00" timeLoss="73.50" rerouteNo="0" devices="tripinfo_90" vType="typeCar@90" speedFactor="1.00" vaporized=""/>
    <tripinfo id="102" depart="104.60" departLane="wc_0" departPos="5.10" departSpeed="4.73" departDelay="34.60" arrival="236.60" arrivalLane="ce_0" arrivalPos="192.80" arrivalSpeed="10.00" duration="132.00" routeLength="394.90" waitingTime="5.20" waitingCount="52" stopTime="0.00" timeLoss="92.48" rerouteNo="0" devices="tripinfo_102" vType="typeCar@102" speedFactor="1.00" vaporized=""/>
    <tripinfo id="92" depart="123.20" departLane="nc_0" departPos="5.10" departSpeed="6.70" departDelay="61.20" arrival="239.20" arrivalLane="cs_0" arrivalPos="192.80" arrivalSpeed="10.00" duration="116.00" routeLength="394.90" waitingTime="5.00" waitingCount="50" stopTime="0.00" timeLoss="76.49" rerouteNo="0" devices="tripinfo_92" vType="typeCar@92" speedFactor="1.00" vaporized=""/>
    <tripinfo id="94" depart="125.00" departLane="nc_0" departPos="5.10" departSpeed="0.10" departDelay="61.00" arrival="240.20" arrivalLane="cs_0" arrivalPos="192.80" arrivalSpeed="10.00" duration="115.20" routeLength="394.90" waitingTime="6.10" waitingCount="51" stopTime="0.00" timeLoss="75.63" rerouteNo="0" devices="tripinfo_94" vType="typeCar@94" speedFactor="1.00" vaporized=""/>
    <tripinfo id="104" depart="113.50" departLane="wc_0" departPos="5.10" departSpeed="0.23" departDelay="42.50" arrival="241.90" arrivalLane="ce_0" arrivalPos="192.80" arrivalSpeed="10.00" duration="128.40" routeLength="394.90" waitingTime="5.40" waitingCount="43" stopTime="0.00" timeLoss="88.83" rerouteNo="0" devices="tripinfo_104" vType="typeCar@104" speedFactor="1.00" vaporized=""/>
    <tripinfo id="106" depart="119.60" departLane="wc_0" departPos="5.10" departSpeed="5.36" departDelay="47.60" arrival="243.90" arrivalLane="ce_0" arrivalPos="192.80" arrivalSpeed="10.00" duration="124.30" routeLength="394.90" waitingTime="4.00" waitingCount="40" stopTime="0.00" timeLoss="84.75" rerouteNo="0" devices="tripinfo_106" vType="typeCar@106" speedFactor="1.00" vaporized=""/>
    <tripinfo id="96" depart="138.20" departLane="nc_0" departPos="5.10" departSpeed="3.30" departDelay="73.20" arrival="250.60" arrivalLane="cs_0" arrivalPos="192.80" arrivalSpeed="10.00" duration="112.40" routeLength="394.90" waitingTime="3.80" waitingCount="38" stopTime="0.00" timeLoss="72.92" rerouteNo="0" devices="tripinfo_96" vType="typeCar@96" speedFactor="1.00" vaporized=""/>
    <tripinfo id="98" depart="140.10" departLane="nc_0" departPos="5.10" departSpeed="5.00" departDelay="73.10" arrival="251.60" arrivalLane="cs_0" arrivalPos="192.80" arrivalSpeed="10.00" duration="111.50" routeLength="394.90" waitingTime="3.70" waitingCount="37" stopTime="0.00" timeLoss="71.98" rerouteNo="0" devices="tripinfo_98" vType="typeCar@98" speedFactor="1.00" vaporized=""/>
    <tripinfo id="100" depart="142.80" departLane="nc_0" departPos="5.10" departSpeed="4.30" departDelay="74.80" arrival="252.60" arrivalLane="cs_0" arrivalPos="192.80" arrivalSpeed="10.00" duration="109.80" routeLength="394.90" waitingTime="4.30" waitingCount="43" stopTime="0.00" timeLoss="70.31" rerouteNo="0" devices="tripinfo_100" vType="typeCar@100" speedFactor="1.00" vaporized=""/>
    <tripinfo id="101" depart="148.80" departLane="nc_0" departPos="5.10" departSpeed="3.90" departDelay="79.80" arrival="254.60" arrivalLane="cs_0" arrivalPos="192.80" arrivalSpeed="10.00" duration="105.80" routeLength="394.90" waitingTime="3.80" waitingCount="38" stopTime="0.00" timeLoss="66.33" rerouteNo="0" devices="tripinfo_101" vType="typeCar@101" speedFactor="1.00" vaporized=""/>
    <tripinfo id="103" depart="155.00" departLane="nc_0" departPos="5.10" departSpeed="4.10" departDelay="85.00" arrival="255.50" arrivalLane="cs_0" arrivalPos="192.80" arrivalSpeed="10.00" duration="100.50" routeLength="394.90" waitingTime="3.60" waitingCount="36" stopTime="0.00" timeLoss="61.03" rerouteNo="0" devices="tripinfo_103" vType="typeCar@103" speedFactor="1.00" vaporized=""/>
    <tripinfo id="105" depart="156.50" departLane="nc_0" departPos="5.10" departSpeed="3.80" departDelay="85.50" arrival="256.60" arrivalLane="cs_0" arrivalPos="192.80" arrivalSpeed="10.00" duration="100.10" routeLength="394.90" waitingTime="4.00" waitingCount="40" stopTime="0.00" timeLoss="60.56" rerouteNo="0" devices="tripinfo_105" vType="typeCar@105" speedFactor="1.00" vaporized=""/>
    <tripinfo id="107" depart="165.50" departLane="nc_0" departPos="5.10" departSpeed="2.80" departDelay="93.50" arrival="258.30" arrivalLane="cs_0" arrivalPos="192.80" arrivalSpeed="10.00" duration="92.80" routeLength="394.90" waitingTime="3.20" waitingCount="32" stopTime="0.00" timeLoss="53.33" rerouteNo="0" devices="tripinfo_107" vType="typeCar@107" speedFactor="1.00" vaporized=""/>
    <tripinfo id="109" depart="170.10" departLane="nc_0" departPos="5.10" departSpeed="4.60" departDelay="97.10" arrival="260.00" arrivalLane="cs_0" arrivalPos="192.80" arrivalSpeed="10.00" duration="89.90" routeLength="394.90" waitingTime="3.00" waitingCount="30" stopTime="0.00" timeLoss="50.44" rerouteNo="0" devices="tripinfo_109" vType="typeCar@109" speedFactor="1.00" vaporized=""/>
    <tripinfo id="111" depart="174.50" departLane="nc_0" departPos="5.10" departSpeed="0.20" departDelay="100.50" arrival="261.00" arrivalLane="cs_0" arrivalPos="192.80" arrivalSpeed="10.00" duration="86.50" routeLength="394.90" waitingTime="3.50" waitingCount="31" stopTime="0.00" timeLoss="47.02" rerouteNo="0" devices="tripinfo_111" vType="typeCar@111" speedFactor="1.00" vaporized=""/>
    <tripinfo id="112" depart="177.50" departLane="nc_0" departPos="5.10" departSpeed="3.50" departDelay="102.50" arrival="262.10" arrivalLane="cs_0" arrivalPos="192.80" arrivalSpeed="10.00" duration="84.60" routeLength="394.90" waitingTime="3.00" waitingCount="30" stopTime="0.00" timeLoss="45.11" rerouteNo="0" devices="tripinfo_112" vType="typeCar@112" speedFactor="1.00" vaporized=""/>
    <tripinfo id="114" depart="183.90" departLane="nc_0" departPos="5.10" departSpeed="4.25" departDelay="107.90" arrival="263.20" arrivalLane="cs_0" arrivalPos="192.80" arrivalSpeed="10.00" duration="79.30" routeLength="394.90" waitingTime="2.50" waitingCount="25" stopTime="0.00" timeLoss="39.77" rerouteNo="0" devices="tripinfo_114" vType="typeCar@114" speedFactor="1.00" vaporized=""/>
    <tripinfo id="116" depart="187.70" departLane="nc_0" departPos="5.10" departSpeed="4.45" departDelay="110.70" arrival="264.20" arrivalLane="cs_0" arrivalPos="192.80" arrivalSpeed="10.00" duration="76.50" routeLength="394.90" waitingTime="2.60" waitingCount="26" stopTime="0.00" timeLoss="37.00" rerouteNo="0" devices="tripinfo_116" vType="typeCar@116" speedFactor="1.00" vaporized=""/>
    <tripinfo id="108" depart="120.90" departLane="wc_0" departPos="5.10" departSpeed="6.86" departDelay="47.90" arrival="266.00" arrivalLane="ce_0" arrivalPos="192.80" arrivalSpeed="10.00" duration="145.10" routeLength="394.90" waitingTime="4.20" waitingCount="42" stopTime="0.00" timeLoss="105.63" rerouteNo="0" devices="tripinfo_108" vType="typeCar@108" speedFactor="1.00" vaporized=""/>
    <tripinfo id="118" depart="189.20" departLane="nc_0" departPos="5.10" departSpeed="2.55" departDelay="111.20" arrival="268.40" arrivalLane="cs_0" arrivalPos="192.80" arrivalSpeed="10.00" duration="79.20" routeLength="394.90" waitingTime="2.70" waitingCount="27" stopTime="0.00" timeLoss="39.70" rerouteNo="0" devices="tripinfo_118" vType="typeCar@118" speedFactor="1.00" vaporized=""/>
    <tripinfo id="120" depart="196.50" departLane="nc_0" departPos="5.10" departSpeed="4.07" departDelay="117.50" arrival="269.40" arrivalLane="cs_0" arrivalPos="192.80" arrivalSpeed="10.00" duration="72.90" routeLength="394.90" waitingTime="2.10" waitingCount="21" stopTime="0.00" timeLoss="33.42" rerouteNo="0" devices="tripinfo_120" vType="typeCar@120" speedFactor="1.00" vaporized=""/>
    <tripinfo id="122" depart="198.00" departLane="nc_0" departPos="5.10" departSpeed="2.97" departDelay="118.00" arrival="271.90" arrivalLane="cs_0" arrivalPos="192.80" arrivalSpeed="10.00" duration="73.90" routeLength="394.90" waitingTime="2.10" waitingCount="21" stopTime="0.00" timeLoss="34.38" rerouteNo="0" devices="tripinfo_122" vType="typeCar@122" speedFactor="1.00" vaporized=""/>
    <tripinfo id="110" depart="122.70" departLane="wc_0" departPos="5.10" departSpeed="0.26" departDelay="48.70" arrival="274.40" arrivalLane="ce_0" arrivalPos="192.80" arrivalSpeed="10.00" duration="151.70" routeLength="394.90" waitingTime="11.60" waitingCount="57" stopTime="0.00" timeLoss="112.20" rerouteNo="0" devices="tripinfo_110" vType="typeCar@110" speedFactor="1.00" vaporized=""/>
    <tripinfo id="113" depart="136.10" departLane="wc_0" departPos="5.10" departSpeed="0.08" departDelay="60.10" arrival="275.30" arrivalLane="ce_0" arrivalPos="192.80" arrivalSpeed="10.00" duration="139.20" routeLength="394.90" waitingTime="5.00" waitingCount="38" stopTime="0.00" timeLoss="99.67" rerouteNo="0" devices="tripinfo_113" vType="typeCar@113" speedFactor="1.00" vaporized=""/>
    <tripinfo id="124" depart="202.20" departLane="nc_0" departPos="5.10" departSpeed="5.17" departDelay="120.20" arrival="276.80" arrivalLane="cs_0" arrivalPos="192.80" arrivalSpeed="10.00" duration="74.60" routeLength="394.90" waitingTime="1.80" waitingCount="18" stopTime="0.00" timeLoss="35.12" rerouteNo="0" devices="tripinfo_124" vType="typeCar@124" speedFactor="1.00" vaporized=""/>
    <tripinfo id="126" depart="203.50" departLane="nc_0" departPos="5.10" departSpeed="6.67" departDelay="120.50" arrival="277.80" arrivalLane="cs_0" arrivalPos="192.80" arrivalSpeed="10.00" duration="74.30" routeLength="394.90" waitingTime="2.10" waitingCount="21" stopTime="0.00" timeLoss="34.87" rerouteNo="0" devices="tripinfo_126" vType="typeCar@126" speedFactor="1.00" vaporized=""/>
    <tripinfo id="115" depart="140.10" departLane="wc_0" departPos="5.10" departSpeed="5.87" departDelay="63.10" arrival="279.40" arrivalLane="ce_0" arrivalPos="192.80" arrivalSpeed="10.00" duration="139.30" routeLength="394.90" waitingTime="4.50" waitingCount="45" stopTime="0.00" timeLoss="99.79" rerouteNo="0" devices="tripinfo_115" vType="typeCar@115" speedFactor="1.00" vaporized=""/>
    <tripinfo id="117" depart="141.20" departLane="wc_0" departPos="5.10" departSpeed="5.97" departDelay="63.20" arrival="280.40" arrivalLane="ce_0" arrivalPos="192.80" arrivalSpeed="10.00" duration="139.20" routeLength="394.90" waitingTime="4.20" waitingCount="42" stopTime="0.00" timeLoss="99.76" rerouteNo="0" devices="tripinfo_117" vType="typeCar@117" speedFactor="1.00" vaporized=""/>
    <tripinfo id="128" depart="204.50" departLane="nc_0" departPos="5.10" departSpeed="8.07" departDelay="120.50" arrival="282.10" arrivalLane="cs_0" arrivalPos="192.80" arrivalSpeed="10.00" duration="77.60" routeLength="394.90" waitingTime="2.20" waitingCount="22" stopTime="0.00" timeLoss="38.09" rerouteNo="0" devices="tripinfo_128" vType="typeCar@128" speedFactor="1.00" vaporized=""/>
    <tripinfo id="129" depart="205.40" departLane="nc_0" departPos="5.10" departSpeed="3.57" departDelay="120.40" arrival="283.20" arrivalLane="cs_0" arrivalPos="192.80" arrivalSpeed="10.00" duration="77.80" routeLength="394.90" waitingTime="2.60" waitingCount="26" stopTime="0.00" timeLoss="38.25" rerouteNo="0" devices="tripinfo_129" vType="typeCar@129" speedFactor="1.00" vaporized=""/>
    <tripinfo id="119" depart="145.40" departLane="wc_0" departPos="5.10" departSpeed="0.17" departDelay="66.40" arrival="284.70" arrivalLane="ce_0" arrivalPos="192.80" arrivalSpeed="10.00" duration="139.30" routeLength="394.90" waitingTime="5.60" waitingCount="48" stopTime="0.00" timeLoss="99.76" rerouteNo="0" devices="tripinfo_119" vType="typeCar@119" speedFactor="1.00" vaporized=""/>
    <tripinfo id="121" depart="152.10" departLane="wc_0" departPos="5.10" departSpeed="1.40" departDelay="72.10" arrival="285.80" arrivalLane="ce_0" arrivalPos="192.80" arrivalSpeed="10.00" duration="133.70" routeLength="394.90" waitingTime="5.50" waitingCount="52" stopTime="0.00" timeLoss="94.16" rerouteNo="0" devices="tripinfo_121" vType="typeCar@121" speedFactor="1.00" vaporized=""/>
    <tripinfo id="131" depart="215.50" departLane="nc_0" departPos="5.10" departSpeed="0.27" departDelay="129.50" arrival="287.30" arrivalLane="cs_0" arrivalPos="192.80" arrivalSpeed="10.00" duration="71.80" routeLength="394.90" waitingTime="2.70" waitingCount="16" stopTime="0.00" timeLoss="32.26" rerouteNo="0" devices="tripinfo_131" vType="typeCar@131" speedFactor="1.00" vaporized=""/>
    <tripinfo id="132" depart="221.70" departLane="nc_0" departPos="5.10" departSpeed="4.68" departDelay="134.70" arrival="288.40" arrivalLane="cs_0" arrivalPos="192.80" arrivalSpeed="10.00" duration="66.70" routeLength="394.90" waitingTime="1.00" waitingCount="10" stopTime="0.00" timeLoss="27.18" rerouteNo="0" devices="tripinfo_132" vType="typeCar@132" speedFactor="1.00" vaporized=""/>
    <tripinfo id="123" depart="158.20" departLane="wc_0" departPos="5.10" departSpeed="1.98" departDelay="77.20" arrival="290.00" arrivalLane="ce_0" arrivalPos="192.80" arrivalSpeed="10.00" duration="131.80" routeLength="394.90" waitingTime="5.00" waitingCount="50" stopTime="0.00" timeLoss="92.27" rerouteNo="0" devices="tripinfo_123" vType="typeCar@123" speedFactor="1.00" vaporized=""/>
    <tripinfo id="125" depart="164.60" departLane="wc_0" departPos="5.10" departSpeed="1.98" departDelay="81.60" arrival="291.10" arrivalLane="ce_0" arrivalPos="192.80" arrivalSpeed="10.00" duration="126.50" routeLength="394.90" waitingTime="4.80" waitingCount="48" stopTime="0.00" timeLoss="86.94" rerouteNo="0" devices="tripinfo_125" vType="typeCar@125" speedFactor="1.00" vaporized=""/>
    <tripinfo id="134" depart="223.10" departLane="nc_0" departPos="5.10" departSpeed="6.48" departDelay="135.10" arrival="292.60" arrivalLane="cs_0" arrivalPos="192.80" arrivalSpeed="10.00" duration="69.50" routeLength="394.90" waitingTime="1.00" waitingCount="10" stopTime="0.00" timeLoss="29.97" rerouteNo="0" devices="tripinfo_134" vType="typeCar@134" speedFactor="1.00" vaporized=""/>
    <tripinfo id="136" depart="224.10" departLane="nc_0" departPos="5.10" departSpeed="7.88" departDelay="135.10" arrival="293.60" arrivalLane="cs_0" arrivalPos="192.80" arrivalSpeed="10.00" duration="69.50" routeLength="394.90" waitingTime="1.30" waitingCount="13" stopTime="0.00" timeLoss="29.97" rerouteNo="0" devices="tripinfo_136" vType="typeCar@136" speedFactor="1.00" vaporized=""/>
    <tripinfo id="127" depart="168.70" departLane="wc_0" departPos="5.10" departSpeed="5.48" departDelay="84.70" arrival="295.20" arrivalLane="ce_0" arrivalPos="192.80" arrivalSpeed="10.00" duration="126.50" routeLength="394.90" waitingTime="5.20" waitingCount="52" stopTime="0.00" timeLoss="87.00" rerouteNo="0" devices="tripinfo_127" vType="typeCar@127" speedFactor="1.00" vaporized=""/>
    <tripinfo id="130" depart="169.90" departLane="wc_0" departPos="5.10" departSpeed="2.68" departDelay="83.90" arrival="296.20" arrivalLane="ce_0" arrivalPos="192.80" arrivalSpeed="10.00" duration="126.30" routeLength="394.90" waitingTime="5.90" waitingCount="59" stopTime="0.00" timeLoss="86.82" rerouteNo="0" devices="tripinfo_130" vType="typeCar@130" speedFactor="1.00" vaporized=""/>
    <tripinfo id="137" depart="225.20" departLane="nc_0" departPos="5.10" departSpeed="2.38" departDelay="135.20" arrival="297.80" arrivalLane="cs_0" arrivalPos="192.80" arrivalSpeed="10.00" duration="72.60" routeLength="394.90" waitingTime="2.00" waitingCount="20" stopTime="0.00" timeLoss="33.06" rerouteNo="0" devices="tripinfo_137" vType="typeCar@137" speedFactor="1.00" vaporized=""/>
    <tripinfo id="138" depart="232.30" departLane="nc_0" departPos="5.10" departSpeed="0.91" departDelay="141.30" arrival="299.00" arrivalLane="cs_0" arrivalPos="192.80" arrivalSpeed="10.00" duration="66.70" routeLength="394.90" waitingTime="1.60" waitingCount="10" stopTime="0.00" timeLoss="27.15" rerouteNo="0" devices="tripinfo_138" vType="typeCar@138" speedFactor="1.00" vaporized=""/>
    <tripinfo id="133" depart="178.90" departLane="wc_0" departPos="5.10" departSpeed="3.71" departDelay="90.90" arrival="300.50" arrivalLane="ce_0" arrivalPos="192.80" arrivalSpeed="10.00" duration="121.60" routeLength="394.90" waitingTime="5.00" waitingCount="50" stopTime="0.00" timeLoss="82.08" rerouteNo="0" devices="tripinfo_133" vType="typeCar@133" speedFactor="1.00" vaporized=""/>
    <tripinfo id="135" depart="183.00" departLane="wc_0" departPos="5.10" departSpeed="1.61" departDelay="94.00" arrival="301.50" arrivalLane="ce_0" arrivalPos="192.80" arrivalSpeed="10.00" duration="118.50" routeLength="394.90" waitingTime="5.00" waitingCount="50" stopTime="0.00" timeLoss="78.99" rerouteNo="0" devices="tripinfo_135" vType="typeCar@135" speedFactor="1.00" vaporized=""/>
    <tripinfo id="140" depart="235.90" departLane="nc_0" departPos="5.10" departSpeed="6.00" departDelay="143.90" arrival="303.10" arrivalLane="cs_0" arrivalPos="192.80" arrivalSpeed="10.00" duration="67.20" routeLength="394.90" waitingTime="1.00" waitingCount="10" stopTime="0.00" timeLoss="27.68" rerouteNo="0" devices="tripinfo_140" vType="typeCar@140" speedFactor="1.00" vaporized=""/>
    <tripinfo id="141" depart="236.90" departLane="nc_0" departPos="5.10" departSpeed="7.40" departDelay="143.90" arrival="304.10" arrivalLane="cs_0" arrivalPos="192.80" arrivalSpeed="10.00" duration="67.20" routeLength="394.90" waitingTime="1.20" waitingCount="12" stopTime="0.00" timeLoss="27.67" rerouteNo="0" devices="tripinfo_141" vType="typeCar@141" speedFactor="1.00" vaporized=""/>
    <tripinfo id="139" depart="189.20" departLane="wc_0" departPos="5.10" departSpeed="4.62" departDelay="97.20" arrival="305.70" arrivalLane="ce_0" arrivalPos="192.80" arrivalSpeed="10.00" duration="116.50" routeLength="394.90" waitingTime="5.30" waitingCount="53" stopTime="0.00" timeLoss="76.99" rerouteNo="0" devices="tripinfo_139" vType="typeCar@139" speedFactor="1.00" vaporized=""/>
    <tripinfo id="142" depart="193.10" departLane="wc_0" departPos="5.10" departSpeed="2.72" departDelay="99.10" arrival="306.80" arrivalLane="ce_0" arrivalPos="192.80" arrivalSpeed="10.00" duration="113.70" routeLength="394.90" waitingTime="5.00" waitingCount="50" stopTime="0.00" timeLoss="74.14" rerouteNo="0" devices="tripinfo_142" vType="typeCar@142" speedFactor="1.00" vaporized=""/>
    <tripinfo id="143" depart="237.80" departLane="nc_0" departPos="5.10" departSpeed="8.50" departDelay="143.80" arrival="308.30" arrivalLane="cs_0" arrivalPos="192.80" arrivalSpeed="10.00" duration="70.50" routeLength="394.90" waitingTime="1.20" waitingCount="12" stopTime="0.00" timeLoss="30.98" rerouteNo="0" devices="tripinfo_143" vType="typeCar@143" speedFactor="1.00" vaporized=""/>
    <tripinfo id="145" depart="238.60" departLane="nc_0" departPos="5.10" departSpeed="9.30" departDelay="143.60" arrival="309.40" arrivalLane="cs_0" arrivalPos="192.80" arrivalSpeed="10.00" duration="70.80" routeLength="394.90" waitingTime="1.20" waitingCount="12" stopTime="0.00" timeLoss="31.35" rerouteNo="0" devices="tripinfo_145" vType="typeCar@145" speedFactor="1.00" vaporized=""/>
    <tripinfo id="144" depart="195.60" departLane="wc_0" departPos="5.10" departSpeed="0.62" departDelay="100.60" arrival="310.90" arrivalLane="ce_0" arrivalPos="192.80" arrivalSpeed="10.00" duration="115.30" routeLength="394.90" waitingTime="5.70" waitingCount="54" stopTime="0.00" timeLoss="75.82" rerouteNo="0" devices="tripinfo_144" vType="typeCar@144" speedFactor="1.00" vaporized=""/>
    <tripinfo id="146" depart="200.40" departLane="wc_0" departPos="5.10" departSpeed="5.70" departDelay="104.40" arrival="312.00" arrivalLane="ce_0" arrivalPos="192.80" arrivalSpeed="10.00" duration="111.60" routeLength="394.90" waitingTime="5.80" waitingCount="58" stopTime="0.00" timeLoss="72.10" rerouteNo="0" devices="tripinfo_146" vType="typeCar@146" speedFactor="1.00" vaporized=""/>
    <tripinfo id="148" depart="239.50" departLane="nc_0" departPos="5.10" departSpeed="4.80" departDelay="142.50" arrival="313.60" arrivalLane="cs_0" arrivalPos="192.80" arrivalSpeed="10.00" duration="74.10" routeLength="394.90" waitingTime="1.20" waitingCount="12" stopTime="0.00" timeLoss="34.59" rerouteNo="0" devices="tripinfo_148" vType="typeCar@148" speedFactor="1.00" vaporized=""/>
    <tripinfo id="150" depart="245.60" departLane="nc_0" departPos="5.10" departSpeed="3.10" departDelay="147.60" arrival="314.70" arrivalLane="cs_0" arrivalPos="192.80" arrivalSpeed="10.00" duration="69.10" routeLength="394.90" waitingTime="0.60" waitingCount="6" stopTime="0.00" timeLoss="29.54" rerouteNo="0" devices="tripinfo_150" vType="typeCar@150" speedFactor="1.00" vaporized=""/>
    <tripinfo id="147" depart="201.50" departLane="wc_0" departPos="5.10" departSpeed="5.00" departDelay="104.50" arrival="316.20" arrivalLane="ce_0" arrivalPos="192.80" arrivalSpeed="10.00" duration="114.70" routeLength="394.90" waitingTime="5.70" waitingCount="57" stopTime="0.00" timeLoss="75.21" rerouteNo="0" devices="tripinfo_147" vType="typeCar@147" speedFactor="1.00" vaporized=""/>
    <tripinfo id="149" depart="207.60" departLane="wc_0" departPos="5.10" departSpeed="0.10" departDelay="109.60" arrival="317.40" arrivalLane="ce_0" arrivalPos="192.80" arrivalSpeed="10.00" duration="109.80" routeLength="394.90" waitingTime="6.30" waitingCount="53" stopTime="0.00" timeLoss="70.26" rerouteNo="0" devices="tripinfo_149" vType="typeCar@149" speedFactor="1.00" vaporized=""/>
    <tripinfo id="151" depart="247.50" departLane="nc_0" departPos="5.10" departSpeed="5.60" departDelay="148.50" arrival="318.90" arrivalLane="cs_0" arrivalPos="192.80" arrivalSpeed="10.00" duration="71.40" routeLength="394.90" waitingTime="0.60" waitingCount="6" stopTime="0.00" timeLoss="31.90" rerouteNo="0" devices="tripinfo_151" vType="typeCar@151" speedFactor="1.00" vaporized=""/>
</tripinfos>
