<?xml version="1.0" encoding="UTF-8"?>

<!-- generated on 2022-11-30 12:29:42 by Eclipse SUMO sumo Version 1.14.1
<configuration xmlns:xsi="http://www.w3.org/2001/XMLSchema-instance" xsi:noNamespaceSchemaLocation="http://sumo.dlr.de/xsd/sumoConfiguration.xsd">

    <input>
        <net-file value="net.net.xml"/>
        <route-files value="routes.rou.xml"/>
    </input>

    <output>
        <tripinfo-output value="raw_data/(9,9,0)tripinfo.xml"/>
    </output>

    <time>
        <begin value="0"/>
        <step-length value="0.1"/>
    </time>

    <processing>
        <extrapolate-departpos value="true"/>
        <route-steps value="0"/>
        <ignore-route-errors value="true"/>
        <collision.action value="warn"/>
        <collision.stoptime value="1"/>
        <collision.mingap-factor value="0.1"/>
    </processing>

    <report>
        <verbose value="false"/>
        <log value="log.txt"/>
        <duration-log.statistics value="true"/>
        <no-step-log value="true"/>
    </report>

    <traci_server>
        <remote-port value="64012"/>
    </traci_server>

    <gui_only>
        <quit-on-end value="true"/>
        <start value="true"/>
    </gui_only>

</configuration>
-->

<tripinfos xmlns:xsi="http://www.w3.org/2001/XMLSchema-instance" xsi:noNamespaceSchemaLocation="http://sumo.dlr.de/xsd/tripinfo_file.xsd">
    <tripinfo id="0" depart="0.00" departLane="wc_0" departPos="5.10" departSpeed="10.00" departDelay="0.00" arrival="39.50" arrivalLane="ce_0" arrivalPos="192.80" arrivalSpeed="10.00" duration="39.50" routeLength="394.90" waitingTime="0.00" waitingCount="0" stopTime="0.00" timeLoss="0.00" rerouteNo="0" devices="tripinfo_0" vType="typeCar@0" speedFactor="1.00" vaporized=""/>
    <tripinfo id="1" depart="0.00" departLane="nc_0" departPos="5.10" departSpeed="10.00" departDelay="0.00" arrival="41.00" arrivalLane="cs_0" arrivalPos="192.80" arrivalSpeed="10.00" duration="41.00" routeLength="394.90" waitingTime="0.00" waitingCount="0" stopTime="0.00" timeLoss="1.50" rerouteNo="0" devices="tripinfo_1" vType="typeCar@1" speedFactor="1.00" vaporized=""/>
    <tripinfo id="3" depart="1.00" departLane="nc_0" departPos="5.10" departSpeed="10.00" departDelay="0.00" arrival="42.40" arrivalLane="cs_0" arrivalPos="192.80" arrivalSpeed="10.00" duration="41.40" routeLength="394.90" waitingTime="0.00" waitingCount="0" stopTime="0.00" timeLoss="1.83" rerouteNo="0" devices="tripinfo_3" vType="typeCar@3" speedFactor="1.00" vaporized=""/>
    <tripinfo id="2" depart="1.00" departLane="wc_0" departPos="5.10" departSpeed="10.00" departDelay="0.00" arrival="47.60" arrivalLane="ce_0" arrivalPos="192.80" arrivalSpeed="10.00" duration="46.60" routeLength="394.90" waitingTime="0.00" waitingCount="0" stopTime="0.00" timeLoss="7.11" rerouteNo="0" devices="tripinfo_2" vType="typeCar@2" speedFactor="1.00" vaporized=""/>
    <tripinfo id="4" depart="2.00" departLane="wc_0" departPos="5.10" departSpeed="10.00" departDelay="0.00" arrival="48.60" arrivalLane="ce_0" arrivalPos="192.80" arrivalSpeed="10.00" duration="46.60" routeLength="394.90" waitingTime="0.00" waitingCount="0" stopTime="0.00" timeLoss="7.06" rerouteNo="0" devices="tripinfo_4" vType="typeCar@4" speedFactor="1.00" vaporized=""/>
    <tripinfo id="5" depart="2.00" departLane="nc_0" departPos="5.10" departSpeed="10.00" departDelay="0.00" arrival="50.20" arrivalLane="cs_0" arrivalPos="192.80" arrivalSpeed="10.00" duration="48.20" routeLength="394.90" waitingTime="0.00" waitingCount="0" stopTime="0.00" timeLoss="8.66" rerouteNo="0" devices="tripinfo_5" vType="typeCar@5" speedFactor="1.00" vaporized=""/>
    <tripinfo id="7" depart="3.00" departLane="nc_0" departPos="5.10" departSpeed="10.00" departDelay="0.00" arrival="51.20" arrivalLane="cs_0" arrivalPos="192.80" arrivalSpeed="10.00" duration="48.20" routeLength="394.90" waitingTime="0.00" waitingCount="0" stopTime="0.00" timeLoss="8.72" rerouteNo="0" devices="tripinfo_7" vType="typeCar@7" speedFactor="1.00" vaporized=""/>
    <tripinfo id="6" depart="3.00" departLane="wc_0" departPos="5.10" departSpeed="10.00" departDelay="0.00" arrival="52.80" arrivalLane="ce_0" arrivalPos="192.80" arrivalSpeed="10.00" duration="49.80" routeLength="394.90" waitingTime="0.00" waitingCount="0" stopTime="0.00" timeLoss="10.27" rerouteNo="0" devices="tripinfo_6" vType="typeCar@6" speedFactor="1.00" vaporized=""/>
    <tripinfo id="8" depart="4.00" departLane="wc_0" departPos="5.10" departSpeed="10.00" departDelay="0.00" arrival="53.80" arrivalLane="ce_0" arrivalPos="192.80" arrivalSpeed="10.00" duration="49.80" routeLength="394.90" waitingTime="0.10" waitingCount="1" stopTime="0.00" timeLoss="10.31" rerouteNo="0" devices="tripinfo_8" vType="typeCar@8" speedFactor="1.00" vaporized=""/>
    <tripinfo id="9" depart="4.00" departLane="nc_0" departPos="5.10" departSpeed="10.00" departDelay="0.00" arrival="55.40" arrivalLane="cs_0" arrivalPos="192.80" arrivalSpeed="10.00" duration="51.40" routeLength="394.90" waitingTime="0.10" waitingCount="1" stopTime="0.00" timeLoss="11.86" rerouteNo="0" devices="tripinfo_9" vType="typeCar@9" speedFactor="1.00" vaporized=""/>
    <tripinfo id="11" depart="5.00" departLane="nc_0" departPos="5.10" departSpeed="10.00" departDelay="0.00" arrival="56.40" arrivalLane="cs_0" arrivalPos="192.80" arrivalSpeed="10.00" duration="51.40" routeLength="394.90" waitingTime="0.30" waitingCount="3" stopTime="0.00" timeLoss="11.86" rerouteNo="0" devices="tripinfo_11" vType="typeCar@11" speedFactor="1.00" vaporized=""/>
    <tripinfo id="10" depart="5.00" departLane="wc_0" departPos="5.10" departSpeed="10.00" departDelay="0.00" arrival="57.90" arrivalLane="ce_0" arrivalPos="192.80" arrivalSpeed="10.00" duration="52.90" routeLength="394.90" waitingTime="0.10" waitingCount="1" stopTime="0.00" timeLoss="13.41" rerouteNo="0" devices="tripinfo_10" vType="typeCar@10" speedFactor="1.00" vaporized=""/>
    <tripinfo id="12" depart="6.00" departLane="wc_0" departPos="5.10" departSpeed="10.00" departDelay="0.00" arrival="59.10" arrivalLane="ce_0" arrivalPos="192.80" arrivalSpeed="10.00" duration="53.10" routeLength="394.90" waitingTime="0.20" waitingCount="2" stopTime="0.00" timeLoss="13.58" rerouteNo="0" devices="tripinfo_12" vType="typeCar@12" speedFactor="1.00" vaporized=""/>
    <tripinfo id="13" depart="6.00" departLane="nc_0" departPos="5.10" departSpeed="10.00" departDelay="0.00" arrival="61.30" arrivalLane="cs_0" arrivalPos="192.80" arrivalSpeed="10.00" duration="55.30" routeLength="394.90" waitingTime="0.40" waitingCount="4" stopTime="0.00" timeLoss="15.80" rerouteNo="0" devices="tripinfo_13" vType="typeCar@13" speedFactor="1.00" vaporized=""/>
    <tripinfo id="15" depart="7.00" departLane="nc_0" departPos="5.10" departSpeed="10.00" departDelay="0.00" arrival="62.40" arrivalLane="cs_0" arrivalPos="192.80" arrivalSpeed="10.00" duration="55.40" routeLength="394.90" waitingTime="0.60" waitingCount="6" stopTime="0.00" timeLoss="15.83" rerouteNo="0" devices="tripinfo_15" vType="typeCar@15" speedFactor="1.00" vaporized=""/>
    <tripinfo id="17" depart="8.00" departLane="nc_0" departPos="5.10" departSpeed="10.00" departDelay="0.00" arrival="63.90" arrivalLane="cs_0" arrivalPos="192.80" arrivalSpeed="10.00" duration="55.90" routeLength="394.90" waitingTime="0.70" waitingCount="7" stopTime="0.00" timeLoss="16.37" rerouteNo="0" devices="tripinfo_17" vType="typeCar@17" speedFactor="1.00" vaporized=""/>
    <tripinfo id="14" depart="7.00" departLane="wc_0" departPos="5.10" departSpeed="10.00" departDelay="0.00" arrival="70.50" arrivalLane="ce_0" arrivalPos="192.80" arrivalSpeed="10.00" duration="63.50" routeLength="394.90" waitingTime="0.20" waitingCount="2" stopTime="0.00" timeLoss="23.92" rerouteNo="0" devices="tripinfo_14" vType="typeCar@14" speedFactor="1.00" vaporized=""/>
    <tripinfo id="16" depart="8.00" departLane="wc_0" departPos="5.10" departSpeed="10.00" departDelay="0.00" arrival="71.30" arrivalLane="ce_0" arrivalPos="192.80" arrivalSpeed="10.00" duration="63.30" routeLength="394.90" waitingTime="0.50" waitingCount="5" stopTime="0.00" timeLoss="23.77" rerouteNo="0" devices="tripinfo_16" vType="typeCar@16" speedFactor="1.00" vaporized=""/>
    <tripinfo id="18" depart="9.00" departLane="wc_0" departPos="5.10" departSpeed="10.00" departDelay="0.00" arrival="72.30" arrivalLane="ce_0" arrivalPos="192.80" arrivalSpeed="10.00" duration="63.30" routeLength="394.90" waitingTime="0.60" waitingCount="6" stopTime="0.00" timeLoss="23.78" rerouteNo="0" devices="tripinfo_18" vType="typeCar@18" speedFactor="1.00" vaporized=""/>
    <tripinfo id="19" depart="9.00" departLane="nc_0" departPos="5.10" departSpeed="10.00" departDelay="0.00" arrival="73.80" arrivalLane="cs_0" arrivalPos="192.80" arrivalSpeed="10.00" duration="64.80" routeLength="394.90" waitingTime="1.00" waitingCount="10" stopTime="0.00" timeLoss="25.29" rerouteNo="0" devices="tripinfo_19" vType="typeCar@19" speedFactor="1.00" vaporized=""/>
    <tripinfo id="21" depart="10.00" departLane="nc_0" departPos="5.10" departSpeed="10.00" departDelay="0.00" arrival="74.90" arrivalLane="cs_0" arrivalPos="192.80" arrivalSpeed="10.00" duration="64.90" routeLength="394.90" waitingTime="1.20" waitingCount="12" stopTime="0.00" timeLoss="25.33" rerouteNo="0" devices="tripinfo_21" vType="typeCar@21" speedFactor="1.00" vaporized=""/>
    <tripinfo id="20" depart="10.00" departLane="wc_0" departPos="5.10" departSpeed="10.00" departDelay="0.00" arrival="76.40" arrivalLane="ce_0" arrivalPos="192.80" arrivalSpeed="10.00" duration="66.40" routeLength="394.90" waitingTime="0.70" waitingCount="7" stopTime="0.00" timeLoss="26.90" rerouteNo="0" devices="tripinfo_20" vType="typeCar@20" speedFactor="1.00" vaporized=""/>
    <tripinfo id="23" depart="11.00" departLane="nc_0" departPos="5.10" departSpeed="10.00" departDelay="0.00" arrival="79.00" arrivalLane="cs_0" arrivalPos="192.80" arrivalSpeed="10.00" duration="68.00" routeLength="394.90" waitingTime="1.40" waitingCount="14" stopTime="0.00" timeLoss="28.47" rerouteNo="0" devices="tripinfo_23" vType="typeCar@23" speedFactor="1.00" vaporized=""/>
    <tripinfo id="22" depart="11.00" departLane="wc_0" departPos="5.10" departSpeed="10.00" departDelay="0.00" arrival="85.00" arrivalLane="ce_0" arrivalPos="192.80" arrivalSpeed="10.00" duration="74.00" routeLength="394.90" waitingTime="0.80" waitingCount="8" stopTime="0.00" timeLoss="34.49" rerouteNo="0" devices="tripinfo_22" vType="typeCar@22" speedFactor="1.00" vaporized=""/>
    <tripinfo id="24" depart="12.00" departLane="nc_0" departPos="5.10" departSpeed="10.00" departDelay="0.00" arrival="87.10" arrivalLane="cs_0" arrivalPos="192.80" arrivalSpeed="10.00" duration="75.10" routeLength="394.90" waitingTime="1.90" waitingCount="19" stopTime="0.00" timeLoss="35.58" rerouteNo="0" devices="tripinfo_24" vType="typeCar@24" speedFactor="1.00" vaporized=""/>
    <tripinfo id="26" depart="13.00" departLane="nc_0" departPos="5.10" departSpeed="10.00" departDelay="0.00" arrival="88.00" arrivalLane="cs_0" arrivalPos="192.80" arrivalSpeed="10.00" duration="75.00" routeLength="394.90" waitingTime="2.10" waitingCount="21" stopTime="0.00" timeLoss="35.47" rerouteNo="0" devices="tripinfo_26" vType="typeCar@26" speedFactor="1.00" vaporized=""/>
    <tripinfo id="25" depart="13.00" departLane="wc_0" departPos="5.10" departSpeed="10.00" departDelay="0.00" arrival="89.60" arrivalLane="ce_0" arrivalPos="192.80" arrivalSpeed="10.00" duration="76.60" routeLength="394.90" waitingTime="1.10" waitingCount="11" stopTime="0.00" timeLoss="37.07" rerouteNo="0" devices="tripinfo_25" vType="typeCar@25" speedFactor="1.00" vaporized=""/>
    <tripinfo id="27" depart="14.00" departLane="wc_0" departPos="5.10" departSpeed="10.00" departDelay="0.00" arrival="90.60" arrivalLane="ce_0" arrivalPos="192.80" arrivalSpeed="10.00" duration="76.60" routeLength="394.90" waitingTime="1.30" waitingCount="13" stopTime="0.00" timeLoss="37.11" rerouteNo="0" devices="tripinfo_27" vType="typeCar@27" speedFactor="1.00" vaporized=""/>
    <tripinfo id="29" depart="15.00" departLane="wc_0" departPos="5.10" departSpeed="10.00" departDelay="0.00" arrival="92.50" arrivalLane="ce_0" arrivalPos="192.80" arrivalSpeed="10.00" duration="77.50" routeLength="394.90" waitingTime="1.30" waitingCount="13" stopTime="0.00" timeLoss="37.93" rerouteNo="0" devices="tripinfo_29" vType="typeCar@29" speedFactor="1.00" vaporized=""/>
    <tripinfo id="28" depart="14.00" departLane="nc_0" departPos="5.10" departSpeed="10.00" departDelay="0.00" arrival="94.00" arrivalLane="cs_0" arrivalPos="192.80" arrivalSpeed="10.00" duration="80.00" routeLength="394.90" waitingTime="2.10" waitingCount="21" stopTime="0.00" timeLoss="40.46" rerouteNo="0" devices="tripinfo_28" vType="typeCar@28" speedFactor="1.00" vaporized=""/>
    <tripinfo id="30" depart="15.00" departLane="nc_0" departPos="5.10" departSpeed="10.00" departDelay="0.00" arrival="95.50" arrivalLane="cs_0" arrivalPos="192.80" arrivalSpeed="10.00" duration="80.50" routeLength="394.90" waitingTime="2.10" waitingCount="21" stopTime="0.00" timeLoss="41.01" rerouteNo="0" devices="tripinfo_30" vType="typeCar@30" speedFactor="1.00" vaporized=""/>
    <tripinfo id="33" depart="17.00" departLane="nc_0" departPos="5.10" departSpeed="10.00" departDelay="0.00" arrival="103.20" arrivalLane="cs_0" arrivalPos="192.80" arrivalSpeed="10.00" duration="86.20" routeLength="394.90" waitingTime="2.00" waitingCount="20" stopTime="0.00" timeLoss="46.68" rerouteNo="0" devices="tripinfo_33" vType="typeCar@33" speedFactor="1.00" vaporized=""/>
    <tripinfo id="35" depart="18.00" departLane="nc_0" departPos="5.10" departSpeed="10.00" departDelay="0.00" arrival="104.30" arrivalLane="cs_0" arrivalPos="192.80" arrivalSpeed="10.00" duration="86.30" routeLength="394.90" waitingTime="2.20" waitingCount="22" stopTime="0.00" timeLoss="46.73" rerouteNo="0" devices="tripinfo_35" vType="typeCar@35" speedFactor="1.00" vaporized=""/>
    <tripinfo id="37" depart="19.00" departLane="nc_0" departPos="5.10" departSpeed="10.00" departDelay="0.00" arrival="106.70" arrivalLane="cs_0" arrivalPos="192.80" arrivalSpeed="10.00" duration="87.70" routeLength="394.90" waitingTime="2.40" waitingCount="24" stopTime="0.00" timeLoss="48.19" rerouteNo="0" devices="tripinfo_37" vType="typeCar@37" speedFactor="1.00" vaporized=""/>
    <tripinfo id="39" depart="20.00" departLane="nc_0" departPos="5.10" departSpeed="10.00" departDelay="0.00" arrival="111.40" arrivalLane="cs_0" arrivalPos="192.80" arrivalSpeed="10.00" duration="91.40" routeLength="394.90" waitingTime="2.60" waitingCount="26" stopTime="0.00" timeLoss="51.89" rerouteNo="0" devices="tripinfo_39" vType="typeCar@39" speedFactor="1.00" vaporized=""/>
    <tripinfo id="31" depart="16.00" departLane="wc_0" departPos="5.10" departSpeed="10.00" departDelay="0.00" arrival="113.80" arrivalLane="ce_0" arrivalPos="192.80" arrivalSpeed="10.00" duration="97.80" routeLength="394.90" waitingTime="1.40" waitingCount="14" stopTime="0.00" timeLoss="58.26" rerouteNo="0" devices="tripinfo_31" vType="typeCar@31" speedFactor="1.00" vaporized=""/>
    <tripinfo id="32" depart="17.00" departLane="wc_0" departPos="5.10" departSpeed="10.00" departDelay="0.00" arrival="114.80" arrivalLane="ce_0" arrivalPos="192.80" arrivalSpeed="10.00" duration="97.80" routeLength="394.90" waitingTime="1.60" waitingCount="16" stopTime="0.00" timeLoss="58.24" rerouteNo="0" devices="tripinfo_32" vType="typeCar@32" speedFactor="1.00" vaporized=""/>
    <tripinfo id="34" depart="18.00" departLane="wc_0" departPos="5.10" departSpeed="10.00" departDelay="0.00" arrival="115.70" arrivalLane="ce_0" arrivalPos="192.80" arrivalSpeed="10.00" duration="97.70" routeLength="394.90" waitingTime="2.20" waitingCount="22" stopTime="0.00" timeLoss="58.18" rerouteNo="0" devices="tripinfo_34" vType="typeCar@34" speedFactor="1.00" vaporized=""/>
    <tripinfo id="36" depart="19.00" departLane="wc_0" departPos="5.10" departSpeed="10.00" departDelay="0.00" arrival="116.90" arrivalLane="ce_0" arrivalPos="192.80" arrivalSpeed="10.00" duration="97.90" routeLength="394.90" waitingTime="2.50" waitingCount="25" stopTime="0.00" timeLoss="58.35" rerouteNo="0" devices="tripinfo_36" vType="typeCar@36" speedFactor="1.00" vaporized=""/>
    <tripinfo id="41" depart="21.00" departLane="nc_0" departPos="5.10" departSpeed="10.00" departDelay="0.00" arrival="118.40" arrivalLane="cs_0" arrivalPos="192.80" arrivalSpeed="10.00" duration="97.40" routeLength="394.90" waitingTime="3.00" waitingCount="30" stopTime="0.00" timeLoss="57.89" rerouteNo="0" devices="tripinfo_41" vType="typeCar@41" speedFactor="1.00" vaporized=""/>
    <tripinfo id="43" depart="22.00" departLane="nc_0" departPos="5.10" departSpeed="10.00" departDelay="0.00" arrival="119.50" arrivalLane="cs_0" arrivalPos="192.80" arrivalSpeed="10.00" duration="97.50" routeLength="394.90" waitingTime="3.00" waitingCount="30" stopTime="0.00" timeLoss="57.92" rerouteNo="0" devices="tripinfo_43" vType="typeCar@43" speedFactor="1.00" vaporized=""/>
    <tripinfo id="38" depart="20.00" departLane="wc_0" departPos="5.10" departSpeed="10.00" departDelay="0.00" arrival="121.00" arrivalLane="ce_0" arrivalPos="192.80" arrivalSpeed="10.00" duration="101.00" routeLength="394.90" waitingTime="2.40" waitingCount="24" stopTime="0.00" timeLoss="61.47" rerouteNo="0" devices="tripinfo_38" vType="typeCar@38" speedFactor="1.00" vaporized=""/>
    <tripinfo id="40" depart="21.00" departLane="wc_0" departPos="5.10" departSpeed="10.00" departDelay="0.00" arrival="122.10" arrivalLane="ce_0" arrivalPos="192.80" arrivalSpeed="10.00" duration="101.10" routeLength="394.90" waitingTime="2.00" waitingCount="20" stopTime="0.00" timeLoss="61.62" rerouteNo="0" devices="tripinfo_40" vType="typeCar@40" speedFactor="1.00" vaporized=""/>
    <tripinfo id="45" depart="23.00" departLane="nc_0" departPos="5.10" departSpeed="10.00" departDelay="0.00" arrival="124.10" arrivalLane="cs_0" arrivalPos="192.80" arrivalSpeed="10.00" duration="101.10" routeLength="394.90" waitingTime="3.10" waitingCount="31" stopTime="0.00" timeLoss="61.59" rerouteNo="0" devices="tripinfo_45" vType="typeCar@45" speedFactor="1.00" vaporized=""/>
    <tripinfo id="47" depart="24.00" departLane="nc_0" departPos="5.10" departSpeed="7.00" departDelay="0.00" arrival="125.20" arrivalLane="cs_0" arrivalPos="192.80" arrivalSpeed="10.00" duration="101.20" routeLength="394.90" waitingTime="3.80" waitingCount="38" stopTime="0.00" timeLoss="61.62" rerouteNo="0" devices="tripinfo_47" vType="typeCar@47" speedFactor="1.00" vaporized=""/>
    <tripinfo id="42" depart="22.00" departLane="wc_0" departPos="5.10" departSpeed="10.00" departDelay="0.00" arrival="128.10" arrivalLane="ce_0" arrivalPos="192.80" arrivalSpeed="10.00" duration="106.10" routeLength="394.90" waitingTime="2.10" waitingCount="21" stopTime="0.00" timeLoss="66.60" rerouteNo="0" devices="tripinfo_42" vType="typeCar@42" speedFactor="1.00" vaporized=""/>
    <tripinfo id="44" depart="23.00" departLane="wc_0" departPos="5.10" departSpeed="8.10" departDelay="0.00" arrival="129.20" arrivalLane="ce_0" arrivalPos="192.80" arrivalSpeed="10.00" duration="106.20" routeLength="394.90" waitingTime="3.80" waitingCount="38" stopTime="0.00" timeLoss="66.64" rerouteNo="0" devices="tripinfo_44" vType="typeCar@44" speedFactor="1.00" vaporized=""/>
    <tripinfo id="46" depart="24.00" departLane="wc_0" departPos="5.10" departSpeed="8.70" departDelay="0.00" arrival="130.30" arrivalLane="ce_0" arrivalPos="192.80" arrivalSpeed="10.00" duration="106.30" routeLength="394.90" waitingTime="3.10" waitingCount="31" stopTime="0.00" timeLoss="66.81" rerouteNo="0" devices="tripinfo_46" vType="typeCar@46" speedFactor="1.00" vaporized=""/>
    <tripinfo id="49" depart="25.10" departLane="nc_0" departPos="5.10" departSpeed="3.10" departDelay="0.10" arrival="134.60" arrivalLane="cs_0" arrivalPos="192.80" arrivalSpeed="10.00" duration="109.50" routeLength="394.90" waitingTime="3.40" waitingCount="34" stopTime="0.00" timeLoss="70.03" rerouteNo="0" devices="tripinfo_49" vType="typeCar@49" speedFactor="1.00" vaporized=""/>
    <tripinfo id="52" depart="34.20" departLane="nc_0" departPos="5.10" departSpeed="3.11" departDelay="7.20" arrival="135.60" arrivalLane="cs_0" arrivalPos="192.80" arrivalSpeed="10.00" duration="101.40" routeLength="394.90" waitingTime="2.10" waitingCount="21" stopTime="0.00" timeLoss="61.90" rerouteNo="0" devices="tripinfo_52" vType="typeCar@52" speedFactor="1.00" vaporized=""/>
    <tripinfo id="54" depart="37.40" departLane="nc_0" departPos="5.10" departSpeed="4.71" departDelay="9.40" arrival="137.60" arrivalLane="cs_0" arrivalPos="192.80" arrivalSpeed="10.00" duration="100.20" routeLength="394.90" waitingTime="3.40" waitingCount="34" stopTime="0.00" timeLoss="60.67" rerouteNo="0" devices="tripinfo_54" vType="typeCar@54" speedFactor="1.00" vaporized=""/>
    <tripinfo id="48" depart="25.00" departLane="wc_0" departPos="5.10" departSpeed="4.50" departDelay="0.00" arrival="139.70" arrivalLane="ce_0" arrivalPos="192.80" arrivalSpeed="10.00" duration="114.70" routeLength="394.90" waitingTime="3.80" waitingCount="38" stopTime="0.00" timeLoss="75.16" rerouteNo="0" devices="tripinfo_48" vType="typeCar@48" speedFactor="1.00" vaporized=""/>
    <tripinfo id="50" depart="34.20" departLane="wc_0" departPos="5.10" departSpeed="2.50" departDelay="8.20" arrival="140.60" arrivalLane="ce_0" arrivalPos="192.80" arrivalSpeed="10.00" duration="106.40" routeLength="394.90" waitingTime="3.60" waitingCount="36" stopTime="0.00" timeLoss="66.85" rerouteNo="0" devices="tripinfo_50" vType="typeCar@50" speedFactor="1.00" vaporized=""/>
    <tripinfo id="51" depart="36.60" departLane="wc_0" departPos="5.10" departSpeed="5.70" departDelay="9.60" arrival="141.60" arrivalLane="ce_0" arrivalPos="192.80" arrivalSpeed="10.00" duration="105.00" routeLength="394.90" waitingTime="3.40" waitingCount="34" stopTime="0.00" timeLoss="65.52" rerouteNo="0" devices="tripinfo_51" vType="typeCar@51" speedFactor="1.00" vaporized=""/>
    <tripinfo id="56" depart="38.80" departLane="nc_0" departPos="5.10" departSpeed="6.51" departDelay="9.80" arrival="146.70" arrivalLane="cs_0" arrivalPos="192.80" arrivalSpeed="10.00" duration="107.90" routeLength="394.90" waitingTime="3.40" waitingCount="34" stopTime="0.00" timeLoss="68.45" rerouteNo="0" devices="tripinfo_56" vType="typeCar@56" speedFactor="1.00" vaporized=""/>
    <tripinfo id="57" depart="39.90" departLane="nc_0" departPos="5.10" departSpeed="2.61" departDelay="9.90" arrival="148.60" arrivalLane="cs_0" arrivalPos="192.80" arrivalSpeed="10.00" duration="108.70" routeLength="394.90" waitingTime="4.10" waitingCount="41" stopTime="0.00" timeLoss="69.17" rerouteNo="0" devices="tripinfo_57" vType="typeCar@57" speedFactor="1.00" vaporized=""/>
    <tripinfo id="59" depart="45.40" departLane="nc_0" departPos="5.10" departSpeed="5.13" departDelay="14.40" arrival="149.60" arrivalLane="cs_0" arrivalPos="192.80" arrivalSpeed="10.00" duration="104.20" routeLength="394.90" waitingTime="3.20" waitingCount="32" stopTime="0.00" timeLoss="64.73" rerouteNo="0" devices="tripinfo_59" vType="typeCar@59" speedFactor="1.00" vaporized=""/>
    <tripinfo id="61" depart="46.60" departLane="nc_0" departPos="5.10" departSpeed="6.33" departDelay="14.60" arrival="152.20" arrivalLane="cs_0" arrivalPos="192.80" arrivalSpeed="10.00" duration="105.60" routeLength="394.90" waitingTime="3.70" waitingCount="37" stopTime="0.00" timeLoss="66.06" rerouteNo="0" devices="tripinfo_61" vType="typeCar@61" speedFactor="1.00" vaporized=""/>
    <tripinfo id="53" depart="39.00" departLane="wc_0" departPos="5.10" departSpeed="0.10" departDelay="11.00" arrival="154.60" arrivalLane="ce_0" arrivalPos="192.80" arrivalSpeed="10.00" duration="115.60" routeLength="394.90" waitingTime="9.60" waitingCount="36" stopTime="0.00" timeLoss="76.04" rerouteNo="0" devices="tripinfo_53" vType="typeCar@53" speedFactor="1.00" vaporized=""/>
    <tripinfo id="55" depart="42.70" departLane="wc_0" departPos="5.10" departSpeed="6.00" departDelay="13.70" arrival="155.50" arrivalLane="ce_0" arrivalPos="192.80" arrivalSpeed="10.00" duration="112.80" routeLength="394.90" waitingTime="3.40" waitingCount="34" stopTime="0.00" timeLoss="73.27" rerouteNo="0" devices="tripinfo_55" vType="typeCar@55" speedFactor="1.00" vaporized=""/>
    <tripinfo id="58" depart="43.70" departLane="wc_0" departPos="5.10" departSpeed="7.40" departDelay="12.70" arrival="158.10" arrivalLane="ce_0" arrivalPos="192.80" arrivalSpeed="10.00" duration="114.40" routeLength="394.90" waitingTime="3.70" waitingCount="37" stopTime="0.00" timeLoss="74.84" rerouteNo="0" devices="tripinfo_58" vType="typeCar@58" speedFactor="1.00" vaporized=""/>
    <tripinfo id="63" depart="47.70" departLane="nc_0" departPos="5.10" departSpeed="4.83" departDelay="14.70" arrival="159.60" arrivalLane="cs_0" arrivalPos="192.80" arrivalSpeed="10.00" duration="111.90" routeLength="394.90" waitingTime="4.30" waitingCount="43" stopTime="0.00" timeLoss="72.44" rerouteNo="0" devices="tripinfo_63" vType="typeCar@63" speedFactor="1.00" vaporized=""/>
    <tripinfo id="60" depart="44.60" departLane="wc_0" departPos="5.10" departSpeed="6.90" departDelay="12.60" arrival="163.20" arrivalLane="ce_0" arrivalPos="192.80" arrivalSpeed="10.00" duration="118.60" routeLength="394.90" waitingTime="4.30" waitingCount="43" stopTime="0.00" timeLoss="79.07" rerouteNo="0" devices="tripinfo_60" vType="typeCar@60" speedFactor="1.00" vaporized=""/>
    <tripinfo id="65" depart="55.20" departLane="nc_0" departPos="5.10" departSpeed="0.13" departDelay="21.20" arrival="171.30" arrivalLane="cs_0" arrivalPos="192.80" arrivalSpeed="10.00" duration="116.10" routeLength="394.90" waitingTime="9.50" waitingCount="34" stopTime="0.00" timeLoss="76.54" rerouteNo="0" devices="tripinfo_65" vType="typeCar@65" speedFactor="1.00" vaporized=""/>
    <tripinfo id="68" depart="61.20" departLane="nc_0" departPos="5.10" departSpeed="5.61" departDelay="25.20" arrival="172.10" arrivalLane="cs_0" arrivalPos="192.80" arrivalSpeed="10.00" duration="110.90" routeLength="394.90" waitingTime="3.30" waitingCount="33" stopTime="0.00" timeLoss="71.47" rerouteNo="0" devices="tripinfo_68" vType="typeCar@68" speedFactor="1.00" vaporized=""/>
    <tripinfo id="62" depart="47.20" departLane="wc_0" departPos="5.10" departSpeed="0.30" departDelay="14.20" arrival="173.60" arrivalLane="ce_0" arrivalPos="192.80" arrivalSpeed="10.00" duration="126.40" routeLength="394.90" waitingTime="4.70" waitingCount="37" stopTime="0.00" timeLoss="86.91" rerouteNo="0" devices="tripinfo_62" vType="typeCar@62" speedFactor="1.00" vaporized=""/>
    <tripinfo id="70" depart="62.30" departLane="nc_0" departPos="5.10" departSpeed="7.31" departDelay="25.30" arrival="176.30" arrivalLane="cs_0" arrivalPos="192.80" arrivalSpeed="10.00" duration="114.00" routeLength="394.90" waitingTime="3.50" waitingCount="35" stopTime="0.00" timeLoss="74.50" rerouteNo="0" devices="tripinfo_70" vType="typeCar@70" speedFactor="1.00" vaporized=""/>
    <tripinfo id="71" depart="63.30" departLane="nc_0" departPos="5.10" departSpeed="3.11" departDelay="25.30" arrival="177.50" arrivalLane="cs_0" arrivalPos="192.80" arrivalSpeed="10.00" duration="114.20" routeLength="394.90" waitingTime="3.90" waitingCount="39" stopTime="0.00" timeLoss="74.63" rerouteNo="0" devices="tripinfo_71" vType="typeCar@71" speedFactor="1.00" vaporized=""/>
    <tripinfo id="64" depart="58.20" departLane="wc_0" departPos="5.10" departSpeed="4.11" departDelay="24.20" arrival="184.50" arrivalLane="ce_0" arrivalPos="192.80" arrivalSpeed="10.00" duration="126.30" routeLength="394.90" waitingTime="3.40" waitingCount="34" stopTime="0.00" timeLoss="86.83" rerouteNo="0" devices="tripinfo_64" vType="typeCar@64" speedFactor="1.00" vaporized=""/>
    <tripinfo id="66" depart="59.70" departLane="wc_0" departPos="5.10" departSpeed="6.21" departDelay="24.70" arrival="185.40" arrivalLane="ce_0" arrivalPos="192.80" arrivalSpeed="10.00" duration="125.70" routeLength="394.90" waitingTime="4.00" waitingCount="40" stopTime="0.00" timeLoss="86.27" rerouteNo="0" devices="tripinfo_66" vType="typeCar@66" speedFactor="1.00" vaporized=""/>
    <tripinfo id="73" depart="72.60" departLane="nc_0" departPos="5.10" departSpeed="3.43" departDelay="33.60" arrival="187.00" arrivalLane="cs_0" arrivalPos="192.80" arrivalSpeed="10.00" duration="114.40" routeLength="394.90" waitingTime="3.30" waitingCount="33" stopTime="0.00" timeLoss="74.93" rerouteNo="0" devices="tripinfo_73" vType="typeCar@73" speedFactor="1.00" vaporized=""/>
    <tripinfo id="75" depart="77.60" departLane="nc_0" departPos="5.10" departSpeed="4.83" departDelay="37.60" arrival="188.20" arrivalLane="cs_0" arrivalPos="192.80" arrivalSpeed="10.00" duration="110.60" routeLength="394.90" waitingTime="3.10" waitingCount="31" stopTime="0.00" timeLoss="71.06" rerouteNo="0" devices="tripinfo_75" vType="typeCar@75" speedFactor="1.00" vaporized=""/>
    <tripinfo id="67" depart="60.70" departLane="wc_0" departPos="5.10" departSpeed="5.21" departDelay="24.70" arrival="194.70" arrivalLane="ce_0" arrivalPos="192.80" arrivalSpeed="10.00" duration="134.00" routeLength="394.90" waitingTime="4.30" waitingCount="43" stopTime="0.00" timeLoss="94.46" rerouteNo="0" devices="tripinfo_67" vType="typeCar@67" speedFactor="1.00" vaporized=""/>
    <tripinfo id="69" depart="68.10" departLane="wc_0" departPos="5.10" departSpeed="0.21" departDelay="31.10" arrival="195.50" arrivalLane="ce_0" arrivalPos="192.80" arrivalSpeed="10.00" duration="127.40" routeLength="394.90" waitingTime="4.90" waitingCount="38" stopTime="0.00" timeLoss="87.91" rerouteNo="0" devices="tripinfo_69" vType="typeCar@69" speedFactor="1.00" vaporized=""/>
    <tripinfo id="77" depart="78.90" departLane="nc_0" departPos="5.10" departSpeed="6.33" departDelay="37.90" arrival="198.10" arrivalLane="cs_0" arrivalPos="192.80" arrivalSpeed="10.00" duration="119.20" routeLength="394.90" waitingTime="3.40" waitingCount="34" stopTime="0.00" timeLoss="79.65" rerouteNo="0" devices="tripinfo_77" vType="typeCar@77" speedFactor="1.00" vaporized=""/>
    <tripinfo id="79" depart="79.90" departLane="nc_0" departPos="5.10" departSpeed="6.93" departDelay="37.90" arrival="199.30" arrivalLane="cs_0" arrivalPos="192.80" arrivalSpeed="10.00" duration="119.40" routeLength="394.90" waitingTime="3.70" waitingCount="37" stopTime="0.00" timeLoss="79.93" rerouteNo="0" devices="tripinfo_79" vType="typeCar@79" speedFactor="1.00" vaporized=""/>
    <tripinfo id="72" depart="73.80" departLane="wc_0" departPos="5.10" departSpeed="5.74" departDelay="34.80" arrival="206.00" arrivalLane="ce_0" arrivalPos="192.80" arrivalSpeed="10.00" duration="132.20" routeLength="394.90" waitingTime="3.90" waitingCount="39" stopTime="0.00" timeLoss="92.68" rerouteNo="0" devices="tripinfo_72" vType="typeCar@72" speedFactor="1.00" vaporized=""/>
    <tripinfo id="74" depart="75.00" departLane="wc_0" departPos="5.10" departSpeed="2.14" departDelay="35.00" arrival="206.80" arrivalLane="ce_0" arrivalPos="192.80" arrivalSpeed="10.00" duration="131.80" routeLength="394.90" waitingTime="4.80" waitingCount="47" stopTime="0.00" timeLoss="92.30" rerouteNo="0" devices="tripinfo_74" vType="typeCar@74" speedFactor="1.00" vaporized=""/>
    <tripinfo id="76" depart="85.80" departLane="wc_0" departPos="5.10" departSpeed="2.16" departDelay="44.80" arrival="208.30" arrivalLane="ce_0" arrivalPos="192.80" arrivalSpeed="10.00" duration="122.50" routeLength="394.90" waitingTime="3.50" waitingCount="35" stopTime="0.00" timeLoss="82.98" rerouteNo="0" devices="tripinfo_76" vType="typeCar@76" speedFactor="1.00" vaporized=""/>
    <tripinfo id="80" depart="82.20" departLane="nc_0" departPos="5.10" departSpeed="0.23" departDelay="39.20" arrival="209.80" arrivalLane="cs_0" arrivalPos="192.80" arrivalSpeed="10.00" duration="127.60" routeLength="394.90" waitingTime="5.50" waitingCount="44" stopTime="0.00" timeLoss="88.12" rerouteNo="0" devices="tripinfo_80" vType="typeCar@80" speedFactor="1.00" vaporized=""/>
    <tripinfo id="82" depart="93.80" departLane="nc_0" departPos="5.10" departSpeed="1.86" departDelay="49.80" arrival="210.80" arrivalLane="cs_0" arrivalPos="192.80" arrivalSpeed="10.00" duration="117.00" routeLength="394.90" waitingTime="2.90" waitingCount="29" stopTime="0.00" timeLoss="77.49" rerouteNo="0" devices="tripinfo_82" vType="typeCar@82" speedFactor="1.00" vaporized=""/>
    <tripinfo id="78" depart="93.90" departLane="wc_0" departPos="5.10" departSpeed="0.06" departDelay="51.90" arrival="212.30" arrivalLane="ce_0" arrivalPos="192.80" arrivalSpeed="10.00" duration="118.40" routeLength="394.90" waitingTime="3.90" waitingCount="29" stopTime="0.00" timeLoss="78.91" rerouteNo="0" devices="tripinfo_78" vType="typeCar@78" speedFactor="1.00" vaporized=""/>
    <tripinfo id="84" depart="100.10" departLane="nc_0" departPos="5.10" departSpeed="2.36" departDelay="55.10" arrival="215.20" arrivalLane="cs_0" arrivalPos="192.80" arrivalSpeed="10.00" duration="115.10" routeLength="394.90" waitingTime="2.80" waitingCount="28" stopTime="0.00" timeLoss="75.57" rerouteNo="0" devices="tripinfo_84" vType="typeCar@84" speedFactor="1.00" vaporized=""/>
    <tripinfo id="81" depart="99.50" departLane="wc_0" departPos="5.10" departSpeed="4.37" departDelay="55.50" arrival="220.90" arrivalLane="ce_0" arrivalPos="192.80" arrivalSpeed="10.00" duration="121.40" routeLength="394.90" waitingTime="5.90" waitingCount="28" stopTime="0.00" timeLoss="81.89" rerouteNo="0" devices="tripinfo_81" vType="typeCar@81" speedFactor="1.00" vaporized=""/>
    <tripinfo id="86" depart="102.30" departLane="nc_0" departPos="5.10" departSpeed="5.76" departDelay="56.30" arrival="227.60" arrivalLane="cs_0" arrivalPos="192.80" arrivalSpeed="10.00" duration="125.30" routeLength="394.90" waitingTime="3.20" waitingCount="32" stopTime="0.00" timeLoss="85.79" rerouteNo="0" devices="tripinfo_86" vType="typeCar@86" speedFactor="1.00" vaporized=""/>
    <tripinfo id="88" depart="103.40" departLane="nc_0" departPos="5.10" departSpeed="5.86" departDelay="56.40" arrival="228.40" arrivalLane="cs_0" arrivalPos="192.80" arrivalSpeed="10.00" duration="125.00" routeLength="394.90" waitingTime="3.70" waitingCount="37" stopTime="0.00" timeLoss="85.53" rerouteNo="0" devices="tripinfo_88" vType="typeCar@88" speedFactor="1.00" vaporized=""/>
    <tripinfo id="83" depart="102.90" departLane="wc_0" departPos="5.10" departSpeed="3.37" departDelay="57.90" arrival="230.10" arrivalLane="ce_0" arrivalPos="192.80" arrivalSpeed="10.00" duration="127.20" routeLength="394.90" waitingTime="2.50" waitingCount="25" stopTime="0.00" timeLoss="87.72" rerouteNo="0" devices="tripinfo_83" vType="typeCar@83" speedFactor="1.00" vaporized=""/>
    <tripinfo id="85" depart="104.80" departLane="wc_0" departPos="5.10" departSpeed="5.87" departDelay="58.80" arrival="231.00" arrivalLane="ce_0" arrivalPos="192.80" arrivalSpeed="10.00" duration="126.20" routeLength="394.90" waitingTime="3.10" waitingCount="31" stopTime="0.00" timeLoss="86.76" rerouteNo="0" devices="tripinfo_85" vType="typeCar@85" speedFactor="1.00" vaporized=""/>
    <tripinfo id="89" depart="108.40" departLane="nc_0" departPos="5.10" departSpeed="0.06" departDelay="60.40" arrival="232.60" arrivalLane="cs_0" arrivalPos="192.80" arrivalSpeed="10.00" duration="124.20" routeLength="394.90" waitingTime="4.70" waitingCount="36" stopTime="0.00" timeLoss="84.65" rerouteNo="0" devices="tripinfo_89" vType="typeCar@89" speedFactor="1.00" vaporized=""/>
    <tripinfo id="90" depart="112.20" departLane="nc_0" departPos="5.10" departSpeed="5.79" departDelay="63.20" arrival="233.60" arrivalLane="cs_0" arrivalPos="192.80" arrivalSpeed="10.00" duration="121.40" routeLength="394.90" waitingTime="4.00" waitingCount="40" stopTime="0.00" timeLoss="81.85" rerouteNo="0" devices="tripinfo_90" vType="typeCar@90" speedFactor="1.00" vaporized=""/>
    <tripinfo id="92" depart="113.50" departLane="nc_0" departPos="5.10" departSpeed="1.69" departDelay="63.50" arrival="234.80" arrivalLane="cs_0" arrivalPos="192.80" arrivalSpeed="10.00" duration="121.30" routeLength="394.90" waitingTime="4.30" waitingCount="41" stopTime="0.00" timeLoss="81.79" rerouteNo="0" devices="tripinfo_92" vType="typeCar@92" speedFactor="1.00" vaporized=""/>
    <tripinfo id="87" depart="105.80" departLane="wc_0" departPos="5.10" departSpeed="7.27" departDelay="58.80" arrival="236.30" arrivalLane="ce_0" arrivalPos="192.80" arrivalSpeed="10.00" duration="130.50" routeLength="394.90" waitingTime="4.30" waitingCount="43" stopTime="0.00" timeLoss="90.99" rerouteNo="0" devices="tripinfo_87" vType="typeCar@87" speedFactor="1.00" vaporized=""/>
    <tripinfo id="91" depart="106.80" departLane="wc_0" departPos="5.10" departSpeed="6.27" departDelay="56.80" arrival="237.30" arrivalLane="ce_0" arrivalPos="192.80" arrivalSpeed="10.00" duration="130.50" routeLength="394.90" waitingTime="4.40" waitingCount="44" stopTime="0.00" timeLoss="91.08" rerouteNo="0" devices="tripinfo_91" vType="typeCar@91" speedFactor="1.00" vaporized=""/>
    <tripinfo id="93" depart="110.10" departLane="wc_0" departPos="5.10" departSpeed="0.17" departDelay="59.10" arrival="238.50" arrivalLane="ce_0" arrivalPos="192.80" arrivalSpeed="10.00" duration="128.40" routeLength="394.90" waitingTime="5.20" waitingCount="43" stopTime="0.00" timeLoss="88.92" rerouteNo="0" devices="tripinfo_93" vType="typeCar@93" speedFactor="1.00" vaporized=""/>
    <tripinfo id="94" depart="119.00" departLane="nc_0" departPos="5.10" departSpeed="4.30" departDelay="68.00" arrival="240.10" arrivalLane="cs_0" arrivalPos="192.80" arrivalSpeed="10.00" duration="121.10" routeLength="394.90" waitingTime="4.20" waitingCount="42" stopTime="0.00" timeLoss="81.55" rerouteNo="0" devices="tripinfo_94" vType="typeCar@94" speedFactor="1.00" vaporized=""/>
    <tripinfo id="96" depart="124.10" departLane="nc_0" departPos="5.10" departSpeed="4.40" departDelay="72.10" arrival="241.80" arrivalLane="cs_0" arrivalPos="192.80" arrivalSpeed="10.00" duration="117.70" routeLength="394.90" waitingTime="4.10" waitingCount="41" stopTime="0.00" timeLoss="78.19" rerouteNo="0" devices="tripinfo_96" vType="typeCar@96" speedFactor="1.00" vaporized=""/>
    <tripinfo id="98" depart="125.50" departLane="nc_0" departPos="5.10" departSpeed="6.20" departDelay="72.50" arrival="243.50" arrivalLane="cs_0" arrivalPos="192.80" arrivalSpeed="10.00" duration="118.00" routeLength="394.90" waitingTime="4.40" waitingCount="44" stopTime="0.00" timeLoss="78.51" rerouteNo="0" devices="tripinfo_98" vType="typeCar@98" speedFactor="1.00" vaporized=""/>
    <tripinfo id="95" depart="117.30" departLane="wc_0" departPos="5.10" departSpeed="5.12" departDelay="65.30" arrival="249.60" arrivalLane="ce_0" arrivalPos="192.80" arrivalSpeed="10.00" duration="132.30" routeLength="394.90" waitingTime="3.90" waitingCount="39" stopTime="0.00" timeLoss="92.82" rerouteNo="0" devices="tripinfo_95" vType="typeCar@95" speedFactor="1.00" vaporized=""/>
    <tripinfo id="101" depart="126.50" departLane="nc_0" departPos="5.10" departSpeed="7.60" departDelay="71.50" arrival="251.60" arrivalLane="cs_0" arrivalPos="192.80" arrivalSpeed="10.00" duration="125.10" routeLength="394.90" waitingTime="4.70" waitingCount="47" stopTime="0.00" timeLoss="85.61" rerouteNo="0" devices="tripinfo_101" vType="typeCar@101" speedFactor="1.00" vaporized=""/>
    <tripinfo id="103" depart="127.80" departLane="nc_0" departPos="5.10" departSpeed="1.10" departDelay="71.80" arrival="252.80" arrivalLane="cs_0" arrivalPos="192.80" arrivalSpeed="10.00" duration="125.00" routeLength="394.90" waitingTime="5.70" waitingCount="52" stopTime="0.00" timeLoss="85.45" rerouteNo="0" devices="tripinfo_103" vType="typeCar@103" speedFactor="1.00" vaporized=""/>
    <tripinfo id="104" depart="138.40" departLane="nc_0" departPos="5.10" departSpeed="3.46" departDelay="81.40" arrival="257.60" arrivalLane="cs_0" arrivalPos="192.80" arrivalSpeed="10.00" duration="119.20" routeLength="394.90" waitingTime="4.90" waitingCount="49" stopTime="0.00" timeLoss="79.68" rerouteNo="0" devices="tripinfo_104" vType="typeCar@104" speedFactor="1.00" vaporized=""/>
    <tripinfo id="97" depart="118.60" departLane="wc_0" departPos="5.10" departSpeed="6.62" departDelay="65.60" arrival="260.20" arrivalLane="ce_0" arrivalPos="192.80" arrivalSpeed="10.00" duration="141.60" routeLength="394.90" waitingTime="4.40" waitingCount="44" stopTime="0.00" timeLoss="102.15" rerouteNo="0" devices="tripinfo_97" vType="typeCar@97" speedFactor="1.00" vaporized=""/>
    <tripinfo id="99" depart="121.50" departLane="wc_0" departPos="5.10" departSpeed="0.12" departDelay="67.50" arrival="262.00" arrivalLane="ce_0" arrivalPos="192.80" arrivalSpeed="10.00" duration="140.50" routeLength="394.90" waitingTime="6.40" waitingCount="51" stopTime="0.00" timeLoss="100.97" rerouteNo="0" devices="tripinfo_99" vType="typeCar@99" speedFactor="1.00" vaporized=""/>
    <tripinfo id="100" depart="126.80" departLane="wc_0" departPos="5.10" departSpeed="0.27" departDelay="71.80" arrival="262.90" arrivalLane="ce_0" arrivalPos="192.80" arrivalSpeed="10.00" duration="136.10" routeLength="394.90" waitingTime="6.20" waitingCount="53" stopTime="0.00" timeLoss="96.55" rerouteNo="0" devices="tripinfo_100" vType="typeCar@100" speedFactor="1.00" vaporized=""/>
    <tripinfo id="102" depart="134.00" departLane="wc_0" departPos="5.10" departSpeed="0.20" departDelay="78.00" arrival="263.90" arrivalLane="ce_0" arrivalPos="192.80" arrivalSpeed="10.00" duration="129.90" routeLength="394.90" waitingTime="6.20" waitingCount="54" stopTime="0.00" timeLoss="90.38" rerouteNo="0" devices="tripinfo_102" vType="typeCar@102" speedFactor="1.00" vaporized=""/>
    <tripinfo id="106" depart="142.50" departLane="nc_0" departPos="5.10" departSpeed="2.16" departDelay="84.50" arrival="265.50" arrivalLane="cs_0" arrivalPos="192.80" arrivalSpeed="10.00" duration="123.00" routeLength="394.90" waitingTime="4.60" waitingCount="46" stopTime="0.00" timeLoss="83.52" rerouteNo="0" devices="tripinfo_106" vType="typeCar@106" speedFactor="1.00" vaporized=""/>
    <tripinfo id="108" depart="144.90" departLane="nc_0" departPos="5.10" departSpeed="1.36" departDelay="85.90" arrival="266.60" arrivalLane="cs_0" arrivalPos="192.80" arrivalSpeed="10.00" duration="121.70" routeLength="394.90" waitingTime="5.40" waitingCount="51" stopTime="0.00" timeLoss="82.20" rerouteNo="0" devices="tripinfo_108" vType="typeCar@108" speedFactor="1.00" vaporized=""/>
    <tripinfo id="105" depart="139.10" departLane="wc_0" departPos="5.10" departSpeed="3.80" departDelay="81.10" arrival="268.20" arrivalLane="ce_0" arrivalPos="192.80" arrivalSpeed="10.00" duration="129.10" routeLength="394.90" waitingTime="5.60" waitingCount="56" stopTime="0.00" timeLoss="89.57" rerouteNo="0" devices="tripinfo_105" vType="typeCar@105" speedFactor="1.00" vaporized=""/>
    <tripinfo id="107" depart="144.70" departLane="wc_0" departPos="5.10" departSpeed="2.20" departDelay="85.70" arrival="277.40" arrivalLane="ce_0" arrivalPos="192.80" arrivalSpeed="10.00" duration="132.70" routeLength="394.90" waitingTime="5.50" waitingCount="55" stopTime="0.00" timeLoss="93.14" rerouteNo="0" devices="tripinfo_107" vType="typeCar@107" speedFactor="1.00" vaporized=""/>
    <tripinfo id="109" depart="149.70" departLane="wc_0" departPos="5.10" departSpeed="0.40" departDelay="89.70" arrival="280.70" arrivalLane="ce_0" arrivalPos="192.80" arrivalSpeed="10.00" duration="131.00" routeLength="394.90" waitingTime="5.60" waitingCount="49" stopTime="0.00" timeLoss="91.49" rerouteNo="0" devices="tripinfo_109" vType="typeCar@109" speedFactor="1.00" vaporized=""/>
    <tripinfo id="110" depart="153.10" departLane="nc_0" departPos="5.10" departSpeed="3.72" departDelay="93.10" arrival="282.60" arrivalLane="cs_0" arrivalPos="192.80" arrivalSpeed="10.00" duration="129.50" routeLength="394.90" waitingTime="4.20" waitingCount="42" stopTime="0.00" timeLoss="90.01" rerouteNo="0" devices="tripinfo_110" vType="typeCar@110" speedFactor="1.00" vaporized=""/>
    <tripinfo id="112" depart="159.40" departLane="nc_0" departPos="5.10" departSpeed="4.22" departDelay="98.40" arrival="283.70" arrivalLane="cs_0" arrivalPos="192.80" arrivalSpeed="10.00" duration="124.30" routeLength="394.90" waitingTime="4.50" waitingCount="45" stopTime="0.00" timeLoss="84.81" rerouteNo="0" devices="tripinfo_112" vType="typeCar@112" speedFactor="1.00" vaporized=""/>
    <tripinfo id="114" depart="163.70" departLane="nc_0" departPos="5.10" departSpeed="4.32" departDelay="101.70" arrival="285.20" arrivalLane="cs_0" arrivalPos="192.80" arrivalSpeed="10.00" duration="121.50" routeLength="394.90" waitingTime="4.40" waitingCount="44" stopTime="0.00" timeLoss="81.94" rerouteNo="0" devices="tripinfo_114" vType="typeCar@114" speedFactor="1.00" vaporized=""/>
    <tripinfo id="111" depart="156.50" departLane="wc_0" departPos="5.10" departSpeed="5.20" departDelay="95.50" arrival="286.70" arrivalLane="ce_0" arrivalPos="192.80" arrivalSpeed="10.00" duration="130.20" routeLength="394.90" waitingTime="5.30" waitingCount="53" stopTime="0.00" timeLoss="90.69" rerouteNo="0" devices="tripinfo_111" vType="typeCar@111" speedFactor="1.00" vaporized=""/>
    <tripinfo id="113" depart="161.00" departLane="wc_0" departPos="5.10" departSpeed="3.50" departDelay="99.00" arrival="287.70" arrivalLane="ce_0" arrivalPos="192.80" arrivalSpeed="10.00" duration="126.70" routeLength="394.90" waitingTime="5.50" waitingCount="55" stopTime="0.00" timeLoss="87.22" rerouteNo="0" devices="tripinfo_113" vType="typeCar@113" speedFactor="1.00" vaporized=""/>
    <tripinfo id="117" depart="169.40" departLane="nc_0" departPos="5.10" departSpeed="2.22" departDelay="105.40" arrival="289.40" arrivalLane="cs_0" arrivalPos="192.80" arrivalSpeed="10.00" duration="120.00" routeLength="394.90" waitingTime="4.30" waitingCount="43" stopTime="0.00" timeLoss="80.49" rerouteNo="0" devices="tripinfo_117" vType="typeCar@117" speedFactor="1.00" vaporized=""/>
    <tripinfo id="119" depart="174.50" departLane="nc_0" departPos="5.10" departSpeed="5.07" departDelay="109.50" arrival="290.50" arrivalLane="cs_0" arrivalPos="192.80" arrivalSpeed="10.00" duration="116.00" routeLength="394.90" waitingTime="4.40" waitingCount="44" stopTime="0.00" timeLoss="76.44" rerouteNo="0" devices="tripinfo_119" vType="typeCar@119" speedFactor="1.00" vaporized=""/>
    <tripinfo id="115" depart="167.20" departLane="wc_0" departPos="5.10" departSpeed="4.50" departDelay="104.20" arrival="292.00" arrivalLane="ce_0" arrivalPos="192.80" arrivalSpeed="10.00" duration="124.80" routeLength="394.90" waitingTime="5.60" waitingCount="56" stopTime="0.00" timeLoss="85.26" rerouteNo="0" devices="tripinfo_115" vType="typeCar@115" speedFactor="1.00" vaporized=""/>
    <tripinfo id="116" depart="171.90" departLane="wc_0" departPos="5.10" departSpeed="4.20" departDelay="107.90" arrival="293.10" arrivalLane="ce_0" arrivalPos="192.80" arrivalSpeed="10.00" duration="121.20" routeLength="394.90" waitingTime="5.50" waitingCount="55" stopTime="0.00" timeLoss="81.70" rerouteNo="0" devices="tripinfo_116" vType="typeCar@116" speedFactor="1.00" vaporized=""/>
    <tripinfo id="122" depart="181.30" departLane="nc_0" departPos="5.10" departSpeed="2.27" departDelay="114.30" arrival="294.80" arrivalLane="cs_0" arrivalPos="192.80" arrivalSpeed="10.00" duration="113.50" routeLength="394.90" waitingTime="4.20" waitingCount="42" stopTime="0.00" timeLoss="73.96" rerouteNo="0" devices="tripinfo_122" vType="typeCar@122" speedFactor="1.00" vaporized=""/>
    <tripinfo id="124" depart="185.80" departLane="nc_0" departPos="5.10" departSpeed="4.57" departDelay="117.80" arrival="296.10" arrivalLane="cs_0" arrivalPos="192.80" arrivalSpeed="10.00" duration="110.30" routeLength="394.90" waitingTime="4.30" waitingCount="43" stopTime="0.00" timeLoss="70.83" rerouteNo="0" devices="tripinfo_124" vType="typeCar@124" speedFactor="1.00" vaporized=""/>
    <tripinfo id="126" depart="191.80" departLane="nc_0" departPos="5.10" departSpeed="1.77" departDelay="122.80" arrival="297.20" arrivalLane="cs_0" arrivalPos="192.80" arrivalSpeed="10.00" duration="105.40" routeLength="394.90" waitingTime="4.50" waitingCount="45" stopTime="0.00" timeLoss="65.92" rerouteNo="0" devices="tripinfo_126" vType="typeCar@126" speedFactor="1.00" vaporized=""/>
    <tripinfo id="128" depart="195.80" departLane="nc_0" departPos="5.10" departSpeed="4.97" departDelay="125.80" arrival="298.40" arrivalLane="cs_0" arrivalPos="192.80" arrivalSpeed="10.00" duration="102.60" routeLength="394.90" waitingTime="4.70" waitingCount="47" stopTime="0.00" timeLoss="63.06" rerouteNo="0" devices="tripinfo_128" vType="typeCar@128" speedFactor="1.00" vaporized=""/>
    <tripinfo id="118" depart="178.10" departLane="wc_0" departPos="5.10" departSpeed="3.60" departDelay="113.10" arrival="305.10" arrivalLane="ce_0" arrivalPos="192.80" arrivalSpeed="10.00" duration="127.00" routeLength="394.90" waitingTime="5.30" waitingCount="53" stopTime="0.00" timeLoss="87.48" rerouteNo="0" devices="tripinfo_118" vType="typeCar@118" speedFactor="1.00" vaporized=""/>
    <tripinfo id="120" depart="181.90" departLane="wc_0" departPos="5.10" departSpeed="0.60" departDelay="115.90" arrival="306.00" arrivalLane="ce_0" arrivalPos="192.80" arrivalSpeed="10.00" duration="124.10" routeLength="394.90" waitingTime="6.40" waitingCount="57" stopTime="0.00" timeLoss="84.57" rerouteNo="0" devices="tripinfo_120" vType="typeCar@120" speedFactor="1.00" vaporized=""/>
    <tripinfo id="121" depart="186.20" departLane="wc_0" departPos="5.10" departSpeed="2.71" departDelay="119.20" arrival="307.00" arrivalLane="ce_0" arrivalPos="192.80" arrivalSpeed="10.00" duration="120.80" routeLength="394.90" waitingTime="5.30" waitingCount="53" stopTime="0.00" timeLoss="81.33" rerouteNo="0" devices="tripinfo_121" vType="typeCar@121" speedFactor="1.00" vaporized=""/>
    <tripinfo id="130" depart="197.10" departLane="nc_0" departPos="5.10" departSpeed="6.47" departDelay="126.10" arrival="309.30" arrivalLane="cs_0" arrivalPos="192.80" arrivalSpeed="10.00" duration="112.20" routeLength="394.90" waitingTime="4.10" waitingCount="41" stopTime="0.00" timeLoss="72.71" rerouteNo="0" devices="tripinfo_130" vType="typeCar@130" speedFactor="1.00" vaporized=""/>
    <tripinfo id="132" depart="198.10" departLane="nc_0" departPos="5.10" departSpeed="7.87" departDelay="126.10" arrival="310.40" arrivalLane="cs_0" arrivalPos="192.80" arrivalSpeed="10.00" duration="112.30" routeLength="394.90" waitingTime="4.70" waitingCount="47" stopTime="0.00" timeLoss="72.75" rerouteNo="0" devices="tripinfo_132" vType="typeCar@132" speedFactor="1.00" vaporized=""/>
    <tripinfo id="134" depart="199.20" departLane="nc_0" departPos="5.10" departSpeed="2.37" departDelay="126.20" arrival="312.70" arrivalLane="cs_0" arrivalPos="192.80" arrivalSpeed="10.00" duration="113.50" routeLength="394.90" waitingTime="5.10" waitingCount="51" stopTime="0.00" timeLoss="73.99" rerouteNo="0" devices="tripinfo_134" vType="typeCar@134" speedFactor="1.00" vaporized=""/>
    <tripinfo id="123" depart="194.10" departLane="wc_0" departPos="5.10" departSpeed="4.01" departDelay="126.10" arrival="314.40" arrivalLane="ce_0" arrivalPos="192.80" arrivalSpeed="10.00" duration="120.30" routeLength="394.90" waitingTime="5.20" waitingCount="52" stopTime="0.00" timeLoss="80.75" rerouteNo="0" devices="tripinfo_123" vType="typeCar@123" speedFactor="1.00" vaporized=""/>
    <tripinfo id="125" depart="195.60" departLane="wc_0" departPos="5.10" departSpeed="6.11" departDelay="126.60" arrival="315.40" arrivalLane="ce_0" arrivalPos="192.80" arrivalSpeed="10.00" duration="119.80" routeLength="394.90" waitingTime="5.60" waitingCount="56" stopTime="0.00" timeLoss="80.31" rerouteNo="0" devices="tripinfo_125" vType="typeCar@125" speedFactor="1.00" vaporized=""/>
    <tripinfo id="127" depart="196.70" departLane="wc_0" departPos="5.10" departSpeed="6.21" departDelay="126.70" arrival="317.70" arrivalLane="ce_0" arrivalPos="192.80" arrivalSpeed="10.00" duration="121.00" routeLength="394.90" waitingTime="5.90" waitingCount="59" stopTime="0.00" timeLoss="81.50" rerouteNo="0" devices="tripinfo_127" vType="typeCar@127" speedFactor="1.00" vaporized=""/>
    <tripinfo id="129" depart="200.30" departLane="wc_0" departPos="5.10" departSpeed="0.21" departDelay="129.30" arrival="323.80" arrivalLane="ce_0" arrivalPos="192.80" arrivalSpeed="10.00" duration="123.50" routeLength="394.90" waitingTime="7.60" waitingCount="63" stopTime="0.00" timeLoss="83.96" rerouteNo="0" devices="tripinfo_129" vType="typeCar@129" speedFactor="1.00" vaporized=""/>
    <tripinfo id="136" depart="210.60" departLane="nc_0" departPos="5.10" departSpeed="0.19" departDelay="136.60" arrival="326.10" arrivalLane="cs_0" arrivalPos="192.80" arrivalSpeed="10.00" duration="115.50" routeLength="394.90" waitingTime="5.20" waitingCount="41" stopTime="0.00" timeLoss="75.98" rerouteNo="0" devices="tripinfo_136" vType="typeCar@136" speedFactor="1.00" vaporized=""/>
    <tripinfo id="137" depart="218.60" departLane="nc_0" departPos="5.10" departSpeed="4.86" departDelay="143.60" arrival="327.00" arrivalLane="cs_0" arrivalPos="192.80" arrivalSpeed="10.00" duration="108.40" routeLength="394.90" waitingTime="3.70" waitingCount="37" stopTime="0.00" timeLoss="68.94" rerouteNo="0" devices="tripinfo_137" vType="typeCar@137" speedFactor="1.00" vaporized=""/>
    <tripinfo id="131" depart="214.60" departLane="wc_0" departPos="5.10" departSpeed="2.74" departDelay="142.60" arrival="328.40" arrivalLane="ce_0" arrivalPos="192.80" arrivalSpeed="10.00" duration="113.80" routeLength="394.90" waitingTime="5.10" waitingCount="51" stopTime="0.00" timeLoss="74.30" rerouteNo="0" devices="tripinfo_131" vType="typeCar@131" speedFactor="1.00" vaporized=""/>
    <tripinfo id="133" depart="220.30" departLane="wc_0" departPos="5.10" departSpeed="4.64" departDelay="147.30" arrival="329.50" arrivalLane="ce_0" arrivalPos="192.80" arrivalSpeed="10.00" duration="109.20" routeLength="394.90" waitingTime="4.40" waitingCount="44" stopTime="0.00" timeLoss="69.68" rerouteNo="0" devices="tripinfo_133" vType="typeCar@133" speedFactor="1.00" vaporized=""/>
    <tripinfo id="139" depart="219.90" departLane="nc_0" departPos="5.10" departSpeed="3.96" departDelay="143.90" arrival="331.00" arrivalLane="cs_0" arrivalPos="192.80" arrivalSpeed="10.00" duration="111.10" routeLength="394.90" waitingTime="3.60" waitingCount="36" stopTime="0.00" timeLoss="71.62" rerouteNo="0" devices="tripinfo_139" vType="typeCar@139" speedFactor="1.00" vaporized=""/>
    <tripinfo id="141" depart="224.60" departLane="nc_0" departPos="5.10" departSpeed="4.46" departDelay="147.60" arrival="332.10" arrivalLane="cs_0" arrivalPos="192.80" arrivalSpeed="10.00" duration="107.50" routeLength="394.90" waitingTime="3.80" waitingCount="38" stopTime="0.00" timeLoss="67.97" rerouteNo="0" devices="tripinfo_141" vType="typeCar@141" speedFactor="1.00" vaporized=""/>
    <tripinfo id="135" depart="221.70" departLane="wc_0" departPos="5.10" departSpeed="6.44" departDelay="147.70" arrival="333.60" arrivalLane="ce_0" arrivalPos="192.80" arrivalSpeed="10.00" duration="111.90" routeLength="394.90" waitingTime="4.90" waitingCount="49" stopTime="0.00" timeLoss="72.39" rerouteNo="0" devices="tripinfo_135" vType="typeCar@135" speedFactor="1.00" vaporized=""/>
    <tripinfo id="138" depart="222.70" departLane="wc_0" departPos="5.10" departSpeed="7.04" departDelay="146.70" arrival="334.70" arrivalLane="ce_0" arrivalPos="192.80" arrivalSpeed="10.00" duration="112.00" routeLength="394.90" waitingTime="5.30" waitingCount="53" stopTime="0.00" timeLoss="72.53" rerouteNo="0" devices="tripinfo_138" vType="typeCar@138" speedFactor="1.00" vaporized=""/>
    <tripinfo id="140" depart="224.40" departLane="wc_0" departPos="5.10" departSpeed="0.14" departDelay="147.40" arrival="335.80" arrivalLane="ce_0" arrivalPos="192.80" arrivalSpeed="10.00" duration="111.40" routeLength="394.90" waitingTime="6.60" waitingCount="57" stopTime="0.00" timeLoss="71.86" rerouteNo="0" devices="tripinfo_140" vType="typeCar@140" speedFactor="1.00" vaporized=""/>
    <tripinfo id="143" depart="226.00" departLane="nc_0" departPos="5.10" departSpeed="6.26" departDelay="148.00" arrival="337.30" arrivalLane="cs_0" arrivalPos="192.80" arrivalSpeed="10.00" duration="111.30" routeLength="394.90" waitingTime="3.90" waitingCount="39" stopTime="0.00" timeLoss="71.80" rerouteNo="0" devices="tripinfo_143" vType="typeCar@143" speedFactor="1.00" vaporized=""/>
    <tripinfo id="145" depart="227.00" departLane="nc_0" departPos="5.10" departSpeed="7.66" departDelay="148.00" arrival="338.30" arrivalLane="cs_0" arrivalPos="192.80" arrivalSpeed="10.00" duration="111.30" routeLength="394.90" waitingTime="4.80" waitingCount="48" stopTime="0.00" timeLoss="71.79" rerouteNo="0" devices="tripinfo_145" vType="typeCar@145" speedFactor="1.00" vaporized=""/>
    <tripinfo id="142" depart="231.80" departLane="wc_0" departPos="5.10" departSpeed="2.76" departDelay="153.80" arrival="339.80" arrivalLane="ce_0" arrivalPos="192.80" arrivalSpeed="10.00" duration="108.00" routeLength="394.90" waitingTime="5.20" waitingCount="52" stopTime="0.00" timeLoss="68.52" rerouteNo="0" devices="tripinfo_142" vType="typeCar@142" speedFactor="1.00" vaporized=""/>
    <tripinfo id="144" depart="239.10" departLane="wc_0" departPos="5.10" departSpeed="2.96" departDelay="160.10" arrival="340.90" arrivalLane="ce_0" arrivalPos="192.80" arrivalSpeed="10.00" duration="101.80" routeLength="394.90" waitingTime="4.50" waitingCount="45" stopTime="0.00" timeLoss="62.23" rerouteNo="0" devices="tripinfo_144" vType="typeCar@144" speedFactor="1.00" vaporized=""/>
    <tripinfo id="147" depart="228.20" departLane="nc_0" departPos="5.10" departSpeed="1.66" departDelay="148.20" arrival="342.40" arrivalLane="cs_0" arrivalPos="192.80" arrivalSpeed="10.00" duration="114.20" routeLength="394.90" waitingTime="5.30" waitingCount="50" stopTime="0.00" timeLoss="74.69" rerouteNo="0" devices="tripinfo_147" vType="typeCar@147" speedFactor="1.00" vaporized=""/>
    <tripinfo id="150" depart="239.00" departLane="nc_0" departPos="5.10" departSpeed="3.28" departDelay="157.00" arrival="343.50" arrivalLane="cs_0" arrivalPos="192.80" arrivalSpeed="10.00" duration="104.50" routeLength="394.90" waitingTime="4.30" waitingCount="43" stopTime="0.00" timeLoss="64.94" rerouteNo="0" devices="tripinfo_150" vType="typeCar@150" speedFactor="1.00" vaporized=""/>
    <tripinfo id="146" depart="244.90" departLane="wc_0" departPos="5.10" departSpeed="4.78" departDelay="164.90" arrival="345.00" arrivalLane="ce_0" arrivalPos="192.80" arrivalSpeed="10.00" duration="100.10" routeLength="394.90" waitingTime="4.40" waitingCount="44" stopTime="0.00" timeLoss="60.57" rerouteNo="0" devices="tripinfo_146" vType="typeCar@146" speedFactor="1.00" vaporized=""/>
    <tripinfo id="148" depart="250.90" departLane="wc_0" departPos="5.10" departSpeed="2.78" departDelay="169.90" arrival="346.10" arrivalLane="ce_0" arrivalPos="192.80" arrivalSpeed="10.00" duration="95.20" routeLength="394.90" waitingTime="4.10" waitingCount="41" stopTime="0.00" timeLoss="55.69" rerouteNo="0" devices="tripinfo_148" vType="typeCar@148" speedFactor="1.00" vaporized=""/>
    <tripinfo id="152" depart="244.90" departLane="nc_0" departPos="5.10" departSpeed="4.18" departDelay="161.90" arrival="347.60" arrivalLane="cs_0" arrivalPos="192.80" arrivalSpeed="10.00" duration="102.70" routeLength="394.90" waitingTime="4.00" waitingCount="40" stopTime="0.00" timeLoss="63.23" rerouteNo="0" devices="tripinfo_152" vType="typeCar@152" speedFactor="1.00" vaporized=""/>
    <tripinfo id="154" depart="246.40" departLane="nc_0" departPos="5.10" departSpeed="6.28" departDelay="162.40" arrival="348.80" arrivalLane="cs_0" arrivalPos="192.80" arrivalSpeed="10.00" duration="102.40" routeLength="394.90" waitingTime="4.20" waitingCount="42" stopTime="0.00" timeLoss="62.88" rerouteNo="0" devices="tripinfo_154" vType="typeCar@154" speedFactor="1.00" vaporized=""/>
    <tripinfo id="149" depart="253.20" departLane="wc_0" departPos="5.10" departSpeed="5.68" departDelay="171.20" arrival="350.40" arrivalLane="ce_0" arrivalPos="192.80" arrivalSpeed="10.00" duration="97.20" routeLength="394.90" waitingTime="4.30" waitingCount="43" stopTime="0.00" timeLoss="57.71" rerouteNo="0" devices="tripinfo_149" vType="typeCar@149" speedFactor="1.00" vaporized=""/>
    <tripinfo id="151" depart="254.30" departLane="wc_0" departPos="5.10" departSpeed="6.58" departDelay="171.30" arrival="351.60" arrivalLane="ce_0" arrivalPos="192.80" arrivalSpeed="10.00" duration="97.30" routeLength="394.90" waitingTime="4.50" waitingCount="45" stopTime="0.00" timeLoss="57.82" rerouteNo="0" devices="tripinfo_151" vType="typeCar@151" speedFactor="1.00" vaporized=""/>
    <tripinfo id="155" depart="247.40" departLane="nc_0" departPos="5.10" departSpeed="7.68" departDelay="162.40" arrival="353.20" arrivalLane="cs_0" arrivalPos="192.80" arrivalSpeed="10.00" duration="105.80" routeLength="394.90" waitingTime="4.90" waitingCount="49" stopTime="0.00" timeLoss="66.25" rerouteNo="0" devices="tripinfo_155" vType="typeCar@155" speedFactor="1.00" vaporized=""/>
    <tripinfo id="157" depart="248.60" departLane="nc_0" departPos="5.10" departSpeed="1.68" departDelay="162.60" arrival="354.20" arrivalLane="cs_0" arrivalPos="192.80" arrivalSpeed="10.00" duration="105.60" routeLength="394.90" waitingTime="5.20" waitingCount="51" stopTime="0.00" timeLoss="66.05" rerouteNo="0" devices="tripinfo_157" vType="typeCar@157" speedFactor="1.00" vaporized=""/>
    <tripinfo id="153" depart="257.20" departLane="wc_0" departPos="5.10" departSpeed="0.08" departDelay="173.20" arrival="355.70" arrivalLane="ce_0" arrivalPos="192.80" arrivalSpeed="10.00" duration="98.50" routeLength="394.90" waitingTime="5.50" waitingCount="45" stopTime="0.00" timeLoss="58.96" rerouteNo="0" devices="tripinfo_153" vType="typeCar@153" speedFactor="1.00" vaporized=""/>
    <tripinfo id="156" depart="270.30" departLane="wc_0" departPos="5.10" departSpeed="3.01" departDelay="184.30" arrival="356.70" arrivalLane="ce_0" arrivalPos="192.80" arrivalSpeed="10.00" duration="86.40" routeLength="394.90" waitingTime="2.70" waitingCount="27" stopTime="0.00" timeLoss="46.88" rerouteNo="0" devices="tripinfo_156" vType="typeCar@156" speedFactor="1.00" vaporized=""/>
    <tripinfo id="159" depart="261.40" departLane="nc_0" departPos="5.10" departSpeed="0.24" departDelay="174.40" arrival="358.20" arrivalLane="cs_0" arrivalPos="192.80" arrivalSpeed="10.00" duration="96.80" routeLength="394.90" waitingTime="4.70" waitingCount="36" stopTime="0.00" timeLoss="57.30" rerouteNo="0" devices="tripinfo_159" vType="typeCar@159" speedFactor="1.00" vaporized=""/>
    <tripinfo id="161" depart="270.70" departLane="nc_0" departPos="5.10" departSpeed="3.77" departDelay="182.70" arrival="359.30" arrivalLane="cs_0" arrivalPos="192.80" arrivalSpeed="10.00" duration="88.60" routeLength="394.90" waitingTime="3.00" waitingCount="30" stopTime="0.00" timeLoss="49.04" rerouteNo="0" devices="tripinfo_161" vType="typeCar@161" speedFactor="1.00" vaporized=""/>
    <tripinfo id="158" depart="272.40" departLane="wc_0" departPos="5.10" departSpeed="1.31" departDelay="185.40" arrival="360.80" arrivalLane="ce_0" arrivalPos="192.80" arrivalSpeed="10.00" duration="88.40" routeLength="394.90" waitingTime="3.30" waitingCount="30" stopTime="0.00" timeLoss="48.85" rerouteNo="0" devices="tripinfo_158" vType="typeCar@158" speedFactor="1.00" vaporized=""/>
    <tripinfo id="160" depart="277.80" departLane="wc_0" departPos="5.10" departSpeed="5.42" departDelay="189.80" arrival="361.80" arrivalLane="ce_0" arrivalPos="192.80" arrivalSpeed="10.00" duration="84.00" routeLength="394.90" waitingTime="3.00" waitingCount="30" stopTime="0.00" timeLoss="44.48" rerouteNo="0" devices="tripinfo_160" vType="typeCar@160" speedFactor="1.00" vaporized=""/>
    <tripinfo id="163" depart="272.40" departLane="nc_0" departPos="5.10" departSpeed="5.67" departDelay="183.40" arrival="363.40" arrivalLane="cs_0" arrivalPos="192.80" arrivalSpeed="10.00" duration="91.00" routeLength="394.90" waitingTime="3.40" waitingCount="34" stopTime="0.00" timeLoss="51.43" rerouteNo="0" devices="tripinfo_163" vType="typeCar@163" speedFactor="1.00" vaporized=""/>
    <tripinfo id="165" depart="273.50" departLane="nc_0" departPos="5.10" departSpeed="7.37" departDelay="183.50" arrival="364.40" arrivalLane="cs_0" arrivalPos="192.80" arrivalSpeed="10.00" duration="90.90" routeLength="394.90" waitingTime="3.70" waitingCount="37" stopTime="0.00" timeLoss="51.37" rerouteNo="0" devices="tripinfo_165" vType="typeCar@165" speedFactor="1.00" vaporized=""/>
    <tripinfo id="162" depart="279.00" departLane="wc_0" departPos="5.10" departSpeed="5.02" departDelay="190.00" arrival="365.90" arrivalLane="ce_0" arrivalPos="192.80" arrivalSpeed="10.00" duration="86.90" routeLength="394.90" waitingTime="2.60" waitingCount="26" stopTime="0.00" timeLoss="47.42" rerouteNo="0" devices="tripinfo_162" vType="typeCar@162" speedFactor="1.00" vaporized=""/>
    <tripinfo id="164" depart="283.60" departLane="wc_0" departPos="5.10" departSpeed="3.62" departDelay="193.60" arrival="366.90" arrivalLane="ce_0" arrivalPos="192.80" arrivalSpeed="10.00" duration="83.30" routeLength="394.90" waitingTime="2.60" waitingCount="26" stopTime="0.00" timeLoss="43.83" rerouteNo="0" devices="tripinfo_164" vType="typeCar@164" speedFactor="1.00" vaporized=""/>
    <tripinfo id="166" depart="274.90" departLane="nc_0" departPos="5.10" departSpeed="0.37" departDelay="183.90" arrival="368.50" arrivalLane="cs_0" arrivalPos="192.80" arrivalSpeed="10.00" duration="93.60" routeLength="394.90" waitingTime="5.00" waitingCount="40" stopTime="0.00" timeLoss="54.06" rerouteNo="0" devices="tripinfo_166" vType="typeCar@166" speedFactor="1.00" vaporized=""/>
    <tripinfo id="168" depart="283.60" departLane="nc_0" departPos="5.10" departSpeed="4.49" departDelay="191.60" arrival="369.50" arrivalLane="cs_0" arrivalPos="192.80" arrivalSpeed="10.00" duration="85.90" routeLength="394.90" waitingTime="3.00" waitingCount="30" stopTime="0.00" timeLoss="46.40" rerouteNo="0" devices="tripinfo_168" vType="typeCar@168" speedFactor="1.00" vaporized=""/>
    <tripinfo id="167" depart="285.50" departLane="wc_0" departPos="5.10" departSpeed="1.32" departDelay="193.50" arrival="371.10" arrivalLane="ce_0" arrivalPos="192.80" arrivalSpeed="10.00" duration="85.60" routeLength="394.90" waitingTime="3.10" waitingCount="28" stopTime="0.00" timeLoss="46.04" rerouteNo="0" devices="tripinfo_167" vType="typeCar@167" speedFactor="1.00" vaporized=""/>
    <tripinfo id="169" depart="292.20" departLane="wc_0" departPos="5.10" departSpeed="5.05" departDelay="199.20" arrival="372.10" arrivalLane="ce_0" arrivalPos="192.80" arrivalSpeed="10.00" duration="79.90" routeLength="394.90" waitingTime="2.30" waitingCount="23" stopTime="0.00" timeLoss="40.40" rerouteNo="0" devices="tripinfo_169" vType="typeCar@169" speedFactor="1.00" vaporized=""/>
    <tripinfo id="170" depart="285.00" departLane="nc_0" departPos="5.10" departSpeed="6.29" departDelay="192.00" arrival="373.60" arrivalLane="cs_0" arrivalPos="192.80" arrivalSpeed="10.00" duration="88.60" routeLength="394.90" waitingTime="3.10" waitingCount="31" stopTime="0.00" timeLoss="49.10" rerouteNo="0" devices="tripinfo_170" vType="typeCar@170" speedFactor="1.00" vaporized=""/>
    <tripinfo id="172" depart="286.00" departLane="nc_0" departPos="5.10" departSpeed="6.89" departDelay="192.00" arrival="374.60" arrivalLane="cs_0" arrivalPos="192.80" arrivalSpeed="10.00" duration="88.60" routeLength="394.90" waitingTime="3.20" waitingCount="32" stopTime="0.00" timeLoss="49.13" rerouteNo="0" devices="tripinfo_172" vType="typeCar@172" speedFactor="1.00" vaporized=""/>
    <tripinfo id="171" depart="293.50" departLane="wc_0" departPos="5.10" departSpeed="2.55" departDelay="199.50" arrival="376.20" arrivalLane="ce_0" arrivalPos="192.80" arrivalSpeed="10.00" duration="82.70" routeLength="394.90" waitingTime="2.80" waitingCount="27" stopTime="0.00" timeLoss="43.14" rerouteNo="0" devices="tripinfo_171" vType="typeCar@171" speedFactor="1.00" vaporized=""/>
    <tripinfo id="173" depart="299.50" departLane="wc_0" departPos="5.10" departSpeed="4.97" departDelay="204.50" arrival="377.20" arrivalLane="ce_0" arrivalPos="192.80" arrivalSpeed="10.00" duration="77.70" routeLength="394.90" waitingTime="2.20" waitingCount="22" stopTime="0.00" timeLoss="38.19" rerouteNo="0" devices="tripinfo_173" vType="typeCar@173" speedFactor="1.00" vaporized=""/>
    <tripinfo id="174" depart="288.30" departLane="nc_0" departPos="5.10" departSpeed="0.19" departDelay="193.30" arrival="378.70" arrivalLane="cs_0" arrivalPos="192.80" arrivalSpeed="10.00" duration="90.40" routeLength="394.90" waitingTime="4.30" waitingCount="35" stopTime="0.00" timeLoss="50.88" rerouteNo="0" devices="tripinfo_174" vType="typeCar@174" speedFactor="1.00" vaporized=""/>
    <tripinfo id="177" depart="294.20" departLane="nc_0" departPos="5.10" departSpeed="5.52" departDelay="197.20" arrival="379.80" arrivalLane="cs_0" arrivalPos="192.80" arrivalSpeed="10.00" duration="85.60" routeLength="394.90" waitingTime="2.90" waitingCount="29" stopTime="0.00" timeLoss="46.11" rerouteNo="0" devices="tripinfo_177" vType="typeCar@177" speedFactor="1.00" vaporized=""/>
    <tripinfo id="175" depart="300.80" departLane="wc_0" departPos="5.10" departSpeed="6.47" departDelay="204.80" arrival="381.40" arrivalLane="ce_0" arrivalPos="192.80" arrivalSpeed="10.00" duration="80.60" routeLength="394.90" waitingTime="2.40" waitingCount="24" stopTime="0.00" timeLoss="41.06" rerouteNo="0" devices="tripinfo_175" vType="typeCar@175" speedFactor="1.00" vaporized=""/>
    <tripinfo id="176" depart="302.20" departLane="wc_0" departPos="5.10" departSpeed="0.27" departDelay="205.20" arrival="382.40" arrivalLane="ce_0" arrivalPos="192.80" arrivalSpeed="10.00" duration="80.20" routeLength="394.90" waitingTime="3.50" waitingCount="25" stopTime="0.00" timeLoss="40.64" rerouteNo="0" devices="tripinfo_176" vType="typeCar@176" speedFactor="1.00" vaporized=""/>
    <tripinfo id="179" depart="295.40" departLane="nc_0" departPos="5.10" departSpeed="2.72" departDelay="197.40" arrival="383.90" arrivalLane="cs_0" arrivalPos="192.80" arrivalSpeed="10.00" duration="88.50" routeLength="394.90" waitingTime="3.20" waitingCount="32" stopTime="0.00" timeLoss="48.97" rerouteNo="0" devices="tripinfo_179" vType="typeCar@179" speedFactor="1.00" vaporized=""/>
    <tripinfo id="180" depart="302.80" departLane="nc_0" departPos="5.10" departSpeed="4.12" departDelay="203.80" arrival="384.90" arrivalLane="cs_0" arrivalPos="192.80" arrivalSpeed="10.00" duration="82.10" routeLength="394.90" waitingTime="2.60" waitingCount="26" stopTime="0.00" timeLoss="42.59" rerouteNo="0" devices="tripinfo_180" vType="typeCar@180" speedFactor="1.00" vaporized=""/>
    <tripinfo id="178" depart="311.60" departLane="wc_0" departPos="5.10" departSpeed="4.10" departDelay="213.60" arrival="386.50" arrivalLane="ce_0" arrivalPos="192.80" arrivalSpeed="10.00" duration="74.90" routeLength="394.90" waitingTime="1.80" waitingCount="18" stopTime="0.00" timeLoss="35.38" rerouteNo="0" devices="tripinfo_178" vType="typeCar@178" speedFactor="1.00" vaporized=""/>
</tripinfos>
